idx	class	slot	poisoned
0	calc	19856	0
1	calc	8760	0
2	calc	15910	0
3	lookup	1076	0
4	calc	7938	0
5	abstain_everyday	3211	0
6	calc	1198	0
7	abstain_everyday	35	0
8	lookup	10172	0
9	calc	11634	0
10	calc	6125	0
11	calc	17316	0
12	calc	8917	1
13	calc	17888	0
14	calc	648	0
15	lookup	154	0
16	calc	18948	0
17	lookup	11113	0
18	lookup	5577	0
19	lookup	6082	0
20	calc	20088	0
21	lookup	339	0
22	calc	19274	0
23	calc	4404	0
24	calc	7257	0
25	calc	9718	0
26	calc	8889	0
27	lookup	5332	0
28	lookup	2565	0
29	calc	17636	0
30	calc	3026	0
31	lookup	12118	0
32	calc	20545	0
33	calc	17434	0
34	calc	1113	0
35	calc	1421	0
36	calc	15537	0
37	abstain_everyday	3999	0
38	calc	13584	0
39	lookup	8572	0
40	calc	835	0
41	calc	14718	0
42	lookup	11447	0
43	calc	7606	0
44	lookup	7725	0
45	calc	12496	0
46	calc	7199	0
47	lookup	7464	0
48	lookup	4057	0
49	lookup	6828	0
50	calc	10162	0
51	abstain_everyday	4458	0
52	abstain_everyday	3413	0
53	calc	1587	1
54	calc	7205	0
55	calc	21069	0
56	lookup	1323	0
57	lookup	9952	0
58	calc	7400	0
59	calc	12897	0
60	lookup	9549	0
61	calc	19402	0
62	calc	13321	0
63	calc	13133	0
64	abstain_everyday	602	0
65	abstain_everyday	2387	0
66	calc	15181	0
67	calc	9659	0
68	calc	15628	0
69	calc	7106	0
70	calc	20523	0
71	lookup	8313	0
72	calc	16017	0
73	calc	5504	0
74	calc	10791	0
75	calc	9015	0
76	calc	18940	0
77	lookup	5514	0
78	calc	13110	0
79	calc	11692	0
80	calc	2704	0
81	calc	5899	0
82	calc	11357	0
83	abstain_everyday	4872	0
84	calc	3324	0
85	calc	10172	0
86	calc	20186	0
87	lookup	7738	0
88	calc	14709	0
89	lookup	5665	0
90	calc	4539	0
91	calc	17212	0
92	lookup	10833	0
93	calc	1022	0
94	lookup	4409	0
95	calc	176	0
96	lookup	1624	0
97	lookup	7663	0
98	lookup	4508	0
99	calc	20596	1
100	calc	11137	0
101	abstain_everyday	5864	0
102	calc	9119	0
103	lookup	9526	0
104	lookup	11996	0
105	calc	16696	0
106	abstain_everyday	1	0
107	calc	3342	0
108	calc	12690	0
109	calc	13182	0
110	lookup	1732	0
111	calc	11247	0
112	calc	11083	0
113	lookup	10269	0
114	lookup	38	0
115	lookup	11499	0
116	calc	16499	0
117	calc	17950	0
118	lookup	10671	0
119	calc	11053	0
120	lookup	4310	0
121	calc	6076	0
122	calc	8627	0
123	calc	1708	0
124	abstain_everyday	5742	0
125	calc	18479	0
126	calc	10220	0
127	calc	10578	0
128	calc	14104	0
129	lookup	6520	0
130	abstain_everyday	1706	0
131	lookup	3089	0
132	calc	15987	0
133	calc	7080	0
134	calc	13239	0
135	calc	16192	0
136	calc	9222	1
137	calc	6439	0
138	abstain_everyday	4823	0
139	abstain_everyday	2477	0
140	calc	183	0
141	abstain_everyday	2670	0
142	calc	2708	0
143	lookup	8898	0
144	abstain_everyday	2953	0
145	calc	11060	0
146	abstain_everyday	4106	0
147	abstain_everyday	4352	0
148	calc	16146	1
149	calc	15806	0
150	lookup	10853	0
151	calc	6183	0
152	lookup	3825	0
153	lookup	306	0
154	calc	2651	0
155	lookup	5891	0
156	lookup	1171	0
157	calc	1166	0
158	lookup	11800	0
159	calc	13075	0
160	lookup	4934	0
161	lookup	6423	0
162	lookup	7844	0
163	abstain_everyday	4858	0
164	calc	18126	0
165	calc	14405	0
166	calc	6565	0
167	lookup	10988	0
168	lookup	575	0
169	lookup	10953	0
170	lookup	10659	0
171	calc	9117	0
172	calc	13302	0
173	calc	10981	0
174	abstain_everyday	3920	0
175	calc	13826	0
176	abstain_everyday	1266	0
177	calc	8156	0
178	calc	8809	0
179	calc	17459	0
180	lookup	1606	0
181	calc	13241	0
182	calc	2864	0
183	calc	5030	0
184	calc	12788	0
185	lookup	5595	0
186	calc	17370	0
187	lookup	4113	0
188	lookup	8376	0
189	calc	15516	0
190	calc	2258	0
191	lookup	7141	0
192	calc	11901	0
193	lookup	4714	0
194	abstain_everyday	921	0
195	calc	13461	0
196	calc	15436	0
197	calc	12028	0
198	calc	2059	0
199	lookup	11686	0
200	calc	9633	0
201	calc	2848	0
202	abstain_everyday	163	0
203	calc	16101	0
204	calc	15247	0
205	lookup	6739	0
206	abstain_everyday	3994	0
207	lookup	6820	0
208	calc	1331	0
209	lookup	3303	0
210	lookup	12882	0
211	abstain_everyday	4827	0
212	abstain_everyday	5572	0
213	calc	18350	0
214	lookup	11433	0
215	calc	5184	0
216	calc	2765	0
217	calc	17017	0
218	lookup	7937	0
219	calc	14180	0
220	lookup	12063	0
221	calc	17667	0
222	lookup	309	0
223	calc	17664	0
224	calc	7099	0
225	calc	3897	0
226	lookup	5761	0
227	abstain_everyday	162	0
228	calc	6832	0
229	lookup	8485	0
230	lookup	12857	0
231	calc	5363	0
232	calc	11805	0
233	calc	12860	0
234	calc	1460	0
235	calc	15829	0
236	lookup	601	0
237	lookup	4888	0
238	calc	12478	0
239	lookup	12507	0
240	calc	11069	0
241	calc	17199	1
242	lookup	3982	0
243	calc	11688	0
244	abstain_everyday	4419	0
245	calc	7185	0
246	calc	9203	0
247	lookup	10153	0
248	calc	9986	0
249	abstain_everyday	3996	0
250	abstain_everyday	5791	0
251	lookup	9753	0
252	abstain_everyday	4756	0
253	lookup	2677	0
254	calc	19566	0
255	lookup	11258	0
256	abstain_everyday	5724	0
257	calc	17997	0
258	abstain_everyday	954	0
259	abstain_everyday	4208	0
260	calc	16313	0
261	calc	13983	0
262	abstain_everyday	4921	0
263	lookup	3261	0
264	calc	14121	0
265	calc	11550	0
266	lookup	6311	0
267	lookup	9120	0
268	abstain_everyday	3412	0
269	calc	14293	0
270	calc	2250	0
271	abstain_everyday	5278	0
272	calc	19386	0
273	calc	5723	0
274	lookup	12183	0
275	calc	2567	0
276	calc	20685	0
277	lookup	4011	0
278	calc	1171	0
279	lookup	9875	0
280	calc	11843	0
281	calc	2698	0
282	lookup	1792	0
283	calc	8769	0
284	lookup	2252	0
285	lookup	3254	0
286	abstain_everyday	1101	0
287	calc	1766	0
288	lookup	10387	0
289	abstain_everyday	1317	0
290	lookup	1612	0
291	lookup	3084	0
292	calc	13115	0
293	calc	15716	0
294	lookup	2862	0
295	calc	16324	0
296	lookup	11962	0
297	calc	13872	0
298	abstain_everyday	3867	0
299	calc	11713	0
300	abstain_everyday	455	0
301	lookup	7904	0
302	calc	6311	0
303	calc	10749	1
304	abstain_everyday	1363	0
305	lookup	5441	0
306	calc	16145	0
307	lookup	9887	0
308	calc	5417	0
309	lookup	6428	0
310	abstain_everyday	1715	0
311	calc	5631	1
312	abstain_everyday	109	0
313	calc	4476	0
314	calc	18607	0
315	lookup	2141	0
316	calc	11032	1
317	calc	2846	0
318	calc	9319	0
319	calc	8977	0
320	calc	11258	0
321	calc	1288	0
322	calc	4836	0
323	calc	15954	0
324	calc	3101	0
325	calc	9542	0
326	calc	3170	0
327	calc	8047	0
328	abstain_everyday	4449	0
329	calc	1034	0
330	lookup	9700	0
331	lookup	8560	0
332	calc	3511	0
333	calc	4037	0
334	lookup	6571	0
335	abstain_everyday	120	0
336	abstain_everyday	1898	0
337	calc	18241	0
338	lookup	11952	0
339	calc	12869	0
340	calc	6475	0
341	calc	10899	0
342	calc	10127	0
343	lookup	359	0
344	calc	5904	0
345	calc	11561	0
346	calc	3677	0
347	lookup	2114	0
348	calc	14206	0
349	calc	19772	0
350	lookup	2944	0
351	calc	19352	0
352	lookup	1947	0
353	calc	9668	0
354	calc	10865	0
355	lookup	3716	0
356	calc	4327	0
357	calc	20435	1
358	calc	15928	0
359	lookup	7261	0
360	calc	18915	0
361	abstain_everyday	1433	0
362	calc	11595	1
363	abstain_everyday	3849	0
364	lookup	3242	0
365	calc	19110	0
366	lookup	11699	0
367	lookup	5511	0
368	calc	2909	0
369	lookup	942	0
370	calc	9020	0
371	lookup	8644	0
372	lookup	7820	0
373	lookup	1357	0
374	calc	14878	0
375	calc	8743	0
376	calc	4136	0
377	calc	16516	0
378	abstain_everyday	252	0
379	calc	13643	0
380	calc	3667	1
381	lookup	1244	0
382	lookup	7219	0
383	lookup	9943	0
384	lookup	2815	0
385	abstain_everyday	5469	0
386	calc	18213	0
387	lookup	6959	0
388	calc	5274	1
389	calc	20650	0
390	abstain_everyday	3085	0
391	calc	3178	0
392	lookup	1525	0
393	calc	1909	0
394	calc	3527	0
395	lookup	8817	0
396	calc	6883	0
397	calc	2231	0
398	lookup	694	0
399	lookup	11719	0
400	calc	7723	1
401	calc	5689	0
402	calc	8182	0
403	calc	5054	0
404	calc	16846	0
405	calc	17875	0
406	lookup	11151	0
407	abstain_everyday	2051	0
408	abstain_everyday	2446	0
409	calc	17591	0
410	lookup	6467	0
411	calc	11991	1
412	calc	13127	0
413	abstain_everyday	5557	0
414	lookup	4137	0
415	lookup	4802	0
416	abstain_everyday	5372	0
417	lookup	7040	0
418	calc	18260	0
419	calc	13495	0
420	calc	7642	0
421	lookup	3410	0
422	calc	10273	0
423	calc	7553	0
424	abstain_everyday	3998	0
425	calc	20062	1
426	calc	2378	0
427	abstain_everyday	2918	0
428	calc	12583	0
429	calc	704	0
430	calc	19806	0
431	lookup	9705	0
432	calc	17993	0
433	lookup	11577	0
434	calc	2033	0
435	calc	20127	0
436	calc	8086	0
437	calc	17509	0
438	calc	1536	0
439	abstain_everyday	769	0
440	lookup	12575	0
441	lookup	1039	0
442	lookup	3165	0
443	calc	1322	0
444	lookup	6224	0
445	lookup	12361	0
446	calc	20827	0
447	abstain_everyday	3118	0
448	calc	5010	0
449	abstain_everyday	230	0
450	lookup	5536	0
451	calc	13245	0
452	lookup	7149	0
453	calc	13476	0
454	lookup	4116	0
455	abstain_everyday	5486	0
456	calc	3736	0
457	calc	10290	0
458	lookup	5989	0
459	lookup	7562	0
460	calc	3947	0
461	lookup	8783	0
462	calc	7819	0
463	calc	2680	0
464	calc	17287	0
465	calc	3540	0
466	lookup	5193	0
467	calc	9083	0
468	calc	16936	0
469	calc	18584	1
470	calc	3166	0
471	calc	11055	0
472	calc	11883	0
473	calc	7087	0
474	calc	9706	1
475	calc	16323	0
476	calc	10624	0
477	lookup	2883	0
478	lookup	1172	0
479	lookup	11885	0
480	lookup	8906	0
481	abstain_everyday	2110	0
482	calc	17105	0
483	lookup	5167	0
484	lookup	8493	0
485	lookup	6896	0
486	calc	19820	0
487	calc	1321	0
488	lookup	11744	0
489	calc	14650	0
490	calc	9320	0
491	abstain_everyday	1068	0
492	abstain_everyday	3009	0
493	lookup	2731	0
494	calc	10646	0
495	lookup	7344	0
496	calc	18426	0
497	calc	17204	0
498	lookup	4804	0
499	calc	18890	0
500	calc	16860	0
501	calc	18110	0
502	calc	8502	0
503	calc	7118	0
504	calc	5120	1
505	calc	8053	0
506	calc	16093	0
507	calc	3978	0
508	abstain_everyday	680	0
509	lookup	761	0
510	calc	7436	0
511	lookup	3704	0
512	calc	7127	0
513	calc	14280	0
514	lookup	7825	0
515	abstain_everyday	2676	0
516	lookup	7511	0
517	calc	19397	0
518	calc	1160	0
519	calc	19360	0
520	lookup	8556	0
521	lookup	3283	0
522	lookup	922	0
523	lookup	10315	0
524	abstain_everyday	5488	0
525	lookup	4309	0
526	calc	20004	0
527	abstain_everyday	3351	0
528	lookup	5215	0
529	calc	1363	0
530	calc	2742	0
531	lookup	12027	0
532	lookup	6399	0
533	calc	1485	0
534	abstain_everyday	3389	0
535	calc	16015	0
536	calc	13623	0
537	calc	13439	0
538	calc	5407	0
539	calc	15498	0
540	lookup	5568	0
541	lookup	640	0
542	calc	20787	0
543	lookup	10133	0
544	calc	19678	0
545	lookup	8987	0
546	calc	8045	0
547	calc	6151	0
548	calc	6891	0
549	abstain_everyday	734	0
550	lookup	7338	0
551	calc	14618	0
552	calc	10987	0
553	lookup	12904	0
554	calc	14443	0
555	calc	14316	0
556	abstain_everyday	1314	0
557	calc	17877	0
558	lookup	9050	0
559	lookup	5372	0
560	calc	20374	0
561	calc	7138	0
562	calc	1362	0
563	calc	16397	0
564	lookup	2361	0
565	lookup	8133	0
566	abstain_everyday	4995	0
567	lookup	5158	0
568	calc	14328	0
569	abstain_everyday	3388	0
570	calc	14035	0
571	abstain_everyday	3163	0
572	lookup	1555	0
573	lookup	9375	0
574	lookup	2240	0
575	abstain_everyday	952	0
576	lookup	3257	0
577	calc	13933	1
578	lookup	12381	0
579	calc	76	0
580	calc	287	0
581	lookup	3123	0
582	lookup	2633	0
583	calc	18068	0
584	calc	17844	0
585	abstain_everyday	1745	0
586	calc	8658	0
587	calc	11617	0
588	lookup	8811	0
589	calc	4860	0
590	lookup	5732	0
591	calc	3576	0
592	abstain_everyday	5458	0
593	abstain_everyday	366	0
594	lookup	5984	0
595	lookup	7246	0
596	abstain_everyday	1414	0
597	calc	7469	0
598	lookup	7722	0
599	lookup	5175	0
600	lookup	12856	0
601	calc	16421	0
602	calc	15218	1
603	lookup	8247	0
604	calc	14843	0
605	calc	14467	0
606	abstain_everyday	2971	0
607	abstain_everyday	1167	0
608	abstain_everyday	5710	0
609	lookup	3412	0
610	lookup	9180	0
611	abstain_everyday	2656	0
612	lookup	928	0
613	calc	7416	0
614	calc	3499	0
615	lookup	6687	0
616	lookup	978	0
617	lookup	1694	0
618	abstain_everyday	2107	0
619	abstain_everyday	3243	0
620	abstain_everyday	2907	0
621	abstain_everyday	1376	0
622	lookup	11245	0
623	lookup	6527	0
624	calc	8715	0
625	calc	5525	0
626	calc	16653	0
627	calc	4125	0
628	lookup	9210	0
629	calc	18020	0
630	lookup	11938	0
631	calc	10651	0
632	calc	17573	0
633	calc	7153	0
634	lookup	7478	0
635	abstain_everyday	268	0
636	abstain_everyday	725	0
637	calc	12608	0
638	lookup	1468	0
639	calc	20997	0
640	calc	8320	0
641	calc	7697	0
642	lookup	4334	0
643	calc	11604	0
644	lookup	5658	0
645	calc	9749	0
646	calc	7822	0
647	calc	3748	0
648	calc	3336	0
649	abstain_everyday	1848	0
650	calc	5911	0
651	calc	8376	0
652	calc	494	0
653	lookup	2314	0
654	lookup	11020	0
655	calc	3742	0
656	calc	8577	0
657	calc	12802	0
658	lookup	12829	0
659	calc	8763	0
660	abstain_everyday	2328	0
661	lookup	11737	0
662	lookup	123	0
663	lookup	3619	0
664	calc	19835	0
665	lookup	7597	0
666	abstain_everyday	3422	0
667	lookup	641	0
668	lookup	5385	0
669	lookup	3199	0
670	lookup	7225	0
671	lookup	2783	0
672	lookup	6647	0
673	abstain_everyday	5282	0
674	calc	12473	0
675	calc	1177	0
676	abstain_everyday	4746	0
677	calc	19149	0
678	calc	5062	0
679	calc	6943	0
680	lookup	582	0
681	calc	2400	0
682	calc	4393	0
683	lookup	8306	0
684	calc	422	0
685	calc	4011	0
686	calc	15083	0
687	calc	11004	0
688	lookup	4145	0
689	abstain_everyday	4787	0
690	calc	11132	0
691	calc	2972	0
692	abstain_everyday	4056	0
693	abstain_everyday	481	0
694	calc	8464	0
695	calc	18570	0
696	lookup	7668	0
697	calc	1041	0
698	calc	12616	0
699	calc	1267	0
700	calc	13502	0
701	lookup	5092	0
702	calc	1427	1
703	lookup	8022	0
704	calc	464	0
705	calc	2290	0
706	lookup	3699	0
707	calc	12853	0
708	abstain_everyday	4137	0
709	calc	19687	0
710	abstain_everyday	1868	0
711	calc	1590	0
712	abstain_everyday	3650	0
713	lookup	4019	0
714	calc	16690	0
715	lookup	1052	0
716	lookup	12227	0
717	calc	4551	0
718	calc	20480	0
719	lookup	9205	0
720	calc	1399	0
721	calc	3393	0
722	calc	9601	0
723	calc	20039	0
724	lookup	10985	0
725	lookup	6614	0
726	calc	12964	0
727	calc	6078	0
728	lookup	5945	0
729	calc	8661	0
730	calc	3889	0
731	lookup	2325	0
732	calc	6497	0
733	lookup	3807	0
734	calc	8378	0
735	calc	9870	0
736	calc	19261	0
737	lookup	5143	0
738	calc	543	1
739	calc	13703	0
740	abstain_everyday	202	0
741	lookup	1931	0
742	calc	15486	0
743	lookup	7267	0
744	lookup	7335	0
745	lookup	3325	0
746	lookup	12744	0
747	calc	5732	0
748	lookup	4443	0
749	lookup	8181	0
750	calc	20725	0
751	lookup	1806	0
752	calc	5855	0
753	calc	8900	0
754	calc	3909	0
755	calc	18473	0
756	calc	13540	0
757	calc	6821	0
758	abstain_everyday	2430	0
759	abstain_everyday	4347	0
760	calc	15998	0
761	lookup	7325	0
762	abstain_everyday	2178	0
763	calc	19379	0
764	calc	15647	0
765	lookup	11981	0
766	abstain_everyday	5537	0
767	calc	18799	0
768	abstain_everyday	1616	0
769	calc	12931	1
770	calc	5506	0
771	lookup	12605	0
772	calc	11673	0
773	abstain_everyday	998	0
774	lookup	8004	0
775	calc	17051	1
776	abstain_everyday	909	0
777	calc	13968	0
778	calc	1314	0
779	calc	3203	0
780	calc	7914	0
781	calc	11408	0
782	abstain_everyday	1223	0
783	calc	19762	0
784	calc	13553	0
785	abstain_everyday	897	0
786	lookup	2012	0
787	calc	10735	0
788	calc	7352	0
789	calc	3783	0
790	lookup	6652	0
791	calc	12615	0
792	calc	600	0
793	lookup	12769	0
794	calc	13907	0
795	calc	1687	0
796	calc	6630	0
797	abstain_everyday	3573	0
798	lookup	53	0
799	abstain_everyday	3334	0
800	calc	895	0
801	lookup	12926	0
802	calc	2739	0
803	calc	19796	0
804	calc	5486	0
805	abstain_everyday	371	0
806	calc	20410	0
807	lookup	6748	0
808	lookup	462	0
809	calc	18568	0
810	lookup	10455	0
811	lookup	2559	0
812	lookup	2330	0
813	calc	8860	0
814	lookup	2693	0
815	calc	9308	0
816	calc	30	0
817	calc	10935	0
818	calc	20952	0
819	lookup	10784	0
820	calc	19528	0
821	calc	15846	0
822	lookup	5347	0
823	lookup	5474	0
824	abstain_everyday	293	0
825	calc	18520	0
826	calc	4826	0
827	calc	18005	0
828	calc	2071	0
829	calc	263	0
830	abstain_everyday	2987	0
831	lookup	8283	0
832	calc	13042	0
833	calc	19432	0
834	lookup	7830	0
835	calc	443	0
836	calc	2987	0
837	lookup	2238	0
838	abstain_everyday	4576	0
839	calc	167	0
840	lookup	387	0
841	calc	9916	0
842	calc	18912	1
843	lookup	11014	0
844	calc	5306	0
845	calc	2668	0
846	lookup	4869	0
847	calc	18280	0
848	calc	19381	0
849	calc	3856	1
850	calc	1075	0
851	lookup	6118	0
852	lookup	10766	0
853	calc	13947	0
854	calc	1127	0
855	lookup	4449	0
856	lookup	10794	0
857	lookup	6166	0
858	calc	2293	0
859	calc	14806	0
860	calc	2931	0
861	abstain_everyday	2067	0
862	calc	19100	0
863	lookup	5056	0
864	calc	12267	0
865	calc	5045	0
866	lookup	11284	0
867	calc	5645	0
868	lookup	9836	0
869	calc	15822	0
870	calc	8292	0
871	calc	13482	0
872	calc	10418	0
873	calc	2797	0
874	calc	10759	0
875	calc	10337	0
876	calc	735	0
877	calc	1223	1
878	abstain_everyday	1627	0
879	lookup	7274	0
880	lookup	527	0
881	calc	12060	0
882	calc	12862	0
883	lookup	519	0
884	lookup	6478	0
885	calc	3175	0
886	calc	6254	0
887	calc	7614	0
888	calc	2090	0
889	calc	11489	0
890	lookup	4254	0
891	calc	4397	0
892	calc	7548	0
893	calc	13786	0
894	lookup	606	0
895	lookup	12131	0
896	calc	2108	0
897	lookup	7266	0
898	calc	14611	0
899	lookup	8967	0
900	abstain_everyday	1567	0
901	abstain_everyday	4317	0
902	lookup	6495	0
903	lookup	12479	0
904	lookup	8687	0
905	lookup	8608	0
906	calc	18506	1
907	abstain_everyday	3253	0
908	lookup	1077	0
909	lookup	10123	0
910	calc	2203	0
911	calc	5943	0
912	lookup	277	0
913	calc	9274	0
914	calc	5512	0
915	lookup	3838	0
916	calc	7225	0
917	calc	8559	0
918	lookup	8134	0
919	lookup	3999	0
920	lookup	5282	0
921	calc	5265	0
922	lookup	10994	0
923	lookup	8591	0
924	calc	3911	0
925	lookup	12414	0
926	calc	151	0
927	calc	3900	0
928	calc	4790	0
929	calc	17013	0
930	lookup	1823	0
931	lookup	3255	0
932	lookup	838	0
933	lookup	2697	0
934	lookup	2089	0
935	calc	14623	0
936	lookup	875	0
937	lookup	4034	0
938	lookup	2663	0
939	calc	328	0
940	abstain_everyday	5350	0
941	calc	7302	0
942	calc	4894	0
943	lookup	9322	0
944	calc	17652	0
945	lookup	4703	0
946	abstain_everyday	2296	0
947	calc	5169	0
948	abstain_everyday	405	0
949	lookup	4238	0
950	calc	6677	0
951	lookup	3010	0
952	abstain_everyday	3318	0
953	calc	6718	0
954	calc	1591	0
955	calc	11647	0
956	calc	20385	0
957	calc	15505	0
958	lookup	11683	0
959	lookup	5516	0
960	calc	19795	0
961	abstain_everyday	3635	0
962	calc	7667	0
963	calc	11445	0
964	lookup	2690	0
965	lookup	7439	0
966	calc	16598	0
967	calc	18680	0
968	calc	5060	0
969	lookup	10844	0
970	lookup	2686	0
971	calc	3597	0
972	lookup	10835	0
973	calc	19346	0
974	lookup	3445	0
975	lookup	7054	0
976	abstain_everyday	4461	0
977	calc	13203	0
978	abstain_everyday	5849	0
979	lookup	11061	0
980	abstain_everyday	1066	0
981	abstain_everyday	3963	0
982	calc	10979	0
983	calc	2175	0
984	lookup	9456	0
985	calc	15856	0
986	calc	8179	0
987	calc	5270	1
988	calc	201	0
989	lookup	2040	0
990	lookup	9853	0
991	calc	20817	0
992	calc	6341	0
993	calc	1222	0
994	abstain_everyday	4804	0
995	abstain_everyday	328	0
996	lookup	8855	0
997	calc	14986	0
998	calc	14737	0
999	abstain_everyday	4134	0
1000	calc	13611	0
1001	calc	11265	0
1002	calc	3542	0
1003	calc	10908	0
1004	calc	1845	0
1005	calc	4983	0
1006	calc	19654	0
1007	abstain_everyday	1227	0
1008	calc	17679	0
1009	abstain_everyday	3316	0
1010	calc	10085	0
1011	lookup	9892	0
1012	calc	7495	0
1013	lookup	1949	0
1014	calc	5690	0
1015	calc	18518	0
1016	calc	14636	0
1017	lookup	9004	0
1018	lookup	4842	0
1019	lookup	2836	0
1020	calc	19224	0
1021	abstain_everyday	4730	0
1022	lookup	2916	0
1023	lookup	394	0
1024	abstain_everyday	123	0
1025	abstain_everyday	2509	0
1026	lookup	9990	0
1027	lookup	10676	0
1028	calc	20960	0
1029	lookup	711	0
1030	calc	8902	0
1031	lookup	10337	0
1032	lookup	1905	0
1033	calc	18865	0
1034	lookup	11770	0
1035	calc	4557	0
1036	calc	7306	0
1037	calc	301	0
1038	lookup	1108	0
1039	calc	5093	0
1040	calc	3934	0
1041	calc	16536	0
1042	lookup	931	0
1043	calc	18655	0
1044	calc	6732	0
1045	calc	18798	0
1046	lookup	10802	0
1047	lookup	3074	0
1048	calc	4088	0
1049	calc	20493	0
1050	calc	20447	0
1051	abstain_everyday	3505	0
1052	abstain_everyday	975	0
1053	lookup	7299	0
1054	lookup	7236	0
1055	lookup	9791	0
1056	calc	14947	0
1057	calc	17630	0
1058	calc	12155	0
1059	lookup	2593	0
1060	calc	2187	0
1061	lookup	618	0
1062	calc	19568	0
1063	calc	10764	0
1064	calc	11111	0
1065	calc	16792	0
1066	lookup	9245	0
1067	calc	3996	0
1068	lookup	4596	0
1069	calc	10263	0
1070	calc	2277	0
1071	lookup	3617	0
1072	lookup	7147	0
1073	calc	12575	0
1074	abstain_everyday	1965	0
1075	calc	1451	0
1076	lookup	11068	0
1077	calc	16799	0
1078	abstain_everyday	2725	0
1079	calc	7386	0
1080	lookup	10991	0
1081	lookup	9989	0
1082	calc	3285	0
1083	abstain_everyday	1776	0
1084	lookup	11250	0
1085	calc	14092	0
1086	calc	2048	0
1087	lookup	8910	0
1088	calc	19998	0
1089	abstain_everyday	1688	0
1090	abstain_everyday	1354	0
1091	calc	4164	0
1092	abstain_everyday	2073	0
1093	lookup	11536	0
1094	lookup	5766	0
1095	calc	9573	0
1096	lookup	1091	0
1097	abstain_everyday	3151	0
1098	calc	9932	0
1099	lookup	11825	0
1100	calc	7433	0
1101	calc	16856	0
1102	abstain_everyday	3492	0
1103	calc	18466	0
1104	calc	2778	0
1105	abstain_everyday	1339	0
1106	abstain_everyday	835	0
1107	calc	3967	0
1108	abstain_everyday	5352	0
1109	lookup	4025	0
1110	lookup	11308	0
1111	calc	15749	0
1112	lookup	2918	0
1113	abstain_everyday	5842	0
1114	lookup	3207	0
1115	lookup	12449	0
1116	calc	197	0
1117	calc	18538	1
1118	calc	9879	0
1119	abstain_everyday	886	0
1120	lookup	10634	0
1121	calc	738	0
1122	calc	2388	0
1123	lookup	6758	0
1124	lookup	6303	0
1125	lookup	4609	0
1126	calc	8920	0
1127	lookup	4002	0
1128	lookup	2023	0
1129	calc	298	0
1130	abstain_everyday	4273	0
1131	lookup	656	0
1132	calc	8037	0
1133	lookup	11385	0
1134	lookup	12827	0
1135	calc	14954	0
1136	lookup	5232	0
1137	lookup	7946	0
1138	calc	14948	0
1139	abstain_everyday	351	0
1140	calc	1959	0
1141	abstain_everyday	1694	0
1142	calc	8699	0
1143	lookup	11100	0
1144	calc	13890	0
1145	lookup	4172	0
1146	calc	9884	0
1147	calc	8581	0
1148	calc	16517	0
1149	calc	4463	0
1150	calc	15594	0
1151	calc	18712	0
1152	abstain_everyday	4973	0
1153	lookup	9571	0
1154	lookup	11726	0
1155	lookup	2863	0
1156	calc	15264	0
1157	lookup	6586	0
1158	lookup	4765	0
1159	calc	4196	0
1160	calc	7734	0
1161	calc	6622	0
1162	abstain_everyday	672	0
1163	calc	2426	0
1164	abstain_everyday	5589	0
1165	calc	20854	0
1166	calc	16458	0
1167	lookup	6473	0
1168	lookup	10386	0
1169	abstain_everyday	1291	0
1170	lookup	2517	0
1171	calc	11524	0
1172	calc	13414	0
1173	lookup	12640	0
1174	lookup	1737	0
1175	calc	11099	0
1176	calc	3693	0
1177	calc	14489	0
1178	calc	20227	0
1179	abstain_everyday	492	0
1180	calc	12001	0
1181	calc	3454	0
1182	calc	8281	0
1183	lookup	5925	0
1184	calc	19911	0
1185	calc	15605	0
1186	calc	20381	0
1187	calc	12863	0
1188	calc	1241	0
1189	abstain_everyday	1188	0
1190	calc	2485	0
1191	calc	12307	0
1192	calc	13636	0
1193	calc	5714	0
1194	lookup	2072	0
1195	abstain_everyday	5783	0
1196	calc	18580	0
1197	lookup	7877	0
1198	calc	15507	0
1199	lookup	6611	0
1200	lookup	6296	0
1201	lookup	8054	0
1202	abstain_everyday	4866	0
1203	lookup	603	0
1204	abstain_everyday	4087	0
1205	abstain_everyday	3343	0
1206	abstain_everyday	3603	0
1207	calc	4659	0
1208	calc	20061	0
1209	abstain_everyday	2508	0
1210	calc	8293	0
1211	calc	7833	0
1212	lookup	11224	0
1213	calc	11643	0
1214	calc	17709	0
1215	lookup	461	0
1216	calc	11977	0
1217	calc	11893	0
1218	lookup	10605	0
1219	lookup	781	0
1220	calc	15793	0
1221	lookup	7518	0
1222	calc	1269	0
1223	calc	9305	0
1224	calc	6123	0
1225	abstain_everyday	2162	0
1226	calc	4964	1
1227	calc	11629	0
1228	calc	20702	1
1229	calc	15454	0
1230	lookup	2589	0
1231	calc	2634	0
1232	lookup	12813	0
1233	lookup	12076	0
1234	abstain_everyday	311	0
1235	lookup	10028	0
1236	lookup	11540	0
1237	calc	17045	0
1238	lookup	2727	0
1239	lookup	557	0
1240	calc	12498	0
1241	calc	17654	0
1242	lookup	4857	0
1243	lookup	2247	0
1244	calc	18993	0
1245	calc	6705	0
1246	lookup	6065	0
1247	lookup	6045	0
1248	lookup	3595	0
1249	lookup	7071	0
1250	calc	6426	0
1251	calc	11366	0
1252	lookup	8730	0
1253	abstain_everyday	549	0
1254	calc	19524	0
1255	calc	12913	0
1256	lookup	2645	0
1257	calc	19774	0
1258	lookup	1058	0
1259	abstain_everyday	683	0
1260	lookup	6928	0
1261	lookup	2118	0
1262	calc	12220	0
1263	lookup	5023	0
1264	lookup	1395	0
1265	calc	10666	0
1266	lookup	8065	0
1267	calc	16850	0
1268	calc	19910	0
1269	calc	16797	0
1270	lookup	8947	0
1271	lookup	3737	0
1272	calc	7313	0
1273	calc	18432	0
1274	lookup	4626	0
1275	lookup	1633	0
1276	abstain_everyday	533	0
1277	lookup	11826	0
1278	calc	2368	0
1279	calc	14750	0
1280	abstain_everyday	1192	0
1281	abstain_everyday	2290	0
1282	calc	20226	0
1283	calc	12163	0
1284	calc	15044	0
1285	calc	12213	0
1286	calc	1221	0
1287	lookup	964	0
1288	lookup	4226	0
1289	lookup	10226	0
1290	calc	10124	0
1291	lookup	2060	0
1292	calc	6766	0
1293	calc	6449	0
1294	abstain_everyday	5672	0
1295	abstain_everyday	110	0
1296	lookup	5085	0
1297	calc	15629	0
1298	calc	934	0
1299	calc	11839	0
1300	calc	13715	1
1301	lookup	1352	0
1302	calc	5820	0
1303	abstain_everyday	1722	0
1304	abstain_everyday	1004	0
1305	abstain_everyday	5210	0
1306	lookup	5480	0
1307	abstain_everyday	1256	0
1308	abstain_everyday	1671	0
1309	lookup	1236	0
1310	lookup	9078	0
1311	calc	2437	0
1312	calc	10697	0
1313	lookup	5104	0
1314	abstain_everyday	460	0
1315	calc	16055	0
1316	lookup	12584	0
1317	calc	8953	0
1318	abstain_everyday	4111	0
1319	calc	10613	0
1320	calc	15168	0
1321	lookup	11310	0
1322	lookup	5666	0
1323	abstain_everyday	3251	0
1324	calc	4218	0
1325	lookup	3697	0
1326	abstain_everyday	3459	0
1327	calc	13497	0
1328	calc	17999	0
1329	calc	2883	0
1330	calc	18972	0
1331	lookup	4711	0
1332	calc	19395	0
1333	abstain_everyday	1508	0
1334	calc	11994	0
1335	abstain_everyday	5011	0
1336	calc	1797	0
1337	calc	16030	0
1338	calc	56	0
1339	calc	7202	0
1340	calc	10792	0
1341	lookup	1979	0
1342	lookup	44	0
1343	calc	16503	0
1344	lookup	1802	0
1345	abstain_everyday	3862	0
1346	lookup	12482	0
1347	calc	14840	0
1348	abstain_everyday	3587	0
1349	lookup	7355	0
1350	abstain_everyday	2193	0
1351	calc	15002	0
1352	calc	9877	0
1353	calc	3308	0
1354	calc	16579	0
1355	abstain_everyday	5824	0
1356	calc	20258	0
1357	calc	11572	0
1358	abstain_everyday	4568	0
1359	calc	3919	0
1360	calc	2837	0
1361	calc	18657	0
1362	calc	12336	0
1363	calc	14149	0
1364	lookup	12114	0
1365	calc	7824	0
1366	abstain_everyday	2940	0
1367	calc	17695	0
1368	calc	8077	0
1369	calc	16590	0
1370	calc	20304	0
1371	calc	1530	0
1372	lookup	5278	0
1373	lookup	12155	0
1374	calc	7943	0
1375	lookup	8918	0
1376	calc	10618	0
1377	calc	15840	0
1378	calc	20531	0
1379	calc	15478	0
1380	lookup	1786	0
1381	calc	2157	0
1382	calc	19628	0
1383	lookup	3965	0
1384	abstain_everyday	4902	0
1385	lookup	1849	0
1386	calc	21047	0
1387	lookup	10506	0
1388	calc	17015	0
1389	calc	12697	0
1390	calc	18531	0
1391	abstain_everyday	3924	0
1392	calc	11963	0
1393	calc	6055	0
1394	calc	17746	0
1395	abstain_everyday	4587	0
1396	lookup	12513	0
1397	calc	8679	0
1398	lookup	6156	0
1399	lookup	8884	0
1400	lookup	1897	0
1401	calc	7005	0
1402	lookup	4078	0
1403	calc	12053	0
1404	calc	2124	0
1405	abstain_everyday	5378	0
1406	lookup	4446	0
1407	lookup	11451	0
1408	lookup	7504	0
1409	lookup	2566	0
1410	calc	6378	0
1411	calc	11378	0
1412	lookup	4885	0
1413	lookup	7468	0
1414	lookup	9362	0
1415	lookup	6974	0
1416	calc	447	0
1417	calc	15903	0
1418	calc	9323	0
1419	lookup	7243	0
1420	calc	8525	0
1421	calc	13274	0
1422	lookup	10181	0
1423	lookup	8391	0
1424	calc	10805	0
1425	calc	16825	0
1426	calc	6106	0
1427	calc	709	0
1428	calc	591	0
1429	calc	7902	0
1430	lookup	3401	0
1431	calc	2354	0
1432	calc	20568	0
1433	calc	18814	0
1434	lookup	5980	0
1435	lookup	5289	0
1436	abstain_everyday	999	0
1437	calc	9552	0
1438	lookup	7305	0
1439	calc	4232	0
1440	lookup	7700	0
1441	calc	20675	0
1442	lookup	8274	0
1443	calc	12100	0
1444	abstain_everyday	3638	0
1445	calc	20993	0
1446	lookup	12140	0
1447	calc	1081	0
1448	abstain_everyday	3597	0
1449	calc	17053	0
1450	lookup	2519	0
1451	calc	5283	0
1452	calc	5292	0
1453	calc	1604	0
1454	abstain_everyday	5364	0
1455	calc	11537	0
1456	calc	3743	1
1457	abstain_everyday	516	0
1458	lookup	11707	0
1459	calc	993	0
1460	calc	15368	0
1461	calc	8510	0
1462	calc	18302	0
1463	calc	13568	0
1464	calc	13051	0
1465	calc	15155	0
1466	calc	16743	0
1467	calc	14756	0
1468	calc	1224	0
1469	abstain_everyday	5240	0
1470	abstain_everyday	3377	0
1471	calc	6313	0
1472	calc	20871	0
1473	lookup	2384	0
1474	lookup	10393	0
1475	lookup	985	0
1476	lookup	3288	0
1477	lookup	1143	0
1478	calc	9585	0
1479	calc	655	0
1480	calc	4552	0
1481	lookup	4278	0
1482	calc	5498	0
1483	calc	11494	0
1484	lookup	3008	0
1485	abstain_everyday	3748	0
1486	calc	5414	0
1487	calc	19503	0
1488	lookup	10526	0
1489	lookup	6884	0
1490	calc	11799	1
1491	calc	5350	0
1492	lookup	5904	0
1493	calc	18590	0
1494	calc	15070	0
1495	lookup	11910	0
1496	calc	1737	0
1497	lookup	9888	0
1498	lookup	5612	0
1499	calc	8735	0
1500	calc	18088	0
1501	lookup	10807	0
1502	lookup	11333	0
1503	calc	17038	0
1504	lookup	11030	0
1505	abstain_everyday	1799	0
1506	calc	3521	0
1507	calc	2832	0
1508	calc	20926	0
1509	calc	15343	0
1510	calc	14479	0
1511	calc	16468	0
1512	calc	1611	0
1513	lookup	2768	0
1514	lookup	9443	0
1515	abstain_everyday	1132	0
1516	calc	15277	0
1517	abstain_everyday	3965	0
1518	lookup	4954	0
1519	abstain_everyday	2311	0
1520	calc	9928	0
1521	calc	10423	1
1522	lookup	6043	0
1523	lookup	168	0
1524	lookup	6548	0
1525	lookup	10751	0
1526	calc	5349	0
1527	lookup	10168	0
1528	lookup	2305	0
1529	calc	6789	0
1530	calc	756	0
1531	calc	16013	0
1532	calc	13227	0
1533	calc	2658	0
1534	lookup	8660	0
1535	lookup	9701	0
1536	calc	7949	0
1537	lookup	9696	0
1538	calc	7328	1
1539	calc	9483	0
1540	calc	6284	0
1541	calc	2779	0
1542	abstain_everyday	280	0
1543	lookup	918	0
1544	calc	2357	0
1545	calc	4167	0
1546	calc	17677	0
1547	abstain_everyday	1172	0
1548	calc	3584	0
1549	calc	13415	0
1550	calc	2132	0
1551	calc	4535	0
1552	abstain_everyday	3258	0
1553	calc	11543	0
1554	calc	2449	0
1555	calc	402	0
1556	calc	19255	0
1557	calc	695	0
1558	calc	7979	0
1559	lookup	7671	0
1560	calc	12268	0
1561	lookup	3540	0
1562	lookup	8688	0
1563	calc	14859	0
1564	calc	9251	0
1565	lookup	5408	0
1566	lookup	4246	0
1567	lookup	5811	0
1568	lookup	3570	0
1569	lookup	4886	0
1570	lookup	7502	0
1571	abstain_everyday	5604	0
1572	calc	6628	0
1573	abstain_everyday	2426	0
1574	calc	20210	0
1575	calc	19158	0
1576	lookup	9088	0
1577	abstain_everyday	5504	0
1578	lookup	11989	0
1579	calc	17770	0
1580	calc	12825	0
1581	lookup	9905	0
1582	calc	1700	0
1583	lookup	8368	0
1584	calc	8798	0
1585	calc	14933	0
1586	lookup	6923	0
1587	calc	581	0
1588	calc	10841	0
1589	lookup	4544	0
1590	lookup	8552	0
1591	abstain_everyday	4010	0
1592	abstain_everyday	3739	0
1593	lookup	9260	0
1594	lookup	5993	0
1595	abstain_everyday	2455	0
1596	lookup	5905	0
1597	calc	11765	0
1598	calc	14142	0
1599	calc	15557	0
1600	lookup	2681	0
1601	calc	6298	0
1602	abstain_everyday	1866	0
1603	calc	448	0
1604	calc	13318	0
1605	calc	17516	0
1606	lookup	834	0
1607	calc	5474	0
1608	abstain_everyday	5299	0
1609	lookup	11232	0
1610	lookup	8205	0
1611	lookup	11236	0
1612	lookup	8212	0
1613	lookup	4202	0
1614	calc	14807	0
1615	calc	2878	0
1616	calc	4615	0
1617	calc	19332	0
1618	calc	468	0
1619	calc	5448	0
1620	calc	13403	0
1621	calc	17280	0
1622	lookup	7030	0
1623	calc	20599	0
1624	calc	8992	0
1625	calc	16883	1
1626	calc	8263	0
1627	abstain_everyday	4092	0
1628	calc	6405	0
1629	calc	8686	0
1630	calc	16434	0
1631	calc	16680	0
1632	lookup	12019	0
1633	calc	393	0
1634	lookup	835	0
1635	calc	18662	0
1636	lookup	6410	0
1637	calc	20705	0
1638	calc	18938	0
1639	lookup	12044	0
1640	calc	11262	0
1641	abstain_everyday	113	0
1642	lookup	5838	0
1643	calc	7776	0
1644	lookup	2277	0
1645	calc	19888	0
1646	calc	19907	0
1647	lookup	5627	0
1648	calc	7320	0
1649	abstain_everyday	79	0
1650	calc	4434	0
1651	lookup	3221	0
1652	calc	14658	0
1653	calc	13779	1
1654	lookup	11685	0
1655	calc	14083	1
1656	calc	3530	0
1657	calc	5565	0
1658	calc	2234	0
1659	calc	15134	0
1660	calc	9364	0
1661	calc	7282	0
1662	lookup	10815	0
1663	calc	12929	0
1664	lookup	7070	0
1665	calc	20502	0
1666	calc	17893	0
1667	lookup	12095	0
1668	abstain_everyday	3169	0
1669	abstain_everyday	3282	0
1670	lookup	8125	0
1671	calc	8550	0
1672	lookup	7244	0
1673	abstain_everyday	1180	0
1674	calc	15736	0
1675	calc	20433	0
1676	calc	17497	0
1677	calc	5015	1
1678	abstain_everyday	184	0
1679	calc	282	0
1680	calc	9939	0
1681	calc	9787	0
1682	lookup	2999	0
1683	lookup	10758	0
1684	calc	1740	0
1685	abstain_everyday	4451	0
1686	lookup	12348	0
1687	calc	19623	0
1688	lookup	4423	0
1689	calc	7844	0
1690	calc	14447	1
1691	lookup	2036	0
1692	abstain_everyday	3386	0
1693	calc	11277	0
1694	lookup	4710	0
1695	lookup	5893	0
1696	abstain_everyday	922	0
1697	calc	11815	0
1698	calc	7470	0
1699	abstain_everyday	2109	0
1700	abstain_everyday	957	0
1701	calc	10454	0
1702	abstain_everyday	2571	0
1703	abstain_everyday	3934	0
1704	calc	13895	0
1705	calc	19244	0
1706	calc	12148	0
1707	abstain_everyday	5062	0
1708	lookup	11645	0
1709	lookup	11760	0
1710	calc	14659	0
1711	abstain_everyday	408	0
1712	calc	12835	0
1713	lookup	5110	0
1714	lookup	2894	0
1715	abstain_everyday	4658	0
1716	abstain_everyday	5387	0
1717	calc	11763	0
1718	lookup	1094	0
1719	lookup	8784	0
1720	abstain_everyday	1377	0
1721	calc	283	0
1722	calc	19989	0
1723	abstain_everyday	1444	0
1724	calc	5489	0
1725	lookup	9262	0
1726	lookup	4585	0
1727	calc	11056	1
1728	lookup	6304	0
1729	calc	7550	0
1730	calc	1940	0
1731	abstain_everyday	5446	0
1732	calc	3074	0
1733	abstain_everyday	3898	0
1734	lookup	3931	0
1735	calc	19434	0
1736	calc	2516	0
1737	lookup	7368	0
1738	lookup	10339	0
1739	calc	14510	0
1740	calc	12124	0
1741	abstain_everyday	5753	0
1742	calc	6179	0
1743	abstain_everyday	1021	0
1744	lookup	9197	0
1745	abstain_everyday	1321	0
1746	abstain_everyday	5201	0
1747	lookup	5117	0
1748	lookup	4337	0
1749	calc	17104	0
1750	calc	20031	0
1751	calc	11976	0
1752	calc	6394	0
1753	calc	4630	1
1754	calc	16126	1
1755	lookup	10840	0
1756	lookup	3844	0
1757	lookup	9476	0
1758	calc	18601	0
1759	calc	2611	0
1760	calc	272	0
1761	abstain_everyday	5429	0
1762	lookup	5469	0
1763	lookup	2127	0
1764	calc	3806	0
1765	calc	12230	0
1766	calc	18879	0
1767	calc	10787	0
1768	calc	20102	0
1769	calc	8055	0
1770	lookup	12057	0
1771	lookup	2215	0
1772	lookup	1318	0
1773	calc	9149	0
1774	abstain_everyday	23	0
1775	calc	862	0
1776	calc	10168	0
1777	calc	19150	0
1778	calc	11215	0
1779	calc	11340	0
1780	calc	19318	1
1781	abstain_everyday	4136	0
1782	calc	2427	0
1783	lookup	12238	0
1784	lookup	10917	0
1785	lookup	6957	0
1786	calc	12760	0
1787	calc	2728	0
1788	calc	6049	0
1789	lookup	3898	0
1790	lookup	889	0
1791	calc	510	0
1792	lookup	549	0
1793	lookup	1288	0
1794	calc	12741	0
1795	calc	11581	0
1796	calc	19657	0
1797	calc	3980	0
1798	calc	20057	0
1799	calc	14982	0
1800	calc	14264	0
1801	calc	14345	0
1802	abstain_everyday	2682	0
1803	calc	1447	0
1804	calc	14098	1
1805	lookup	506	0
1806	calc	15446	0
1807	lookup	4049	0
1808	calc	7015	0
1809	abstain_everyday	4638	0
1810	calc	18109	0
1811	lookup	6090	0
1812	lookup	12773	0
1813	abstain_everyday	2442	0
1814	calc	13939	0
1815	lookup	10472	0
1816	abstain_everyday	1995	0
1817	abstain_everyday	784	0
1818	calc	20059	0
1819	calc	9942	0
1820	calc	11782	0
1821	calc	7713	0
1822	abstain_everyday	5153	0
1823	calc	13544	0
1824	calc	15767	0
1825	lookup	1815	0
1826	lookup	941	0
1827	calc	3979	0
1828	abstain_everyday	720	0
1829	lookup	7158	0
1830	lookup	6347	0
1831	calc	13869	0
1832	calc	15261	0
1833	calc	10581	0
1834	lookup	7934	0
1835	calc	13951	0
1836	lookup	11237	0
1837	calc	19588	0
1838	calc	5376	0
1839	abstain_everyday	34	0
1840	lookup	1943	0
1841	lookup	1830	0
1842	lookup	7055	0
1843	lookup	10129	0
1844	lookup	5243	0
1845	calc	20019	0
1846	abstain_everyday	685	0
1847	calc	11459	0
1848	calc	21050	0
1849	lookup	3189	0
1850	abstain_everyday	37	0
1851	lookup	4472	0
1852	calc	6762	0
1853	calc	947	0
1854	abstain_everyday	244	0
1855	lookup	5072	0
1856	calc	4931	0
1857	lookup	12344	0
1858	abstain_everyday	4758	0
1859	calc	13712	0
1860	abstain_everyday	2849	0
1861	abstain_everyday	831	0
1862	lookup	5095	0
1863	calc	2117	0
1864	abstain_everyday	4580	0
1865	calc	17272	0
1866	calc	19758	0
1867	calc	1246	0
1868	lookup	5053	0
1869	abstain_everyday	3328	0
1870	lookup	1133	0
1871	abstain_everyday	4971	0
1872	calc	3406	0
1873	lookup	1955	0
1874	calc	8911	0
1875	calc	12655	0
1876	lookup	2297	0
1877	calc	20416	0
1878	calc	6941	0
1879	calc	18643	0
1880	lookup	6325	0
1881	calc	2897	0
1882	calc	17961	0
1883	calc	17277	0
1884	abstain_everyday	4627	0
1885	lookup	10773	0
1886	abstain_everyday	4236	0
1887	abstain_everyday	988	0
1888	lookup	7259	0
1889	calc	1872	0
1890	calc	7951	0
1891	abstain_everyday	2308	0
1892	abstain_everyday	5776	0
1893	calc	8275	0
1894	calc	14575	0
1895	calc	14411	1
1896	abstain_everyday	323	0
1897	lookup	4877	0
1898	calc	17638	0
1899	abstain_everyday	4172	0
1900	calc	5555	0
1901	lookup	1345	0
1902	calc	15979	0
1903	lookup	7737	0
1904	calc	2809	0
1905	calc	3188	0
1906	lookup	9886	0
1907	lookup	331	0
1908	calc	16257	0
1909	lookup	172	0
1910	calc	21052	0
1911	calc	7827	0
1912	calc	11112	0
1913	lookup	5363	0
1914	calc	8814	0
1915	lookup	11177	0
1916	lookup	3628	0
1917	calc	19196	0
1918	calc	7571	0
1919	calc	3790	0
1920	calc	4600	0
1921	calc	14712	0
1922	lookup	8472	0
1923	lookup	6388	0
1924	lookup	4384	0
1925	abstain_everyday	4478	0
1926	lookup	6124	0
1927	calc	15177	0
1928	abstain_everyday	2473	0
1929	calc	3182	0
1930	calc	19364	0
1931	lookup	10284	0
1932	calc	15237	0
1933	abstain_everyday	2644	0
1934	lookup	3075	0
1935	calc	9352	0
1936	calc	10612	0
1937	calc	18252	0
1938	abstain_everyday	3743	0
1939	lookup	10035	0
1940	lookup	4673	0
1941	lookup	7318	0
1942	calc	2379	0
1943	calc	11525	0
1944	calc	1813	1
1945	lookup	10866	0
1946	calc	11457	0
1947	calc	11702	0
1948	abstain_everyday	1578	0
1949	lookup	11429	0
1950	lookup	7678	0
1951	lookup	4753	0
1952	calc	491	0
1953	abstain_everyday	3560	0
1954	lookup	9584	0
1955	lookup	4144	0
1956	abstain_everyday	397	0
1957	lookup	247	0
1958	calc	16348	0
1959	lookup	6944	0
1960	calc	12046	0
1961	lookup	5249	0
1962	calc	12202	0
1963	lookup	7136	0
1964	calc	19511	0
1965	calc	9106	0
1966	lookup	1514	0
1967	calc	17145	1
1968	calc	351	0
1969	lookup	5715	0
1970	lookup	7905	0
1971	abstain_everyday	1065	0
1972	abstain_everyday	105	0
1973	lookup	12408	0
1974	lookup	1749	0
1975	calc	12005	0
1976	abstain_everyday	2957	0
1977	calc	15953	0
1978	calc	561	0
1979	calc	10564	0
1980	calc	8524	0
1981	calc	11273	0
1982	lookup	8102	0
1983	lookup	8174	0
1984	calc	17276	0
1985	calc	19160	0
1986	calc	5544	1
1987	abstain_everyday	4564	0
1988	calc	16105	0
1989	abstain_everyday	2472	0
1990	lookup	10371	0
1991	lookup	2788	0
1992	calc	10013	0
1993	calc	958	0
1994	abstain_everyday	402	0
1995	lookup	2307	0
1996	lookup	7855	0
1997	calc	13193	0
1998	lookup	12283	0
1999	calc	14033	0
2000	calc	9037	0
2001	lookup	10934	0
2002	lookup	8261	0
2003	calc	6336	0
2004	calc	8454	0
2005	calc	11176	0
2006	abstain_everyday	1114	0
2007	calc	7641	0
2008	lookup	2197	0
2009	lookup	8971	0
2010	abstain_everyday	3768	0
2011	abstain_everyday	1915	0
2012	calc	9390	0
2013	lookup	5472	0
2014	calc	6828	0
2015	lookup	2265	0
2016	calc	12315	0
2017	abstain_everyday	1653	0
2018	calc	1493	0
2019	calc	12428	0
2020	calc	392	0
2021	lookup	7553	0
2022	calc	9436	0
2023	abstain_everyday	2053	0
2024	lookup	8888	0
2025	calc	2831	0
2026	lookup	6547	0
2027	calc	12169	0
2028	calc	2940	0
2029	lookup	2463	0
2030	lookup	12838	0
2031	calc	12468	0
2032	abstain_everyday	5179	0
2033	calc	5026	0
2034	lookup	6119	0
2035	lookup	9333	0
2036	lookup	12340	0
2037	calc	2192	0
2038	calc	15646	0
2039	calc	13058	0
2040	calc	7097	0
2041	calc	19446	0
2042	calc	4178	0
2043	lookup	5772	0
2044	calc	6172	0
2045	lookup	507	0
2046	calc	9234	0
2047	calc	20809	0
2048	calc	12765	0
2049	lookup	7655	0
2050	lookup	390	0
2051	calc	9886	0
2052	lookup	1721	0
2053	lookup	1200	0
2054	calc	17687	0
2055	lookup	7912	0
2056	calc	14326	0
2057	lookup	10822	0
2058	abstain_everyday	4060	0
2059	abstain_everyday	2538	0
2060	calc	1625	0
2061	abstain_everyday	493	0
2062	lookup	736	0
2063	calc	15496	0
2064	lookup	4060	0
2065	calc	13136	0
2066	calc	1290	0
2067	calc	6014	0
2068	calc	5644	1
2069	calc	12800	0
2070	calc	16311	0
2071	calc	4028	0
2072	abstain_everyday	3165	0
2073	lookup	5230	0
2074	lookup	11139	0
2075	lookup	12031	0
2076	lookup	446	0
2077	abstain_everyday	3878	0
2078	lookup	336	0
2079	lookup	3809	0
2080	calc	7163	0
2081	abstain_everyday	1954	0
2082	lookup	239	0
2083	lookup	10318	0
2084	abstain_everyday	4049	0
2085	calc	6745	0
2086	calc	16028	1
2087	calc	13057	0
2088	calc	5698	0
2089	calc	16270	0
2090	abstain_everyday	1505	0
2091	lookup	9411	0
2092	lookup	3516	0
2093	calc	2385	0
2094	abstain_everyday	4495	0
2095	calc	4730	0
2096	calc	4875	0
2097	abstain_everyday	2323	0
2098	calc	813	0
2099	calc	15689	0
2100	calc	14989	0
2101	abstain_everyday	57	0
2102	lookup	1086	0
2103	lookup	1415	0
2104	lookup	12294	0
2105	lookup	5710	0
2106	abstain_everyday	5414	0
2107	calc	7775	0
2108	abstain_everyday	1393	0
2109	calc	5137	0
2110	calc	7266	0
2111	lookup	11853	0
2112	calc	647	0
2113	lookup	10721	0
2114	calc	9992	0
2115	calc	1859	0
2116	calc	7289	0
2117	lookup	7443	0
2118	calc	16320	0
2119	calc	20309	0
2120	calc	2230	0
2121	calc	11228	0
2122	abstain_everyday	1949	0
2123	calc	19207	0
2124	calc	14672	0
2125	calc	7924	0
2126	calc	5220	0
2127	lookup	7577	0
2128	calc	8342	0
2129	calc	7832	0
2130	calc	5014	0
2131	calc	10015	0
2132	lookup	6375	0
2133	lookup	11864	0
2134	lookup	5651	0
2135	calc	8005	0
2136	abstain_everyday	167	0
2137	abstain_everyday	2423	0
2138	lookup	4836	0
2139	lookup	6263	0
2140	lookup	6774	0
2141	lookup	4134	0
2142	lookup	5897	0
2143	lookup	3159	0
2144	calc	7149	0
2145	abstain_everyday	1140	0
2146	calc	17124	0
2147	calc	8395	0
2148	calc	4129	0
2149	lookup	3935	0
2150	lookup	297	0
2151	calc	3799	0
2152	lookup	5831	0
2153	abstain_everyday	2899	0
2154	calc	12461	1
2155	calc	4099	0
2156	abstain_everyday	5066	0
2157	lookup	10365	0
2158	abstain_everyday	2261	0
2159	calc	2340	0
2160	calc	9912	0
2161	lookup	945	0
2162	calc	13269	0
2163	calc	17127	0
2164	calc	3176	0
2165	calc	327	0
2166	lookup	1751	0
2167	abstain_everyday	3021	0
2168	lookup	1165	0
2169	abstain_everyday	1429	0
2170	lookup	4208	0
2171	abstain_everyday	135	0
2172	lookup	4029	0
2173	calc	2877	0
2174	calc	19070	0
2175	calc	16094	0
2176	calc	15502	0
2177	calc	1748	0
2178	lookup	11045	0
2179	lookup	12858	0
2180	lookup	7262	0
2181	calc	18042	0
2182	calc	4906	0
2183	lookup	636	0
2184	calc	11065	0
2185	calc	19816	0
2186	calc	5993	0
2187	abstain_everyday	3972	0
2188	abstain_everyday	4687	0
2189	calc	10909	1
2190	lookup	10097	0
2191	lookup	161	0
2192	lookup	7369	0
2193	lookup	5519	0
2194	calc	15633	0
2195	calc	14571	0
2196	abstain_everyday	68	0
2197	calc	16396	0
2198	abstain_everyday	247	0
2199	calc	2016	0
2200	lookup	10322	0
2201	calc	7620	0
2202	lookup	10163	0
2203	lookup	10936	0
2204	calc	13325	0
2205	calc	8072	0
2206	lookup	2994	0
2207	abstain_everyday	394	0
2208	abstain_everyday	2802	0
2209	calc	10277	0
2210	calc	16384	0
2211	lookup	10549	0
2212	calc	17079	0
2213	calc	20146	0
2214	lookup	3125	0
2215	lookup	9890	0
2216	abstain_everyday	4558	0
2217	calc	8372	1
2218	calc	20222	0
2219	calc	13860	0
2220	calc	16933	1
2221	calc	536	0
2222	calc	6436	0
2223	calc	15401	0
2224	lookup	780	0
2225	calc	17450	0
2226	calc	13714	0
2227	calc	9470	0
2228	abstain_everyday	4170	0
2229	calc	4026	0
2230	lookup	3012	0
2231	abstain_everyday	4241	0
2232	lookup	8076	0
2233	calc	11214	0
2234	lookup	9025	0
2235	calc	5877	0
2236	calc	20077	0
2237	abstain_everyday	4357	0
2238	calc	17307	0
2239	lookup	11292	0
2240	abstain_everyday	505	0
2241	calc	13625	0
2242	calc	8482	0
2243	calc	17584	0
2244	calc	7742	0
2245	calc	20024	0
2246	abstain_everyday	724	0
2247	calc	3841	0
2248	lookup	7763	0
2249	calc	15377	0
2250	calc	7542	0
2251	lookup	12753	0
2252	abstain_everyday	5785	0
2253	lookup	5207	0
2254	calc	7212	0
2255	lookup	8250	0
2256	calc	9713	0
2257	lookup	2113	0
2258	calc	9475	0
2259	abstain_everyday	4154	0
2260	calc	17411	0
2261	calc	19677	1
2262	lookup	7652	0
2263	abstain_everyday	726	0
2264	calc	9269	0
2265	abstain_everyday	4094	0
2266	lookup	8611	0
2267	calc	13514	0
2268	abstain_everyday	437	0
2269	abstain_everyday	3399	0
2270	calc	8829	0
2271	calc	6144	0
2272	calc	10752	0
2273	calc	10698	0
2274	lookup	11018	0
2275	lookup	3706	0
2276	abstain_everyday	2896	0
2277	calc	2	0
2278	lookup	8038	0
2279	abstain_everyday	365	0
2280	calc	14733	0
2281	calc	14525	0
2282	calc	13263	0
2283	lookup	6107	0
2284	calc	6726	0
2285	lookup	9367	0
2286	lookup	9001	0
2287	lookup	10074	0
2288	lookup	11588	0
2289	calc	19270	0
2290	abstain_everyday	5457	0
2291	calc	4842	0
2292	calc	14752	0
2293	calc	10260	0
2294	abstain_everyday	5271	0
2295	calc	3786	0
2296	calc	2191	1
2297	lookup	10707	0
2298	lookup	9014	0
2299	lookup	5601	0
2300	calc	14861	0
2301	lookup	12148	0
2302	lookup	11882	0
2303	lookup	5716	0
2304	lookup	9455	0
2305	calc	16223	0
2306	lookup	2232	0
2307	calc	3054	0
2308	lookup	1738	0
2309	calc	5071	0
2310	lookup	10057	0
2311	abstain_everyday	58	0
2312	calc	4251	0
2313	calc	12737	0
2314	lookup	12307	0
2315	abstain_everyday	2938	0
2316	calc	270	0
2317	calc	2792	0
2318	calc	19731	0
2319	calc	16350	0
2320	calc	1646	0
2321	lookup	1222	0
2322	abstain_everyday	5028	0
2323	lookup	1535	0
2324	lookup	11970	0
2325	calc	20542	0
2326	calc	18412	0
2327	abstain_everyday	4817	0
2328	calc	8534	0
2329	lookup	11373	0
2330	calc	611	0
2331	lookup	10989	0
2332	lookup	11541	0
2333	calc	11985	0
2334	calc	20246	0
2335	abstain_everyday	2415	0
2336	calc	19498	0
2337	calc	18886	0
2338	lookup	903	0
2339	abstain_everyday	4279	0
2340	lookup	3573	0
2341	calc	14382	0
2342	calc	17587	0
2343	lookup	6794	0
2344	calc	849	0
2345	calc	6276	0
2346	calc	18751	0
2347	abstain_everyday	787	0
2348	calc	13981	0
2349	calc	7001	0
2350	calc	2271	1
2351	calc	17103	0
2352	lookup	450	0
2353	calc	3275	0
2354	lookup	4629	0
2355	lookup	7041	0
2356	calc	4060	0
2357	abstain_everyday	3270	0
2358	abstain_everyday	812	0
2359	calc	10944	0
2360	calc	13799	0
2361	lookup	5090	0
2362	calc	4665	0
2363	abstain_everyday	5890	0
2364	lookup	8773	0
2365	calc	17826	0
2366	calc	10746	0
2367	calc	9494	1
2368	lookup	5892	0
2369	lookup	11194	0
2370	calc	10185	0
2371	lookup	9126	0
2372	calc	10380	0
2373	calc	18502	0
2374	abstain_everyday	1978	0
2375	lookup	8383	0
2376	calc	9073	0
2377	calc	18749	0
2378	calc	8523	0
2379	lookup	11437	0
2380	abstain_everyday	179	0
2381	calc	5847	0
2382	lookup	11798	0
2383	abstain_everyday	1573	0
2384	abstain_everyday	1221	0
2385	calc	17194	0
2386	abstain_everyday	1135	0
2387	calc	17850	0
2388	calc	12650	0
2389	calc	19148	0
2390	lookup	3482	0
2391	calc	8625	0
2392	abstain_everyday	1157	0
2393	abstain_everyday	3590	0
2394	calc	5666	0
2395	calc	5968	0
2396	lookup	2579	0
2397	calc	4066	0
2398	lookup	2269	0
2399	calc	10191	0
2400	calc	16929	0
2401	lookup	11446	0
2402	calc	2272	0
2403	calc	1644	0
2404	calc	13266	0
2405	calc	15837	0
2406	abstain_everyday	4677	0
2407	lookup	8505	0
2408	calc	2922	0
2409	calc	20005	0
2410	calc	7555	0
2411	calc	10083	0
2412	calc	20128	0
2413	calc	4316	0
2414	abstain_everyday	5543	0
2415	calc	4616	0
2416	lookup	8804	0
2417	lookup	742	0
2418	calc	4423	0
2419	lookup	2652	0
2420	lookup	11313	0
2421	calc	17260	0
2422	calc	11666	0
2423	lookup	8372	0
2424	abstain_everyday	2278	0
2425	lookup	4752	0
2426	calc	19766	0
2427	calc	9924	0
2428	calc	19213	0
2429	lookup	7001	0
2430	lookup	10629	0
2431	calc	14744	0
2432	lookup	8179	0
2433	abstain_everyday	1731	0
2434	calc	19926	0
2435	calc	16462	0
2436	calc	13759	0
2437	lookup	7457	0
2438	lookup	1072	0
2439	calc	11209	0
2440	lookup	5377	0
2441	lookup	1453	0
2442	calc	20417	0
2443	lookup	6813	0
2444	abstain_everyday	3793	0
2445	calc	14644	0
2446	calc	12024	0
2447	abstain_everyday	1515	0
2448	calc	8300	0
2449	calc	2460	0
2450	lookup	6331	0
2451	abstain_everyday	1430	0
2452	calc	6085	0
2453	lookup	806	0
2454	calc	11752	0
2455	abstain_everyday	2302	0
2456	lookup	901	0
2457	lookup	11876	0
2458	calc	18319	0
2459	abstain_everyday	2431	0
2460	calc	19276	0
2461	lookup	4122	0
2462	lookup	2280	0
2463	calc	6063	0
2464	calc	2773	0
2465	abstain_everyday	585	0
2466	calc	7159	0
2467	abstain_everyday	3022	0
2468	abstain_everyday	1214	0
2469	calc	1481	0
2470	lookup	2294	0
2471	lookup	12267	0
2472	lookup	4966	0
2473	calc	742	0
2474	calc	209	1
2475	calc	6181	0
2476	lookup	11149	0
2477	lookup	11094	0
2478	calc	16438	1
2479	lookup	1981	0
2480	calc	17954	0
2481	calc	19741	0
2482	calc	5122	0
2483	lookup	4451	0
2484	lookup	8981	0
2485	calc	12261	0
2486	calc	1974	0
2487	lookup	1674	0
2488	calc	8212	0
2489	lookup	3663	0
2490	abstain_everyday	2265	0
2491	abstain_everyday	5619	0
2492	lookup	6810	0
2493	lookup	10209	0
2494	calc	11043	0
2495	lookup	4843	0
2496	lookup	1743	0
2497	lookup	3121	0
2498	calc	7444	0
2499	lookup	397	0
2500	abstain_everyday	5390	0
2501	lookup	11326	0
2502	abstain_everyday	3942	0
2503	lookup	11393	0
2504	calc	195	0
2505	calc	18835	1
2506	calc	3005	0
2507	abstain_everyday	478	0
2508	calc	4405	0
2509	lookup	10901	0
2510	calc	13060	0
2511	abstain_everyday	2100	0
2512	calc	11205	0
2513	lookup	12318	0
2514	abstain_everyday	811	0
2515	abstain_everyday	2653	0
2516	calc	5245	0
2517	calc	11071	0
2518	lookup	9560	0
2519	lookup	5132	0
2520	lookup	9115	0
2521	lookup	2989	0
2522	lookup	10877	0
2523	abstain_everyday	1698	0
2524	calc	21063	0
2525	calc	3811	0
2526	calc	17813	0
2527	calc	16826	0
2528	calc	9555	0
2529	lookup	8109	0
2530	lookup	3519	0
2531	calc	19723	0
2532	calc	1043	0
2533	calc	9715	0
2534	lookup	6690	0
2535	calc	1455	0
2536	calc	14678	0
2537	calc	8392	0
2538	lookup	10270	0
2539	lookup	11050	0
2540	calc	20636	0
2541	lookup	2332	0
2542	calc	5222	0
2543	calc	16518	0
2544	abstain_everyday	2135	0
2545	lookup	608	0
2546	calc	20484	0
2547	calc	13244	0
2548	abstain_everyday	1271	0
2549	calc	10823	0
2550	calc	13881	0
2551	lookup	224	0
2552	lookup	3195	0
2553	lookup	6515	0
2554	calc	4466	0
2555	calc	4932	0
2556	lookup	5291	0
2557	abstain_everyday	3684	0
2558	calc	2387	0
2559	lookup	9767	0
2560	calc	13062	0
2561	calc	10723	0
2562	abstain_everyday	2485	0
2563	calc	5685	0
2564	calc	12767	0
2565	abstain_everyday	5259	0
2566	calc	8159	0
2567	lookup	8998	0
2568	calc	12631	0
2569	calc	19292	0
2570	calc	17608	0
2571	lookup	6	0
2572	lookup	8264	0
2573	calc	20690	0
2574	calc	7231	1
2575	abstain_everyday	4315	0
2576	abstain_everyday	4520	0
2577	abstain_everyday	2821	0
2578	lookup	3464	0
2579	lookup	8291	0
2580	calc	3704	0
2581	lookup	8166	0
2582	calc	11824	0
2583	calc	16292	0
2584	calc	4984	0
2585	calc	557	0
2586	calc	7037	0
2587	lookup	3608	0
2588	calc	11789	0
2589	calc	16795	0
2590	lookup	6211	0
2591	lookup	8666	0
2592	lookup	9472	0
2593	calc	10633	0
2594	calc	8032	0
2595	abstain_everyday	3636	0
2596	lookup	8585	0
2597	calc	10092	0
2598	abstain_everyday	3159	0
2599	lookup	473	0
2600	calc	6175	0
2601	lookup	7515	0
2602	abstain_everyday	1588	0
2603	lookup	7240	0
2604	lookup	4951	0
2605	calc	18401	0
2606	calc	830	0
2607	abstain_everyday	4801	0
2608	lookup	1481	0
2609	calc	20504	0
2610	lookup	12509	0
2611	abstain_everyday	4472	0
2612	abstain_everyday	2070	0
2613	lookup	1510	0
2614	lookup	5939	0
2615	calc	4668	0
2616	calc	17468	0
2617	lookup	8045	0
2618	calc	18923	0
2619	calc	19539	0
2620	abstain_everyday	3647	0
2621	lookup	5839	0
2622	calc	19546	0
2623	abstain_everyday	2224	0
2624	lookup	11643	0
2625	calc	12378	0
2626	calc	2902	0
2627	calc	179	0
2628	lookup	3754	0
2629	lookup	6656	0
2630	calc	18291	0
2631	lookup	12256	0
2632	calc	9060	0
2633	calc	894	0
2634	abstain_everyday	1612	0
2635	calc	8833	1
2636	calc	6753	0
2637	lookup	3758	0
2638	calc	10419	0
2639	calc	7048	0
2640	calc	3541	0
2641	abstain_everyday	360	0
2642	calc	3421	0
2643	calc	14734	0
2644	lookup	112	0
2645	lookup	5575	0
2646	calc	7878	0
2647	calc	3738	0
2648	calc	169	0
2649	lookup	11520	0
2650	lookup	1181	0
2651	abstain_everyday	3592	0
2652	lookup	4490	0
2653	lookup	11862	0
2654	calc	2417	0
2655	calc	11369	0
2656	calc	18239	0
2657	lookup	3220	0
2658	calc	14705	0
2659	calc	13232	0
2660	calc	3081	0
2661	calc	2672	0
2662	lookup	639	0
2663	lookup	3553	0
2664	calc	3489	0
2665	calc	2095	0
2666	calc	15240	0
2667	abstain_everyday	267	0
2668	calc	13796	0
2669	calc	17360	0
2670	abstain_everyday	5068	0
2671	calc	8591	0
2672	lookup	3020	0
2673	calc	19265	0
2674	calc	2489	0
2675	lookup	12000	0
2676	calc	18111	0
2677	calc	19490	0
2678	calc	16944	0
2679	calc	18592	0
2680	lookup	9899	0
2681	lookup	12415	0
2682	calc	6169	0
2683	calc	16535	0
2684	lookup	12275	0
2685	calc	10203	0
2686	lookup	12059	0
2687	lookup	5442	0
2688	lookup	9086	0
2689	calc	19357	0
2690	calc	4610	0
2691	calc	9154	0
2692	calc	8590	0
2693	calc	19830	0
2694	calc	8855	0
2695	lookup	2106	0
2696	calc	14631	0
2697	calc	15290	0
2698	abstain_everyday	1333	0
2699	calc	1871	0
2700	calc	15090	0
2701	lookup	8647	0
2702	abstain_everyday	71	0
2703	calc	19799	0
2704	calc	17851	0
2705	lookup	10248	0
2706	lookup	4088	0
2707	lookup	194	0
2708	lookup	1776	0
2709	calc	2644	0
2710	abstain_everyday	722	0
2711	lookup	12401	0
2712	calc	2397	0
2713	calc	2120	0
2714	calc	15411	0
2715	lookup	6461	0
2716	lookup	11044	0
2717	lookup	3173	0
2718	calc	20413	0
2719	calc	8479	0
2720	calc	8871	0
2721	calc	9662	0
2722	abstain_everyday	1330	0
2723	calc	5923	0
2724	abstain_everyday	3961	0
2725	lookup	645	0
2726	lookup	8696	0
2727	calc	375	0
2728	calc	2637	0
2729	calc	7092	1
2730	abstain_everyday	1886	0
2731	calc	18310	0
2732	calc	20745	0
2733	calc	6661	0
2734	abstain_everyday	2099	0
2735	calc	11735	0
2736	calc	9423	0
2737	lookup	4914	0
2738	calc	4753	0
2739	lookup	11204	0
2740	calc	14007	0
2741	lookup	5048	0
2742	calc	12624	0
2743	calc	3201	0
2744	calc	10377	0
2745	calc	7422	0
2746	calc	13904	0
2747	abstain_everyday	3956	0
2748	abstain_everyday	4234	0
2749	calc	5214	1
2750	calc	16724	0
2751	calc	14898	0
2752	calc	10198	0
2753	lookup	12760	0
2754	calc	16845	0
2755	abstain_everyday	1862	0
2756	calc	17401	0
2757	calc	4540	0
2758	lookup	7827	0
2759	calc	16507	0
2760	calc	16096	0
2761	abstain_everyday	694	0
2762	lookup	5520	0
2763	calc	19477	0
2764	calc	18547	0
2765	calc	12110	0
2766	calc	6387	0
2767	calc	8437	0
2768	calc	15833	0
2769	calc	15305	0
2770	calc	8109	0
2771	lookup	8859	0
2772	calc	2540	0
2773	calc	1422	0
2774	calc	18053	0
2775	calc	16679	0
2776	abstain_everyday	3870	0
2777	calc	12189	0
2778	calc	1712	0
2779	abstain_everyday	4491	0
2780	calc	8556	0
2781	calc	1238	0
2782	calc	17815	0
2783	calc	4572	0
2784	calc	3857	0
2785	calc	8490	0
2786	calc	12586	1
2787	calc	430	0
2788	calc	9478	0
2789	lookup	11640	0
2790	calc	10694	0
2791	lookup	7185	0
2792	calc	4846	0
2793	calc	3411	0
2794	lookup	10007	0
2795	calc	9576	0
2796	calc	3007	0
2797	calc	13437	0
2798	lookup	2430	0
2799	calc	15405	0
2800	lookup	12412	0
2801	calc	18690	0
2802	abstain_everyday	3429	0
2803	calc	18608	0
2804	calc	6560	0
2805	calc	13024	0
2806	calc	19344	0
2807	calc	3688	0
2808	abstain_everyday	614	0
2809	calc	6322	0
2810	calc	8546	0
2811	calc	4135	0
2812	lookup	147	0
2813	lookup	10643	0
2814	lookup	3368	0
2815	calc	9411	0
2816	calc	8888	0
2817	calc	14922	0
2818	abstain_everyday	3496	0
2819	abstain_everyday	507	0
2820	lookup	11411	0
2821	calc	3304	0
2822	calc	9704	0
2823	abstain_everyday	3164	0
2824	calc	12440	0
2825	calc	539	0
2826	lookup	11222	0
2827	abstain_everyday	5441	0
2828	calc	12872	0
2829	calc	8973	0
2830	calc	713	0
2831	calc	1657	0
2832	calc	11942	0
2833	calc	356	0
2834	calc	14085	0
2835	lookup	6453	0
2836	lookup	1804	0
2837	calc	8011	0
2838	calc	323	0
2839	lookup	12157	0
2840	lookup	3029	0
2841	lookup	2315	0
2842	lookup	3446	0
2843	lookup	6038	0
2844	calc	14851	0
2845	calc	5180	0
2846	calc	6160	0
2847	calc	18842	0
2848	abstain_everyday	5518	0
2849	lookup	2086	0
2850	lookup	6421	0
2851	calc	13336	0
2852	calc	6302	0
2853	calc	12209	0
2854	calc	20549	0
2855	calc	2097	0
2856	lookup	1580	0
2857	abstain_everyday	3831	0
2858	calc	4087	0
2859	calc	14677	0
2860	lookup	4696	0
2861	abstain_everyday	3868	0
2862	calc	1980	0
2863	calc	17504	0
2864	calc	12002	0
2865	calc	3809	0
2866	abstain_everyday	2145	0
2867	abstain_everyday	5079	0
2868	calc	9556	0
2869	calc	19695	0
2870	calc	8113	0
2871	lookup	5277	0
2872	lookup	5749	0
2873	lookup	10221	0
2874	calc	18811	0
2875	calc	19942	0
2876	calc	6018	0
2877	calc	833	0
2878	abstain_everyday	4086	0
2879	calc	9386	0
2880	lookup	1852	0
2881	calc	775	0
2882	calc	5961	0
2883	calc	12706	0
2884	abstain_everyday	1059	0
2885	lookup	5131	0
2886	calc	586	0
2887	lookup	617	0
2888	calc	4534	0
2889	calc	4143	0
2890	calc	8508	0
2891	calc	13665	1
2892	lookup	3828	0
2893	calc	20422	0
2894	lookup	6876	0
2895	lookup	9740	0
2896	calc	5031	0
2897	calc	1867	0
2898	calc	6236	0
2899	abstain_everyday	3034	0
2900	abstain_everyday	4726	0
2901	lookup	7410	0
2902	calc	5611	0
2903	calc	293	0
2904	calc	7496	0
2905	lookup	10769	0
2906	calc	7932	1
2907	calc	15917	0
2908	lookup	11872	0
2909	calc	860	0
2910	lookup	12180	0
2911	calc	15047	0
2912	calc	16838	0
2913	calc	10055	0
2914	calc	17247	0
2915	lookup	9435	0
2916	lookup	10561	0
2917	calc	14749	0
2918	calc	9317	0
2919	calc	18123	0
2920	abstain_everyday	1516	0
2921	calc	5954	0
2922	calc	1580	0
2923	lookup	8495	0
2924	calc	458	0
2925	abstain_everyday	3871	0
2926	calc	15370	0
2927	calc	10877	1
2928	lookup	1839	0
2929	lookup	1469	0
2930	calc	797	0
2931	abstain_everyday	5719	0
2932	abstain_everyday	4457	0
2933	lookup	5825	0
2934	calc	13276	1
2935	calc	198	0
2936	lookup	6008	0
2937	calc	5494	0
2938	abstain_everyday	3987	0
2939	lookup	4901	0
2940	calc	4930	0
2941	calc	12497	0
2942	calc	16189	0
2943	lookup	2172	0
2944	calc	9490	0
2945	calc	13047	0
2946	lookup	11278	0
2947	calc	6774	0
2948	calc	14696	0
2949	abstain_everyday	2911	0
2950	calc	19406	0
2951	calc	19302	0
2952	lookup	12266	0
2953	calc	15451	0
2954	calc	3160	0
2955	calc	2195	0
2956	calc	10466	0
2957	calc	13173	0
2958	lookup	11988	0
2959	calc	3334	0
2960	abstain_everyday	2398	0
2961	lookup	11756	0
2962	lookup	8720	0
2963	lookup	12685	0
2964	abstain_everyday	2313	0
2965	calc	16161	0
2966	calc	17323	0
2967	calc	9683	0
2968	abstain_everyday	2607	0
2969	calc	16595	0
2970	lookup	5449	0
2971	lookup	3761	0
2972	calc	10818	0
2973	lookup	2713	0
2974	abstain_everyday	3279	0
2975	calc	1944	0
2976	calc	20894	0
2977	abstain_everyday	5236	0
2978	abstain_everyday	4330	0
2979	lookup	4623	0
2980	lookup	5032	0
2981	calc	13372	0
2982	calc	19707	0
2983	calc	2830	0
2984	lookup	2016	0
2985	lookup	3584	0
2986	abstain_everyday	4829	0
2987	calc	4888	0
2988	calc	15804	0
2989	calc	12520	0
2990	calc	10087	0
2991	calc	1416	0
2992	calc	10927	0
2993	abstain_everyday	1501	0
2994	lookup	429	0
2995	calc	7558	0
2996	lookup	4892	0
2997	lookup	8928	0
2998	abstain_everyday	304	0
2999	lookup	2699	0
3000	lookup	5755	0
3001	calc	6140	0
3002	calc	7156	0
3003	calc	5095	0
3004	calc	5096	0
3005	calc	334	0
3006	lookup	7101	0
3007	calc	20676	0
3008	calc	6958	0
3009	calc	20016	0
3010	abstain_everyday	3364	0
3011	calc	9741	0
3012	calc	20940	0
3013	abstain_everyday	4725	0
3014	calc	2639	1
3015	calc	10696	0
3016	calc	6301	0
3017	abstain_everyday	2881	0
3018	abstain_everyday	2118	0
3019	lookup	7137	0
3020	lookup	3215	0
3021	calc	17458	0
3022	lookup	2377	0
3023	calc	1167	1
3024	calc	19838	0
3025	lookup	11525	0
3026	abstain_everyday	4841	0
3027	abstain_everyday	4244	0
3028	lookup	10476	0
3029	calc	16711	0
3030	calc	20662	0
3031	calc	12500	0
3032	calc	20199	0
3033	calc	16512	0
3034	lookup	7160	0
3035	lookup	2969	0
3036	lookup	8901	0
3037	calc	15988	0
3038	calc	13441	0
3039	lookup	12333	0
3040	lookup	8015	0
3041	calc	8949	0
3042	calc	20119	0
3043	calc	12410	0
3044	calc	5777	0
3045	calc	10669	0
3046	lookup	7687	0
3047	abstain_everyday	1046	0
3048	abstain_everyday	5711	0
3049	calc	5817	0
3050	abstain_everyday	320	0
3051	calc	20729	0
3052	calc	17467	0
3053	calc	207	0
3054	calc	12661	0
3055	lookup	8005	0
3056	calc	14802	1
3057	calc	20728	0
3058	calc	9465	0
3059	lookup	6042	0
3060	calc	14872	0
3061	calc	4436	0
3062	lookup	10352	0
3063	lookup	10037	0
3064	calc	5107	1
3065	calc	16674	0
3066	calc	4917	0
3067	abstain_everyday	3803	0
3068	calc	17693	0
3069	lookup	4591	0
3070	calc	20269	0
3071	calc	9174	0
3072	calc	4200	0
3073	calc	2520	0
3074	abstain_everyday	4595	0
3075	lookup	8959	0
3076	calc	20277	1
3077	calc	4844	0
3078	calc	17692	0
3079	abstain_everyday	4038	0
3080	lookup	9166	0
3081	calc	15582	0
3082	abstain_everyday	2294	0
3083	lookup	8309	0
3084	lookup	10436	0
3085	calc	20342	0
3086	calc	10090	0
3087	calc	18688	0
3088	abstain_everyday	2310	0
3089	calc	18771	0
3090	abstain_everyday	2519	0
3091	lookup	3941	0
3092	lookup	8450	0
3093	lookup	9247	0
3094	calc	3484	0
3095	abstain_everyday	1406	0
3096	calc	10982	0
3097	calc	16930	0
3098	calc	20917	0
3099	calc	16129	0
3100	abstain_everyday	2982	0
3101	calc	18	0
3102	abstain_everyday	1295	0
3103	calc	16909	0
3104	abstain_everyday	4050	0
3105	calc	11297	0
3106	lookup	12090	0
3107	calc	18598	0
3108	calc	3608	0
3109	calc	10663	0
3110	calc	15895	0
3111	calc	19197	0
3112	calc	4523	0
3113	calc	18171	0
3114	calc	10917	0
3115	calc	10955	0
3116	calc	13341	0
3117	abstain_everyday	5887	0
3118	calc	3723	1
3119	abstain_everyday	966	0
3120	calc	13790	0
3121	lookup	4389	0
3122	calc	14080	0
3123	abstain_everyday	4928	0
3124	calc	18367	0
3125	abstain_everyday	5188	0
3126	lookup	12036	0
3127	calc	5680	0
3128	calc	20430	0
3129	calc	4831	0
3130	abstain_everyday	5720	0
3131	calc	14122	0
3132	calc	10293	0
3133	lookup	8786	0
3134	calc	16586	0
3135	lookup	1239	0
3136	abstain_everyday	1111	0
3137	lookup	591	0
3138	lookup	7431	0
3139	calc	16252	0
3140	lookup	7081	0
3141	lookup	3386	0
3142	lookup	3014	0
3143	calc	16437	0
3144	calc	11102	0
3145	lookup	9263	0
3146	calc	16559	0
3147	lookup	10631	0
3148	calc	7765	0
3149	calc	9441	0
3150	calc	3964	0
3151	lookup	5369	0
3152	calc	4902	0
3153	lookup	5664	0
3154	abstain_everyday	3352	0
3155	lookup	9259	0
3156	lookup	3430	0
3157	calc	1977	0
3158	lookup	7637	0
3159	calc	17906	0
3160	lookup	9761	0
3161	lookup	6831	0
3162	abstain_everyday	3177	0
3163	calc	2331	0
3164	lookup	1765	0
3165	calc	19660	0
3166	calc	6633	0
3167	abstain_everyday	5435	0
3168	calc	11593	0
3169	calc	800	0
3170	calc	18579	0
3171	lookup	8897	0
3172	calc	11903	0
3173	lookup	10585	0
3174	calc	11009	0
3175	calc	15775	0
3176	calc	16928	0
3177	calc	3561	0
3178	calc	20849	0
3179	calc	18693	0
3180	calc	2444	0
3181	lookup	7537	0
3182	lookup	7835	0
3183	calc	20657	0
3184	calc	8350	1
3185	lookup	15	0
3186	calc	19975	0
3187	abstain_everyday	5828	0
3188	lookup	3976	0
3189	calc	20999	0
3190	calc	9328	0
3191	calc	6243	0
3192	calc	19443	0
3193	abstain_everyday	5067	0
3194	abstain_everyday	2568	0
3195	calc	15602	0
3196	calc	8916	0
3197	calc	9260	0
3198	calc	18288	0
3199	abstain_everyday	2283	0
3200	calc	8655	0
3201	calc	13472	0
3202	calc	10272	0
3203	lookup	10759	0
3204	lookup	5858	0
3205	lookup	8765	0
3206	calc	8563	0
3207	lookup	7497	0
3208	lookup	1134	0
3209	lookup	3128	0
3210	calc	8036	0
3211	lookup	1427	0
3212	lookup	10006	0
3213	calc	10084	0
3214	lookup	11086	0
3215	abstain_everyday	3583	0
3216	calc	8594	0
3217	lookup	12735	0
3218	calc	2307	0
3219	lookup	40	0
3220	calc	1082	0
3221	calc	1831	0
3222	lookup	6830	0
3223	calc	11451	0
3224	calc	10214	0
3225	lookup	9756	0
3226	abstain_everyday	3016	0
3227	lookup	1405	0
3228	calc	18181	0
3229	lookup	8124	0
3230	lookup	5571	0
3231	calc	1358	0
3232	abstain_everyday	3473	0
3233	lookup	10801	0
3234	lookup	5694	0
3235	calc	16837	0
3236	calc	9814	0
3237	calc	17086	0
3238	calc	6490	0
3239	calc	758	0
3240	lookup	10797	0
3241	abstain_everyday	5569	0
3242	calc	125	0
3243	lookup	8230	0
3244	calc	10234	0
3245	abstain_everyday	3226	0
3246	calc	923	0
3247	calc	8815	0
3248	calc	9122	0
3249	calc	4660	0
3250	lookup	6880	0
3251	calc	13188	0
3252	calc	19754	0
3253	calc	11630	0
3254	calc	4045	0
3255	lookup	10550	0
3256	lookup	1000	0
3257	calc	19106	0
3258	calc	9716	0
3259	calc	15062	0
3260	lookup	1577	0
3261	calc	11718	0
3262	calc	14189	0
3263	calc	19990	0
3264	lookup	6496	0
3265	calc	2872	0
3266	calc	8498	0
3267	calc	3640	0
3268	calc	13941	0
3269	abstain_everyday	1664	0
3270	lookup	65	0
3271	calc	13447	0
3272	lookup	5146	0
3273	abstain_everyday	3187	0
3274	calc	5959	0
3275	calc	434	0
3276	calc	542	0
3277	calc	13121	0
3278	lookup	7616	0
3279	calc	682	0
3280	calc	493	0
3281	abstain_everyday	2917	0
3282	lookup	6799	0
3283	calc	19	0
3284	calc	14671	0
3285	lookup	6028	0
3286	calc	4059	0
3287	lookup	5792	0
3288	calc	11127	0
3289	calc	15630	0
3290	calc	18717	0
3291	calc	5404	0
3292	lookup	10781	0
3293	lookup	11950	0
3294	abstain_everyday	1268	0
3295	calc	11966	0
3296	calc	14234	0
3297	calc	3579	0
3298	calc	13209	0
3299	calc	4963	0
3300	calc	3961	0
3301	calc	9720	0
3302	calc	4868	0
3303	calc	20099	0
3304	calc	5402	0
3305	calc	8790	0
3306	abstain_everyday	2338	0
3307	lookup	11534	0
3308	calc	6124	0
3309	lookup	5895	0
3310	calc	12463	0
3311	calc	11110	0
3312	lookup	10958	0
3313	abstain_everyday	5657	0
3314	calc	6954	0
3315	calc	16072	0
3316	lookup	8340	0
3317	lookup	12304	0
3318	calc	20158	0
3319	calc	21014	0
3320	calc	186	0
3321	calc	10910	0
3322	lookup	8190	0
3323	calc	17870	0
3324	calc	19396	0
3325	abstain_everyday	3120	0
3326	lookup	6775	0
3327	lookup	11474	0
3328	lookup	11515	0
3329	lookup	11304	0
3330	abstain_everyday	3089	0
3331	calc	17132	0
3332	calc	147	0
3333	calc	20935	0
3334	calc	14960	0
3335	lookup	6623	0
3336	lookup	6247	0
3337	lookup	11363	0
3338	calc	9157	0
3339	calc	3962	0
3340	calc	9316	0
3341	calc	7082	0
3342	calc	10344	1
3343	abstain_everyday	2995	0
3344	calc	8417	0
3345	lookup	9784	0
3346	calc	4526	0
3347	calc	11175	0
3348	lookup	1695	0
3349	abstain_everyday	860	0
3350	calc	16684	0
3351	lookup	7343	0
3352	calc	19109	0
3353	lookup	3409	0
3354	lookup	9586	0
3355	calc	19734	0
3356	calc	9644	0
3357	calc	19672	0
3358	lookup	11807	0
3359	lookup	1393	0
3360	calc	16767	0
3361	calc	9191	0
3362	calc	7188	0
3363	calc	6729	0
3364	calc	5912	0
3365	lookup	12826	0
3366	lookup	7351	0
3367	lookup	5620	0
3368	lookup	8027	0
3369	lookup	11277	0
3370	lookup	11524	0
3371	lookup	6480	0
3372	lookup	863	0
3373	lookup	9499	0
3374	lookup	8459	0
3375	calc	854	0
3376	calc	14845	0
3377	lookup	2572	0
3378	calc	8681	0
3379	lookup	6702	0
3380	calc	7349	0
3381	abstain_everyday	1442	0
3382	calc	13019	0
3383	abstain_everyday	4225	0
3384	abstain_everyday	1222	0
3385	calc	2599	0
3386	calc	354	0
3387	lookup	4830	0
3388	lookup	119	0
3389	calc	12436	0
3390	lookup	3775	0
3391	calc	182	0
3392	calc	9858	0
3393	calc	12668	0
3394	lookup	8235	0
3395	lookup	12003	0
3396	abstain_everyday	932	0
3397	calc	14539	0
3398	calc	2898	0
3399	calc	20828	0
3400	lookup	4638	0
3401	calc	6556	0
3402	calc	8097	0
3403	abstain_everyday	4678	0
3404	calc	7801	0
3405	abstain_everyday	1379	0
3406	lookup	7774	0
3407	calc	1895	1
3408	calc	1629	0
3409	abstain_everyday	5022	0
3410	calc	9701	0
3411	calc	4449	0
3412	calc	18847	0
3413	lookup	7682	0
3414	lookup	10623	0
3415	calc	19788	0
3416	abstain_everyday	2199	0
3417	abstain_everyday	1038	0
3418	lookup	6253	0
3419	calc	16306	0
3420	calc	2548	0
3421	abstain_everyday	794	0
3422	calc	8384	0
3423	lookup	7786	0
3424	calc	861	0
3425	lookup	3688	0
3426	calc	17118	0
3427	lookup	11193	0
3428	calc	8186	0
3429	calc	594	0
3430	lookup	8315	0
3431	lookup	9985	0
3432	calc	13717	0
3433	calc	10934	0
3434	abstain_everyday	4938	0
3435	abstain_everyday	3044	0
3436	lookup	4474	0
3437	lookup	10966	0
3438	lookup	10668	0
3439	calc	20103	0
3440	lookup	11427	0
3441	lookup	4695	0
3442	calc	11574	0
3443	calc	18134	0
3444	calc	12069	0
3445	abstain_everyday	2000	0
3446	lookup	3784	0
3447	calc	2414	0
3448	lookup	4805	0
3449	lookup	675	0
3450	lookup	7789	0
3451	calc	18228	1
3452	lookup	4152	0
3453	lookup	2373	0
3454	calc	6787	0
3455	calc	9241	0
3456	lookup	2591	0
3457	lookup	6948	0
3458	calc	14534	0
3459	lookup	372	0
3460	calc	20909	0
3461	lookup	2921	0
3462	lookup	6822	0
3463	lookup	5199	0
3464	calc	17739	0
3465	calc	12522	0
3466	calc	3997	0
3467	calc	4621	0
3468	abstain_everyday	3172	0
3469	calc	20018	0
3470	abstain_everyday	713	0
3471	calc	18846	0
3472	calc	1215	0
3473	calc	364	1
3474	lookup	11697	0
3475	calc	14967	0
3476	calc	15205	1
3477	calc	20009	0
3478	calc	1410	0
3479	calc	9938	1
3480	abstain_everyday	687	0
3481	calc	10216	0
3482	calc	13724	0
3483	calc	2220	0
3484	lookup	4976	0
3485	lookup	3091	0
3486	abstain_everyday	4871	0
3487	calc	19542	0
3488	calc	19850	0
3489	abstain_everyday	1138	0
3490	calc	1499	0
3491	lookup	2467	0
3492	lookup	11531	0
3493	calc	14882	0
3494	lookup	3771	0
3495	abstain_everyday	2641	0
3496	calc	8960	1
3497	calc	17845	0
3498	calc	12510	1
3499	lookup	4875	0
3500	calc	7648	0
3501	calc	3727	0
3502	abstain_everyday	1907	0
3503	lookup	12754	0
3504	calc	15859	0
3505	calc	11326	0
3506	calc	14529	0
3507	lookup	470	0
3508	calc	4918	0
3509	calc	14275	0
3510	abstain_everyday	82	0
3511	calc	15850	0
3512	lookup	10699	0
3513	calc	3343	0
3514	calc	599	0
3515	calc	13124	0
3516	calc	15407	0
3517	calc	19183	0
3518	calc	19609	0
3519	calc	15386	0
3520	calc	18716	0
3521	lookup	1552	0
3522	abstain_everyday	4783	0
3523	abstain_everyday	4739	0
3524	calc	5116	0
3525	lookup	9069	0
3526	abstain_everyday	4007	0
3527	lookup	3358	0
3528	lookup	8593	0
3529	calc	18405	0
3530	calc	4835	1
3531	lookup	4704	0
3532	calc	9533	0
3533	calc	10693	0
3534	calc	11012	0
3535	calc	11856	1
3536	abstain_everyday	2493	0
3537	abstain_everyday	4490	0
3538	abstain_everyday	2132	0
3539	calc	4406	0
3540	abstain_everyday	4549	0
3541	lookup	652	0
3542	abstain_everyday	4073	0
3543	calc	12681	0
3544	lookup	10824	0
3545	lookup	3986	0
3546	calc	12832	0
3547	lookup	1871	0
3548	calc	6050	0
3549	lookup	4234	0
3550	lookup	304	0
3551	abstain_everyday	5480	0
3552	calc	6060	0
3553	abstain_everyday	2143	0
3554	calc	7497	0
3555	calc	14905	0
3556	lookup	11914	0
3557	abstain_everyday	1901	0
3558	lookup	953	0
3559	lookup	7541	0
3560	calc	8793	0
3561	calc	2156	0
3562	calc	486	0
3563	abstain_everyday	211	0
3564	calc	12838	0
3565	calc	20494	0
3566	calc	123	0
3567	calc	13222	1
3568	calc	12112	0
3569	calc	4698	0
3570	lookup	5078	0
3571	calc	17985	0
3572	calc	18262	0
3573	calc	5610	0
3574	lookup	5035	0
3575	lookup	6783	0
3576	calc	9994	0
3577	calc	7411	0
3578	abstain_everyday	3877	0
3579	lookup	2267	0
3580	calc	9869	0
3581	calc	1768	0
3582	lookup	3616	0
3583	abstain_everyday	3549	0
3584	calc	17614	0
3585	abstain_everyday	2236	0
3586	calc	18800	0
3587	calc	19008	0
3588	lookup	11778	0
3589	calc	9209	0
3590	abstain_everyday	3337	0
3591	calc	181	0
3592	lookup	11758	0
3593	lookup	10692	0
3594	lookup	2666	0
3595	calc	9107	0
3596	calc	996	0
3597	lookup	6173	0
3598	lookup	6494	0
3599	calc	13411	0
3600	calc	2135	0
3601	lookup	8484	0
3602	calc	4568	0
3603	calc	15938	1
3604	abstain_everyday	2292	0
3605	calc	7403	1
3606	calc	1676	0
3607	calc	7284	0
3608	lookup	1568	0
3609	lookup	7860	0
3610	calc	3151	0
3611	calc	5905	0
3612	calc	3363	0
3613	calc	20442	0
3614	lookup	4090	0
3615	calc	347	0
3616	lookup	7601	0
3617	calc	2399	0
3618	calc	2913	0
3619	lookup	8779	0
3620	calc	6074	0
3621	calc	1693	0
3622	lookup	10398	0
3623	calc	16551	0
3624	calc	6086	0
3625	calc	13431	0
3626	calc	4614	0
3627	calc	18409	0
3628	abstain_everyday	4527	0
3629	abstain_everyday	3609	0
3630	calc	6611	0
3631	lookup	9964	0
3632	calc	5188	0
3633	abstain_everyday	5692	0
3634	calc	19804	0
3635	calc	10705	0
3636	calc	7467	0
3637	lookup	6308	0
3638	calc	16664	0
3639	lookup	7348	0
3640	lookup	4461	0
3641	abstain_everyday	5269	0
3642	calc	13275	0
3643	lookup	12005	0
3644	lookup	2592	0
3645	calc	10043	0
3646	abstain_everyday	704	0
3647	lookup	4405	0
3648	calc	11154	1
3649	calc	17648	0
3650	calc	15445	0
3651	abstain_everyday	2645	0
3652	abstain_everyday	1856	0
3653	calc	7480	0
3654	lookup	796	0
3655	calc	10100	0
3656	lookup	1380	0
3657	calc	8049	0
3658	calc	18562	0
3659	abstain_everyday	566	0
3660	calc	2923	0
3661	calc	12763	0
3662	calc	6951	0
3663	calc	20350	0
3664	calc	17866	1
3665	abstain_everyday	5156	0
3666	calc	20376	0
3667	lookup	3477	0
3668	calc	14268	0
3669	lookup	12873	0
3670	lookup	7902	0
3671	lookup	1030	0
3672	lookup	11084	0
3673	lookup	841	0
3674	abstain_everyday	1035	0
3675	abstain_everyday	582	0
3676	lookup	10176	0
3677	calc	16526	0
3678	calc	12234	0
3679	lookup	3264	0
3680	calc	12247	0
3681	calc	11198	0
3682	calc	14950	0
3683	lookup	7354	0
3684	calc	407	0
3685	calc	6087	0
3686	calc	14527	0
3687	calc	3890	0
3688	lookup	6540	0
3689	calc	7362	0
3690	calc	5886	0
3691	lookup	8223	0
3692	lookup	476	0
3693	calc	17615	0
3694	calc	3366	0
3695	calc	226	0
3696	calc	6953	0
3697	calc	5687	0
3698	calc	1161	0
3699	abstain_everyday	4974	0
3700	lookup	3097	0
3701	calc	13445	0
3702	calc	9621	1
3703	calc	10052	0
3704	lookup	398	0
3705	calc	7393	0
3706	calc	192	0
3707	calc	4815	0
3708	calc	20462	0
3709	lookup	704	0
3710	calc	14039	0
3711	calc	17951	0
3712	abstain_everyday	3892	0
3713	lookup	6688	0
3714	calc	6028	0
3715	calc	1472	0
3716	lookup	6942	0
3717	lookup	177	0
3718	abstain_everyday	2948	0
3719	lookup	10411	0
3720	calc	20825	0
3721	abstain_everyday	696	0
3722	calc	14992	0
3723	calc	20990	0
3724	abstain_everyday	5464	0
3725	calc	18095	0
3726	calc	18113	0
3727	calc	18061	0
3728	calc	5520	0
3729	calc	10411	0
3730	calc	16095	0
3731	calc	14562	0
3732	calc	20312	0
3733	lookup	8964	0
3734	calc	2697	0
3735	calc	4828	0
3736	calc	6208	0
3737	calc	16130	0
3738	calc	2736	0
3739	lookup	3682	0
3740	calc	8731	0
3741	lookup	6745	0
3742	calc	10965	0
3743	lookup	10003	0
3744	abstain_everyday	2239	0
3745	lookup	29	0
3746	lookup	453	0
3747	calc	1080	1
3748	calc	8842	0
3749	calc	4596	0
3750	calc	9788	0
3751	lookup	12248	0
3752	calc	17732	0
3753	abstain_everyday	2259	0
3754	calc	320	0
3755	lookup	6778	0
3756	lookup	8637	0
3757	lookup	7677	0
3758	lookup	1310	0
3759	abstain_everyday	3576	0
3760	calc	8441	0
3761	abstain_everyday	1337	0
3762	lookup	9664	0
3763	lookup	5628	0
3764	calc	17782	0
3765	calc	10475	0
3766	calc	7746	0
3767	calc	18285	0
3768	calc	5524	0
3769	calc	13270	0
3770	lookup	12366	0
3771	abstain_everyday	3518	0
3772	lookup	10757	0
3773	calc	19223	0
3774	calc	17396	1
3775	lookup	12004	0
3776	lookup	10285	0
3777	calc	7681	0
3778	calc	5366	0
3779	calc	16568	0
3780	calc	18827	0
3781	calc	8824	0
3782	abstain_everyday	4876	0
3783	lookup	634	0
3784	calc	10310	0
3785	calc	13654	0
3786	lookup	6135	0
3787	calc	130	0
3788	lookup	2105	0
3789	calc	13402	0
3790	lookup	11081	0
3791	calc	9979	0
3792	calc	9763	0
3793	abstain_everyday	5769	0
3794	calc	14307	1
3795	abstain_everyday	1312	0
3796	abstain_everyday	3557	0
3797	calc	20107	0
3798	calc	1032	0
3799	abstain_everyday	150	0
3800	calc	2949	0
3801	calc	1891	0
3802	lookup	6167	0
3803	calc	856	0
3804	lookup	9669	0
3805	abstain_everyday	4723	0
3806	lookup	5425	0
3807	calc	5917	0
3808	calc	9130	0
3809	lookup	2502	0
3810	lookup	3903	0
3811	lookup	12553	0
3812	lookup	3631	0
3813	lookup	3328	0
3814	abstain_everyday	1551	0
3815	calc	17957	0
3816	calc	11363	0
3817	calc	16643	0
3818	lookup	12815	0
3819	lookup	2161	0
3820	calc	4215	0
3821	calc	18743	0
3822	abstain_everyday	3543	0
3823	calc	9224	0
3824	calc	3302	0
3825	lookup	6543	0
3826	abstain_everyday	1927	0
3827	lookup	3302	0
3828	calc	13175	0
3829	lookup	7017	0
3830	lookup	10776	0
3831	lookup	1227	0
3832	abstain_everyday	1313	0
3833	calc	20215	0
3834	lookup	8924	0
3835	calc	2201	0
3836	calc	5898	0
3837	abstain_everyday	3310	0
3838	lookup	11251	0
3839	calc	20565	0
3840	abstain_everyday	436	0
3841	lookup	1152	0
3842	calc	8361	0
3843	lookup	7551	0
3844	calc	16903	0
3845	lookup	12216	0
3846	abstain_everyday	1052	0
3847	lookup	7415	0
3848	lookup	2951	0
3849	lookup	630	0
3850	calc	5021	0
3851	calc	7900	0
3852	abstain_everyday	1658	0
3853	abstain_everyday	3236	0
3854	calc	1727	0
3855	abstain_everyday	2897	0
3856	lookup	1924	0
3857	calc	15460	0
3858	lookup	880	0
3859	calc	5056	0
3860	calc	6275	0
3861	calc	515	0
3862	lookup	3060	0
3863	calc	16383	0
3864	calc	20550	0
3865	lookup	4483	0
3866	calc	145	0
3867	calc	16395	0
3868	lookup	11793	0
3869	calc	13677	0
3870	lookup	5453	0
3871	lookup	2470	0
3872	calc	6527	0
3873	calc	2569	0
3874	calc	13416	0
3875	lookup	9221	0
3876	calc	6240	0
3877	calc	10076	0
3878	calc	3276	0
3879	calc	18323	0
3880	calc	6126	0
3881	lookup	11839	0
3882	calc	12418	0
3883	abstain_everyday	4285	0
3884	calc	6187	1
3885	calc	16338	1
3886	calc	9648	0
3887	lookup	12876	0
3888	lookup	3081	0
3889	calc	5253	0
3890	lookup	6605	0
3891	abstain_everyday	1428	0
3892	lookup	10880	0
3893	lookup	2642	0
3894	calc	909	0
3895	lookup	2523	0
3896	lookup	2369	0
3897	calc	15531	0
3898	lookup	1277	0
3899	lookup	12269	0
3900	calc	15161	0
3901	calc	16593	0
3902	calc	4793	0
3903	lookup	1544	0
3904	calc	15435	0
3905	lookup	11972	0
3906	lookup	8033	0
3907	calc	19509	0
3908	calc	3388	0
3909	calc	19478	0
3910	lookup	5125	0
3911	lookup	567	0
3912	calc	383	0
3913	calc	11686	0
3914	calc	1274	0
3915	calc	14289	0
3916	lookup	4518	0
3917	calc	13558	0
3918	calc	4870	0
3919	calc	19350	0
3920	calc	11356	0
3921	abstain_everyday	3841	0
3922	lookup	4108	0
3923	calc	19886	0
3924	lookup	7281	0
3925	abstain_everyday	3467	0
3926	calc	6043	0
3927	calc	10523	0
3928	calc	5779	0
3929	calc	3337	0
3930	calc	4678	0
3931	calc	14687	0
3932	calc	17859	0
3933	abstain_everyday	2698	0
3934	lookup	5468	0
3935	calc	17331	0
3936	lookup	9556	0
3937	lookup	5972	0
3938	lookup	3653	0
3939	calc	10126	0
3940	lookup	6781	0
3941	abstain_everyday	514	0
3942	lookup	1978	0
3943	calc	18444	0
3944	abstain_everyday	5308	0
3945	calc	18286	0
3946	calc	4823	0
3947	calc	3115	0
3948	calc	3590	0
3949	lookup	2856	0
3950	calc	2719	0
3951	calc	13483	0
3952	calc	14027	0
3953	calc	3566	0
3954	calc	8147	0
3955	lookup	8702	0
3956	abstain_everyday	2643	0
3957	calc	16759	0
3958	calc	11884	0
3959	calc	478	0
3960	lookup	5428	0
3961	calc	20081	0
3962	abstain_everyday	3979	0
3963	calc	12196	0
3964	lookup	236	0
3965	calc	15152	0
3966	calc	17357	1
3967	calc	16194	0
3968	lookup	7667	0
3969	calc	4377	0
3970	calc	21006	0
3971	abstain_everyday	2336	0
3972	lookup	6123	0
3973	calc	17234	0
3974	lookup	1617	0
3975	calc	6031	0
3976	lookup	4143	0
3977	abstain_everyday	5418	0
3978	calc	4882	0
3979	lookup	3665	0
3980	calc	18976	0
3981	lookup	8831	0
3982	lookup	9736	0
3983	calc	12626	0
3984	lookup	699	0
3985	lookup	4943	0
3986	calc	9689	0
3987	calc	19429	0
3988	calc	8272	0
3989	calc	10687	0
3990	lookup	2562	0
3991	calc	17279	0
3992	calc	13084	0
3993	abstain_everyday	1823	0
3994	calc	12354	0
3995	abstain_everyday	2131	0
3996	calc	11672	0
3997	lookup	1650	0
3998	abstain_everyday	1262	0
3999	abstain_everyday	3899	0
4000	lookup	6420	0
4001	calc	9548	0
4002	abstain_everyday	5118	0
4003	calc	9393	0
4004	abstain_everyday	2536	0
4005	lookup	9796	0
4006	lookup	6650	0
4007	calc	14974	0
4008	calc	11748	0
4009	calc	13278	0
4010	calc	13240	0
4011	calc	19890	0
4012	calc	15632	0
4013	abstain_everyday	2555	0
4014	calc	12353	0
4015	calc	17811	0
4016	calc	6165	0
4017	calc	7468	0
4018	calc	6045	0
4019	lookup	2499	0
4020	calc	7861	0
4021	lookup	12905	0
4022	lookup	12695	0
4023	calc	2938	0
4024	calc	16119	0
4025	calc	5388	0
4026	abstain_everyday	5110	0
4027	lookup	68	0
4028	calc	17917	0
4029	calc	19338	0
4030	calc	10452	0
4031	lookup	725	0
4032	calc	15802	0
4033	lookup	3861	0
4034	lookup	7177	0
4035	calc	1385	0
4036	calc	3290	0
4037	abstain_everyday	4788	0
4038	lookup	10166	0
4039	calc	2218	0
4040	abstain_everyday	1885	0
4041	calc	19047	0
4042	abstain_everyday	1488	0
4043	lookup	477	0
4044	calc	3349	0
4045	calc	11813	0
4046	lookup	8948	0
4047	calc	913	0
4048	abstain_everyday	1424	0
4049	abstain_everyday	5204	0
4050	calc	1913	0
4051	lookup	1131	0
4052	lookup	7587	0
4053	lookup	4563	0
4054	lookup	670	0
4055	lookup	10701	0
4056	calc	18329	0
4057	lookup	472	0
4058	calc	17417	0
4059	calc	1342	0
4060	calc	9261	0
4061	lookup	4505	0
4062	calc	17678	0
4063	calc	19730	0
4064	calc	5403	0
4065	calc	11409	0
4066	lookup	6187	0
4067	abstain_everyday	248	0
4068	calc	4241	0
4069	calc	20032	0
4070	calc	4689	0
4071	lookup	11287	0
4072	calc	11806	0
4073	calc	19051	0
4074	calc	13353	0
4075	lookup	11316	0
4076	calc	10699	0
4077	calc	13309	0
4078	lookup	8541	0
4079	lookup	12877	0
4080	abstain_everyday	4155	0
4081	lookup	1355	0
4082	calc	15955	0
4083	abstain_everyday	3323	0
4084	abstain_everyday	1804	0
4085	calc	5052	0
4086	calc	14816	0
4087	calc	18058	1
4088	lookup	7914	0
4089	calc	13752	0
4090	calc	13641	1
4091	calc	18112	0
4092	calc	14874	0
4093	calc	8450	0
4094	calc	6333	0
4095	calc	4326	0
4096	calc	3832	0
4097	calc	10794	0
4098	abstain_everyday	3975	0
4099	calc	6168	0
4100	abstain_everyday	2513	0
4101	lookup	31	0
4102	calc	14031	0
4103	calc	1292	0
4104	calc	14336	0
4105	calc	1173	0
4106	lookup	9429	0
4107	abstain_everyday	4024	0
4108	calc	4827	0
4109	calc	7637	0
4110	lookup	747	0
4111	calc	14494	0
4112	calc	11700	0
4113	lookup	5126	0
4114	calc	6996	0
4115	lookup	9000	0
4116	lookup	1869	0
4117	calc	15229	0
4118	calc	21040	0
4119	calc	1908	0
4120	abstain_everyday	3417	0
4121	abstain_everyday	2238	0
4122	lookup	2235	0
4123	calc	2161	0
4124	calc	2481	0
4125	calc	13856	0
4126	abstain_everyday	4632	0
4127	calc	267	0
4128	calc	4205	0
4129	lookup	7863	0
4130	calc	5507	0
4131	calc	15820	0
4132	abstain_everyday	4843	0
4133	calc	2645	0
4134	calc	5665	0
4135	calc	17526	0
4136	calc	9064	0
4137	lookup	12888	0
4138	lookup	11485	0
4139	calc	3207	0
4140	calc	10093	0
4141	abstain_everyday	2187	0
4142	calc	2110	0
4143	calc	10437	0
4144	calc	6359	0
4145	calc	6065	0
4146	calc	69	0
4147	abstain_everyday	1831	0
4148	lookup	10116	0
4149	calc	11026	0
4150	lookup	12236	0
4151	lookup	3678	0
4152	calc	2874	0
4153	calc	14784	0
4154	calc	6717	0
4155	lookup	5930	0
4156	calc	8370	0
4157	lookup	6818	0
4158	abstain_everyday	1760	0
4159	calc	14953	0
4160	abstain_everyday	1611	0
4161	lookup	4919	0
4162	calc	11255	0
4163	calc	19600	0
4164	lookup	1774	0
4165	abstain_everyday	4329	0
4166	lookup	3654	0
4167	lookup	9768	0
4168	lookup	7897	0
4169	lookup	11545	0
4170	calc	17940	0
4171	calc	11129	0
4172	calc	18047	0
4173	calc	7166	0
4174	calc	12170	0
4175	lookup	386	0
4176	calc	14867	0
4177	lookup	11854	0
4178	calc	5789	0
4179	lookup	8336	0
4180	lookup	4767	0
4181	calc	11422	0
4182	lookup	938	0
4183	calc	19482	1
4184	calc	6801	0
4185	calc	7611	0
4186	abstain_everyday	1820	0
4187	calc	15187	0
4188	calc	10345	0
4189	lookup	9987	0
4190	lookup	2424	0
4191	lookup	4264	0
4192	calc	1778	1
4193	abstain_everyday	5892	0
4194	calc	7424	0
4195	lookup	1643	0
4196	abstain_everyday	1512	0
4197	calc	104	0
4198	calc	18987	0
4199	calc	14866	0
4200	lookup	1271	0
4201	calc	10255	0
4202	calc	13879	0
4203	calc	14475	0
4204	abstain_everyday	1077	0
4205	lookup	695	0
4206	abstain_everyday	3086	0
4207	lookup	2506	0
4208	abstain_everyday	3545	0
4209	calc	299	0
4210	lookup	5018	0
4211	lookup	10313	0
4212	lookup	5819	0
4213	calc	228	0
4214	calc	17809	0
4215	abstain_everyday	1323	0
4216	calc	1088	0
4217	lookup	7264	0
4218	calc	8770	0
4219	calc	1546	1
4220	calc	12645	0
4221	calc	879	0
4222	abstain_everyday	412	0
4223	abstain_everyday	960	0
4224	lookup	10911	0
4225	lookup	8528	0
4226	lookup	706	0
4227	calc	17140	0
4228	lookup	11700	0
4229	abstain_everyday	3736	0
4230	calc	3774	0
4231	calc	3795	0
4232	abstain_everyday	4453	0
4233	calc	18287	0
4234	calc	17032	0
4235	lookup	5331	0
4236	lookup	12763	0
4237	calc	8230	0
4238	calc	2005	0
4239	calc	18626	0
4240	calc	173	0
4241	calc	19927	0
4242	abstain_everyday	5669	0
4243	calc	5319	0
4244	calc	14789	0
4245	lookup	9849	0
4246	calc	7998	0
4247	calc	734	0
4248	calc	8801	0
4249	calc	7694	0
4250	calc	15960	0
4251	lookup	11248	0
4252	lookup	876	0
4253	lookup	10265	0
4254	calc	19833	0
4255	calc	18114	0
4256	lookup	2129	0
4257	calc	7910	0
4258	abstain_everyday	2491	0
4259	calc	20877	0
4260	calc	16839	0
4261	calc	4201	0
4262	abstain_everyday	2084	0
4263	calc	2506	0
4264	calc	10360	0
4265	lookup	1713	0
4266	calc	1553	0
4267	calc	6517	0
4268	calc	15210	0
4269	lookup	2728	0
4270	calc	11428	0
4271	lookup	5745	0
4272	calc	18574	0
4273	abstain_everyday	132	0
4274	calc	1473	0
4275	abstain_everyday	3083	0
4276	calc	1637	0
4277	calc	12791	0
4278	calc	1928	0
4279	calc	13326	0
4280	lookup	9240	0
4281	calc	14481	0
4282	calc	17926	0
4283	calc	14963	0
4284	calc	7728	0
4285	lookup	9737	0
4286	calc	10775	0
4287	calc	5871	1
4288	calc	9425	0
4289	lookup	857	0
4290	calc	4320	0
4291	calc	3682	0
4292	calc	6019	0
4293	lookup	6022	0
4294	calc	14435	0
4295	lookup	3408	0
4296	abstain_everyday	5398	0
4297	calc	18092	0
4298	calc	16531	1
4299	calc	10929	0
4300	calc	10808	0
4301	abstain_everyday	1041	0
4302	lookup	7294	0
4303	lookup	7007	0
4304	lookup	11932	0
4305	lookup	2942	0
4306	calc	14263	0
4307	calc	8369	0
4308	lookup	5872	0
4309	calc	8088	0
4310	lookup	8312	0
4311	calc	15695	0
4312	calc	8153	0
4313	calc	8998	0
4314	calc	20989	0
4315	abstain_everyday	527	0
4316	calc	14820	0
4317	calc	20439	0
4318	calc	9297	0
4319	calc	18041	0
4320	calc	1286	1
4321	calc	441	0
4322	calc	8158	0
4323	calc	8022	0
4324	calc	900	0
4325	abstain_everyday	5057	0
4326	abstain_everyday	76	0
4327	calc	13637	0
4328	calc	2937	0
4329	lookup	12071	0
4330	calc	12739	0
4331	abstain_everyday	3448	0
4332	calc	19493	0
4333	calc	15452	0
4334	calc	3365	0
4335	calc	6044	0
4336	calc	17862	1
4337	abstain_everyday	326	0
4338	calc	3928	0
4339	lookup	11905	0
4340	lookup	11665	0
4341	calc	11614	0
4342	calc	8851	0
4343	calc	17343	0
4344	calc	9219	0
4345	calc	14500	0
4346	calc	3815	1
4347	calc	17135	0
4348	calc	7603	0
4349	calc	10501	0
4350	calc	4969	0
4351	calc	5736	0
4352	lookup	595	0
4353	calc	16402	0
4354	abstain_everyday	475	0
4355	calc	8611	0
4356	lookup	10215	0
4357	abstain_everyday	2715	0
4358	lookup	2409	0
4359	lookup	5880	0
4360	lookup	2829	0
4361	lookup	8684	0
4362	abstain_everyday	2736	0
4363	calc	16913	0
4364	calc	19821	0
4365	lookup	5906	0
4366	calc	7770	0
4367	calc	7297	0
4368	lookup	11159	0
4369	calc	13144	0
4370	lookup	932	0
4371	calc	5263	0
4372	calc	14853	0
4373	calc	12322	0
4374	calc	9358	0
4375	lookup	4827	0
4376	lookup	4390	0
4377	abstain_everyday	4918	0
4378	calc	9743	0
4379	calc	3638	0
4380	calc	8850	0
4381	lookup	10811	0
4382	abstain_everyday	2345	0
4383	calc	10319	0
4384	calc	4688	0
4385	calc	12771	0
4386	calc	8359	0
4387	lookup	1572	0
4388	calc	11307	0
4389	calc	16488	1
4390	calc	823	0
4391	lookup	6032	0
4392	calc	19115	0
4393	calc	13701	0
4394	lookup	7327	0
4395	lookup	4906	0
4396	calc	18700	0
4397	lookup	6145	0
4398	calc	19979	0
4399	calc	10537	0
4400	calc	17242	0
4401	lookup	11460	0
4402	abstain_everyday	5444	0
4403	calc	4275	0
4404	calc	20971	0
4405	calc	490	0
4406	calc	16623	0
4407	abstain_everyday	2612	0
4408	calc	7133	0
4409	abstain_everyday	3624	0
4410	calc	6009	0
4411	lookup	3594	0
4412	calc	11779	0
4413	lookup	11560	0
4414	lookup	366	0
4415	calc	417	0
4416	calc	20251	0
4417	abstain_everyday	3401	0
4418	lookup	5799	0
4419	lookup	6018	0
4420	calc	6515	0
4421	calc	3445	0
4422	calc	14586	0
4423	abstain_everyday	1187	0
4424	abstain_everyday	4311	0
4425	lookup	2002	0
4426	calc	8551	0
4427	calc	10089	0
4428	abstain_everyday	536	0
4429	lookup	554	0
4430	calc	11775	0
4431	calc	12927	0
4432	calc	808	1
4433	lookup	11676	0
4434	lookup	10685	0
4435	calc	18420	0
4436	calc	11233	0
4437	calc	5057	0
4438	lookup	2243	0
4439	calc	8505	0
4440	abstain_everyday	3437	0
4441	calc	18817	1
4442	lookup	2600	0
4443	lookup	8322	0
4444	lookup	3282	0
4445	calc	5696	0
4446	lookup	7929	0
4447	abstain_everyday	1226	0
4448	calc	989	0
4449	abstain_everyday	4053	0
4450	calc	11993	0
4451	calc	10019	0
4452	lookup	2793	0
4453	calc	18949	0
4454	lookup	1912	0
4455	calc	14977	0
4456	lookup	9164	0
4457	lookup	11497	0
4458	abstain_everyday	3488	0
4459	abstain_everyday	4760	0
4460	lookup	4231	0
4461	calc	2459	0
4462	calc	12632	0
4463	calc	8089	0
4464	calc	17606	0
4465	calc	8190	0
4466	calc	950	0
4467	calc	17789	0
4468	lookup	308	0
4469	calc	10481	0
4470	lookup	12663	0
4471	calc	10485	0
4472	calc	10566	0
4473	lookup	3845	0
4474	calc	9519	0
4475	abstain_everyday	3091	0
4476	calc	12892	0
4477	lookup	11415	0
4478	calc	1934	0
4479	lookup	10611	0
4480	calc	17676	0
4481	abstain_everyday	2887	0
4482	lookup	4645	0
4483	calc	9389	0
4484	calc	11396	0
4485	abstain_everyday	3929	0
4486	lookup	6796	0
4487	calc	3992	0
4488	lookup	12443	0
4489	lookup	3259	0
4490	abstain_everyday	134	0
4491	lookup	6319	0
4492	calc	20220	0
4493	calc	14434	1
4494	abstain_everyday	5620	0
4495	calc	3966	1
4496	lookup	370	0
4497	lookup	2446	0
4498	lookup	2100	0
4499	calc	3822	0
4500	calc	18701	0
4501	abstain_everyday	4961	0
4502	calc	17100	0
4503	lookup	6335	0
4504	calc	10954	0
4505	calc	1046	0
4506	lookup	6807	0
4507	calc	19685	0
4508	abstain_everyday	1858	0
4509	calc	13218	0
4510	calc	3369	0
4511	lookup	157	0
4512	lookup	859	0
4513	abstain_everyday	250	0
4514	lookup	2450	0
4515	calc	14497	0
4516	calc	2990	0
4517	calc	10199	0
4518	lookup	11743	0
4519	calc	11538	0
4520	calc	7557	0
4521	calc	4754	0
4522	calc	6469	0
4523	lookup	6521	0
4524	abstain_everyday	4807	0
4525	lookup	7561	0
4526	abstain_everyday	5274	0
4527	calc	3612	0
4528	calc	18644	0
4529	calc	2893	0
4530	calc	213	0
4531	abstain_everyday	3627	0
4532	abstain_everyday	359	0
4533	abstain_everyday	524	0
4534	calc	10482	0
4535	lookup	5584	0
4536	calc	2242	1
4537	abstain_everyday	1969	0
4538	calc	10863	0
4539	lookup	5245	0
4540	calc	12443	0
4541	calc	2412	0
4542	calc	2557	0
4543	abstain_everyday	5511	0
4544	lookup	54	0
4545	calc	10490	0
4546	lookup	4990	0
4547	abstain_everyday	3734	0
4548	calc	6782	0
4549	calc	8255	0
4550	calc	6217	0
4551	lookup	8440	0
4552	calc	16505	0
4553	abstain_everyday	3217	0
4554	calc	7923	0
4555	lookup	6791	0
4556	lookup	2067	0
4557	calc	4579	0
4558	calc	13158	0
4559	calc	10653	0
4560	calc	17541	0
4561	calc	2911	0
4562	calc	6837	0
4563	calc	15620	0
4564	lookup	12125	0
4565	abstain_everyday	918	0
4566	calc	5359	0
4567	calc	13768	1
4568	lookup	10627	0
4569	lookup	5507	0
4570	lookup	4127	0
4571	lookup	10523	0
4572	lookup	8266	0
4573	calc	16046	0
4574	calc	19537	0
4575	calc	2244	0
4576	calc	18883	0
4577	lookup	4065	0
4578	calc	897	0
4579	lookup	4742	0
4580	calc	12327	0
4581	calc	17973	0
4582	lookup	8154	0
4583	abstain_everyday	4900	0
4584	lookup	1842	0
4585	calc	19024	0
4586	lookup	4529	0
4587	lookup	320	0
4588	lookup	662	0
4589	lookup	5548	0
4590	lookup	3896	0
4591	calc	4775	0
4592	calc	18825	1
4593	lookup	447	0
4594	lookup	6160	0
4595	calc	6035	0
4596	calc	22	0
4597	lookup	3322	0
4598	calc	6207	0
4599	calc	4625	0
4600	abstain_everyday	2621	0
4601	lookup	1609	0
4602	lookup	2758	0
4603	calc	20090	0
4604	lookup	2704	0
4605	lookup	7148	0
4606	lookup	8487	0
4607	calc	1480	0
4608	calc	7458	0
4609	calc	20341	0
4610	calc	5073	1
4611	calc	2391	0
4612	calc	8538	0
4613	lookup	5656	0
4614	abstain_everyday	5419	0
4615	calc	6706	0
4616	calc	7816	0
4617	calc	18414	0
4618	calc	7413	0
4619	abstain_everyday	4602	0
4620	lookup	10396	0
4621	lookup	8240	0
4622	abstain_everyday	1422	0
4623	lookup	299	0
4624	calc	17817	0
4625	abstain_everyday	355	0
4626	calc	1219	1
4627	calc	7601	0
4628	calc	10420	0
4629	abstain_everyday	1294	0
4630	calc	1758	0
4631	calc	17686	0
4632	calc	6238	0
4633	lookup	12897	0
4634	abstain_everyday	9	0
4635	lookup	7111	0
4636	calc	3010	0
4637	lookup	2710	0
4638	lookup	3718	0
4639	lookup	8851	0
4640	calc	11328	0
4641	calc	11588	0
4642	lookup	12419	0
4643	calc	20700	0
4644	calc	6772	0
4645	lookup	5987	0
4646	calc	5401	0
4647	calc	16577	0
4648	abstain_everyday	4368	0
4649	calc	12953	0
4650	abstain_everyday	2506	0
4651	lookup	4142	0
4652	lookup	11821	0
4653	abstain_everyday	5706	0
4654	lookup	12237	0
4655	calc	11403	0
4656	calc	9719	0
4657	calc	8368	0
4658	abstain_everyday	5131	0
4659	abstain_everyday	3688	0
4660	abstain_everyday	4659	0
4661	abstain_everyday	5009	0
4662	calc	11990	0
4663	lookup	12260	0
4664	calc	13754	0
4665	calc	9350	0
4666	lookup	6717	0
4667	lookup	10426	0
4668	lookup	2849	0
4669	lookup	3989	0
4670	calc	4878	0
4671	calc	7515	0
4672	calc	17544	0
4673	abstain_everyday	2281	0
4674	abstain_everyday	4142	0
4675	abstain_everyday	3207	0
4676	calc	15035	0
4677	calc	16771	0
4678	lookup	10175	0
4679	abstain_everyday	2763	0
4680	calc	19185	0
4681	abstain_everyday	980	0
4682	lookup	9834	0
4683	lookup	7100	0
4684	calc	2670	0
4685	lookup	6962	0
4686	calc	17880	0
4687	lookup	7631	0
4688	abstain_everyday	2019	0
4689	abstain_everyday	3866	0
4690	calc	4444	0
4691	calc	5346	0
4692	calc	19316	0
4693	lookup	11906	0
4694	calc	16813	0
4695	lookup	6231	0
4696	calc	18400	0
4697	calc	10250	0
4698	calc	9953	0
4699	calc	177	0
4700	lookup	10256	0
4701	lookup	10933	0
4702	calc	12985	0
4703	calc	6407	0
4704	calc	3230	0
4705	calc	9017	0
4706	lookup	5340	0
4707	lookup	8620	0
4708	abstain_everyday	3145	0
4709	lookup	4993	0
4710	lookup	6545	0
4711	abstain_everyday	2757	0
4712	calc	3060	0
4713	lookup	5913	0
4714	calc	18741	0
4715	calc	3078	0
4716	calc	8122	0
4717	calc	9318	0
4718	calc	19356	0
4719	abstain_everyday	1911	0
4720	lookup	3431	0
4721	calc	10664	0
4722	calc	12607	0
4723	abstain_everyday	1641	0
4724	calc	9667	0
4725	abstain_everyday	1479	0
4726	calc	9871	0
4727	abstain_everyday	5046	0
4728	lookup	524	0
4729	lookup	5417	0
4730	calc	16654	0
4731	calc	10577	0
4732	calc	12656	0
4733	abstain_everyday	3157	0
4734	calc	1095	0
4735	lookup	1668	0
4736	calc	4553	0
4737	lookup	6170	0
4738	calc	20581	1
4739	calc	3294	0
4740	calc	12259	0
4741	calc	9988	0
4742	calc	5109	0
4743	lookup	6714	0
4744	abstain_everyday	4856	0
4745	calc	14215	1
4746	lookup	1082	0
4747	lookup	3492	0
4748	abstain_everyday	3469	0
4749	calc	4794	0
4750	abstain_everyday	3611	0
4751	lookup	7861	0
4752	calc	7178	0
4753	lookup	3310	0
4754	lookup	4973	0
4755	calc	11802	0
4756	lookup	6009	0
4757	lookup	2123	0
4758	lookup	8718	0
4759	calc	20572	0
4760	lookup	361	0
4761	lookup	4139	0
4762	calc	14871	0
4763	calc	20273	0
4764	calc	20056	1
4765	abstain_everyday	2160	0
4766	calc	9857	0
4767	calc	13117	0
4768	abstain_everyday	4455	0
4769	abstain_everyday	1733	0
4770	abstain_everyday	1533	0
4771	lookup	10727	0
4772	calc	19457	0
4773	calc	17581	0
4774	calc	15471	0
4775	lookup	2022	0
4776	abstain_everyday	112	0
4777	lookup	12925	0
4778	calc	18884	0
4779	abstain_everyday	1998	0
4780	calc	9933	0
4781	lookup	10276	0
4782	abstain_everyday	3731	0
4783	lookup	9630	0
4784	lookup	2331	0
4785	abstain_everyday	2537	0
4786	lookup	8197	0
4787	lookup	12651	0
4788	calc	12423	0
4789	calc	4657	1
4790	calc	10159	0
4791	lookup	5429	0
4792	lookup	11659	0
4793	calc	4400	0
4794	lookup	802	0
4795	lookup	7454	0
4796	abstain_everyday	1282	0
4797	calc	13444	0
4798	lookup	3627	0
4799	abstain_everyday	620	0
4800	abstain_everyday	5166	0
4801	calc	2768	0
4802	abstain_everyday	5232	0
4803	lookup	1007	0
4804	calc	21015	0
4805	lookup	11492	0
4806	lookup	1049	0
4807	abstain_everyday	5295	0
4808	abstain_everyday	3416	0
4809	calc	15611	0
4810	calc	7588	0
4811	calc	9841	0
4812	calc	11070	0
4813	lookup	12580	0
4814	lookup	108	0
4815	calc	14797	0
4816	lookup	9067	0
4817	calc	4120	0
4818	calc	13020	0
4819	lookup	11618	0
4820	abstain_everyday	1963	0
4821	calc	17098	0
4822	lookup	3637	0
4823	abstain_everyday	2870	0
4824	lookup	10817	0
4825	lookup	5305	0
4826	abstain_everyday	596	0
4827	lookup	5345	0
4828	lookup	7956	0
4829	calc	6493	1
4830	lookup	6777	0
4831	calc	19441	0
4832	calc	11153	0
4833	calc	7410	0
4834	calc	18834	0
4835	calc	15958	0
4836	calc	19030	0
4837	calc	8593	0
4838	calc	15610	0
4839	lookup	3329	0
4840	lookup	5598	0
4841	lookup	12906	0
4842	lookup	4273	0
4843	abstain_everyday	2422	0
4844	lookup	2778	0
4845	lookup	2274	0
4846	calc	7698	0
4847	calc	18617	0
4848	lookup	9713	0
4849	abstain_everyday	1865	0
4850	calc	11317	0
4851	lookup	11924	0
4852	calc	10803	0
4853	calc	21000	0
4854	calc	6650	0
4855	lookup	2272	0
4856	lookup	1605	0
4857	lookup	9130	0
4858	calc	20928	0
4859	abstain_everyday	951	0
4860	lookup	7966	0
4861	calc	8107	0
4862	calc	8453	0
4863	calc	17542	0
4864	lookup	344	0
4865	calc	13815	0
4866	calc	12701	0
4867	lookup	2213	0
4868	calc	13945	1
4869	calc	16424	0
4870	lookup	1992	0
4871	calc	19485	0
4872	calc	943	0
4873	lookup	1603	0
4874	abstain_everyday	639	0
4875	abstain_everyday	519	0
4876	lookup	4603	0
4877	calc	12139	0
4878	calc	18463	0
4879	calc	21070	0
4880	calc	18647	0
4881	calc	6088	0
4882	calc	6980	0
4883	lookup	279	0
4884	calc	18049	0
4885	abstain_everyday	1934	0
4886	calc	5760	0
4887	calc	11731	0
4888	lookup	9879	0
4889	abstain_everyday	5784	0
4890	lookup	1203	0
4891	abstain_everyday	923	0
4892	abstain_everyday	1781	0
4893	calc	5029	0
4894	calc	18853	0
4895	calc	17963	0
4896	lookup	12868	0
4897	lookup	4950	0
4898	abstain_everyday	5438	0
4899	calc	20630	0
4900	calc	5772	0
4901	abstain_everyday	1115	0
4902	lookup	1880	0
4903	calc	19399	0
4904	calc	6626	0
4905	calc	5986	0
4906	calc	10626	0
4907	calc	12379	0
4908	abstain_everyday	3023	0
4909	calc	14304	0
4910	calc	4420	0
4911	lookup	7869	0
4912	calc	16308	0
4913	lookup	12887	0
4914	abstain_everyday	2173	0
4915	calc	18256	0
4916	lookup	1043	0
4917	calc	21026	0
4918	calc	17093	0
4919	calc	11653	0
4920	abstain_everyday	1618	0
4921	abstain_everyday	1603	0
4922	lookup	7255	0
4923	calc	17231	0
4924	calc	2850	1
4925	calc	14782	0
4926	calc	12932	0
4927	lookup	11247	0
4928	lookup	1589	0
4929	lookup	1183	0
4930	lookup	7803	0
4931	calc	13046	0
4932	calc	3394	0
4933	lookup	3493	0
4934	calc	4592	0
4935	calc	17159	0
4936	abstain_everyday	5127	0
4937	lookup	7779	0
4938	calc	3524	0
4939	calc	10349	0
4940	calc	258	0
4941	calc	18545	0
4942	abstain_everyday	5357	0
4943	calc	3791	0
4944	calc	15925	0
4945	calc	17187	0
4946	lookup	11708	0
4947	calc	3086	0
4948	abstain_everyday	4254	0
4949	lookup	9778	0
4950	abstain_everyday	1332	0
4951	calc	507	0
4952	abstain_everyday	2696	0
4953	calc	3457	0
4954	lookup	8330	0
4955	abstain_everyday	5821	0
4956	lookup	2970	0
4957	abstain_everyday	346	0
4958	calc	5770	0
4959	calc	16200	0
4960	calc	15337	0
4961	abstain_everyday	1859	0
4962	lookup	3966	0
4963	calc	9399	0
4964	calc	19454	0
4965	lookup	896	0
4966	calc	9353	0
4967	calc	14653	0
4968	abstain_everyday	3052	0
4969	lookup	4549	0
4970	lookup	5124	0
4971	lookup	10647	0
4972	lookup	11416	0
4973	lookup	3581	0
4974	lookup	12742	0
4975	lookup	6980	0
4976	calc	7552	0
4977	abstain_everyday	5050	0
4978	abstain_everyday	3890	0
4979	calc	2440	0
4980	lookup	8286	0
4981	calc	9799	0
4982	calc	9069	0
4983	calc	10131	0
4984	lookup	5719	0
4985	calc	18120	0
4986	lookup	4791	0
4987	lookup	3141	0
4988	lookup	2273	0
4989	lookup	10700	0
4990	lookup	2665	0
4991	calc	7408	0
4992	calc	19353	0
4993	abstain_everyday	2547	0
4994	abstain_everyday	4647	0
4995	calc	7872	1
4996	calc	20021	0
4997	lookup	6624	0
4998	calc	2163	0
4999	calc	12338	0
5000	calc	8853	0
5001	calc	19791	0
5002	lookup	7009	0
5003	lookup	3923	0
5004	calc	16698	0
5005	calc	18070	0
5006	lookup	6417	0
5007	calc	17121	0
5008	calc	20486	0
5009	lookup	12884	0
5010	lookup	12373	0
5011	lookup	4195	0
5012	calc	13515	0
5013	lookup	12845	0
5014	calc	20743	0
5015	calc	4889	0
5016	calc	15366	0
5017	calc	11840	0
5018	calc	19308	0
5019	lookup	5280	0
5020	lookup	5112	0
5021	abstain_everyday	2712	0
5022	calc	6617	0
5023	abstain_everyday	5494	0
5024	calc	12883	0
5025	calc	18313	0
5026	lookup	673	0
5027	calc	17368	0
5028	calc	18325	0
5029	calc	12387	0
5030	abstain_everyday	228	0
5031	lookup	5383	0
5032	lookup	10788	0
5033	lookup	2820	0
5034	calc	15269	0
5035	lookup	6278	0
5036	calc	15561	0
5037	calc	7596	0
5038	calc	7115	0
5039	abstain_everyday	5244	0
5040	calc	19405	0
5041	lookup	4239	0
5042	lookup	11655	0
5043	calc	18075	0
5044	lookup	11112	0
5045	abstain_everyday	5119	0
5046	lookup	369	0
5047	calc	6637	0
5048	lookup	5804	0
5049	lookup	1366	0
5050	lookup	9844	0
5051	calc	5531	0
5052	lookup	5784	0
5053	calc	15408	0
5054	lookup	8723	0
5055	abstain_everyday	3719	0
5056	abstain_everyday	681	0
5057	calc	18383	0
5058	calc	5803	0
5059	lookup	10808	0
5060	lookup	2770	0
5061	calc	4778	0
5062	calc	7907	0
5063	lookup	8731	0
5064	calc	5879	0
5065	lookup	12233	0
5066	lookup	9979	0
5067	abstain_everyday	1947	0
5068	lookup	518	0
5069	calc	6833	0
5070	calc	1123	0
5071	calc	6379	0
5072	lookup	1783	0
5073	lookup	4418	0
5074	lookup	5962	0
5075	calc	9567	1
5076	calc	9481	0
5077	calc	17934	0
5078	lookup	647	0
5079	lookup	638	0
5080	abstain_everyday	4301	0
5081	abstain_everyday	2606	0
5082	calc	1786	0
5083	lookup	3112	0
5084	lookup	95	0
5085	calc	10155	0
5086	calc	2609	0
5087	calc	5916	0
5088	lookup	3465	0
5089	abstain_everyday	2225	0
5090	abstain_everyday	5038	0
5091	calc	2724	0
5092	calc	16644	0
5093	calc	17879	1
5094	calc	4601	0
5095	abstain_everyday	4699	0
5096	lookup	2285	0
5097	lookup	7572	0
5098	abstain_everyday	2878	0
5099	calc	14471	0
5100	lookup	7035	0
5101	calc	1026	0
5102	abstain_everyday	291	0
5103	calc	15226	0
5104	calc	1862	0
5105	lookup	9856	0
5106	calc	18760	0
5107	calc	11937	0
5108	lookup	9959	0
5109	calc	5114	0
5110	calc	1770	0
5111	abstain_everyday	1159	0
5112	lookup	10045	0
5113	calc	19424	0
5114	abstain_everyday	4762	0
5115	calc	16522	0
5116	abstain_everyday	1942	0
5117	lookup	9289	0
5118	abstain_everyday	5091	0
5119	lookup	153	0
5120	calc	12422	0
5121	abstain_everyday	4348	0
5122	lookup	12521	0
5123	lookup	9809	0
5124	abstain_everyday	1395	0
5125	calc	13917	1
5126	lookup	6561	0
5127	lookup	12259	0
5128	calc	3056	0
5129	lookup	9863	0
5130	calc	18006	0
5131	lookup	9137	0
5132	lookup	9808	0
5133	lookup	3703	0
5134	calc	2522	0
5135	calc	17858	0
5136	calc	1630	0
5137	calc	563	0
5138	calc	2917	0
5139	lookup	9452	0
5140	calc	10738	0
5141	calc	11995	0
5142	abstain_everyday	5677	0
5143	calc	17198	0
5144	calc	12095	0
5145	calc	6648	0
5146	lookup	5697	0
5147	calc	11898	1
5148	calc	15124	0
5149	lookup	12700	0
5150	lookup	10381	0
5151	calc	13155	0
5152	calc	15740	0
5153	lookup	7564	0
5154	calc	1707	0
5155	calc	8886	0
5156	lookup	6026	0
5157	abstain_everyday	1162	0
5158	calc	9968	0
5159	calc	2971	0
5160	lookup	7787	0
5161	abstain_everyday	5439	0
5162	calc	6636	0
5163	lookup	1583	0
5164	calc	12371	0
5165	calc	18163	0
5166	abstain_everyday	5735	0
5167	calc	9084	0
5168	calc	6888	0
5169	lookup	3925	0
5170	lookup	772	0
5171	lookup	4865	0
5172	calc	8605	0
5173	calc	10644	0
5174	calc	11791	0
5175	calc	11736	0
5176	calc	7489	0
5177	calc	15873	0
5178	lookup	3063	0
5179	lookup	9394	0
5180	calc	10919	0
5181	calc	7387	0
5182	abstain_everyday	3981	0
5183	calc	14259	0
5184	calc	719	0
5185	lookup	6291	0
5186	calc	13940	0
5187	abstain_everyday	1777	0
5188	calc	1753	0
5189	abstain_everyday	5162	0
5190	lookup	3048	0
5191	calc	2119	0
5192	calc	15607	0
5193	lookup	6646	0
5194	abstain_everyday	199	0
5195	calc	453	0
5196	calc	17163	0
5197	lookup	830	0
5198	lookup	11971	0
5199	abstain_everyday	4207	0
5200	lookup	11878	0
5201	lookup	9579	0
5202	calc	11754	0
5203	lookup	12299	0
5204	calc	5735	0
5205	calc	5686	0
5206	calc	127	0
5207	calc	9982	0
5208	abstain_everyday	2932	0
5209	calc	5797	0
5210	calc	12809	0
5211	abstain_everyday	904	0
5212	abstain_everyday	1166	0
5213	lookup	11547	0
5214	abstain_everyday	3347	0
5215	lookup	5688	0
5216	abstain_everyday	3452	0
5217	abstain_everyday	5212	0
5218	lookup	9896	0
5219	calc	2441	0
5220	calc	15285	0
5221	calc	15312	0
5222	calc	1426	0
5223	calc	10993	0
5224	lookup	12145	0
5225	calc	7014	0
5226	lookup	6002	0
5227	lookup	9837	0
5228	calc	6291	0
5229	lookup	6991	0
5230	calc	13446	0
5231	calc	9855	0
5232	lookup	6530	0
5233	calc	17285	0
5234	calc	2605	0
5235	calc	1572	0
5236	lookup	3847	0
5237	abstain_everyday	1888	0
5238	calc	1571	0
5239	calc	9925	0
5240	calc	21067	0
5241	lookup	701	0
5242	abstain_everyday	3017	0
5243	calc	3905	0
5244	calc	17095	0
5245	lookup	1688	0
5246	calc	2338	0
5247	lookup	5703	0
5248	calc	13268	0
5249	calc	20589	0
5250	calc	15731	0
5251	calc	18737	0
5252	calc	13034	0
5253	calc	16412	0
5254	lookup	3192	0
5255	calc	319	0
5256	lookup	11083	0
5257	abstain_everyday	3349	0
5258	lookup	9345	0
5259	abstain_everyday	5648	0
5260	abstain_everyday	1869	0
5261	lookup	4674	0
5262	calc	11527	0
5263	lookup	4904	0
5264	lookup	350	0
5265	abstain_everyday	157	0
5266	calc	12406	0
5267	lookup	888	0
5268	calc	5505	0
5269	lookup	11289	0
5270	lookup	8698	0
5271	calc	10107	0
5272	lookup	8193	0
5273	lookup	6800	0
5274	calc	14915	1
5275	lookup	6066	0
5276	calc	16832	0
5277	calc	18094	0
5278	calc	3213	0
5279	calc	10281	0
5280	abstain_everyday	569	0
5281	calc	9462	0
5282	calc	16779	0
5283	abstain_everyday	3556	0
5284	lookup	1420	0
5285	calc	2535	0
5286	calc	11479	0
5287	calc	7948	1
5288	calc	17189	0
5289	calc	164	0
5290	calc	8163	0
5291	lookup	890	0
5292	abstain_everyday	2640	0
5293	lookup	7485	0
5294	calc	4773	0
5295	lookup	11880	0
5296	abstain_everyday	1029	0
5297	lookup	6362	0
5298	abstain_everyday	3658	0
5299	calc	17451	0
5300	calc	10885	0
5301	calc	18396	0
5302	calc	1534	0
5303	abstain_everyday	4785	0
5304	calc	20837	0
5305	calc	12337	0
5306	calc	7668	0
5307	calc	7761	0
5308	lookup	1011	0
5309	calc	3695	0
5310	lookup	7015	0
5311	calc	10969	0
5312	calc	845	0
5313	calc	19797	0
5314	abstain_everyday	4873	0
5315	calc	9403	0
5316	abstain_everyday	3919	0
5317	lookup	2253	0
5318	lookup	1974	0
5319	calc	9472	0
5320	calc	1084	1
5321	lookup	87	0
5322	lookup	4960	0
5323	lookup	2455	0
5324	calc	2226	0
5325	calc	17321	0
5326	abstain_everyday	1538	0
5327	lookup	1601	0
5328	calc	18695	0
5329	calc	19909	0
5330	abstain_everyday	1240	0
5331	lookup	1618	0
5332	calc	18746	0
5333	lookup	1314	0
5334	calc	19495	0
5335	abstain_everyday	3396	0
5336	calc	14642	0
5337	calc	9941	0
5338	calc	11462	0
5339	calc	18908	0
5340	calc	3352	0
5341	calc	3616	0
5342	calc	1829	0
5343	lookup	6252	0
5344	calc	6825	0
5345	lookup	11279	0
5346	abstain_everyday	1264	0
5347	calc	20602	0
5348	calc	89	0
5349	lookup	8436	0
5350	lookup	3532	0
5351	calc	868	0
5352	calc	19516	0
5353	calc	9895	0
5354	calc	16474	0
5355	calc	20083	0
5356	calc	11496	0
5357	calc	20976	0
5358	calc	16426	0
5359	calc	10892	0
5360	abstain_everyday	5409	0
5361	abstain_everyday	2014	0
5362	lookup	4669	0
5363	calc	15153	0
5364	abstain_everyday	4896	0
5365	abstain_everyday	5676	0
5366	lookup	11453	0
5367	lookup	7401	0
5368	abstain_everyday	2720	0
5369	abstain_everyday	2034	0
5370	lookup	1002	0
5371	lookup	4620	0
5372	calc	11295	0
5373	abstain_everyday	841	0
5374	lookup	1899	0
5375	abstain_everyday	2548	0
5376	lookup	3216	0
5377	abstain_everyday	3623	0
5378	calc	2245	0
5379	calc	15358	0
5380	abstain_everyday	5149	0
5381	calc	12973	1
5382	calc	3426	0
5383	lookup	4124	0
5384	calc	16020	0
5385	calc	14946	0
5386	calc	13499	0
5387	abstain_everyday	4792	0
5388	lookup	3108	0
5389	abstain_everyday	4609	0
5390	lookup	8835	0
5391	calc	7130	0
5392	abstain_everyday	5030	0
5393	calc	21056	1
5394	calc	17389	0
5395	abstain_everyday	1510	0
5396	lookup	4289	0
5397	calc	7376	0
5398	abstain_everyday	607	0
5399	calc	16349	0
5400	calc	6587	0
5401	calc	3228	0
5402	lookup	1561	0
5403	calc	5771	0
5404	lookup	1813	0
5405	calc	6607	0
5406	abstain_everyday	5833	0
5407	lookup	451	0
5408	calc	14649	0
5409	calc	10781	0
5410	calc	10433	0
5411	lookup	4577	0
5412	calc	20440	1
5413	abstain_everyday	3581	0
5414	calc	13676	0
5415	lookup	1519	0
5416	calc	2148	0
5417	lookup	1201	0
5418	abstain_everyday	2687	0
5419	calc	19574	0
5420	calc	12453	0
5421	lookup	8365	0
5422	calc	19604	0
5423	calc	5793	0
5424	calc	18292	0
5425	lookup	1137	0
5426	calc	5807	0
5427	abstain_everyday	3108	0
5428	calc	737	0
5429	lookup	12146	0
5430	calc	9307	0
5431	lookup	5820	0
5432	calc	2366	0
5433	calc	16261	0
5434	abstain_everyday	433	0
5435	calc	7580	0
5436	calc	7033	0
5437	calc	5279	0
5438	lookup	7275	0
5439	calc	10358	0
5440	lookup	10468	0
5441	lookup	7620	0
5442	lookup	102	0
5443	calc	20838	0
5444	calc	20046	0
5445	abstain_everyday	2217	0
5446	abstain_everyday	894	0
5447	calc	6797	0
5448	calc	2428	0
5449	calc	1988	0
5450	calc	17773	0
5451	lookup	100	0
5452	lookup	160	0
5453	calc	20281	0
5454	calc	1600	0
5455	calc	4525	0
5456	abstain_everyday	2119	0
5457	lookup	378	0
5458	calc	13787	0
5459	calc	12064	0
5460	lookup	7324	0
5461	calc	19802	0
5462	lookup	11570	0
5463	calc	11650	0
5464	abstain_everyday	2476	0
5465	calc	4733	0
5466	lookup	7886	0
5467	abstain_everyday	3509	0
5468	abstain_everyday	714	0
5469	abstain_everyday	2871	0
5470	calc	10110	0
5471	calc	17061	0
5472	lookup	1155	0
5473	calc	9634	0
5474	lookup	5625	0
5475	calc	2810	0
5476	calc	16198	0
5477	lookup	10039	0
5478	calc	6526	0
5479	calc	17416	0
5480	calc	12959	0
5481	lookup	12710	0
5482	calc	15875	0
5483	calc	7691	0
5484	lookup	996	0
5485	calc	16329	1
5486	lookup	6513	0
5487	abstain_everyday	3008	0
5488	abstain_everyday	3403	0
5489	calc	14044	0
5490	lookup	4580	0
5491	calc	16187	0
5492	calc	15911	0
5493	lookup	12631	0
5494	calc	9155	0
5495	calc	5254	0
5496	lookup	1228	0
5497	lookup	1946	0
5498	calc	1504	0
5499	abstain_everyday	5223	0
5500	abstain_everyday	2326	0
5501	lookup	11096	0
5502	calc	19234	0
5503	calc	9343	0
5504	calc	20301	0
5505	lookup	6073	0
5506	lookup	10330	0
5507	lookup	6425	0
5508	abstain_everyday	5812	0
5509	calc	14351	0
5510	lookup	6672	0
5511	calc	14179	0
5512	abstain_everyday	3708	0
5513	lookup	10056	0
5514	lookup	5722	0
5515	lookup	11281	0
5516	abstain_everyday	592	0
5517	lookup	9877	0
5518	calc	13149	0
5519	abstain_everyday	2255	0
5520	lookup	3326	0
5521	lookup	5346	0
5522	calc	13775	0
5523	calc	18990	0
5524	calc	14261	0
5525	abstain_everyday	3013	0
5526	abstain_everyday	4379	0
5527	lookup	10683	0
5528	calc	8712	0
5529	abstain_everyday	281	0
5530	calc	18713	0
5531	calc	12241	0
5532	calc	1254	0
5533	lookup	8628	0
5534	calc	10120	0
5535	calc	10276	0
5536	calc	16002	0
5537	lookup	10653	0
5538	calc	19563	0
5539	calc	4796	0
5540	lookup	11960	0
5541	calc	8324	0
5542	calc	9641	0
5543	lookup	8669	0
5544	calc	12826	0
5545	lookup	8657	0
5546	calc	19984	0
5547	lookup	9332	0
5548	calc	485	0
5549	calc	9906	0
5550	abstain_everyday	4750	0
5551	lookup	3712	0
5552	lookup	12009	0
5553	calc	19449	0
5554	abstain_everyday	363	0
5555	lookup	2451	0
5556	abstain_everyday	2925	0
5557	calc	2442	1
5558	calc	16665	0
5559	calc	17784	0
5560	calc	4334	0
5561	abstain_everyday	2462	0
5562	calc	5658	0
5563	lookup	12667	0
5564	abstain_everyday	3715	0
5565	calc	14464	0
5566	calc	1071	0
5567	abstain_everyday	5663	0
5568	calc	16321	0
5569	calc	10387	0
5570	abstain_everyday	3515	0
5571	calc	859	0
5572	calc	1431	0
5573	calc	9508	0
5574	calc	359	0
5575	abstain_everyday	768	0
5576	calc	9039	0
5577	calc	12328	0
5578	calc	5682	0
5579	abstain_everyday	3670	0
5580	calc	1293	0
5581	calc	14863	0
5582	lookup	9366	0
5583	calc	15147	0
5584	abstain_everyday	5137	0
5585	calc	10966	0
5586	lookup	1298	0
5587	calc	9909	0
5588	calc	10758	0
5589	calc	4536	0
5590	calc	16843	0
5591	lookup	11969	0
5592	calc	18504	0
5593	calc	3190	0
5594	calc	927	0
5595	calc	10638	0
5596	lookup	11057	0
5597	lookup	576	0
5598	calc	1594	0
5599	calc	19637	0
5600	lookup	6348	0
5601	lookup	12037	0
5602	calc	13946	0
5603	calc	4755	0
5604	calc	6863	0
5605	calc	19162	0
5606	lookup	12844	0
5607	lookup	10233	0
5608	calc	13899	0
5609	lookup	560	0
5610	lookup	3298	0
5611	calc	6176	0
5612	lookup	10241	0
5613	calc	9891	0
5614	calc	12776	0
5615	calc	14003	0
5616	calc	19264	0
5617	calc	19689	0
5618	calc	10641	0
5619	calc	2517	0
5620	lookup	2804	0
5621	calc	7631	0
5622	lookup	11216	0
5623	lookup	11140	0
5624	lookup	10046	0
5625	calc	11872	0
5626	calc	9649	0
5627	lookup	5064	0
5628	calc	16231	0
5629	calc	4440	0
5630	lookup	5494	0
5631	calc	959	0
5632	calc	12257	0
5633	calc	14844	0
5634	abstain_everyday	2276	0
5635	abstain_everyday	3928	0
5636	lookup	3233	0
5637	lookup	12398	0
5638	lookup	11704	0
5639	lookup	4866	0
5640	calc	20846	0
5641	abstain_everyday	2303	0
5642	lookup	2208	0
5643	calc	1866	1
5644	calc	20936	0
5645	lookup	2112	0
5646	lookup	3489	0
5647	calc	15687	0
5648	calc	11439	0
5649	lookup	3884	0
5650	lookup	3780	0
5651	lookup	10607	0
5652	calc	8730	0
5653	calc	7658	0
5654	calc	16265	0
5655	calc	6698	1
5656	lookup	12425	0
5657	lookup	6328	0
5658	abstain_everyday	2646	0
5659	lookup	11581	0
5660	lookup	9159	0
5661	calc	14864	0
5662	calc	969	0
5663	calc	824	0
5664	abstain_everyday	572	0
5665	lookup	8703	0
5666	calc	14064	0
5667	lookup	8537	0
5668	calc	8314	0
5669	abstain_everyday	2539	0
5670	lookup	2922	0
5671	calc	18443	0
5672	lookup	2452	0
5673	abstain_everyday	144	0
5674	calc	6154	0
5675	calc	18490	0
5676	abstain_everyday	2463	0
5677	lookup	9	0
5678	lookup	8287	0
5679	lookup	3555	0
5680	calc	5896	0
5681	calc	14799	0
5682	abstain_everyday	5525	0
5683	calc	17532	0
5684	calc	7420	0
5685	lookup	8883	0
5686	calc	2402	0
5687	calc	14173	0
5688	calc	15880	0
5689	lookup	2241	0
5690	abstain_everyday	4959	0
5691	abstain_everyday	4777	0
5692	lookup	5713	0
5693	calc	17469	0
5694	calc	7020	0
5695	calc	12795	0
5696	calc	14924	0
5697	abstain_everyday	5279	0
5698	calc	9236	0
5699	calc	11739	0
5700	lookup	10677	0
5701	calc	19515	0
5702	lookup	11966	0
5703	abstain_everyday	1018	0
5704	calc	3552	0
5705	calc	15969	0
5706	abstain_everyday	114	0
5707	calc	17521	0
5708	calc	9013	0
5709	calc	3001	0
5710	calc	18222	0
5711	lookup	7972	0
5712	calc	2409	0
5713	lookup	5393	0
5714	calc	7605	0
5715	lookup	612	0
5716	calc	8685	0
5717	abstain_everyday	3244	0
5718	lookup	10128	0
5719	calc	8108	0
5720	lookup	1300	0
5721	abstain_everyday	1467	0
5722	calc	6660	0
5723	abstain_everyday	5848	0
5724	calc	3559	0
5725	calc	16966	0
5726	abstain_everyday	3562	0
5727	calc	13427	0
5728	lookup	12122	0
5729	lookup	8058	0
5730	calc	2487	0
5731	calc	16427	0
5732	calc	10771	0
5733	abstain_everyday	581	0
5734	lookup	9057	0
5735	calc	19271	0
5736	calc	12666	0
5737	lookup	3837	0
5738	abstain_everyday	3833	0
5739	calc	2647	0
5740	abstain_everyday	1462	0
5741	lookup	5561	0
5742	calc	10785	0
5743	calc	867	0
5744	lookup	430	0
5745	calc	14579	0
5746	abstain_everyday	2277	0
5747	calc	4481	0
5748	lookup	4561	0
5749	lookup	2750	0
5750	calc	10027	0
5751	lookup	7252	0
5752	abstain_everyday	4156	0
5753	calc	4631	0
5754	calc	18388	0
5755	lookup	7755	0
5756	lookup	9610	0
5757	lookup	12277	0
5758	lookup	10141	0
5759	lookup	9203	0
5760	calc	13338	0
5761	lookup	2295	0
5762	calc	19306	0
5763	calc	12671	0
5764	lookup	4171	0
5765	lookup	2266	0
5766	calc	7778	0
5767	calc	7094	0
5768	calc	5335	0
5769	lookup	4566	0
5770	calc	12339	0
5771	calc	8533	0
5772	calc	20052	0
5773	calc	7718	0
5774	lookup	6790	0
5775	abstain_everyday	4935	0
5776	calc	13670	0
5777	abstain_everyday	1165	0
5778	calc	1841	0
5779	lookup	7983	0
5780	calc	15812	0
5781	abstain_everyday	1358	0
5782	lookup	8074	0
5783	lookup	6289	0
5784	calc	16571	0
5785	lookup	11180	0
5786	lookup	3883	0
5787	lookup	1968	0
5788	lookup	8057	0
5789	abstain_everyday	4816	0
5790	calc	15220	0
5791	calc	19944	0
5792	abstain_everyday	3213	0
5793	lookup	10679	0
5794	abstain_everyday	4473	0
5795	lookup	2984	0
5796	calc	20008	0
5797	lookup	5374	0
5798	lookup	9698	0
5799	calc	13841	1
5800	lookup	1179	0
5801	abstain_everyday	476	0
5802	calc	6908	0
5803	abstain_everyday	2411	0
5804	lookup	2689	0
5805	calc	2983	0
5806	calc	17710	0
5807	abstain_everyday	2370	0
5808	lookup	5563	0
5809	calc	442	0
5810	calc	11158	0
5811	calc	9285	0
5812	abstain_everyday	4650	0
5813	calc	11798	0
5814	lookup	801	0
5815	lookup	12353	0
5816	abstain_everyday	3937	0
5817	calc	19973	0
5818	calc	8010	0
5819	calc	6719	0
5820	lookup	4382	0
5821	lookup	11418	0
5822	lookup	10118	0
5823	calc	21033	0
5824	calc	18544	0
5825	calc	19027	0
5826	abstain_everyday	1497	0
5827	lookup	8202	0
5828	lookup	12346	0
5829	calc	14144	0
5830	lookup	5747	0
5831	calc	7981	0
5832	calc	9497	0
5833	lookup	4762	0
5834	abstain_everyday	3533	0
5835	lookup	646	0
5836	calc	3793	0
5837	calc	12906	0
5838	calc	8918	0
5839	calc	18229	0
5840	lookup	993	0
5841	lookup	1404	0
5842	calc	17432	0
5843	calc	20362	0
5844	lookup	4637	0
5845	lookup	5290	0
5846	abstain_everyday	5002	0
5847	calc	19139	0
5848	calc	21009	0
5849	abstain_everyday	152	0
5850	lookup	12632	0
5851	lookup	6109	0
5852	calc	20041	0
5853	calc	6773	0
5854	lookup	6780	0
5855	calc	6098	0
5856	calc	189	0
5857	calc	17464	0
5858	calc	16533	0
5859	calc	2583	0
5860	lookup	7681	0
5861	lookup	2019	0
5862	abstain_everyday	5280	0
5863	calc	19506	0
5864	lookup	6477	0
5865	lookup	10210	0
5866	abstain_everyday	2575	0
5867	calc	19572	0
5868	lookup	882	0
5869	lookup	6556	0
5870	calc	13988	0
5871	calc	16887	0
5872	calc	17073	0
5873	calc	10318	0
5874	calc	13111	0
5875	calc	3416	0
5876	calc	11384	0
5877	abstain_everyday	2185	0
5878	calc	19272	0
5879	abstain_everyday	4025	0
5880	abstain_everyday	3138	0
5881	calc	14370	0
5882	calc	414	0
5883	lookup	5052	0
5884	lookup	5145	0
5885	lookup	1337	0
5886	lookup	3515	0
5887	lookup	5299	0
5888	lookup	1691	0
5889	abstain_everyday	5725	0
5890	calc	6278	0
5891	calc	15173	0
5892	lookup	9535	0
5893	calc	18885	0
5894	calc	16391	1
5895	lookup	4771	0
5896	calc	14258	0
5897	abstain_everyday	1212	0
5898	abstain_everyday	2343	0
5899	calc	16281	0
5900	calc	15289	0
5901	calc	13120	0
5902	lookup	3291	0
5903	abstain_everyday	2218	0
5904	calc	18278	0
5905	calc	9960	0
5906	lookup	321	0
5907	abstain_everyday	5346	0
5908	lookup	3763	0
5909	calc	20748	0
5910	calc	1074	0
5911	calc	4330	0
5912	abstain_everyday	3692	0
5913	calc	6731	0
5914	lookup	4694	0
5915	calc	10854	0
5916	calc	12142	0
5917	lookup	8090	0
5918	calc	20026	0
5919	calc	4367	1
5920	calc	12389	1
5921	lookup	2684	0
5922	calc	13467	1
5923	calc	15322	0
5924	lookup	2866	0
5925	calc	11181	0
5926	abstain_everyday	4528	0
5927	calc	6761	0
5928	abstain_everyday	2825	0
5929	lookup	7349	0
5930	calc	5989	0
5931	calc	8318	0
5932	lookup	3068	0
5933	calc	18619	0
5934	abstain_everyday	2650	0
5935	calc	374	0
5936	calc	6134	0
5937	lookup	6797	0
5938	calc	8317	1
5939	lookup	6216	0
5940	calc	1231	0
5941	lookup	8036	0
5942	calc	10544	1
5943	lookup	2350	0
5944	calc	9185	0
5945	lookup	5141	0
5946	calc	20156	0
5947	calc	1444	0
5948	lookup	3085	0
5949	calc	17255	0
5950	calc	13894	0
5951	calc	6205	0
5952	calc	17713	0
5953	lookup	1256	0
5954	calc	8117	0
5955	lookup	1569	0
5956	lookup	2538	0
5957	calc	17283	0
5958	calc	14302	0
5959	abstain_everyday	194	0
5960	abstain_everyday	2200	0
5961	abstain_everyday	3830	0
5962	lookup	10515	0
5963	lookup	7900	0
5964	calc	3689	0
5965	calc	8596	0
5966	lookup	4039	0
5967	calc	13140	0
5968	calc	7802	0
5969	lookup	7293	0
5970	calc	5068	0
5971	abstain_everyday	1948	0
5972	calc	3066	0
5973	calc	11305	0
5974	calc	6615	0
5975	lookup	7176	0
5976	calc	8040	0
5977	abstain_everyday	1836	0
5978	calc	6152	0
5979	calc	11420	0
5980	lookup	12161	0
5981	calc	8024	0
5982	calc	13591	1
5983	lookup	5082	0
5984	calc	16267	0
5985	lookup	484	0
5986	lookup	12352	0
5987	calc	19294	0
5988	lookup	5216	0
5989	calc	1685	0
5990	calc	8940	0
5991	calc	20796	0
5992	calc	477	0
5993	calc	19287	0
5994	calc	8571	0
5995	calc	17725	0
5996	abstain_everyday	5375	0
5997	lookup	7049	0
5998	calc	10145	0
5999	lookup	10460	0
6000	abstain_everyday	3762	0
6001	calc	7034	0
6002	abstain_everyday	761	0
6003	lookup	2925	0
6004	calc	11659	0
6005	lookup	3908	0
6006	calc	4016	0
6007	calc	19268	0
6008	lookup	9812	0
6009	lookup	5391	0
6010	calc	19664	0
6011	calc	11933	0
6012	calc	12529	0
6013	calc	7990	0
6014	abstain_everyday	18	0
6015	lookup	8243	0
6016	calc	7704	0
6017	abstain_everyday	2589	0
6018	calc	11392	0
6019	abstain_everyday	913	0
6020	calc	18516	0
6021	lookup	9005	0
6022	calc	15145	0
6023	abstain_everyday	1200	0
6024	lookup	11153	0
6025	lookup	12647	0
6026	lookup	10980	0
6027	calc	2099	0
6028	lookup	6666	0
6029	lookup	6384	0
6030	calc	12415	0
6031	calc	20464	0
6032	calc	4792	0
6033	calc	585	1
6034	calc	14161	0
6035	calc	2225	0
6036	calc	3009	0
6037	lookup	5845	0
6038	calc	19941	0
6039	abstain_everyday	4252	0
6040	lookup	11595	0
6041	calc	9812	0
6042	lookup	11088	0
6043	lookup	4715	0
6044	calc	17911	0
6045	calc	20707	0
6046	calc	8245	0
6047	lookup	4985	0
6048	calc	14139	0
6049	calc	13090	0
6050	calc	2555	0
6051	lookup	12532	0
6052	calc	2853	0
6053	calc	1191	0
6054	calc	626	0
6055	calc	12417	0
6056	calc	9505	0
6057	lookup	10257	0
6058	calc	3596	0
6059	abstain_everyday	2652	0
6060	calc	15825	1
6061	calc	9381	0
6062	calc	11820	0
6063	calc	16963	0
6064	abstain_everyday	2556	0
6065	calc	9998	0
6066	calc	15104	0
6067	calc	7954	0
6068	calc	4975	0
6069	lookup	5129	0
6070	calc	16620	0
6071	lookup	1069	0
6072	lookup	12035	0
6073	lookup	10288	0
6074	lookup	11309	0
6075	calc	17853	0
6076	calc	19205	0
6077	calc	14501	0
6078	calc	17361	0
6079	calc	13771	0
6080	calc	20068	0
6081	lookup	625	0
6082	lookup	4248	0
6083	calc	17044	0
6084	calc	1233	0
6085	abstain_everyday	3960	0
6086	lookup	6619	0
6087	abstain_everyday	3930	0
6088	lookup	1410	0
6089	abstain_everyday	4831	0
6090	lookup	2775	0
6091	calc	7059	1
6092	calc	9522	0
6093	calc	15734	0
6094	abstain_everyday	1352	0
6095	lookup	6044	0
6096	calc	9611	0
6097	calc	15437	0
6098	lookup	2124	0
6099	calc	18656	0
6100	lookup	3642	0
6101	calc	4997	0
6102	lookup	9397	0
6103	lookup	9015	0
6104	abstain_everyday	347	0
6105	lookup	7203	0
6106	calc	1116	0
6107	lookup	11863	0
6108	calc	4162	0
6109	calc	5027	0
6110	abstain_everyday	1843	0
6111	lookup	3672	0
6112	lookup	9924	0
6113	lookup	1063	0
6114	calc	12205	0
6115	abstain_everyday	5491	0
6116	abstain_everyday	1971	0
6117	calc	20298	0
6118	lookup	6868	0
6119	abstain_everyday	1882	0
6120	calc	11842	0
6121	lookup	1342	0
6122	lookup	10447	0
6123	calc	16798	0
6124	lookup	3530	0
6125	calc	2870	0
6126	calc	9518	0
6127	abstain_everyday	631	0
6128	lookup	10494	0
6129	lookup	8797	0
6130	lookup	10892	0
6131	calc	11914	0
6132	calc	9137	0
6133	calc	5375	0
6134	lookup	5017	0
6135	calc	19303	0
6136	abstain_everyday	240	0
6137	lookup	9780	0
6138	calc	14492	0
6139	lookup	4450	0
6140	lookup	10044	0
6141	lookup	9825	0
6142	abstain_everyday	3250	0
6143	abstain_everyday	2984	0
6144	calc	20140	0
6145	lookup	1122	0
6146	calc	16673	0
6147	calc	19388	1
6148	lookup	7413	0
6149	calc	5545	0
6150	calc	20781	0
6151	calc	1966	1
6152	calc	13927	0
6153	calc	16132	0
6154	calc	3940	0
6155	calc	1433	0
6156	abstain_everyday	781	0
6157	calc	15462	0
6158	lookup	5557	0
6159	calc	11759	0
6160	calc	15874	0
6161	lookup	6743	0
6162	lookup	11927	0
6163	calc	4230	0
6164	calc	14952	0
6165	calc	6834	0
6166	lookup	2805	0
6167	lookup	5553	0
6168	calc	10923	0
6169	calc	6230	0
6170	lookup	4502	0
6171	lookup	9507	0
6172	calc	18826	0
6173	lookup	66	0
6174	calc	5436	0
6175	calc	19144	0
6176	lookup	5534	0
6177	lookup	10522	0
6178	calc	5208	0
6179	calc	13390	0
6180	calc	15499	0
6181	calc	7988	0
6182	abstain_everyday	5376	0
6183	lookup	5954	0
6184	abstain_everyday	2254	0
6185	lookup	5670	0
6186	abstain_everyday	5631	0
6187	abstain_everyday	50	0
6188	abstain_everyday	1267	0
6189	abstain_everyday	5400	0
6190	abstain_everyday	4985	0
6191	abstain_everyday	312	0
6192	abstain_everyday	5477	0
6193	lookup	10053	0
6194	lookup	7679	0
6195	abstain_everyday	565	0
6196	abstain_everyday	1310	0
6197	calc	12960	0
6198	calc	8921	0
6199	lookup	11757	0
6200	calc	16147	0
6201	calc	4214	0
6202	lookup	9585	0
6203	lookup	4546	0
6204	calc	16222	0
6205	calc	3556	0
6206	calc	17827	0
6207	calc	10957	0
6208	lookup	10938	0
6209	calc	9642	0
6210	calc	12385	0
6211	abstain_everyday	3888	0
6212	calc	8287	0
6213	calc	10174	0
6214	calc	2950	0
6215	calc	5044	0
6216	calc	11724	0
6217	calc	9733	0
6218	abstain_everyday	3378	0
6219	calc	17823	0
6220	calc	15361	1
6221	calc	16352	0
6222	lookup	9944	0
6223	calc	12952	0
6224	calc	20409	0
6225	calc	5630	0
6226	abstain_everyday	979	0
6227	lookup	11330	0
6228	calc	4774	0
6229	calc	5605	0
6230	abstain_everyday	2692	0
6231	lookup	589	0
6232	calc	13913	0
6233	lookup	7031	0
6234	calc	17460	0
6235	lookup	2797	0
6236	calc	17130	0
6237	calc	10269	0
6238	lookup	5114	0
6239	calc	4128	0
6240	calc	4431	0
6241	calc	4862	1
6242	calc	691	0
6243	calc	7036	0
6244	lookup	7623	0
6245	lookup	12916	0
6246	calc	7183	0
6247	lookup	5244	0
6248	calc	15819	0
6249	abstain_everyday	3685	0
6250	calc	2690	0
6251	calc	20001	0
6252	calc	10040	0
6253	calc	15034	0
6254	abstain_everyday	2531	0
6255	calc	13630	0
6256	lookup	569	0
6257	abstain_everyday	2044	0
6258	calc	19135	0
6259	calc	10235	0
6260	calc	14570	0
6261	abstain_everyday	1789	0
6262	calc	12814	0
6263	lookup	5202	0
6264	lookup	6345	0
6265	abstain_everyday	2295	0
6266	calc	15207	0
6267	calc	8923	1
6268	calc	7474	0
6269	calc	14507	0
6270	lookup	9583	0
6271	calc	18585	0
6272	calc	13570	0
6273	calc	14321	0
6274	lookup	12217	0
6275	lookup	9298	0
6276	calc	9981	0
6277	calc	11904	0
6278	calc	1466	0
6279	abstain_everyday	5045	0
6280	calc	2213	0
6281	lookup	410	0
6282	lookup	9720	0
6283	abstain_everyday	4383	0
6284	abstain_everyday	2440	0
6285	calc	15390	0
6286	calc	16364	0
6287	calc	12374	0
6288	calc	19116	0
6289	calc	372	1
6290	calc	2118	0
6291	lookup	9479	0
6292	lookup	9368	0
6293	lookup	3499	0
6294	calc	15306	0
6295	calc	20394	0
6296	calc	1298	0
6297	calc	3861	0
6298	calc	8237	0
6299	calc	4896	0
6300	calc	15068	0
6301	calc	4840	0
6302	lookup	4977	0
6303	calc	739	0
6304	lookup	2613	0
6305	calc	14897	0
6306	calc	12396	0
6307	calc	12649	0
6308	calc	18790	0
6309	calc	9331	0
6310	calc	8707	0
6311	lookup	3772	0
6312	calc	13535	0
6313	lookup	12094	0
6314	abstain_everyday	3471	0
6315	abstain_everyday	2579	0
6316	calc	20603	0
6317	lookup	7938	0
6318	calc	8058	0
6319	lookup	12600	0
6320	abstain_everyday	3136	0
6321	calc	18158	0
6322	calc	17210	0
6323	calc	3242	0
6324	lookup	1784	0
6325	lookup	11264	0
6326	calc	8059	0
6327	lookup	8991	0
6328	calc	11367	0
6329	lookup	184	0
6330	lookup	6415	0
6331	lookup	10884	0
6332	calc	499	0
6333	calc	2556	0
6334	calc	10362	0
6335	abstain_everyday	4177	0
6336	lookup	2706	0
6337	calc	6872	0
6338	lookup	5851	0
6339	calc	10958	0
6340	lookup	12879	0
6341	calc	19923	0
6342	calc	12305	0
6343	lookup	6437	0
6344	abstain_everyday	3238	0
6345	lookup	12496	0
6346	abstain_everyday	339	0
6347	abstain_everyday	2549	0
6348	calc	3377	0
6349	abstain_everyday	5867	0
6350	lookup	3088	0
6351	calc	14887	0
6352	calc	11909	0
6353	lookup	5485	0
6354	calc	1146	0
6355	calc	9838	0
6356	lookup	10467	0
6357	calc	19012	0
6358	calc	1749	0
6359	calc	16820	0
6360	lookup	5916	0
6361	calc	3083	0
6362	calc	15933	0
6363	calc	16701	0
6364	calc	4069	0
6365	lookup	4631	0
6366	calc	12761	0
6367	calc	16895	0
6368	lookup	98	0
6369	calc	3863	0
6370	lookup	878	0
6371	lookup	1118	0
6372	calc	11980	0
6373	lookup	7783	0
6374	calc	12683	0
6375	calc	17511	0
6376	calc	14113	0
6377	lookup	9081	0
6378	abstain_everyday	1751	0
6379	calc	17597	0
6380	calc	7	0
6381	calc	191	0
6382	abstain_everyday	632	0
6383	lookup	1212	0
6384	abstain_everyday	64	0
6385	calc	8433	0
6386	calc	19727	0
6387	calc	4569	0
6388	calc	19680	0
6389	abstain_everyday	3261	0
6390	calc	8666	0
6391	abstain_everyday	2121	0
6392	calc	3883	0
6393	calc	9029	0
6394	lookup	3000	0
6395	lookup	1117	0
6396	calc	5287	0
6397	abstain_everyday	5810	0
6398	calc	6310	1
6399	calc	6042	0
6400	calc	939	0
6401	abstain_everyday	1072	0
6402	calc	9655	0
6403	calc	16949	0
6404	lookup	1928	0
6405	calc	13792	0
6406	calc	20933	0
6407	lookup	5618	0
6408	calc	743	0
6409	lookup	5439	0
6410	lookup	9650	0
6411	lookup	355	0
6412	calc	2816	0
6413	calc	10259	0
6414	calc	19063	0
6415	calc	11665	0
6416	calc	18236	0
6417	lookup	3455	0
6418	lookup	642	0
6419	calc	20113	0
6420	calc	20811	0
6421	lookup	11546	0
6422	lookup	5663	0
6423	calc	13560	0
6424	calc	12135	1
6425	lookup	10361	0
6426	calc	18982	0
6427	lookup	167	0
6428	lookup	8673	0
6429	abstain_everyday	2140	0
6430	abstain_everyday	3852	0
6431	calc	3091	0
6432	calc	690	0
6433	abstain_everyday	758	0
6434	calc	10194	0
6435	lookup	9402	0
6436	lookup	7432	0
6437	calc	19085	0
6438	calc	10677	0
6439	calc	16480	0
6440	lookup	10214	0
6441	lookup	11022	0
6442	calc	12708	0
6443	calc	13450	0
6444	calc	20237	0
6445	lookup	5744	0
6446	calc	15242	0
6447	lookup	4455	0
6448	calc	10352	0
6449	lookup	5909	0
6450	calc	6985	0
6451	abstain_everyday	4494	0
6452	abstain_everyday	3161	0
6453	calc	8404	0
6454	lookup	8079	0
6455	calc	13529	0
6456	calc	10067	0
6457	lookup	9384	0
6458	calc	12466	0
6459	calc	13889	0
6460	calc	8405	0
6461	calc	15395	0
6462	lookup	5081	0
6463	abstain_everyday	645	0
6464	abstain_everyday	623	0
6465	calc	13737	0
6466	abstain_everyday	95	0
6467	calc	13251	0
6468	calc	10881	0
6469	abstain_everyday	543	0
6470	abstain_everyday	1822	0
6471	calc	13106	0
6472	calc	2558	0
6473	lookup	7220	0
6474	calc	8908	0
6475	calc	18849	0
6476	lookup	773	0
6477	calc	6397	0
6478	lookup	10551	0
6479	calc	15809	0
6480	calc	8669	0
6481	abstain_everyday	1663	0
6482	calc	18234	0
6483	calc	16256	1
6484	calc	19551	0
6485	abstain_everyday	3678	0
6486	calc	9136	0
6487	calc	4374	0
6488	calc	5649	0
6489	calc	19991	0
6490	lookup	4305	0
6491	calc	15815	0
6492	calc	8246	0
6493	calc	2989	0
6494	abstain_everyday	3394	0
6495	calc	12394	0
6496	calc	10282	1
6497	abstain_everyday	1572	0
6498	abstain_everyday	5834	0
6499	calc	20778	0
6500	calc	3338	0
6501	calc	15167	0
6502	calc	18624	0
6503	abstain_everyday	473	0
6504	abstain_everyday	2011	0
6505	calc	78	0
6506	calc	20580	0
6507	lookup	10746	0
6508	abstain_everyday	224	0
6509	lookup	11144	0
6510	lookup	8576	0
6511	lookup	5171	0
6512	lookup	12594	0
6513	lookup	5708	0
6514	calc	5166	0
6515	lookup	10130	0
6516	calc	9346	0
6517	calc	21016	0
6518	lookup	8793	0
6519	abstain_everyday	3128	0
6520	calc	1592	0
6521	calc	16295	0
6522	lookup	3720	0
6523	calc	3975	0
6524	calc	19222	0
6525	lookup	292	0
6526	calc	9964	0
6527	calc	4114	0
6528	lookup	4413	0
6529	lookup	1013	0
6530	lookup	417	0
6531	lookup	5707	0
6532	calc	15224	0
6533	calc	18429	0
6534	calc	14051	0
6535	abstain_everyday	1382	0
6536	abstain_everyday	3853	0
6537	calc	17575	0
6538	calc	7139	0
6539	calc	14913	0
6540	abstain_everyday	5294	0
6541	calc	8496	0
6542	abstain_everyday	964	0
6543	abstain_everyday	2392	0
6544	calc	11398	0
6545	abstain_everyday	1398	0
6546	calc	14075	0
6547	calc	12349	1
6548	calc	11048	0
6549	calc	4324	0
6550	calc	18611	0
6551	lookup	11722	0
6552	calc	9590	0
6553	calc	16137	0
6554	lookup	9898	0
6555	abstain_everyday	4464	0
6556	calc	14685	0
6557	calc	4617	0
6558	lookup	2741	0
6559	calc	13413	0
6560	abstain_everyday	4639	0
6561	lookup	2838	0
6562	calc	14106	0
6563	lookup	8073	0
6564	lookup	9789	0
6565	calc	9856	0
6566	lookup	4660	0
6567	abstain_everyday	4997	0
6568	calc	9007	0
6569	calc	6742	0
6570	calc	13649	0
6571	calc	16365	0
6572	calc	11583	0
6573	calc	12048	0
6574	abstain_everyday	4144	0
6575	lookup	12476	0
6576	abstain_everyday	5307	0
6577	lookup	8295	0
6578	calc	18191	0
6579	calc	15483	0
6580	calc	14170	0
6581	lookup	8172	0
6582	calc	19112	0
6583	abstain_everyday	3454	0
6584	lookup	3353	0
6585	calc	6592	0
6586	calc	2109	0
6587	calc	6264	0
6588	calc	8606	0
6589	calc	11827	0
6590	calc	4848	0
6591	calc	6739	0
6592	calc	8698	0
6593	lookup	12712	0
6594	calc	5466	0
6595	abstain_everyday	2439	0
6596	calc	7726	0
6597	lookup	1120	0
6598	lookup	4961	0
6599	lookup	2392	0
6600	calc	9697	0
6601	calc	7865	0
6602	calc	4560	0
6603	lookup	9303	0
6604	calc	12976	0
6605	calc	15743	0
6606	calc	11959	0
6607	abstain_everyday	191	0
6608	calc	5397	0
6609	abstain_everyday	1812	0
6610	lookup	10930	0
6611	calc	9971	0
6612	calc	9099	0
6613	lookup	8470	0
6614	calc	14869	0
6615	abstain_everyday	5798	0
6616	calc	3351	0
6617	lookup	6264	0
6618	lookup	368	0
6619	lookup	9894	0
6620	abstain_everyday	2585	0
6621	abstain_everyday	1133	0
6622	calc	10567	1
6623	calc	3105	0
6624	lookup	3618	0
6625	lookup	36	0
6626	calc	16457	0
6627	calc	11654	0
6628	calc	15719	0
6629	calc	8939	0
6630	calc	3370	0
6631	lookup	2926	0
6632	calc	18896	0
6633	calc	16413	0
6634	calc	12729	0
6635	calc	5493	0
6636	lookup	11390	0
6637	calc	11797	0
6638	lookup	7179	0
6639	calc	6817	0
6640	lookup	9048	0
6641	calc	18549	0
6642	calc	1197	0
6643	calc	9813	1
6644	lookup	12271	0
6645	calc	1409	0
6646	abstain_everyday	4925	0
6647	calc	15154	0
6648	calc	4351	0
6649	calc	20111	0
6650	abstain_everyday	1700	0
6651	lookup	8599	0
6652	abstain_everyday	5085	0
6653	lookup	10041	0
6654	calc	1064	0
6655	calc	6324	0
6656	lookup	9567	0
6657	calc	19570	0
6658	calc	7351	0
6659	lookup	1936	0
6660	lookup	8049	0
6661	lookup	829	0
6662	calc	1588	0
6663	lookup	2044	0
6664	calc	171	0
6665	calc	17947	0
6666	calc	18106	0
6667	calc	49	1
6668	calc	3756	0
6669	calc	13887	0
6670	lookup	1799	0
6671	calc	3401	0
6672	calc	3348	0
6673	abstain_everyday	3360	0
6674	calc	20043	0
6675	abstain_everyday	3041	0
6676	calc	388	0
6677	calc	5969	0
6678	lookup	7172	0
6679	calc	11123	0
6680	lookup	1761	0
6681	abstain_everyday	3816	0
6682	abstain_everyday	5437	0
6683	calc	12917	0
6684	lookup	2533	0
6685	calc	8178	0
6686	abstain_everyday	1164	0
6687	calc	5509	0
6688	calc	18124	0
6689	calc	13547	0
6690	calc	20395	0
6691	calc	2486	1
6692	calc	4916	0
6693	calc	4934	0
6694	abstain_everyday	5178	0
6695	abstain_everyday	4752	0
6696	lookup	1371	0
6697	calc	5452	0
6698	calc	16925	0
6699	calc	16021	0
6700	lookup	7592	0
6701	calc	4718	0
6702	lookup	9116	0
6703	lookup	720	0
6704	lookup	3588	0
6705	calc	10600	0
6706	calc	10074	0
6707	lookup	3245	0
6708	calc	11867	0
6709	calc	18339	0
6710	calc	14055	0
6711	calc	362	0
6712	calc	640	0
6713	lookup	5295	0
6714	lookup	10918	0
6715	calc	5421	0
6716	abstain_everyday	1987	0
6717	calc	5840	0
6718	abstain_everyday	4157	0
6719	lookup	3474	0
6720	lookup	4688	0
6721	lookup	3006	0
6722	lookup	5554	0
6723	abstain_everyday	3721	0
6724	abstain_everyday	643	0
6725	abstain_everyday	5571	0
6726	calc	8334	0
6727	abstain_everyday	2628	0
6728	lookup	915	0
6729	calc	18258	0
6730	lookup	8320	0
6731	lookup	9071	0
6732	calc	16407	0
6733	calc	8665	0
6734	lookup	10261	0
6735	lookup	10568	0
6736	abstain_everyday	1168	0
6737	lookup	1089	0
6738	calc	4008	0
6739	calc	9112	0
6740	abstain_everyday	1754	0
6741	abstain_everyday	4710	0
6742	calc	16444	0
6743	lookup	8631	0
6744	calc	16416	0
6745	calc	8527	0
6746	lookup	11797	0
6747	lookup	1418	0
6748	lookup	8791	0
6749	abstain_everyday	94	0
6750	calc	6521	0
6751	calc	2214	0
6752	calc	10724	0
6753	abstain_everyday	814	0
6754	lookup	12156	0
6755	calc	1747	0
6756	calc	19638	0
6757	lookup	1084	0
6758	calc	5521	0
6759	lookup	8396	0
6760	calc	2461	0
6761	lookup	10415	0
6762	abstain_everyday	629	0
6763	abstain_everyday	3902	0
6764	calc	7576	1
6765	calc	10005	0
6766	lookup	10155	0
6767	lookup	1292	0
6768	lookup	3810	0
6769	calc	2915	0
6770	lookup	635	0
6771	calc	4184	0
6772	lookup	12220	0
6773	calc	14485	0
6774	calc	4224	0
6775	calc	9344	0
6776	calc	11613	0
6777	lookup	6052	0
6778	calc	16904	0
6779	calc	17288	1
6780	calc	1087	0
6781	calc	1756	0
6782	calc	7646	0
6783	abstain_everyday	3209	0
6784	abstain_everyday	4542	0
6785	lookup	6529	0
6786	calc	2168	0
6787	calc	8926	0
6788	lookup	6096	0
6789	lookup	5741	0
6790	lookup	2000	0
6791	lookup	8618	0
6792	lookup	8233	0
6793	calc	4663	0
6794	calc	537	0
6795	lookup	1041	0
6796	lookup	5190	0
6797	abstain_everyday	2581	0
6798	calc	2856	0
6799	calc	13335	0
6800	calc	4919	0
6801	lookup	345	0
6802	calc	15755	0
6803	calc	2504	0
6804	calc	20147	1
6805	calc	369	0
6806	calc	4183	0
6807	calc	12236	0
6808	calc	1709	0
6809	calc	20229	0
6810	abstain_everyday	3249	0
6811	lookup	415	0
6812	lookup	9857	0
6813	calc	11662	0
6814	abstain_everyday	1983	0
6815	calc	11955	0
6816	calc	19427	0
6817	calc	8336	0
6818	calc	20923	1
6819	lookup	2587	0
6820	calc	62	0
6821	calc	15459	0
6822	lookup	3840	0
6823	lookup	9794	0
6824	calc	7617	0
6825	lookup	12152	0
6826	calc	6195	0
6827	calc	4982	0
6828	lookup	4981	0
6829	abstain_everyday	801	0
6830	lookup	9787	0
6831	calc	8199	0
6832	calc	15151	0
6833	calc	19341	0
6834	lookup	4741	0
6835	calc	14779	0
6836	lookup	8032	0
6837	lookup	10572	0
6838	abstain_everyday	5325	0
6839	lookup	12562	0
6840	calc	19094	0
6841	abstain_everyday	3356	0
6842	calc	2794	0
6843	abstain_everyday	1322	0
6844	calc	2518	0
6845	lookup	11132	0
6846	calc	5433	0
6847	calc	11927	0
6848	calc	18517	0
6849	calc	16414	0
6850	abstain_everyday	2800	0
6851	calc	3018	0
6852	calc	17645	0
6853	calc	17977	0
6854	lookup	12284	0
6855	calc	15999	0
6856	calc	3614	0
6857	abstain_everyday	5757	0
6858	calc	9777	1
6859	abstain_everyday	5634	0
6860	calc	10500	0
6861	lookup	5196	0
6862	lookup	8428	0
6863	lookup	10830	0
6864	lookup	4189	0
6865	calc	1365	0
6866	calc	13749	0
6867	lookup	505	0
6868	lookup	11694	0
6869	lookup	8285	0
6870	calc	18942	0
6871	calc	8483	0
6872	lookup	1741	0
6873	lookup	8534	0
6874	calc	7213	0
6875	calc	10285	0
6876	calc	12373	0
6877	abstain_everyday	5408	0
6878	calc	8447	0
6879	calc	3391	0
6880	abstain_everyday	1195	0
6881	abstain_everyday	2248	0
6882	calc	8852	0
6883	abstain_everyday	825	0
6884	calc	4262	0
6885	calc	19098	0
6886	calc	2689	0
6887	calc	5743	0
6888	calc	6103	0
6889	lookup	1078	0
6890	lookup	456	0
6891	calc	4723	0
6892	calc	15394	0
6893	abstain_everyday	4392	0
6894	calc	3292	0
6895	calc	7174	0
6896	calc	8813	0
6897	calc	1603	0
6898	lookup	4440	0
6899	calc	9833	0
6900	lookup	805	0
6901	calc	2730	0
6902	calc	11586	0
6903	calc	17622	0
6904	calc	11190	0
6905	calc	9237	0
6906	calc	3135	0
6907	calc	7044	0
6908	abstain_everyday	3123	0
6909	calc	11725	0
6910	calc	12252	0
6911	abstain_everyday	2332	0
6912	calc	13931	0
6913	calc	10364	1
6914	lookup	12006	0
6915	lookup	6366	0
6916	calc	5579	0
6917	lookup	5298	0
6918	calc	6899	0
6919	calc	3991	0
6920	lookup	4222	0
6921	calc	16562	0
6922	calc	13098	0
6923	abstain_everyday	2201	0
6924	abstain_everyday	2875	0
6925	abstain_everyday	65	0
6926	calc	6118	0
6927	calc	1615	0
6928	calc	18752	0
6929	abstain_everyday	2165	0
6930	calc	8135	1
6931	lookup	3076	0
6932	lookup	6559	0
6933	lookup	12645	0
6934	lookup	9672	0
6935	calc	5482	0
6936	lookup	2122	0
6937	lookup	12133	0
6938	calc	4012	0
6939	calc	8168	0
6940	lookup	322	0
6941	lookup	1240	0
6942	lookup	7321	0
6943	calc	10936	1
6944	abstain_everyday	361	0
6945	abstain_everyday	3368	0
6946	calc	11380	0
6947	lookup	602	0
6948	lookup	11215	0
6949	calc	755	1
6950	abstain_everyday	2461	0
6951	calc	8254	0
6952	lookup	3693	0
6953	lookup	8713	0
6954	calc	801	0
6955	calc	17320	0
6956	calc	6117	0
6957	lookup	9437	0
6958	lookup	8304	0
6959	calc	16801	0
6960	calc	8650	0
6961	calc	18841	0
6962	abstain_everyday	4888	0
6963	lookup	12658	0
6964	calc	4707	0
6965	calc	8146	0
6966	lookup	7153	0
6967	calc	15213	0
6968	calc	8781	0
6969	lookup	1119	0
6970	abstain_everyday	3434	0
6971	lookup	12792	0
6972	lookup	6617	0
6973	calc	2260	0
6974	calc	5808	0
6975	lookup	12653	0
6976	abstain_everyday	3798	0
6977	calc	954	0
6978	calc	10754	0
6979	calc	11270	0
6980	lookup	12253	0
6981	abstain_everyday	46	0
6982	calc	14563	0
6983	lookup	2902	0
6984	calc	1684	0
6985	lookup	11965	0
6986	calc	10875	0
6987	lookup	10064	0
6988	abstain_everyday	176	0
6989	calc	18016	0
6990	calc	13557	0
6991	calc	4533	0
6992	abstain_everyday	3602	0
6993	lookup	3850	0
6994	calc	10839	0
6995	lookup	9305	0
6996	lookup	6315	0
6997	lookup	6849	0
6998	calc	20023	0
6999	calc	10320	0
7000	calc	16242	0
7001	calc	12899	0
7002	calc	13485	0
7003	abstain_everyday	4600	0
7004	calc	3529	0
7005	abstain_everyday	2598	0
7006	calc	20528	0
7007	calc	5581	0
7008	calc	12867	0
7009	abstain_everyday	1621	0
7010	calc	10690	0
7011	calc	7925	0
7012	calc	6038	0
7013	abstain_everyday	3001	0
7014	abstain_everyday	4965	0
7015	calc	10996	0
7016	calc	7425	0
7017	abstain_everyday	483	0
7018	calc	48	1
7019	lookup	10899	0
7020	calc	16410	0
7021	calc	8471	0
7022	lookup	7286	0
7023	calc	7769	0
7024	lookup	5256	0
7025	calc	11364	0
7026	calc	5282	0
7027	calc	15669	0
7028	lookup	2008	0
7029	abstain_everyday	3517	0
7030	calc	3293	0
7031	lookup	12030	0
7032	calc	1772	0
7033	abstain_everyday	3254	0
7034	abstain_everyday	5819	0
7035	abstain_everyday	1778	0
7036	lookup	6162	0
7037	calc	3211	0
7038	calc	13727	0
7039	calc	15003	0
7040	calc	20658	0
7041	calc	16042	0
7042	lookup	2536	0
7043	calc	4766	0
7044	lookup	10854	0
7045	calc	14792	0
7046	calc	16429	0
7047	lookup	11638	0
7048	calc	2418	0
7049	calc	17238	0
7050	lookup	12012	0
7051	lookup	5530	0
7052	lookup	11101	0
7053	abstain_everyday	229	0
7054	calc	4725	0
7055	lookup	4503	0
7056	calc	19779	0
7057	calc	17734	1
7058	lookup	4910	0
7059	lookup	189	0
7060	calc	20293	0
7061	lookup	3213	0
7062	lookup	12034	0
7063	lookup	3250	0
7064	calc	12397	0
7065	calc	16420	0
7066	calc	6211	1
7067	calc	14220	0
7068	calc	17186	0
7069	calc	15493	0
7070	calc	11402	0
7071	calc	19090	0
7072	lookup	3457	0
7073	calc	3777	0
7074	lookup	8527	0
7075	calc	5232	0
7076	lookup	5227	0
7077	calc	16244	0
7078	abstain_everyday	5508	0
7079	calc	5818	0
7080	abstain_everyday	4116	0
7081	lookup	12930	0
7082	calc	12815	0
7083	lookup	9491	0
7084	abstain_everyday	1873	0
7085	lookup	2874	0
7086	calc	12277	0
7087	lookup	1226	0
7088	calc	13576	0
7089	calc	9690	0
7090	lookup	7396	0
7091	abstain_everyday	2441	0
7092	lookup	8932	0
7093	abstain_everyday	1860	0
7094	lookup	4512	0
7095	calc	35	0
7096	calc	13078	0
7097	calc	5007	0
7098	calc	19147	0
7099	abstain_everyday	2827	0
7100	calc	20577	0
7101	abstain_everyday	1682	0
7102	calc	1880	0
7103	lookup	9903	0
7104	calc	10778	0
7105	calc	19701	0
7106	calc	12858	0
7107	calc	10050	0
7108	lookup	11747	0
7109	lookup	7942	0
7110	lookup	11480	0
7111	lookup	8260	0
7112	calc	16251	0
7113	abstain_everyday	5668	0
7114	lookup	4918	0
7115	abstain_everyday	3433	0
7116	calc	15133	0
7117	calc	13073	0
7118	lookup	1526	0
7119	lookup	12626	0
7120	lookup	2981	0
7121	abstain_everyday	1055	0
7122	calc	8874	0
7123	calc	21034	0
7124	calc	12705	0
7125	lookup	7477	0
7126	abstain_everyday	3432	0
7127	calc	16393	0
7128	lookup	5154	0
7129	calc	13597	0
7130	calc	11623	0
7131	calc	15571	0
7132	lookup	8408	0
7133	calc	6455	0
7134	lookup	5434	0
7135	abstain_everyday	1036	0
7136	calc	9312	0
7137	calc	14410	0
7138	abstain_everyday	5132	0
7139	calc	5273	0
7140	lookup	12788	0
7141	calc	13674	0
7142	calc	5926	0
7143	calc	7380	0
7144	calc	2406	1
7145	calc	13418	0
7146	lookup	1093	0
7147	calc	7357	0
7148	calc	6349	0
7149	lookup	8863	0
7150	lookup	6000	0
7151	abstain_everyday	5628	0
7152	calc	17717	0
7153	lookup	7931	0
7154	abstain_everyday	5342	0
7155	lookup	3990	0
7156	lookup	9638	0
7157	calc	15005	0
7158	calc	13389	0
7159	lookup	1610	0
7160	calc	20400	1
7161	calc	12031	0
7162	calc	5650	0
7163	calc	829	0
7164	abstain_everyday	5883	0
7165	lookup	1224	0
7166	lookup	12672	0
7167	calc	14452	1
7168	abstain_everyday	3131	0
7169	lookup	6269	0
7170	calc	17315	0
7171	calc	15501	0
7172	lookup	6110	0
7173	calc	2687	0
7174	lookup	12615	0
7175	calc	11833	0
7176	calc	19334	0
7177	calc	1515	0
7178	lookup	12499	0
7179	calc	5674	0
7180	calc	21046	0
7181	calc	3146	0
7182	calc	16519	0
7183	calc	1970	0
7184	lookup	5583	0
7185	lookup	9293	0
7186	calc	20096	0
7187	lookup	2718	0
7188	lookup	2744	0
7189	lookup	9821	0
7190	calc	18038	0
7191	abstain_everyday	5722	0
7192	lookup	8103	0
7193	calc	2709	0
7194	abstain_everyday	3837	0
7195	abstain_everyday	3968	0
7196	abstain_everyday	3093	0
7197	calc	16504	0
7198	calc	17455	0
7199	lookup	11504	0
7200	calc	1190	0
7201	calc	11607	0
7202	calc	5396	0
7203	calc	11639	0
7204	lookup	12536	0
7205	abstain_everyday	4057	0
7206	lookup	11766	0
7207	calc	9747	0
7208	calc	8720	0
7209	abstain_everyday	2258	0
7210	calc	6983	0
7211	lookup	9676	0
7212	lookup	3483	0
7213	calc	7018	0
7214	calc	1283	0
7215	lookup	6955	0
7216	abstain_everyday	305	0
7217	calc	4704	0
7218	lookup	9524	0
7219	calc	6975	0
7220	lookup	4506	0
7221	calc	2080	0
7222	lookup	11364	0
7223	abstain_everyday	2384	0
7224	calc	9769	0
7225	lookup	1536	0
7226	lookup	10360	0
7227	calc	6032	0
7228	abstain_everyday	1040	0
7229	calc	3482	0
7230	calc	21044	0
7231	lookup	8294	0
7232	lookup	9748	0
7233	lookup	300	0
7234	lookup	9481	0
7235	calc	1804	0
7236	calc	3757	0
7237	calc	12214	0
7238	lookup	12799	0
7239	lookup	4203	0
7240	lookup	364	0
7241	lookup	7901	0
7242	calc	15575	0
7243	calc	6273	0
7244	calc	11100	0
7245	calc	6346	0
7246	lookup	11894	0
7247	calc	16273	0
7248	abstain_everyday	3408	0
7249	abstain_everyday	4117	0
7250	calc	6538	0
7251	calc	8797	0
7252	abstain_everyday	815	0
7253	calc	9588	0
7254	calc	16254	0
7255	lookup	10101	0
7256	lookup	1450	0
7257	lookup	8093	0
7258	calc	18454	0
7259	calc	12324	0
7260	abstain_everyday	4286	0
7261	calc	1097	0
7262	calc	2292	0
7263	calc	6399	0
7264	calc	4802	0
7265	abstain_everyday	4194	0
7266	lookup	8334	0
7267	calc	20076	0
7268	calc	58	0
7269	abstain_everyday	266	0
7270	lookup	11252	0
7271	lookup	9292	0
7272	lookup	7505	0
7273	calc	11498	0
7274	calc	19445	0
7275	abstain_everyday	1540	0
7276	lookup	2420	0
7277	calc	7060	0
7278	calc	14818	0
7279	lookup	10088	0
7280	calc	3577	0
7281	calc	19681	0
7282	abstain_everyday	1210	0
7283	calc	12764	0
7284	calc	6620	0
7285	lookup	7991	0
7286	calc	1861	0
7287	calc	2302	0
7288	lookup	7340	0
7289	calc	4769	0
7290	calc	17752	0
7291	abstain_everyday	870	0
7292	calc	1178	1
7293	abstain_everyday	126	0
7294	calc	18933	0
7295	lookup	5999	0
7296	calc	19530	0
7297	lookup	3836	0
7298	lookup	622	0
7299	calc	19450	0
7300	calc	4656	0
7301	lookup	4655	0
7302	calc	14454	0
7303	calc	15393	0
7304	calc	17715	0
7305	lookup	5950	0
7306	lookup	10910	0
7307	lookup	4165	0
7308	lookup	12023	0
7309	calc	3379	0
7310	calc	19969	0
7311	calc	18767	0
7312	lookup	12351	0
7313	calc	10132	0
7314	abstain_everyday	1619	0
7315	lookup	8507	0
7316	calc	8944	0
7317	calc	770	0
7318	lookup	6599	0
7319	calc	13320	0
7320	lookup	6870	0
7321	lookup	521	0
7322	calc	6440	0
7323	calc	14522	0
7324	lookup	11160	0
7325	calc	8667	0
7326	abstain_everyday	5339	0
7327	calc	15976	1
7328	abstain_everyday	2365	0
7329	calc	3183	0
7330	calc	17646	0
7331	abstain_everyday	3503	0
7332	calc	8636	0
7333	lookup	3312	0
7334	abstain_everyday	752	0
7335	calc	17170	0
7336	lookup	10197	0
7337	lookup	8625	0
7338	calc	17426	0
7339	lookup	4099	0
7340	lookup	1531	0
7341	lookup	466	0
7342	lookup	8761	0
7343	calc	16026	0
7344	calc	17698	0
7345	calc	16501	0
7346	abstain_everyday	4467	0
7347	calc	16979	0
7348	calc	12460	0
7349	abstain_everyday	4300	0
7350	lookup	6549	0
7351	calc	19212	0
7352	calc	4483	0
7353	lookup	11240	0
7354	lookup	3461	0
7355	lookup	3026	0
7356	calc	14473	0
7357	calc	14608	0
7358	calc	4485	0
7359	calc	3977	0
7360	lookup	4552	0
7361	abstain_everyday	2400	0
7362	lookup	8111	0
7363	abstain_everyday	2616	0
7364	abstain_everyday	3428	0
7365	lookup	4291	0
7366	calc	4386	0
7367	calc	2828	0
7368	lookup	648	0
7369	calc	9195	0
7370	calc	6558	0
7371	calc	18493	0
7372	calc	20139	0
7373	calc	10430	0
7374	calc	12538	0
7375	lookup	9993	0
7376	calc	15655	0
7377	lookup	5491	0
7378	calc	1640	0
7379	calc	8863	0
7380	calc	3675	0
7381	abstain_everyday	3680	0
7382	lookup	4383	0
7383	lookup	7386	0
7384	abstain_everyday	2577	0
7385	lookup	3256	0
7386	calc	1889	0
7387	lookup	6893	0
7388	calc	4885	1
7389	lookup	11678	0
7390	abstain_everyday	990	0
7391	calc	20617	0
7392	lookup	6806	0
7393	calc	7751	0
7394	lookup	3562	0
7395	calc	11944	0
7396	calc	97	0
7397	calc	6864	0
7398	lookup	10034	0
7399	lookup	6737	0
7400	calc	391	0
7401	calc	17249	0
7402	lookup	4454	0
7403	calc	9426	0
7404	abstain_everyday	636	0
7405	calc	777	0
7406	calc	2970	0
7407	lookup	2064	0
7408	lookup	2634	0
7409	calc	9727	0
7410	calc	9620	0
7411	abstain_everyday	2857	0
7412	lookup	6489	0
7413	lookup	11348	0
7414	lookup	267	0
7415	calc	9299	0
7416	calc	10256	0
7417	calc	4491	0
7418	calc	6259	0
7419	lookup	10935	0
7420	calc	14238	0
7421	lookup	8978	0
7422	calc	9438	0
7423	calc	4419	1
7424	calc	19594	0
7425	calc	7124	1
7426	lookup	9068	0
7427	lookup	6699	0
7428	abstain_everyday	901	0
7429	calc	8219	0
7430	lookup	12885	0
7431	lookup	11895	0
7432	lookup	5008	0
7433	lookup	3179	0
7434	lookup	2714	0
7435	calc	6393	0
7436	lookup	11742	0
7437	calc	8425	0
7438	abstain_everyday	4394	0
7439	calc	6901	0
7440	lookup	3970	0
7441	calc	10988	0
7442	lookup	3538	0
7443	lookup	5483	0
7444	lookup	9623	0
7445	abstain_everyday	3431	0
7446	abstain_everyday	5319	0
7447	calc	14795	0
7448	calc	8282	0
7449	lookup	6344	0
7450	lookup	2030	0
7451	lookup	23	0
7452	abstain_everyday	5689	0
7453	abstain_everyday	839	0
7454	calc	3963	0
7455	calc	13317	0
7456	calc	11956	0
7457	abstain_everyday	4125	0
7458	lookup	6910	0
7459	lookup	11816	0
7460	calc	19817	0
7461	lookup	8	0
7462	calc	3548	0
7463	lookup	8160	0
7464	lookup	9581	0
7465	lookup	934	0
7466	calc	20843	0
7467	lookup	9868	0
7468	calc	10303	0
7469	calc	15639	1
7470	abstain_everyday	4482	0
7471	calc	20643	0
7472	lookup	6424	0
7473	lookup	4398	0
7474	abstain_everyday	5055	0
7475	lookup	8232	0
7476	abstain_everyday	341	0
7477	lookup	9012	0
7478	calc	5370	0
7479	abstain_everyday	2268	0
7480	abstain_everyday	5660	0
7481	abstain_everyday	5317	0
7482	lookup	2737	0
7483	calc	9527	0
7484	abstain_everyday	215	0
7485	calc	5831	0
7486	calc	6550	0
7487	lookup	8214	0
7488	lookup	6846	0
7489	calc	11201	0
7490	lookup	11283	0
7491	lookup	12474	0
7492	calc	20888	0
7493	calc	15065	0
7494	abstain_everyday	3559	0
7495	calc	19186	0
7496	abstain_everyday	1531	0
7497	abstain_everyday	462	0
7498	calc	17771	0
7499	abstain_everyday	3949	0
7500	calc	10580	0
7501	calc	13935	0
7502	abstain_everyday	2637	0
7503	abstain_everyday	1233	0
7504	lookup	6041	0
7505	calc	14540	0
7506	lookup	85	0
7507	calc	19980	0
7508	lookup	3035	0
7509	calc	19041	1
7510	lookup	9506	0
7511	lookup	3098	0
7512	calc	17326	0
7513	lookup	3104	0
7514	calc	13281	0
7515	calc	8857	0
7516	calc	768	0
7517	calc	7453	0
7518	calc	475	0
7519	lookup	10148	0
7520	calc	17202	0
7521	lookup	8121	0
7522	lookup	1639	0
7523	lookup	471	0
7524	calc	8229	0
7525	lookup	3398	0
7526	lookup	8982	0
7527	calc	9398	0
7528	lookup	2582	0
7529	lookup	11881	0
7530	calc	3602	0
7531	calc	8353	0
7532	calc	9034	0
7533	lookup	11765	0
7534	lookup	5233	0
7535	calc	7847	0
7536	calc	14486	0
7537	calc	9852	0
7538	calc	727	0
7539	calc	5445	1
7540	calc	12646	0
7541	lookup	11338	0
7542	calc	221	0
7543	lookup	12396	0
7544	lookup	6414	0
7545	calc	11421	0
7546	calc	13040	0
7547	calc	19329	0
7548	abstain_everyday	3039	0
7549	lookup	4547	0
7550	calc	18654	0
7551	calc	10743	0
7552	calc	16655	0
7553	lookup	11763	0
7554	calc	13971	0
7555	abstain_everyday	2102	0
7556	calc	10671	1
7557	lookup	9426	0
7558	lookup	11701	0
7559	calc	13360	0
7560	calc	8035	0
7561	calc	9026	0
7562	lookup	12411	0
7563	calc	8429	0
7564	calc	5345	0
7565	calc	13147	0
7566	lookup	9037	0
7567	calc	5476	0
7568	lookup	6274	0
7569	calc	6890	0
7570	calc	19199	0
7571	abstain_everyday	1790	0
7572	calc	15475	0
7573	lookup	3890	0
7574	lookup	490	0
7575	calc	2785	0
7576	lookup	10109	0
7577	calc	20769	0
7578	abstain_everyday	5033	0
7579	abstain_everyday	2507	0
7580	calc	19355	0
7581	abstain_everyday	2639	0
7582	calc	19324	0
7583	calc	1543	0
7584	calc	13761	0
7585	calc	12574	0
7586	abstain_everyday	1370	0
7587	abstain_everyday	2614	0
7588	calc	2237	0
7589	lookup	3605	0
7590	calc	20267	0
7591	calc	10363	0
7592	lookup	11226	0
7593	calc	16493	0
7594	calc	4245	0
7595	calc	7578	0
7596	calc	1129	0
7597	calc	8887	0
7598	lookup	7754	0
7599	abstain_everyday	4828	0
7600	abstain_everyday	2600	0
7601	lookup	1499	0
7602	calc	2361	0
7603	calc	5876	0
7604	calc	5085	1
7605	lookup	8358	0
7606	lookup	7704	0
7607	calc	14325	0
7608	calc	3950	0
7609	calc	19663	0
7610	calc	3409	0
7611	lookup	11367	0
7612	lookup	11519	0
7613	abstain_everyday	1565	0
7614	calc	18084	0
7615	abstain_everyday	3586	0
7616	abstain_everyday	3278	0
7617	lookup	11609	0
7618	lookup	4299	0
7619	lookup	1217	0
7620	calc	2362	0
7621	calc	17016	0
7622	calc	16212	0
7623	lookup	116	0
7624	calc	1403	0
7625	calc	14088	0
7626	calc	19876	0
7627	calc	20985	0
7628	lookup	8398	0
7629	calc	9944	0
7630	calc	357	0
7631	lookup	8077	0
7632	abstain_everyday	1994	0
7633	lookup	7529	0
7634	lookup	10420	0
7635	abstain_everyday	1110	0
7636	calc	7884	0
7637	calc	17035	0
7638	abstain_everyday	3255	0
7639	abstain_everyday	3193	0
7640	lookup	12705	0
7641	abstain_everyday	1106	0
7642	abstain_everyday	905	0
7643	calc	9347	0
7644	calc	1628	0
7645	calc	10267	0
7646	lookup	5242	0
7647	calc	10623	0
7648	calc	6887	0
7649	lookup	1494	0
7650	calc	21051	1
7651	lookup	12732	0
7652	calc	11881	0
7653	calc	1681	0
7654	calc	8985	0
7655	calc	8579	0
7656	calc	4745	0
7657	calc	13381	0
7658	calc	3696	0
7659	abstain_everyday	2241	0
7660	calc	4867	0
7661	calc	4739	0
7662	calc	13049	0
7663	calc	11522	0
7664	lookup	6526	0
7665	lookup	8276	0
7666	calc	11377	0
7667	lookup	9626	0
7668	lookup	10799	0
7669	lookup	1630	0
7670	calc	12058	0
7671	abstain_everyday	2557	0
7672	calc	19470	0
7673	calc	15457	0
7674	calc	17298	0
7675	lookup	11230	0
7676	calc	2686	0
7677	lookup	8709	0
7678	lookup	11115	0
7679	lookup	8634	0
7680	abstain_everyday	2347	0
7681	calc	15371	0
7682	lookup	6683	0
7683	lookup	2182	0
7684	abstain_everyday	4506	0
7685	lookup	11957	0
7686	abstain_everyday	956	0
7687	calc	20913	0
7688	calc	20980	0
7689	calc	8071	0
7690	calc	14603	0
7691	lookup	4725	0
7692	lookup	2687	0
7693	calc	17007	0
7694	abstain_everyday	1669	0
7695	calc	11177	0
7696	calc	2936	0
7697	calc	10670	0
7698	calc	4141	0
7699	calc	18804	0
7700	calc	1266	0
7701	calc	20639	0
7702	abstain_everyday	1657	0
7703	calc	16897	1
7704	lookup	12451	0
7705	abstain_everyday	743	0
7706	lookup	4617	0
7707	abstain_everyday	5216	0
7708	calc	16609	0
7709	calc	3653	0
7710	lookup	10027	0
7711	calc	2415	0
7712	calc	3599	0
7713	lookup	8957	0
7714	calc	17565	0
7715	calc	85	0
7716	lookup	10537	0
7717	lookup	10633	0
7718	calc	4038	0
7719	lookup	8198	0
7720	lookup	11471	0
7721	calc	18854	0
7722	calc	8174	0
7723	lookup	632	0
7724	calc	10117	0
7725	calc	19800	0
7726	lookup	3426	0
7727	calc	18066	0
7728	calc	3946	0
7729	calc	5571	0
7730	lookup	2945	0
7731	calc	20808	0
7732	abstain_everyday	1811	0
7733	lookup	5297	0
7734	calc	642	0
7735	calc	16301	0
7736	lookup	10805	0
7737	lookup	11518	0
7738	lookup	11591	0
7739	calc	5703	0
7740	lookup	3927	0
7741	calc	4046	0
7742	calc	2802	0
7743	calc	19289	0
7744	lookup	2079	0
7745	calc	7850	0
7746	calc	9810	0
7747	lookup	5603	0
7748	abstain_everyday	5096	0
7749	calc	18232	0
7750	calc	5072	0
7751	abstain_everyday	2049	0
7752	calc	17804	0
7753	calc	15975	1
7754	calc	421	0
7755	calc	15280	0
7756	lookup	10379	0
7757	calc	12822	0
7758	lookup	5055	0
7759	calc	17502	0
7760	abstain_everyday	5737	0
7761	lookup	10095	0
7762	calc	3683	0
7763	lookup	1993	0
7764	lookup	7876	0
7765	calc	20030	1
7766	calc	12846	0
7767	lookup	4009	0
7768	abstain_everyday	429	0
7769	calc	316	0
7770	calc	20704	0
7771	abstain_everyday	674	0
7772	lookup	8960	0
7773	calc	14009	0
7774	calc	6896	0
7775	calc	8777	0
7776	calc	18649	0
7777	calc	20451	1
7778	calc	20209	0
7779	lookup	5641	0
7780	lookup	2756	0
7781	calc	16362	0
7782	lookup	11573	0
7783	lookup	10332	0
7784	calc	3823	0
7785	calc	15651	0
7786	lookup	8826	0
7787	calc	19496	0
7788	calc	15425	0
7789	lookup	1187	0
7790	abstain_everyday	5755	0
7791	lookup	9306	0
7792	calc	9646	0
7793	calc	8463	0
7794	calc	12022	0
7795	calc	17702	0
7796	abstain_everyday	3884	0
7797	calc	7273	0
7798	calc	17651	0
7799	calc	16763	0
7800	calc	2947	0
7801	calc	7780	0
7802	lookup	4750	0
7803	abstain_everyday	4370	0
7804	calc	9376	0
7805	lookup	7384	0
7806	lookup	1930	0
7807	lookup	9829	0
7808	calc	10229	0
7809	calc	6023	0
7810	lookup	8297	0
7811	lookup	433	0
7812	calc	811	0
7813	calc	6355	0
7814	lookup	8539	0
7815	calc	17535	0
7816	lookup	8545	0
7817	calc	18838	0
7818	lookup	6568	0
7819	calc	18922	0
7820	abstain_everyday	4709	0
7821	calc	8643	0
7822	calc	438	1
7823	lookup	3624	0
7824	lookup	9453	0
7825	calc	20377	0
7826	calc	12407	0
7827	lookup	8914	0
7828	calc	13355	0
7829	calc	19044	0
7830	abstain_everyday	4267	0
7831	calc	14186	0
7832	calc	11906	0
7833	lookup	7819	0
7834	calc	8680	0
7835	calc	20268	0
7836	calc	3509	0
7837	calc	12000	0
7838	abstain_everyday	449	0
7839	lookup	11768	0
7840	lookup	9280	0
7841	lookup	1302	0
7842	calc	3008	0
7843	calc	20949	0
7844	calc	7051	0
7845	lookup	7494	0
7846	lookup	12150	0
7847	lookup	11161	0
7848	calc	4873	0
7849	lookup	11356	0
7850	abstain_everyday	3232	0
7851	calc	12111	0
7852	lookup	11098	0
7853	calc	4979	1
7854	calc	15796	0
7855	abstain_everyday	3773	0
7856	calc	2276	1
7857	abstain_everyday	4082	0
7858	calc	5070	0
7859	calc	3002	1
7860	calc	9600	0
7861	calc	10542	0
7862	abstain_everyday	1468	0
7863	lookup	7371	0
7864	lookup	10063	0
7865	abstain_everyday	906	0
7866	lookup	11162	0
7867	calc	5976	0
7868	calc	20891	0
7869	calc	7509	0
7870	calc	20556	0
7871	lookup	11120	0
7872	lookup	7851	0
7873	lookup	5197	0
7874	calc	12546	0
7875	calc	15693	0
7876	calc	19366	0
7877	calc	18660	0
7878	calc	4720	1
7879	calc	20378	0
7880	calc	7763	0
7881	calc	2359	0
7882	calc	11206	0
7883	lookup	1489	0
7884	calc	4504	0
7885	calc	7532	0
7886	abstain_everyday	2469	0
7887	calc	882	0
7888	calc	7486	0
7889	calc	6530	0
7890	lookup	2854	0
7891	lookup	5450	0
7892	calc	7448	0
7893	calc	15263	0
7894	lookup	2765	0
7895	calc	3817	0
7896	abstain_everyday	663	0
7897	lookup	2853	0
7898	abstain_everyday	4493	0
7899	lookup	12053	0
7900	calc	7999	1
7901	calc	16848	0
7902	calc	7635	0
7903	calc	14582	0
7904	calc	707	0
7905	calc	17083	0
7906	calc	6575	0
7907	abstain_everyday	657	0
7908	calc	6489	0
7909	lookup	5830	0
7910	lookup	3236	0
7911	calc	3380	0
7912	calc	13538	0
7913	calc	19763	0
7914	abstain_everyday	1837	0
7915	calc	8298	0
7916	abstain_everyday	2840	0
7917	abstain_everyday	1466	0
7918	calc	1150	0
7919	lookup	5478	0
7920	calc	4311	0
7921	abstain_everyday	288	0
7922	abstain_everyday	5348	0
7923	calc	8513	0
7924	calc	20479	0
7925	calc	5266	0
7926	abstain_everyday	1530	0
7927	abstain_everyday	1609	0
7928	calc	20320	0
7929	abstain_everyday	5290	0
7930	calc	929	0
7931	calc	12544	0
7932	calc	5936	0
7933	abstain_everyday	1475	0
7934	lookup	12881	0
7935	lookup	5234	0
7936	calc	2471	0
7937	calc	14371	0
7938	abstain_everyday	4768	0
7939	lookup	2649	0
7940	lookup	4359	0
7941	calc	10675	0
7942	calc	15735	0
7943	calc	9748	0
7944	lookup	8409	0
7945	abstain_everyday	1519	0
7946	calc	16647	0
7947	calc	4076	0
7948	calc	6751	0
7949	calc	17158	0
7950	calc	9591	0
7951	lookup	3237	0
7952	calc	19769	0
7953	calc	2102	0
7954	lookup	301	0
7955	lookup	1752	0
7956	calc	5661	0
7957	abstain_everyday	4427	0
7958	calc	20402	0
7959	lookup	9810	0
7960	lookup	12332	0
7961	calc	15700	0
7962	lookup	3468	0
7963	calc	20564	1
7964	calc	6414	0
7965	calc	20445	0
7966	lookup	203	0
7967	calc	12302	0
7968	calc	9785	0
7969	lookup	10077	0
7970	calc	9885	0
7971	calc	13428	0
7972	calc	18166	0
7973	abstain_everyday	3057	0
7974	calc	139	0
7975	calc	10336	0
7976	calc	19807	0
7977	calc	8150	0
7978	calc	7969	0
7979	lookup	2990	0
7980	lookup	10764	0
7981	calc	14067	0
7982	abstain_everyday	3886	0
7983	lookup	8671	0
7984	abstain_everyday	4814	0
7985	calc	15714	0
7986	lookup	6920	0
7987	lookup	8207	0
7988	abstain_everyday	3025	0
7989	lookup	11341	0
7990	lookup	1360	0
7991	calc	14551	0
7992	calc	2199	0
7993	calc	6537	1
7994	lookup	925	0
7995	calc	17681	0
7996	lookup	5458	0
7997	abstain_everyday	775	0
7998	calc	7836	0
7999	lookup	8491	0
8000	calc	8462	0
8001	abstain_everyday	5175	0
8002	calc	3657	0
8003	calc	7472	0
8004	lookup	7086	0
8005	calc	4118	1
8006	calc	11610	0
8007	calc	15500	0
8008	calc	18935	0
8009	calc	11841	0
8010	lookup	11736	0
8011	lookup	9043	0
8012	abstain_everyday	3391	0
8013	lookup	3862	0
8014	calc	595	1
8015	calc	6390	0
8016	calc	5368	1
8017	calc	9746	0
8018	calc	618	0
8019	lookup	4326	0
8020	lookup	6766	0
8021	calc	6061	0
8022	abstain_everyday	2379	0
8023	calc	10709	0
8024	lookup	6609	0
8025	calc	14519	0
8026	lookup	3170	0
8027	calc	14772	0
8028	calc	8597	0
8029	abstain_everyday	4975	0
8030	calc	10543	0
8031	lookup	3744	0
8032	calc	7381	0
8033	abstain_everyday	4616	0
8034	calc	3106	0
8035	lookup	3093	0
8036	lookup	1729	0
8037	calc	16289	0
8038	calc	13634	0
8039	calc	19825	0
8040	abstain_everyday	5454	0
8041	calc	12811	0
8042	calc	19104	0
8043	lookup	7943	0
8044	lookup	12624	0
8045	calc	20338	0
8046	calc	6906	0
8047	calc	16835	0
8048	calc	12559	0
8049	calc	7070	0
8050	calc	15284	0
8051	calc	2252	0
8052	lookup	11105	0
8053	lookup	3059	0
8054	lookup	2287	0
8055	lookup	7012	0
8056	abstain_everyday	2299	0
8057	calc	10499	0
8058	calc	15892	0
8059	lookup	9694	0
8060	lookup	2869	0
8061	calc	4156	0
8062	calc	5406	1
8063	lookup	12055	0
8064	calc	14728	0
8065	calc	13822	0
8066	calc	17799	0
8067	calc	12751	0
8068	calc	20735	0
8069	calc	20957	0
8070	calc	2993	0
8071	lookup	8339	0
8072	abstain_everyday	271	0
8073	abstain_everyday	4487	0
8074	calc	3544	0
8075	lookup	8887	0
8076	calc	20598	1
8077	lookup	10670	0
8078	calc	15558	0
8079	abstain_everyday	416	0
8080	calc	9865	0
8081	lookup	5873	0
8082	lookup	193	0
8083	abstain_everyday	2213	0
8084	calc	14016	1
8085	lookup	7320	0
8086	calc	2592	0
8087	calc	11864	0
8088	calc	13038	0
8089	abstain_everyday	3839	0
8090	lookup	735	0
8091	lookup	12750	0
8092	calc	11569	0
8093	calc	216	0
8094	abstain_everyday	5117	0
8095	lookup	11824	0
8096	calc	12330	0
8097	abstain_everyday	4121	0
8098	calc	10210	0
8099	calc	13074	0
8100	calc	15294	0
8101	abstain_everyday	2262	0
8102	calc	18974	0
8103	lookup	4093	0
8104	calc	9338	0
8105	calc	12979	0
8106	abstain_everyday	4607	0
8107	calc	14010	0
8108	lookup	5503	0
8109	calc	13745	0
8110	calc	14192	0
8111	lookup	12441	0
8112	calc	15562	0
8113	calc	11495	0
8114	calc	17402	0
8115	calc	7079	0
8116	calc	11891	0
8117	lookup	9386	0
8118	lookup	7692	0
8119	calc	4729	0
8120	calc	9661	0
8121	calc	13866	0
8122	lookup	12504	0
8123	abstain_everyday	3709	0
8124	calc	19790	0
8125	abstain_everyday	1474	0
8126	lookup	10475	0
8127	calc	9543	0
8128	calc	4727	0
8129	calc	3219	1
8130	lookup	8861	0
8131	lookup	8642	0
8132	lookup	3033	0
8133	lookup	214	0
8134	calc	18215	0
8135	calc	5264	0
8136	calc	2128	0
8137	abstain_everyday	3901	0
8138	lookup	930	0
8139	calc	18642	0
8140	calc	17730	0
8141	lookup	2881	0
8142	lookup	405	0
8143	calc	1917	0
8144	calc	20699	0
8145	calc	1750	0
8146	calc	18305	0
8147	abstain_everyday	3756	0
8148	calc	8455	0
8149	calc	19765	0
8150	calc	12289	0
8151	lookup	4683	0
8152	calc	17627	0
8153	calc	19865	0
8154	calc	13204	0
8155	lookup	5532	0
8156	calc	480	0
8157	lookup	3895	0
8158	lookup	6983	0
8159	calc	6740	1
8160	lookup	12654	0
8161	lookup	6734	0
8162	lookup	10157	0
8163	lookup	3592	0
8164	lookup	6192	0
8165	calc	70	0
8166	lookup	5396	0
8167	lookup	11898	0
8168	lookup	3568	0
8169	lookup	2532	0
8170	calc	20540	0
8171	calc	98	0
8172	lookup	6283	0
8173	calc	18646	0
8174	calc	251	0
8175	calc	7719	0
8176	lookup	325	0
8177	calc	12718	1
8178	calc	19117	0
8179	calc	14740	0
8180	calc	20325	0
8181	calc	8766	1
8182	lookup	5119	0
8183	calc	19946	0
8184	calc	3810	0
8185	calc	9388	0
8186	calc	81	0
8187	calc	20253	0
8188	lookup	1760	0
8189	lookup	10664	0
8190	calc	8565	0
8191	lookup	1158	0
8192	calc	13959	0
8193	calc	10451	1
8194	abstain_everyday	2713	0
8195	abstain_everyday	2636	0
8196	calc	10491	0
8197	lookup	7911	0
8198	abstain_everyday	1775	0
8199	calc	12265	0
8200	lookup	9932	0
8201	lookup	9663	0
8202	calc	15884	0
8203	calc	20912	0
8204	calc	15656	0
8205	calc	10502	0
8206	calc	817	0
8207	calc	31	0
8208	calc	18012	0
8209	lookup	2780	0
8210	calc	20221	0
8211	calc	7670	0
8212	lookup	12103	0
8213	lookup	12568	0
8214	lookup	12531	0
8215	lookup	72	0
8216	calc	762	1
8217	calc	17616	0
8218	calc	8935	0
8219	lookup	12214	0
8220	calc	19092	0
8221	lookup	7818	0
8222	calc	20713	0
8223	abstain_everyday	3007	0
8224	calc	16755	0
8225	calc	13697	1
8226	calc	11658	0
8227	calc	9896	0
8228	lookup	7629	0
8229	lookup	8026	0
8230	lookup	3881	0
8231	abstain_everyday	3705	0
8232	calc	2126	0
8233	lookup	9328	0
8234	calc	12540	0
8235	lookup	10216	0
8236	calc	17994	0
8237	calc	16713	0
8238	abstain_everyday	5194	0
8239	calc	18873	0
8240	abstain_everyday	1324	0
8241	calc	17069	0
8242	lookup	6537	0
8243	calc	6754	0
8244	abstain_everyday	5334	0
8245	lookup	12665	0
8246	abstain_everyday	2721	0
8247	calc	11040	0
8248	lookup	3070	0
8249	calc	8663	0
8250	abstain_everyday	3283	0
8251	calc	1535	0
8252	calc	7321	0
8253	lookup	872	0
8254	lookup	10929	0
8255	lookup	8098	0
8256	lookup	6112	0
8257	lookup	2554	0
8258	calc	15115	0
8259	lookup	11337	0
8260	abstain_everyday	5820	0
8261	lookup	620	0
8262	calc	6105	0
8263	calc	7630	0
8264	calc	20280	1
8265	calc	13130	0
8266	calc	10142	0
8267	calc	7530	0
8268	calc	143	1
8269	calc	15684	0
8270	lookup	2422	0
8271	calc	1115	1
8272	abstain_everyday	15	0
8273	calc	1636	0
8274	abstain_everyday	3304	0
8275	calc	3924	0
8276	calc	11862	0
8277	calc	16550	0
8278	lookup	1428	0
8279	calc	9373	0
8280	lookup	10015	0
8281	lookup	7586	0
8282	calc	18902	0
8283	abstain_everyday	1507	0
8284	calc	4383	0
8285	lookup	2116	0
8286	lookup	1335	0
8287	calc	6595	0
8288	lookup	5121	0
8289	calc	7277	0
8290	calc	5042	0
8291	calc	2364	0
8292	calc	12691	1
8293	calc	15588	0
8294	calc	571	0
8295	abstain_everyday	4045	0
8296	calc	6257	0
8297	calc	7831	0
8298	calc	8580	0
8299	calc	8570	0
8300	lookup	5876	0
8301	lookup	9615	0
8302	abstain_everyday	1604	0
8303	lookup	7583	0
8304	lookup	11031	0
8305	calc	3318	0
8306	calc	18501	0
8307	lookup	4392	0
8308	calc	5183	0
8309	lookup	10167	0
8310	lookup	9904	0
8311	calc	20899	0
8312	abstain_everyday	2287	0
8313	lookup	5313	0
8314	calc	12235	0
8315	calc	5110	0
8316	lookup	5863	0
8317	lookup	8838	0
8318	lookup	11621	0
8319	abstain_everyday	100	0
8320	abstain_everyday	1943	0
8321	calc	501	0
8322	lookup	8963	0
8323	lookup	8732	0
8324	abstain_everyday	3339	0
8325	calc	19749	0
8326	lookup	10888	0
8327	calc	675	0
8328	lookup	8019	0
8329	abstain_everyday	2848	0
8330	calc	18575	0
8331	abstain_everyday	3657	0
8332	calc	881	0
8333	lookup	3333	0
8334	calc	9356	0
8335	calc	6689	0
8336	calc	3681	0
8337	calc	19883	1
8338	calc	4721	0
8339	calc	2619	0
8340	lookup	11053	0
8341	calc	1387	0
8342	calc	13463	0
8343	lookup	2678	0
8344	abstain_everyday	1705	0
8345	calc	17568	0
8346	calc	5731	0
8347	lookup	7751	0
8348	abstain_everyday	2212	0
8349	calc	12174	0
8350	lookup	2084	0
8351	lookup	4880	0
8352	lookup	3002	0
8353	calc	13407	0
8354	lookup	2354	0
8355	abstain_everyday	4767	0
8356	lookup	9403	0
8357	calc	80	0
8358	abstain_everyday	3809	0
8359	calc	13668	0
8360	lookup	3476	0
8361	calc	842	0
8362	lookup	1945	0
8363	calc	1916	1
8364	calc	15165	0
8365	calc	11620	0
8366	lookup	8462	0
8367	abstain_everyday	2675	0
8368	calc	8848	0
8369	lookup	8615	0
8370	calc	2115	0
8371	calc	2759	0
8372	calc	3217	0
8373	calc	1377	0
8374	lookup	2646	0
8375	lookup	3230	0
8376	calc	5967	0
8377	calc	5805	0
8378	lookup	5170	0
8379	calc	2723	0
8380	lookup	12589	0
8381	abstain_everyday	5520	0
8382	calc	3288	0
8383	abstain_everyday	2047	0
8384	abstain_everyday	5041	0
8385	lookup	3161	0
8386	calc	15204	1
8387	lookup	1759	0
8388	calc	16316	0
8389	abstain_everyday	5402	0
8390	lookup	1719	0
8391	calc	14323	0
8392	calc	14929	0
8393	abstain_everyday	1714	0
8394	abstain_everyday	2003	0
8395	abstain_everyday	3101	0
8396	lookup	752	0
8397	abstain_everyday	139	0
8398	calc	2496	0
8399	calc	14465	0
8400	abstain_everyday	5056	0
8401	abstain_everyday	2972	0
8402	calc	5477	0
8403	abstain_everyday	2890	0
8404	lookup	75	0
8405	calc	13999	0
8406	lookup	50	0
8407	calc	1653	0
8408	calc	13498	0
8409	abstain_everyday	2027	0
8410	calc	15092	0
8411	calc	3181	0
8412	lookup	5181	0
8413	lookup	11947	0
8414	lookup	217	0
8415	calc	4502	0
8416	abstain_everyday	3889	0
8417	calc	4909	0
8418	calc	1659	0
8419	abstain_everyday	1057	0
8420	abstain_everyday	2494	0
8421	calc	19507	0
8422	calc	10868	0
8423	calc	1832	0
8424	lookup	1769	0
8425	calc	1276	0
8426	abstain_everyday	1539	0
8427	lookup	4459	0
8428	calc	11087	0
8429	lookup	2761	0
8430	abstain_everyday	2171	0
8431	calc	4929	0
8432	lookup	4732	0
8433	lookup	10577	0
8434	calc	9619	0
8435	calc	9882	0
8436	abstain_everyday	1861	0
8437	abstain_everyday	5817	0
8438	lookup	5006	0
8439	calc	13755	1
8440	calc	13072	0
8441	calc	20929	0
8442	calc	21039	0
8443	lookup	6989	0
8444	calc	21	0
8445	abstain_everyday	508	0
8446	calc	11695	0
8447	calc	18328	0
8448	abstain_everyday	2505	0
8449	abstain_everyday	4590	0
8450	calc	11155	0
8451	abstain_everyday	3415	0
8452	calc	15109	0
8453	lookup	9401	0
8454	calc	14612	0
8455	lookup	2564	0
8456	lookup	6936	0
8457	calc	10557	0
8458	calc	17082	0
8459	calc	5252	0
8460	calc	5845	1
8461	lookup	356	0
8462	abstain_everyday	259	0
8463	abstain_everyday	4534	0
8464	calc	726	0
8465	abstain_everyday	4707	0
8466	lookup	2152	0
8467	abstain_everyday	1343	0
8468	calc	5636	0
8469	calc	16382	0
8470	lookup	12505	0
8471	lookup	1805	0
8472	lookup	10628	0
8473	calc	13813	0
8474	calc	4524	0
8475	lookup	7721	0
8476	calc	11920	0
8477	lookup	11142	0
8478	lookup	10630	0
8479	lookup	7090	0
8480	lookup	2709	0
8481	calc	16640	0
8482	calc	11303	0
8483	calc	1130	0
8484	calc	5236	0
8485	calc	3141	0
8486	calc	4067	0
8487	abstain_everyday	376	0
8488	lookup	11858	0
8489	abstain_everyday	415	0
8490	lookup	6533	0
8491	calc	9622	0
8492	calc	16727	0
8493	calc	14925	0
8494	calc	11160	0
8495	lookup	12008	0
8496	calc	15986	0
8497	calc	8906	1
8498	lookup	10282	0
8499	calc	2369	0
8500	abstain_everyday	3617	0
8501	calc	9355	0
8502	lookup	1812	0
8503	calc	1464	0
8504	calc	3255	0
8505	lookup	12243	0
8506	calc	9263	0
8507	abstain_everyday	5115	0
8508	lookup	2237	0
8509	calc	19129	0
8510	lookup	2651	0
8511	calc	9479	0
8512	lookup	2695	0
8513	abstain_everyday	5694	0
8514	lookup	110	0
8515	calc	8723	0
8516	calc	16203	0
8517	calc	5005	0
8518	calc	19930	0
8519	calc	16781	0
8520	calc	2127	0
8521	calc	17894	0
8522	calc	10503	0
8523	calc	9293	0
8524	calc	9934	0
8525	abstain_everyday	4333	0
8526	calc	3050	0
8527	calc	5516	0
8528	calc	1396	0
8529	lookup	2609	0
8530	lookup	10446	0
8531	calc	7265	0
8532	abstain_everyday	1794	0
8533	calc	12200	0
8534	calc	10748	0
8535	calc	8285	0
8536	lookup	8875	0
8537	calc	1533	0
8538	calc	2869	0
8539	lookup	11188	0
8540	calc	2722	0
8541	lookup	4989	0
8542	lookup	4030	0
8543	calc	5351	0
8544	abstain_everyday	4712	0
8545	lookup	9628	0
8546	abstain_everyday	4861	0
8547	lookup	1340	0
8548	calc	8397	0
8549	calc	12509	0
8550	calc	19168	0
8551	lookup	3851	0
8552	lookup	8393	0
8553	abstain_everyday	3024	0
8554	lookup	2110	0
8555	calc	9653	0
8556	lookup	10080	0
8557	lookup	8435	0
8558	calc	20291	0
8559	calc	1597	0
8560	calc	20015	0
8561	lookup	7540	0
8562	calc	20477	0
8563	lookup	9099	0
8564	lookup	7750	0
8565	calc	13453	0
8566	calc	19153	0
8567	calc	14158	0
8568	abstain_everyday	414	0
8569	calc	12805	0
8570	abstain_everyday	3679	0
8571	calc	16614	0
8572	calc	13478	0
8573	lookup	229	0
8574	calc	9640	0
8575	lookup	7192	0
8576	calc	9832	0
8577	lookup	6864	0
8578	calc	3645	0
8579	lookup	9316	0
8580	lookup	5224	0
8581	calc	4699	0
8582	lookup	12045	0
8583	calc	13921	0
8584	abstain_everyday	5440	0
8585	lookup	10089	0
8586	abstain_everyday	3584	0
8587	calc	13408	0
8588	calc	5249	0
8589	lookup	984	0
8590	lookup	11342	0
8591	lookup	9632	0
8592	lookup	7535	0
8593	abstain_everyday	4978	0
8594	calc	20711	0
8595	lookup	12492	0
8596	lookup	8221	0
8597	lookup	3906	0
8598	lookup	1478	0
8599	lookup	2611	0
8600	calc	10821	0
8601	lookup	8772	0
8602	lookup	4166	0
8603	lookup	10967	0
8604	lookup	12784	0
8605	calc	10302	0
8606	calc	16717	0
8607	calc	14830	0
8608	lookup	10059	0
8609	lookup	12082	0
8610	lookup	1565	0
8611	calc	15354	0
8612	lookup	804	0
8613	calc	667	0
8614	lookup	1439	0
8615	calc	3112	0
8616	calc	17617	0
8617	calc	11734	0
8618	lookup	3390	0
8619	lookup	10867	0
8620	abstain_everyday	2541	0
8621	calc	17240	0
8622	lookup	7446	0
8623	lookup	788	0
8624	calc	5602	0
8625	calc	9657	0
8626	lookup	6176	0
8627	abstain_everyday	5404	0
8628	lookup	4788	0
8629	calc	14619	0
8630	calc	12386	0
8631	lookup	9972	0
8632	calc	13772	0
8633	calc	12238	0
8634	calc	13475	0
8635	calc	14919	0
8636	lookup	9483	0
8637	lookup	3880	0
8638	abstain_everyday	4914	0
8639	abstain_everyday	2050	0
8640	lookup	12541	0
8641	lookup	2596	0
8642	calc	6216	0
8643	lookup	11614	0
8644	calc	10945	0
8645	calc	4513	0
8646	calc	19333	0
8647	lookup	512	0
8648	calc	4484	0
8649	lookup	4223	0
8650	calc	10462	1
8651	calc	1369	1
8652	lookup	1629	0
8653	calc	11708	0
8654	lookup	7512	0
8655	calc	9544	0
8656	calc	1156	0
8657	abstain_everyday	428	0
8658	lookup	562	0
8659	abstain_everyday	5788	0
8660	abstain_everyday	1494	0
8661	abstain_everyday	4853	0
8662	calc	13664	0
8663	calc	3508	0
8664	calc	4589	0
8665	calc	14228	0
8666	calc	18973	0
8667	lookup	7990	0
8668	calc	18946	0
8669	calc	12192	0
8670	calc	16309	0
8671	abstain_everyday	4158	0
8672	lookup	949	0
8673	abstain_everyday	797	0
8674	calc	12203	0
8675	abstain_everyday	4355	0
8676	calc	7702	0
8677	lookup	7399	0
8678	calc	8903	0
8679	abstain_everyday	2514	0
8680	calc	11272	0
8681	calc	15126	0
8682	lookup	765	0
8683	lookup	8244	0
8684	calc	15236	0
8685	calc	3477	0
8686	abstain_everyday	5	0
8687	lookup	3651	0
8688	calc	5749	0
8689	lookup	264	0
8690	abstain_everyday	4661	0
8691	abstain_everyday	2172	0
8692	abstain_everyday	1707	0
8693	lookup	7676	0
8694	abstain_everyday	5267	0
8695	calc	10665	0
8696	lookup	2178	0
8697	calc	14614	0
8698	lookup	8727	0
8699	lookup	3957	0
8700	lookup	2543	0
8701	calc	15438	0
8702	abstain_everyday	4128	0
8703	lookup	9135	0
8704	calc	3760	0
8705	lookup	10464	0
8706	lookup	2193	0
8707	lookup	4679	0
8708	lookup	7064	0
8709	lookup	2378	0
8710	lookup	1816	0
8711	calc	11939	0
8712	abstain_everyday	241	0
8713	calc	7517	0
8714	lookup	8654	0
8715	lookup	1166	0
8716	lookup	7257	0
8717	calc	6167	0
8718	abstain_everyday	426	0
8719	lookup	11562	0
8720	calc	15947	0
8721	calc	11180	0
8722	calc	3912	0
8723	calc	7561	0
8724	lookup	10655	0
8725	lookup	6072	0
8726	calc	5646	0
8727	calc	12780	0
8728	lookup	7419	0
8729	lookup	12830	0
8730	calc	18729	0
8731	lookup	10317	0
8732	calc	15886	0
8733	lookup	5901	0
8734	calc	20245	0
8735	lookup	9432	0
8736	lookup	3111	0
8737	calc	7899	0
8738	lookup	11198	0
8739	calc	6001	0
8740	lookup	6078	0
8741	calc	18037	0
8742	lookup	5074	0
8743	lookup	9248	0
8744	lookup	5675	0
8745	calc	9961	0
8746	lookup	469	0
8747	lookup	6630	0
8748	calc	13831	0
8749	calc	17626	0
8750	abstain_everyday	3350	0
8751	lookup	11361	0
8752	lookup	4890	0
8753	calc	12211	0
8754	calc	3839	0
8755	calc	15524	0
8756	lookup	5300	0
8757	calc	13766	0
8758	calc	19409	0
8759	calc	17233	0
8760	calc	17527	0
8761	calc	15164	1
8762	abstain_everyday	4631	0
8763	lookup	11275	0
8764	calc	8847	0
8765	calc	13208	0
8766	calc	20762	0
8767	calc	4486	0
8768	calc	18801	0
8769	calc	1338	0
8770	lookup	2595	0
8771	lookup	1733	0
8772	calc	15963	0
8773	lookup	2635	0
8774	lookup	1496	0
8775	calc	11290	0
8776	calc	20458	0
8777	calc	8828	0
8778	calc	2142	0
8779	calc	20508	0
8780	lookup	3700	0
8781	calc	11513	0
8782	lookup	8349	0
8783	abstain_everyday	4308	0
8784	calc	15262	0
8785	calc	19007	0
8786	lookup	5684	0
8787	calc	10069	0
8788	calc	5859	0
8789	calc	15725	0
8790	calc	17898	0
8791	calc	7258	0
8792	calc	15223	0
8793	calc	17166	0
8794	lookup	9536	0
8795	calc	1469	0
8796	calc	11964	0
8797	lookup	7800	0
8798	calc	12449	0
8799	calc	17211	0
8800	lookup	10959	0
8801	calc	12986	0
8802	abstain_everyday	822	0
8803	abstain_everyday	945	0
8804	abstain_everyday	3018	0
8805	calc	19083	0
8806	calc	16296	0
8807	calc	6835	1
8808	calc	2806	0
8809	calc	18039	0
8810	lookup	8623	0
8811	calc	1923	1
8812	calc	16940	0
8813	calc	5251	0
8814	calc	15345	0
8815	calc	1876	0
8816	abstain_everyday	4366	0
8817	calc	11197	0
8818	calc	1723	0
8819	lookup	10245	0
8820	abstain_everyday	4684	0
8821	lookup	8211	0
8822	abstain_everyday	2176	0
8823	calc	9783	0
8824	lookup	12105	0
8825	calc	18536	0
8826	calc	1165	0
8827	lookup	8763	0
8828	calc	20648	0
8829	calc	10847	0
8830	calc	15671	0
8831	calc	2942	0
8832	calc	4761	0
8833	calc	3225	0
8834	calc	10573	1
8835	lookup	11820	0
8836	abstain_everyday	104	0
8837	calc	15904	0
8838	calc	9345	0
8839	abstain_everyday	4102	0
8840	calc	10295	0
8841	calc	13669	0
8842	calc	3943	0
8843	calc	7075	0
8844	calc	2325	0
8845	lookup	8216	0
8846	lookup	11549	0
8847	calc	18687	1
8848	calc	6193	0
8849	calc	2551	0
8850	calc	15329	0
8851	calc	16740	0
8852	lookup	6120	0
8853	calc	5556	0
8854	lookup	6080	0
8855	lookup	11024	0
8856	lookup	11387	0
8857	abstain_everyday	2679	0
8858	lookup	6569	0
8859	calc	15117	0
8860	lookup	3567	0
8861	lookup	837	0
8862	abstain_everyday	3977	0
8863	calc	1311	0
8864	lookup	4540	0
8865	calc	11703	0
8866	lookup	1372	0
8867	calc	6066	0
8868	calc	8572	0
8869	lookup	3900	0
8870	calc	15658	0
8871	calc	7520	0
8872	abstain_everyday	5124	0
8873	abstain_everyday	818	0
8874	lookup	5523	0
8875	lookup	1008	0
8876	lookup	4360	0
8877	lookup	11452	0
8878	calc	15484	0
8879	lookup	12349	0
8880	abstain_everyday	2526	0
8881	lookup	4672	0
8882	calc	12452	0
8883	calc	17131	1
8884	lookup	3731	0
8885	calc	8111	0
8886	abstain_everyday	539	0
8887	calc	14498	0
8888	calc	9434	0
8889	calc	13277	0
8890	calc	9836	0
8891	calc	406	0
8892	lookup	10002	0
8893	lookup	5433	0
8894	calc	19720	0
8895	calc	15013	0
8896	calc	3236	0
8897	calc	6215	0
8898	calc	15038	0
8899	abstain_everyday	690	0
8900	calc	15458	0
8901	calc	20123	0
8902	calc	980	0
8903	abstain_everyday	5090	0
8904	abstain_everyday	2988	0
8905	calc	6092	0
8906	calc	5231	0
8907	lookup	7094	0
8908	lookup	899	0
8909	calc	10681	0
8910	calc	12264	0
8911	lookup	5218	0
8912	calc	1359	0
8913	calc	18557	0
8914	lookup	8810	0
8915	calc	150	0
8916	calc	10708	0
8917	lookup	1549	0
8918	calc	8694	0
8919	abstain_everyday	3014	0
8920	abstain_everyday	1851	0
8921	calc	8519	0
8922	calc	2339	0
8923	calc	10712	0
8924	lookup	597	0
8925	lookup	4863	0
8926	calc	6898	0
8927	calc	16070	0
8928	abstain_everyday	1315	0
8929	lookup	1680	0
8930	calc	7771	0
8931	lookup	11026	0
8932	abstain_everyday	2672	0
8933	calc	11826	1
8934	calc	13582	0
8935	calc	10410	0
8936	calc	14970	0
8937	calc	15839	0
8938	calc	6571	0
8939	calc	15380	0
8940	lookup	2458	0
8941	lookup	3798	0
8942	abstain_everyday	13	0
8943	lookup	11490	0
8944	calc	6314	0
8945	calc	234	0
8946	lookup	12025	0
8947	calc	16451	0
8948	calc	9592	0
8949	calc	19808	0
8950	lookup	6710	0
8951	calc	9303	0
8952	abstain_everyday	2452	0
8953	calc	8335	0
8954	lookup	11046	0
8955	calc	18837	0
8956	abstain_everyday	225	0
8957	calc	1784	0
8958	lookup	7939	0
8959	calc	16341	0
8960	lookup	233	0
8961	calc	12490	0
8962	abstain_everyday	890	0
8963	calc	1714	0
8964	calc	2145	0
8965	lookup	9249	0
8966	lookup	2057	0
8967	abstain_everyday	5135	0
8968	abstain_everyday	1276	0
8969	lookup	7152	0
8970	lookup	10600	0
8971	calc	10579	0
8972	calc	17167	0
8973	lookup	3888	0
8974	calc	693	0
8975	calc	12454	0
8976	calc	14216	0
8977	abstain_everyday	2289	0
8978	calc	15942	0
8979	lookup	5971	0
8980	lookup	2341	0
8981	abstain_everyday	2604	0
8982	calc	9259	0
8983	calc	3045	0
8984	lookup	4247	0
8985	calc	2074	0
8986	calc	957	0
8987	calc	2324	0
8988	lookup	8880	0
8989	calc	997	0
8990	calc	8177	0
8991	abstain_everyday	4344	0
8992	lookup	5100	0
8993	lookup	10399	0
8994	lookup	9717	0
8995	lookup	596	0
8996	calc	5461	1
8997	abstain_everyday	4870	0
8998	calc	7525	0
8999	calc	17494	0
9000	lookup	7882	0
9001	lookup	11107	0
9002	calc	193	0
9003	lookup	3472	0
9004	abstain_everyday	4573	0
9005	calc	2682	0
9006	calc	1159	1
9007	calc	3143	0
9008	lookup	1229	0
9009	lookup	2336	0
9010	calc	8964	0
9011	lookup	4394	0
9012	calc	896	0
9013	calc	3843	0
9014	calc	3014	0
9015	lookup	8594	0
9016	calc	8648	0
9017	calc	3423	0
9018	lookup	9079	0
9019	lookup	7476	0
9020	calc	10552	0
9021	abstain_everyday	3439	0
9022	abstain_everyday	2914	0
9023	lookup	12896	0
9024	calc	5752	0
9025	calc	12850	0
9026	lookup	9393	0
9027	calc	2398	0
9028	calc	20814	0
9029	lookup	10357	0
9030	calc	16473	0
9031	lookup	7359	0
9032	calc	16869	0
9033	calc	15883	0
9034	calc	10843	0
9035	lookup	6541	0
9036	lookup	438	0
9037	calc	10160	0
9038	lookup	1488	0
9039	abstain_everyday	1509	0
9040	abstain_everyday	4898	0
9041	lookup	10838	0
9042	calc	19015	1
9043	lookup	5526	0
9044	calc	11407	0
9045	abstain_everyday	303	0
9046	calc	14045	0
9047	lookup	2093	0
9048	calc	16149	0
9049	lookup	6483	0
9050	calc	17969	0
9051	abstain_everyday	2005	0
9052	abstain_everyday	4518	0
9053	calc	7830	0
9054	lookup	775	0
9055	lookup	9500	0
9056	calc	9160	0
9057	lookup	2638	0
9058	calc	17976	0
9059	calc	5126	0
9060	calc	8110	0
9061	lookup	7283	0
9062	calc	15023	0
9063	abstain_everyday	3060	0
9064	lookup	3512	0
9065	abstain_everyday	5042	0
9066	abstain_everyday	5151	0
9067	lookup	4229	0
9068	lookup	4814	0
9069	abstain_everyday	1986	0
9070	lookup	4399	0
9071	abstain_everyday	5431	0
9072	lookup	6595	0
9073	lookup	3057	0
9074	lookup	10689	0
9075	calc	9086	0
9076	lookup	2478	0
9077	calc	3656	0
9078	lookup	6976	0
9079	calc	18311	0
9080	lookup	2996	0
9081	calc	15962	0
9082	lookup	4915	0
9083	lookup	3435	0
9084	calc	6094	0
9085	lookup	3139	0
9086	calc	1857	0
9087	lookup	8823	0
9088	calc	3520	0
9089	lookup	11594	0
9090	lookup	4319	0
9091	calc	4005	0
9092	calc	5955	0
9093	calc	4661	0
9094	lookup	12144	0
9095	calc	17330	0
9096	calc	2799	0
9097	abstain_everyday	2086	0
9098	lookup	8474	0
9099	calc	11571	0
9100	calc	10846	0
9101	lookup	6443	0
9102	lookup	10752	0
9103	calc	14826	0
9104	calc	12161	0
9105	calc	11878	0
9106	calc	11738	0
9107	lookup	5864	0
9108	lookup	11748	0
9109	calc	3497	0
9110	lookup	7954	0
9111	calc	20793	0
9112	calc	955	0
9113	calc	6993	0
9114	abstain_everyday	2064	0
9115	calc	16789	0
9116	lookup	1797	0
9117	calc	790	1
9118	calc	15696	0
9119	lookup	7794	0
9120	calc	14137	0
9121	calc	3514	0
9122	abstain_everyday	4954	0
9123	calc	13645	0
9124	abstain_everyday	1966	0
9125	lookup	9409	0
9126	calc	318	0
9127	lookup	5562	0
9128	lookup	6709	0
9129	lookup	8215	0
9130	lookup	12175	0
9131	lookup	5326	0
9132	lookup	4604	0
9133	calc	16034	0
9134	calc	20518	0
9135	calc	2857	0
9136	lookup	342	0
9137	lookup	8889	0
9138	calc	7107	0
9139	lookup	10857	0
9140	calc	7196	1
9141	abstain_everyday	2919	0
9142	lookup	419	0
9143	lookup	2570	0
9144	lookup	6638	0
9145	abstain_everyday	4562	0
9146	abstain_everyday	3514	0
9147	calc	5132	0
9148	abstain_everyday	2181	0
9149	calc	3274	0
9150	lookup	8876	0
9151	lookup	7110	0
9152	calc	9950	0
9153	calc	21048	0
9154	calc	13682	0
9155	calc	3108	0
9156	calc	18539	0
9157	lookup	3885	0
9158	lookup	6757	0
9159	calc	15879	0
9160	calc	6894	0
9161	lookup	3563	0
9162	calc	9406	0
9163	calc	4695	0
9164	calc	19053	0
9165	calc	3734	0
9166	lookup	3140	0
9167	lookup	3280	0
9168	lookup	855	0
9169	lookup	5956	0
9170	calc	9859	0
9171	calc	10717	0
9172	lookup	5812	0
9173	calc	8191	0
9174	calc	11325	0
9175	lookup	5720	0
9176	lookup	5919	0
9177	calc	10904	1
9178	lookup	4572	0
9179	lookup	2329	0
9180	calc	13292	0
9181	lookup	907	0
9182	calc	18486	0
9183	abstain_everyday	2814	0
9184	lookup	8251	0
9185	calc	13956	0
9186	calc	19625	1
9187	lookup	3424	0
9188	abstain_everyday	4755	0
9189	calc	14716	0
9190	calc	15591	0
9191	calc	13362	0
9192	lookup	12923	0
9193	calc	7256	0
9194	abstain_everyday	503	0
9195	lookup	8782	0
9196	calc	12467	0
9197	calc	2660	0
9198	lookup	4786	0
9199	lookup	8670	0
9200	calc	5888	0
9201	lookup	6317	0
9202	calc	14553	0
9203	calc	3741	0
9204	lookup	9460	0
9205	calc	19371	0
9206	abstain_everyday	580	0
9207	calc	1610	0
9208	lookup	5574	0
9209	calc	13184	0
9210	calc	6874	0
9211	calc	2978	0
9212	lookup	11350	0
9213	calc	14893	0
9214	lookup	1562	0
9215	abstain_everyday	209	0
9216	calc	15304	0
9217	calc	2352	0
9218	lookup	12699	0
9219	calc	6802	0
9220	calc	14193	1
9221	calc	9123	0
9222	calc	20614	0
9223	calc	7057	0
9224	abstain_everyday	2812	0
9225	calc	19736	0
9226	calc	1078	0
9227	lookup	11176	0
9228	calc	2628	0
9229	calc	20604	0
9230	lookup	5768	0
9231	abstain_everyday	136	0
9232	calc	10867	0
9233	lookup	8845	0
9234	lookup	874	0
9235	lookup	1284	0
9236	lookup	9501	0
9237	calc	15746	0
9238	lookup	9734	0
9239	calc	12716	0
9240	calc	15778	0
9241	abstain_everyday	5714	0
9242	calc	17205	0
9243	calc	2098	0
9244	lookup	5907	0
9245	abstain_everyday	3700	0
9246	calc	1009	0
9247	lookup	5859	0
9248	abstain_everyday	1734	0
9249	calc	20959	0
9250	calc	6484	0
9251	calc	4347	0
9252	lookup	11663	0
9253	lookup	6500	0
9254	calc	3340	0
9255	calc	12398	0
9256	abstain_everyday	4910	0
9257	calc	17778	0
9258	lookup	4341	0
9259	calc	8495	0
9260	calc	12340	0
9261	calc	3516	0
9262	calc	11282	0
9263	calc	1478	0
9264	abstain_everyday	488	0
9265	lookup	3271	0
9266	lookup	11012	0
9267	lookup	383	0
9268	calc	3480	0
9269	calc	15757	0
9270	calc	2257	0
9271	lookup	8204	0
9272	calc	17488	0
9273	calc	6162	0
9274	abstain_everyday	635	0
9275	abstain_everyday	3860	0
9276	lookup	1280	0
9277	calc	6824	0
9278	calc	17456	0
9279	abstain_everyday	4008	0
9280	lookup	12914	0
9281	lookup	6062	0
9282	lookup	12702	0
9283	lookup	5698	0
9284	lookup	1356	0
9285	lookup	3379	0
9286	lookup	4280	0
9287	lookup	7300	0
9288	calc	10209	0
9289	abstain_everyday	5072	0
9290	lookup	1259	0
9291	calc	18290	0
9292	calc	18720	0
9293	calc	17766	1
9294	calc	16978	0
9295	calc	7314	0
9296	calc	3636	0
9297	calc	8930	1
9298	lookup	205	0
9299	calc	13103	0
9300	lookup	5296	0
9301	calc	6423	0
9302	lookup	5814	0
9303	lookup	1838	0
9304	calc	6927	0
9305	calc	12475	0
9306	abstain_everyday	1047	0
9307	calc	17379	0
9308	lookup	2833	0
9309	calc	5205	0
9310	calc	16744	0
9311	calc	11199	0
9312	lookup	5866	0
9313	lookup	5986	0
9314	lookup	11558	0
9315	calc	18877	0
9316	lookup	9194	0
9317	calc	966	0
9318	calc	11433	0
9319	lookup	8034	0
9320	calc	19079	0
9321	lookup	11874	0
9322	abstain_everyday	2017	0
9323	calc	14739	0
9324	calc	19552	0
9325	lookup	4210	0
9326	lookup	3877	0
9327	abstain_everyday	5139	0
9328	calc	1141	0
9329	lookup	11949	0
9330	calc	9024	1
9331	calc	10077	0
9332	lookup	7423	0
9333	calc	5324	0
9334	lookup	1708	0
9335	abstain_everyday	1062	0
9336	calc	15644	0
9337	lookup	55	0
9338	calc	12582	0
9339	abstain_everyday	3846	0
9340	calc	12178	0
9341	lookup	10574	0
9342	calc	10815	0
9343	lookup	2851	0
9344	abstain_everyday	3865	0
9345	calc	5606	0
9346	calc	13156	0
9347	lookup	11909	0
9348	calc	4106	0
9349	calc	400	0
9350	lookup	4475	0
9351	calc	13605	0
9352	lookup	2135	0
9353	lookup	9531	0
9354	lookup	1730	0
9355	lookup	7036	0
9356	abstain_everyday	1190	0
9357	calc	12870	0
9358	calc	10766	0
9359	calc	12508	0
9360	lookup	5357	0
9361	calc	8716	0
9362	lookup	7993	0
9363	calc	15334	0
9364	lookup	11469	0
9365	calc	4913	0
9366	abstain_everyday	1311	0
9367	calc	259	0
9368	calc	14552	1
9369	lookup	8922	0
9370	calc	10873	0
9371	calc	19298	0
9372	abstain_everyday	4646	0
9373	lookup	10503	0
9374	calc	15690	0
9375	calc	11410	0
9376	calc	12360	0
9377	calc	389	0
9378	calc	11332	0
9379	calc	4738	0
9380	calc	17063	0
9381	calc	15081	1
9382	calc	11835	1
9383	calc	20833	0
9384	lookup	9668	0
9385	calc	12081	0
9386	calc	17222	0
9387	calc	13367	0
9388	calc	19054	0
9389	lookup	11442	0
9390	lookup	5012	0
9391	abstain_everyday	4443	0
9392	lookup	10160	0
9393	lookup	11649	0
9394	calc	2346	0
9395	calc	14299	0
9396	calc	10406	0
9397	abstain_everyday	552	0
9398	lookup	4192	0
9399	abstain_everyday	1292	0
9400	lookup	2828	0
9401	lookup	8649	0
9402	lookup	9060	0
9403	lookup	12694	0
9404	calc	6472	0
9405	calc	14087	0
9406	calc	19556	0
9407	abstain_everyday	1951	0
9408	calc	4233	0
9409	calc	10538	0
9410	abstain_everyday	353	0
9411	abstain_everyday	1970	0
9412	lookup	12803	0
9413	abstain_everyday	1939	0
9414	calc	3802	0
9415	calc	17793	0
9416	calc	3531	0
9417	calc	11492	0
9418	lookup	12223	0
9419	calc	9173	0
9420	lookup	9234	0
9421	calc	13247	0
9422	abstain_everyday	4433	0
9423	abstain_everyday	882	0
9424	calc	3278	0
9425	calc	4246	0
9426	abstain_everyday	4281	0
9427	calc	4074	0
9428	lookup	7833	0
9429	calc	19232	0
9430	abstain_everyday	2060	0
9431	calc	5963	0
9432	lookup	64	0
9433	abstain_everyday	3379	0
9434	calc	7705	0
9435	calc	10655	0
9436	calc	7483	0
9437	calc	16441	0
9438	calc	16041	0
9439	lookup	10519	0
9440	lookup	10924	0
9441	lookup	891	0
9442	lookup	7883	0
9443	calc	763	0
9444	calc	10563	0
9445	lookup	7675	0
9446	lookup	5692	0
9447	lookup	6332	0
9448	calc	18979	0
9449	lookup	1487	0
9450	calc	18874	0
9451	calc	10967	0
9452	lookup	2732	0
9453	calc	4851	0
9454	lookup	5847	0
9455	calc	3148	1
9456	abstain_everyday	4594	0
9457	calc	5675	0
9458	calc	5154	0
9459	calc	5925	0
9460	calc	7167	0
9461	lookup	8023	0
9462	calc	14108	0
9463	lookup	3451	0
9464	calc	4081	0
9465	lookup	1772	0
9466	abstain_everyday	5674	0
9467	calc	17034	0
9468	lookup	162	0
9469	calc	11983	0
9470	calc	1012	0
9471	calc	2720	0
9472	calc	1846	0
9473	calc	5622	0
9474	calc	12408	0
9475	calc	1665	0
9476	lookup	8742	0
9477	lookup	8418	0
9478	calc	18152	0
9479	abstain_everyday	2920	0
9480	calc	16515	0
9481	calc	5158	0
9482	calc	16733	0
9483	lookup	7367	0
9484	lookup	3666	0
9485	lookup	9537	0
9486	lookup	1520	0
9487	abstain_everyday	1864	0
9488	calc	19715	0
9489	lookup	9647	0
9490	calc	8043	1
9491	lookup	6922	0
9492	lookup	7653	0
9493	calc	10246	1
9494	calc	4328	0
9495	calc	14135	0
9496	calc	2200	0
9497	lookup	10879	0
9498	lookup	4070	0
9499	lookup	11403	0
9500	abstain_everyday	4581	0
9501	calc	4396	0
9502	calc	2425	0
9503	calc	14625	0
9504	lookup	1687	0
9505	lookup	7872	0
9506	lookup	8697	0
9507	abstain_everyday	4178	0
9508	calc	17658	0
9509	lookup	8441	0
9510	abstain_everyday	3771	0
9511	abstain_everyday	1320	0
9512	calc	17412	0
9513	calc	9782	0
9514	calc	9453	1
9515	lookup	9369	0
9516	lookup	12902	0
9517	calc	10553	0
9518	lookup	8311	0
9519	lookup	1954	0
9520	calc	14662	0
9521	calc	20234	0
9522	calc	5699	0
9523	lookup	8818	0
9524	lookup	12450	0
9525	calc	160	0
9526	lookup	10220	0
9527	lookup	1274	0
9528	calc	14048	0
9529	lookup	1308	0
9530	calc	9206	0
9531	calc	1910	0
9532	abstain_everyday	3366	0
9533	lookup	9391	0
9534	lookup	7417	0
9535	abstain_everyday	2046	0
9536	calc	12843	0
9537	abstain_everyday	2605	0
9538	calc	11259	0
9539	lookup	5687	0
9540	lookup	5501	0
9541	lookup	7539	0
9542	calc	8301	0
9543	calc	11947	0
9544	calc	15723	0
9545	calc	12531	0
9546	lookup	4155	0
9547	lookup	9602	0
9548	calc	10284	0
9549	abstain_everyday	878	0
9550	lookup	2468	0
9551	calc	20736	0
9552	abstain_everyday	1088	0
9553	abstain_everyday	617	0
9554	calc	12726	0
9555	abstain_everyday	1893	0
9556	calc	1057	0
9557	abstain_everyday	2360	0
9558	abstain_everyday	4702	0
9559	abstain_everyday	1828	0
9560	calc	10385	1
9561	abstain_everyday	3712	0
9562	calc	1924	0
9563	lookup	9974	0
9564	lookup	7848	0
9565	calc	7254	0
9566	calc	2246	0
9567	lookup	5150	0
9568	calc	14291	0
9569	lookup	12559	0
9570	lookup	8986	0
9571	calc	9997	0
9572	lookup	11571	0
9573	calc	5186	0
9574	calc	1333	0
9575	lookup	11062	0
9576	calc	3381	0
9577	lookup	6015	0
9578	lookup	10024	0
9579	lookup	134	0
9580	calc	17484	0
9581	lookup	3313	0
9582	calc	8434	0
9583	abstain_everyday	4976	0
9584	calc	5125	0
9585	calc	15094	0
9586	calc	5753	0
9587	calc	16721	0
9588	calc	16122	0
9589	calc	11300	0
9590	abstain_everyday	848	0
9591	lookup	10185	0
9592	calc	20358	0
9593	calc	19533	0
9594	lookup	12442	0
9595	lookup	8375	0
9596	lookup	81	0
9597	calc	13379	0
9598	lookup	237	0
9599	calc	3356	0
9600	calc	5587	0
9601	calc	14588	0
9602	lookup	6574	0
9603	calc	7002	0
9604	lookup	6653	0
9605	calc	9432	0
9606	calc	9124	0
9607	calc	20680	0
9608	lookup	9229	0
9609	lookup	1416	0
9610	lookup	6492	0
9611	calc	5299	0
9612	calc	5141	0
9613	calc	6784	0
9614	calc	5638	0
9615	abstain_everyday	3000	0
9616	calc	4681	0
9617	abstain_everyday	3286	0
9618	lookup	5827	0
9619	lookup	10188	0
9620	lookup	3684	0
9621	lookup	8509	0
9622	lookup	7847	0
9623	lookup	1257	0
9624	calc	1899	0
9625	lookup	8706	0
9626	calc	9167	0
9627	calc	6327	0
9628	calc	10476	0
9629	calc	11750	0
9630	abstain_everyday	5521	0
9631	calc	2998	0
9632	lookup	5327	0
9633	calc	1303	0
9634	abstain_everyday	2346	0
9635	calc	14743	0
9636	lookup	12192	0
9637	abstain_everyday	484	0
9638	calc	898	0
9639	lookup	7078	0
9640	calc	11507	0
9641	abstain_everyday	2479	0
9642	calc	2726	0
9643	lookup	5615	0
9644	calc	16076	0
9645	calc	4363	0
9646	lookup	4700	0
9647	lookup	6104	0
9648	lookup	2143	0
9649	calc	2539	0
9650	calc	16141	0
9651	calc	18528	0
9652	abstain_everyday	4093	0
9653	calc	9200	0
9654	calc	10152	0
9655	abstain_everyday	1563	0
9656	abstain_everyday	749	0
9657	calc	4098	0
9658	abstain_everyday	3260	0
9659	lookup	8338	0
9660	calc	7826	0
9661	calc	3993	0
9662	lookup	2529	0
9663	abstain_everyday	4757	0
9664	calc	13079	0
9665	calc	10850	0
9666	lookup	7269	0
9667	calc	6947	0
9668	lookup	1381	0
9669	calc	1232	0
9670	calc	13977	0
9671	calc	2008	0
9672	lookup	12278	0
9673	lookup	4499	0
9674	calc	5629	0
9675	calc	11101	0
9676	abstain_everyday	262	0
9677	lookup	3770	0
9678	calc	5138	0
9679	calc	13011	0
9680	calc	18708	0
9681	lookup	8994	0
9682	lookup	12315	0
9683	calc	15559	0
9684	lookup	905	0
9685	lookup	9822	0
9686	calc	3830	0
9687	calc	5006	1
9688	abstain_everyday	5026	0
9689	calc	1742	0
9690	calc	12669	0
9691	calc	7198	0
9692	calc	13855	0
9693	abstain_everyday	4666	0
9694	calc	6780	0
9695	calc	17971	0
9696	abstain_everyday	1967	0
9697	calc	11362	0
9698	calc	11308	0
9699	calc	2948	0
9700	abstain_everyday	1342	0
9701	lookup	93	0
9702	calc	8614	0
9703	calc	3109	0
9704	calc	6844	0
9705	calc	20386	0
9706	abstain_everyday	5815	0
9707	calc	20686	0
9708	abstain_everyday	122	0
9709	calc	8612	0
9710	calc	6962	0
9711	calc	15673	1
9712	lookup	4933	0
9713	abstain_everyday	3653	0
9714	lookup	7804	0
9715	calc	3537	0
9716	calc	11817	1
9717	calc	2673	0
9718	calc	2675	0
9719	abstain_everyday	1525	0
9720	lookup	1251	0
9721	lookup	8341	0
9722	calc	11760	0
9723	lookup	762	0
9724	calc	4549	0
9725	calc	17440	0
9726	lookup	12188	0
9727	abstain_everyday	4886	0
9728	calc	4075	0
9729	lookup	12680	0
9730	lookup	3736	0
9731	calc	12039	0
9732	calc	9678	0
9733	calc	9182	1
9734	abstain_everyday	5083	0
9735	lookup	358	0
9736	calc	18966	0
9737	lookup	11725	0
9738	calc	15578	0
9739	calc	5656	0
9740	calc	12350	0
9741	lookup	250	0
9742	calc	19354	0
9743	lookup	6645	0
9744	calc	14775	0
9745	calc	18609	0
9746	calc	2092	0
9747	calc	15008	0
9748	calc	12079	0
9749	lookup	1042	0
9750	abstain_everyday	4298	0
9751	calc	13809	0
9752	calc	9943	0
9753	calc	3126	0
9754	calc	10928	0
9755	lookup	9946	0
9756	calc	12945	0
9757	calc	15170	0
9758	lookup	10771	0
9759	calc	8728	0
9760	lookup	4323	0
9761	calc	4398	0
9762	lookup	6950	0
9763	abstain_everyday	3686	0
9764	calc	6579	1
9765	calc	2716	0
9766	abstain_everyday	1369	0
9767	calc	16236	0
9768	calc	1658	0
9769	lookup	2050	0
9770	calc	10196	0
9771	lookup	6386	0
9772	calc	4399	0
9773	calc	13720	0
9774	calc	16165	0
9775	calc	4150	0
9776	lookup	6823	0
9777	calc	8226	0
9778	calc	16191	0
9779	calc	14386	0
9780	calc	13426	0
9781	calc	8076	0
9782	calc	20047	0
9783	calc	20075	0
9784	lookup	12324	0
9785	calc	18491	0
9786	calc	13829	0
9787	calc	4450	0
9788	lookup	4468	0
9789	lookup	2371	0
9790	calc	8054	0
9791	calc	932	0
9792	calc	7624	0
9793	calc	3902	0
9794	calc	9041	0
9795	lookup	3028	0
9796	calc	6673	0
9797	calc	20765	1
9798	lookup	5164	0
9799	lookup	4069	0
9800	lookup	8014	0
9801	lookup	1311	0
9802	lookup	8298	0
9803	calc	2248	0
9804	calc	14349	0
9805	calc	4674	0
9806	lookup	5465	0
9807	lookup	8510	0
9808	calc	9496	0
9809	calc	16619	0
9810	abstain_everyday	587	0
9811	lookup	10136	0
9812	lookup	1717	0
9813	lookup	3185	0
9814	calc	12351	0
9815	abstain_everyday	5622	0
9816	calc	5575	0
9817	calc	2404	0
9818	calc	14516	0
9819	calc	11452	0
9820	lookup	7958	0
9821	abstain_everyday	967	0
9822	abstain_everyday	3596	0
9823	calc	2596	0
9824	abstain_everyday	3372	0
9825	abstain_everyday	4579	0
9826	calc	10006	0
9827	calc	17275	0
9828	calc	9853	0
9829	lookup	4260	0
9830	lookup	4286	0
9831	calc	1568	0
9832	calc	2910	0
9833	calc	6274	0
9834	calc	10686	0
9835	lookup	923	0
9836	calc	15357	0
9837	lookup	8895	0
9838	calc	3479	0
9839	calc	17273	0
9840	lookup	5528	0
9841	lookup	9909	0
9842	lookup	10111	0
9843	lookup	5286	0
9844	calc	7688	0
9845	calc	14804	0
9846	calc	11042	0
9847	calc	14912	0
9848	abstain_everyday	3923	0
9849	abstain_everyday	673	0
9850	calc	8348	0
9851	calc	10004	0
9852	lookup	6493	0
9853	abstain_everyday	2031	0
9854	lookup	2291	0
9855	calc	11535	0
9856	calc	2849	1
9857	lookup	9958	0
9858	calc	9225	0
9859	calc	10933	0
9860	calc	8915	0
9861	abstain_everyday	3621	0
9862	calc	14310	0
9863	calc	8674	0
9864	lookup	12870	0
9865	lookup	3361	0
9866	lookup	793	0
9867	lookup	10800	0
9868	lookup	8988	0
9869	calc	15916	0
9870	calc	9340	0
9871	lookup	6286	0
9872	calc	4941	0
9873	lookup	2907	0
9874	calc	15663	0
9875	calc	16299	0
9876	lookup	9818	0
9877	calc	18983	0
9878	calc	17873	0
9879	calc	9485	0
9880	calc	16762	0
9881	calc	18078	0
9882	abstain_everyday	3661	0
9883	calc	20629	0
9884	calc	7390	0
9885	lookup	5727	0
9886	calc	4314	1
9887	calc	194	0
9888	calc	4644	1
9889	calc	18198	0
9890	calc	17949	0
9891	calc	12188	0
9892	abstain_everyday	4966	0
9893	calc	19601	0
9894	abstain_everyday	5564	0
9895	calc	32	0
9896	lookup	7888	0
9897	lookup	8138	0
9898	calc	2198	0
9899	calc	487	0
9900	abstain_everyday	3440	0
9901	lookup	4979	0
9902	calc	7438	0
9903	lookup	5222	0
9904	abstain_everyday	446	0
9905	calc	8173	0
9906	abstain_everyday	4895	0
9907	calc	681	0
9908	calc	15637	0
9909	lookup	11439	0
9910	calc	18471	1
9911	calc	2731	0
9912	calc	4976	0
9913	calc	1180	0
9914	abstain_everyday	4165	0
9915	calc	9262	0
9916	abstain_everyday	5397	0
9917	abstain_everyday	3665	0
9918	calc	14437	0
9919	calc	14282	0
9920	calc	18848	0
9921	calc	20526	0
9922	calc	10296	0
9923	calc	4475	0
9924	calc	5928	0
9925	lookup	10219	0
9926	lookup	716	0
9927	calc	11293	0
9928	lookup	3338	0
9929	calc	5190	0
9930	calc	17150	0
9931	lookup	6551	0
9932	abstain_everyday	4292	0
9933	calc	16630	0
9934	calc	7251	0
9935	calc	8531	0
9936	lookup	9774	0
9937	lookup	5402	0
9938	lookup	4094	0
9939	calc	19017	0
9940	calc	11648	0
9941	lookup	7606	0
9942	abstain_everyday	2115	0
9943	calc	2012	0
9944	lookup	4347	0
9945	lookup	12447	0
9946	calc	13688	0
9947	calc	13944	0
9948	calc	5332	0
9949	lookup	12060	0
9950	lookup	105	0
9951	calc	12886	0
9952	calc	20752	0
9953	calc	18130	0
9954	calc	621	0
9955	lookup	7232	0
9956	calc	2311	0
9957	lookup	8150	0
9958	lookup	9624	0
9959	calc	19481	0
9960	calc	7147	0
9961	lookup	6200	0
9962	lookup	1720	0
9963	lookup	4160	0
9964	lookup	9798	0
9965	lookup	11006	0
9966	calc	19249	0
9967	lookup	12548	0
9968	lookup	10913	0
9969	calc	15455	0
9970	abstain_everyday	2990	0
9971	lookup	971	0
9972	lookup	11093	0
9973	lookup	7546	0
9974	lookup	183	0
9975	lookup	3648	0
9976	abstain_everyday	4931	0
9977	calc	14937	0
9978	abstain_everyday	2891	0
9979	calc	5562	0
9980	lookup	2608	0
9981	lookup	7702	0
9982	lookup	8350	0
9983	calc	13767	0
9984	abstain_everyday	497	0
9985	lookup	3764	0
9986	calc	19237	0
9987	calc	17344	0
9988	calc	7837	0
9989	calc	15692	0
9990	lookup	10974	0
9991	abstain_everyday	4069	0
9992	calc	1118	0
9993	calc	16218	0
9994	abstain_everyday	5822	0
9995	lookup	4800	0
9996	calc	1575	0
9997	calc	9587	0
9998	calc	9255	0
9999	calc	14147	0
10000	calc	6270	0
10001	lookup	5403	0
10002	calc	1745	0
10003	lookup	4803	0
10004	abstain_everyday	2590	0
10005	calc	8544	0
10006	calc	614	0
10007	calc	9394	0
10008	lookup	2337	0
10009	calc	20392	0
10010	abstain_everyday	2404	0
10011	lookup	11374	0
10012	calc	5439	0
10013	calc	8784	0
10014	calc	10587	0
10015	calc	14710	0
10016	calc	20263	0
10017	calc	13680	0
10018	lookup	3671	0
10019	abstain_everyday	4099	0
10020	calc	15510	0
10021	lookup	12593	0
10022	lookup	9430	0
10023	calc	12029	0
10024	lookup	1557	0
10025	calc	2013	0
10026	lookup	4917	0
10027	calc	9482	0
10028	abstain_everyday	1568	0
10029	lookup	8867	0
10030	calc	15685	0
10031	calc	1208	0
10032	calc	16078	0
10033	calc	10231	0
10034	lookup	981	0
10035	lookup	7694	0
10036	abstain_everyday	2974	0
10037	lookup	6163	0
10038	lookup	10785	0
10039	lookup	3292	0
10040	calc	14848	0
10041	calc	3402	0
10042	calc	2635	0
10043	abstain_everyday	5602	0
10044	lookup	7845	0
10045	abstain_everyday	4460	0
10046	calc	9907	0
10047	calc	5091	0
10048	calc	17878	1
10049	lookup	12013	0
10050	calc	14059	0
10051	calc	19661	0
10052	calc	13910	0
10053	calc	13373	0
10054	lookup	5071	0
10055	lookup	1413	0
10056	calc	13583	0
10057	calc	19805	0
10058	calc	17990	0
10059	calc	1931	0
10060	abstain_everyday	2674	0
10061	abstain_everyday	1384	0
10062	calc	103	0
10063	calc	18696	0
10064	calc	17059	0
10065	calc	13469	0
10066	abstain_everyday	4719	0
10067	calc	12208	0
10068	calc	12654	0
10069	calc	752	0
10070	abstain_everyday	5098	0
10071	lookup	860	0
10072	calc	16523	0
10073	abstain_everyday	3610	0
10074	calc	3200	0
10075	calc	15286	0
10076	lookup	10732	0
10077	lookup	9498	0
10078	calc	13909	1
10079	lookup	4826	0
10080	calc	20638	0
10081	abstain_everyday	2916	0
10082	lookup	3799	0
10083	abstain_everyday	2552	0
10084	calc	8867	1
10085	calc	17895	0
10086	abstain_everyday	3192	0
10087	calc	9540	0
10088	calc	4149	1
10089	calc	14998	0
10090	calc	16108	0
10091	lookup	3579	0
10092	lookup	159	0
10093	calc	4854	0
10094	lookup	9344	0
10095	calc	15120	0
10096	calc	11730	0
10097	abstain_everyday	3315	0
10098	lookup	8319	0
10099	calc	9734	1
10100	abstain_everyday	5618	0
10101	abstain_everyday	2334	0
10102	calc	4527	0
10103	lookup	3387	0
10104	calc	10353	0
10105	calc	15781	0
10106	abstain_everyday	5265	0
10107	calc	2069	1
10108	lookup	6398	0
10109	lookup	4619	0
10110	calc	18565	0
10111	calc	2434	0
10112	calc	6634	0
10113	calc	15302	0
10114	lookup	2004	0
10115	abstain_everyday	963	0
10116	calc	16467	0
10117	lookup	4649	0
10118	abstain_everyday	1630	0
10119	abstain_everyday	5506	0
10120	abstain_everyday	2470	0
10121	calc	20079	0
10122	calc	8167	0
10123	calc	5709	0
10124	lookup	831	0
10125	lookup	3773	0
10126	calc	2764	0
10127	lookup	8546	0
10128	abstain_everyday	3237	0
10129	calc	18867	0
10130	calc	20412	0
10131	abstain_everyday	265	0
10132	lookup	1383	0
10133	calc	14470	0
10134	lookup	4262	0
10135	lookup	1354	0
10136	lookup	1667	0
10137	calc	19068	0
10138	abstain_everyday	5200	0
10139	lookup	4600	0
10140	lookup	7745	0
10141	calc	1199	0
10142	calc	15699	0
10143	lookup	8008	0
10144	lookup	870	0
10145	abstain_everyday	103	0
10146	calc	963	0
10147	calc	19056	0
10148	lookup	11902	0
10149	abstain_everyday	2339	0
10150	calc	2435	0
10151	calc	8393	0
10152	abstain_everyday	1537	0
10153	calc	12772	0
10154	calc	18190	0
10155	abstain_everyday	5150	0
10156	calc	20902	0
10157	calc	11327	0
10158	abstain_everyday	3606	0
10159	calc	2746	0
10160	lookup	7513	0
10161	calc	20292	0
10162	lookup	9406	0
10163	calc	19459	0
10164	lookup	12524	0
10165	lookup	10914	0
10166	lookup	4661	0
10167	calc	17803	0
10168	lookup	5351	0
10169	lookup	8009	0
10170	calc	16056	0
10171	abstain_everyday	3727	0
10172	calc	18533	0
10173	abstain_everyday	1204	0
10174	calc	1651	0
10175	abstain_everyday	3872	0
10176	lookup	9649	0
10177	abstain_everyday	5157	0
10178	abstain_everyday	12	0
10179	lookup	11431	0
10180	calc	518	0
10181	abstain_everyday	309	0
10182	lookup	6191	0
10183	abstain_everyday	302	0
10184	calc	528	0
10185	lookup	7885	0
10186	lookup	7648	0
10187	lookup	9220	0
10188	abstain_everyday	1755	0
10189	lookup	8754	0
10190	abstain_everyday	2496	0
10191	lookup	7720	0
10192	calc	12016	0
10193	calc	2382	0
10194	calc	18240	1
10195	calc	6025	0
10196	calc	7194	0
10197	lookup	4789	0
10198	lookup	2400	0
10199	calc	18243	0
10200	calc	17149	0
10201	lookup	696	0
10202	calc	120	0
10203	lookup	9685	0
10204	calc	3345	0
10205	lookup	1358	0
10206	lookup	5457	0
10207	calc	2476	0
10208	lookup	1976	0
10209	calc	15688	0
10210	abstain_everyday	697	0
10211	calc	16692	0
10212	calc	13006	0
10213	calc	1486	0
10214	lookup	7072	0
10215	lookup	12456	0
10216	calc	9333	0
10217	lookup	10463	0
10218	calc	7038	0
10219	lookup	225	0
10220	lookup	1621	0
10221	lookup	11440	0
10222	lookup	2991	0
10223	lookup	3662	0
10224	lookup	8547	0
10225	calc	16075	0
10226	calc	6796	0
10227	calc	9199	0
10228	lookup	163	0
10229	calc	16697	0
10230	calc	14430	0
10231	calc	7687	0
10232	calc	1809	0
10233	calc	15110	0
10234	calc	18747	0
10235	calc	5447	0
10236	abstain_everyday	2731	0
10237	calc	20848	0
10238	calc	19504	0
10239	calc	14555	0
10240	lookup	2696	0
10241	calc	9772	0
10242	lookup	12729	0
10243	lookup	12163	0
10244	calc	16672	0
10245	lookup	3615	0
10246	lookup	1847	0
10247	calc	6591	0
10248	calc	12908	0
10249	lookup	7026	0
10250	calc	11019	0
10251	calc	8030	1
10252	lookup	3692	0
10253	abstain_everyday	1571	0
10254	calc	6342	0
10255	abstain_everyday	3613	0
10256	abstain_everyday	1263	0
10257	calc	1294	0
10258	calc	6869	0
10259	lookup	11241	0
10260	calc	19217	0
10261	lookup	2915	0
10262	lookup	10821	0
10263	lookup	7509	0
10264	lookup	3779	0
10265	calc	8020	0
10266	lookup	6967	0
10267	calc	5200	0
10268	lookup	6972	0
10269	calc	4855	0
10270	calc	19456	0
10271	calc	9703	0
10272	calc	10060	0
10273	calc	13517	0
10274	calc	9422	0
10275	calc	10978	0
10276	calc	14269	0
10277	abstain_everyday	5320	0
10278	lookup	558	0
10279	lookup	8482	0
10280	calc	6785	0
10281	lookup	9727	0
10282	calc	1013	0
10283	calc	2835	0
10284	calc	12477	0
10285	calc	19640	0
10286	abstain_everyday	1850	0
10287	calc	6858	0
10288	calc	19743	0
10289	lookup	1050	0
10290	lookup	9554	0
10291	calc	20606	0
10292	calc	19282	0
10293	calc	13991	0
10294	calc	10716	0
10295	calc	5612	0
10296	calc	12946	0
10297	lookup	1206	0
10298	calc	5139	0
10299	abstain_everyday	4521	0
10300	calc	17319	0
10301	calc	19832	0
10302	lookup	10400	0
10303	lookup	11417	0
10304	calc	18638	0
10305	abstain_everyday	2464	0
10306	calc	2624	1
10307	calc	9663	0
10308	lookup	11125	0
10309	lookup	5498	0
10310	lookup	5510	0
10311	lookup	590	0
10312	abstain_everyday	2361	0
10313	abstain_everyday	3040	0
10314	calc	4999	0
10315	calc	6142	0
10316	lookup	1225	0
10317	calc	20125	0
10318	calc	3142	0
10319	calc	19250	0
10320	abstain_everyday	3005	0
10321	calc	10003	0
10322	calc	14425	0
10323	calc	14004	0
10324	calc	6058	0
10325	lookup	4055	0
10326	lookup	7865	0
10327	lookup	10684	0
10328	calc	14203	0
10329	lookup	6171	0
10330	abstain_everyday	5452	0
10331	lookup	2539	0
10332	calc	19508	0
10333	lookup	2289	0
10334	calc	18930	0
10335	lookup	5272	0
10336	lookup	6206	0
10337	lookup	536	0
10338	calc	3044	0
10339	lookup	10650	0
10340	lookup	5605	0
10341	calc	20610	0
10342	calc	5369	0
10343	abstain_everyday	4059	0
10344	abstain_everyday	3146	0
10345	abstain_everyday	698	0
10346	calc	15631	0
10347	calc	20429	0
10348	calc	4645	0
10349	calc	14355	0
10350	lookup	10726	0
10351	lookup	9335	0
10352	lookup	2321	0
10353	calc	265	0
10354	calc	17737	0
10355	lookup	6053	0
10356	abstain_everyday	2018	0
10357	abstain_everyday	318	0
10358	lookup	7249	0
10359	calc	12692	1
10360	calc	16855	0
10361	lookup	9766	0
10362	calc	10456	0
10363	calc	17461	0
10364	calc	20235	0
10365	calc	4443	0
10366	calc	16168	0
10367	lookup	8778	0
10368	abstain_everyday	3673	0
10369	calc	5502	0
10370	calc	15761	0
10371	lookup	10164	0
10372	calc	3076	0
10373	calc	12075	0
10374	calc	876	0
10375	calc	7404	0
10376	lookup	12494	0
10377	abstain_everyday	4260	0
10378	lookup	6747	0
10379	lookup	11007	0
10380	abstain_everyday	819	0
10381	calc	17865	0
10382	calc	5153	0
10383	calc	7673	0
10384	abstain_everyday	2075	0
10385	lookup	11746	0
10386	calc	10737	0
10387	calc	1969	0
10388	lookup	2515	0
10389	calc	11286	0
10390	lookup	10115	0
10391	lookup	5407	0
10392	abstain_everyday	1418	0
10393	calc	10606	0
10394	calc	10852	0
10395	abstain_everyday	2701	0
10396	calc	12662	0
10397	calc	3792	0
10398	lookup	4302	0
10399	calc	18960	0
10400	lookup	7994	0
10401	calc	5275	0
10402	abstain_everyday	4718	0
10403	lookup	11751	0
10404	calc	519	0
10405	calc	6135	0
10406	lookup	12305	0
10407	calc	5088	0
10408	calc	2180	0
10409	calc	11066	0
10410	calc	6381	0
10411	lookup	2987	0
10412	lookup	7416	0
10413	abstain_everyday	5128	0
10414	calc	8539	0
10415	lookup	5599	0
10416	calc	14587	0
10417	calc	3197	0
10418	calc	14245	0
10419	abstain_everyday	3003	0
10420	calc	19962	0
10421	abstain_everyday	930	0
10422	lookup	6891	0
10423	calc	18455	0
10424	lookup	11832	0
10425	lookup	9032	0
10426	lookup	2032	0
10427	abstain_everyday	4283	0
10428	lookup	354	0
10429	calc	15601	0
10430	lookup	2120	0
10431	calc	11671	0
10432	lookup	1438	0
10433	calc	20608	0
10434	calc	16525	0
10435	calc	6830	0
10436	lookup	12939	0
10437	lookup	11052	0
10438	calc	7538	0
10439	abstain_everyday	3472	0
10440	lookup	11959	0
10441	lookup	3928	0
10442	lookup	2946	0
10443	lookup	8841	0
10444	calc	12963	0
10445	calc	19603	0
10446	abstain_everyday	2129	0
10447	lookup	6341	0
10448	calc	3923	0
10449	lookup	9385	0
10450	calc	5300	0
10451	lookup	10919	0
10452	calc	7944	0
10453	lookup	7126	0
10454	calc	16225	0
10455	lookup	12523	0
10456	calc	12219	1
10457	lookup	733	0
10458	calc	20860	0
10459	calc	15016	0
10460	lookup	6685	0
10461	lookup	1320	0
10462	lookup	12119	0
10463	lookup	1282	0
10464	lookup	1113	0
10465	calc	2255	0
10466	lookup	1026	0
10467	abstain_everyday	3289	0
10468	calc	5206	1
10469	lookup	8117	0
10470	calc	2530	0
10471	calc	9047	0
10472	calc	9463	0
10473	calc	1838	0
10474	calc	11122	0
10475	lookup	11397	0
10476	calc	1251	0
10477	abstain_everyday	2125	0
10478	lookup	5801	0
10479	lookup	4477	0
10480	lookup	6788	0
10481	calc	17274	0
10482	calc	17854	0
10483	lookup	10090	0
10484	calc	16872	0
10485	calc	16683	0
10486	calc	5920	0
10487	calc	10215	0
10488	abstain_everyday	5355	0
10489	calc	2542	0
10490	calc	11091	0
10491	calc	12560	0
10492	lookup	7870	0
10493	calc	6755	0
10494	calc	17129	0
10495	lookup	10983	0
10496	lookup	4484	0
10497	lookup	5437	0
10498	calc	19452	1
10499	abstain_everyday	737	0
10500	lookup	10658	0
10501	calc	16823	0
10502	abstain_everyday	928	0
10503	lookup	9021	0
10504	calc	6855	0
10505	abstain_everyday	900	0
10506	calc	2139	0
10507	calc	4001	0
10508	lookup	6349	0
10509	calc	7791	0
10510	lookup	4175	0
10511	abstain_everyday	4400	0
10512	lookup	5049	0
10513	lookup	5470	0
10514	calc	279	0
10515	calc	4272	0
10516	calc	16580	0
10517	lookup	12564	0
10518	lookup	293	0
10519	abstain_everyday	4240	0
10520	lookup	12674	0
10521	calc	8583	0
10522	calc	3053	0
10523	abstain_everyday	1503	0
10524	lookup	10737	0
10525	abstain_everyday	3269	0
10526	abstain_everyday	2141	0
10527	calc	20311	0
10528	calc	19988	0
10529	calc	14495	0
10530	calc	2659	0
10531	lookup	3565	0
10532	abstain_everyday	1302	0
10533	calc	7810	0
10534	calc	1054	0
10535	lookup	3977	0
10536	lookup	565	0
10537	calc	16150	0
10538	calc	2423	0
10539	calc	19778	0
10540	lookup	744	0
10541	lookup	2774	0
10542	calc	12888	0
10543	calc	7242	0
10544	lookup	10734	0
10545	lookup	871	0
10546	calc	14560	0
10547	lookup	2284	0
10548	calc	2534	0
10549	calc	7471	0
10550	abstain_everyday	4512	0
10551	lookup	9161	0
10552	abstain_everyday	950	0
10553	lookup	5463	0
10554	lookup	11085	0
10555	abstain_everyday	1772	0
10556	lookup	7632	0
10557	calc	4492	0
10558	calc	16012	0
10559	lookup	12104	0
10560	calc	6577	0
10561	lookup	5276	0
10562	lookup	5062	0
10563	calc	19049	0
10564	lookup	1576	0
10565	lookup	9035	0
10566	calc	8652	0
10567	abstain_everyday	4644	0
10568	calc	13253	0
10569	calc	1951	0
10570	calc	4741	0
10571	calc	14652	0
10572	lookup	1779	0
10573	calc	17076	0
10574	calc	3538	0
10575	lookup	5588	0
10576	abstain_everyday	249	0
10577	lookup	9716	0
10578	abstain_everyday	3493	0
10579	calc	17588	0
10580	calc	17688	0
10581	calc	17508	0
10582	calc	9111	0
10583	lookup	9058	0
10584	calc	7729	0
10585	calc	17262	0
10586	abstain_everyday	1876	0
10587	calc	8645	1
10588	calc	17362	0
10589	calc	19494	0
10590	calc	10599	0
10591	calc	17254	0
10592	calc	18275	0
10593	lookup	12430	0
10594	abstain_everyday	3571	0
10595	calc	7379	0
10596	calc	11419	0
10597	lookup	12567	0
10598	abstain_everyday	2297	0
10599	calc	353	0
10600	lookup	5750	0
10601	calc	4543	0
10602	calc	7792	0
10603	calc	16486	0
10604	calc	2149	0
10605	calc	16131	0
10606	calc	13937	0
10607	abstain_everyday	721	0
10608	abstain_everyday	5678	0
10609	calc	3414	0
10610	calc	3268	0
10611	lookup	12682	0
10612	lookup	9095	0
10613	lookup	7175	0
10614	calc	10381	0
10615	abstain_everyday	2630	0
10616	calc	14008	0
10617	calc	20182	0
10618	calc	1765	0
10619	abstain_everyday	295	0
10620	lookup	7356	0
10621	abstain_everyday	4990	0
10622	calc	12228	0
10623	abstain_everyday	807	0
10624	calc	16166	0
10625	lookup	8180	0
10626	calc	13369	0
10627	calc	20132	0
10628	calc	8025	0
10629	calc	19996	0
10630	calc	73	0
10631	calc	11587	0
10632	calc	20404	1
10633	lookup	4198	0
10634	lookup	3953	0
10635	calc	10128	0
10636	lookup	4823	0
10637	lookup	6723	0
10638	lookup	7037	0
10639	calc	6829	0
10640	lookup	9922	0
10641	lookup	8386	0
10642	lookup	11904	0
10643	calc	16431	0
10644	lookup	8445	0
10645	calc	6358	0
10646	calc	12836	0
10647	lookup	12917	0
10648	lookup	970	0
10649	lookup	7285	0
10650	calc	1420	0
10651	calc	2564	0
10652	calc	517	0
10653	lookup	5645	0
10654	lookup	2542	0
10655	abstain_everyday	2550	0
10656	abstain_everyday	3615	0
10657	calc	14068	0
10658	abstain_everyday	4937	0
10659	calc	15929	0
10660	calc	6040	0
10661	calc	12306	0
10662	calc	4554	0
10663	calc	1326	0
10664	abstain_everyday	542	0
10665	calc	2376	0
10666	calc	4747	0
10667	lookup	7065	0
10668	calc	18382	0
10669	lookup	12162	0
10670	lookup	11658	0
10671	lookup	1102	0
10672	lookup	11841	0
10673	lookup	774	0
10674	lookup	3352	0
10675	calc	20421	0
10676	calc	7589	0
10677	calc	20420	0
10678	calc	14660	0
10679	calc	1622	0
10680	calc	11339	0
10681	calc	9723	0
10682	lookup	1913	0
10683	calc	19252	0
10684	lookup	2988	0
10685	abstain_everyday	5471	0
10686	abstain_everyday	1857	0
10687	lookup	8012	0
10688	calc	13442	0
10689	abstain_everyday	795	0
10690	lookup	8490	0
10691	calc	13619	0
10692	lookup	7664	0
10693	calc	12969	0
10694	lookup	3454	0
10695	calc	11776	0
10696	lookup	10490	0
10697	lookup	3546	0
10698	lookup	10790	0
10699	lookup	8905	0
10700	calc	10611	0
10701	calc	12914	0
10702	calc	9805	0
10703	calc	17525	0
10704	calc	11394	0
10705	calc	20321	0
10706	abstain_everyday	4480	0
10707	calc	12715	0
10708	lookup	3826	0
10709	calc	4248	0
10710	calc	10053	0
10711	lookup	10036	0
10712	lookup	5360	0
10713	lookup	1467	0
10714	calc	4952	0
10715	lookup	6676	0
10716	calc	5051	0
10717	lookup	7903	0
10718	abstain_everyday	4908	0
10719	calc	12369	0
10720	abstain_everyday	4948	0
10721	lookup	4161	0
10722	calc	18529	0
10723	calc	16514	0
10724	abstain_everyday	2111	0
10725	calc	3456	0
10726	abstain_everyday	3754	0
10727	calc	7491	0
10728	lookup	9054	0
10729	abstain_everyday	4689	0
10730	calc	10902	0
10731	lookup	1684	0
10732	calc	13579	0
10733	calc	20532	0
10734	lookup	9308	0
10735	lookup	6639	0
10736	lookup	7358	0
10737	abstain_everyday	2023	0
10738	calc	5204	0
10739	lookup	6067	0
10740	lookup	4611	0
10741	calc	19398	0
10742	lookup	12100	0
10743	calc	8394	0
10744	calc	3441	0
10745	calc	3341	0
10746	lookup	1432	0
10747	calc	19544	0
10748	abstain_everyday	4085	0
10749	abstain_everyday	4371	0
10750	calc	1275	0
10751	calc	15508	0
10752	calc	1946	0
10753	calc	16687	0
10754	lookup	5130	0
10755	calc	8782	0
10756	lookup	10431	0
10757	lookup	3223	0
10758	abstain_everyday	1335	0
10759	calc	19263	0
10760	calc	14635	0
10761	calc	8140	0
10762	calc	19198	0
10763	calc	2087	0
10764	calc	15924	0
10765	lookup	2738	0
10766	calc	3061	0
10767	calc	11210	0
10768	calc	3968	0
10769	lookup	3467	0
10770	calc	117	0
10771	lookup	7560	0
10772	lookup	10022	0
10773	lookup	6829	0
10774	calc	2343	0
10775	lookup	1800	0
10776	lookup	643	0
10777	lookup	11954	0
10778	calc	17089	0
10779	calc	4532	0
10780	lookup	1202	0
10781	lookup	4639	0
10782	lookup	11214	0
10783	calc	5567	0
10784	lookup	5580	0
10785	calc	5124	0
10786	calc	8270	0
10787	abstain_everyday	5049	0
10788	calc	2478	0
10789	calc	5681	0
10790	calc	13784	0
10791	abstain_everyday	4617	0
10792	lookup	11986	0
10793	lookup	9800	0
10794	calc	9395	0
10795	calc	8941	0
10796	calc	8244	0
10797	lookup	1862	0
10798	abstain_everyday	2905	0
10799	calc	6552	0
10800	calc	19285	0
10801	calc	13716	0
10802	lookup	7689	0
10803	calc	17489	0
10804	calc	4565	0
10805	lookup	8890	0
10806	lookup	7666	0
10807	calc	8487	0
10808	lookup	8617	0
10809	calc	11312	0
10810	calc	11194	0
10811	lookup	4164	0
10812	calc	13785	0
10813	lookup	275	0
10814	calc	10146	1
10815	calc	17972	0
10816	calc	1017	0
10817	lookup	11064	0
10818	abstain_everyday	5552	0
10819	abstain_everyday	2823	0
10820	abstain_everyday	5544	0
10821	abstain_everyday	2058	0
10822	lookup	10976	0
10823	lookup	6412	0
10824	calc	13916	0
10825	lookup	1702	0
10826	calc	2935	0
10827	calc	9078	0
10828	lookup	1920	0
10829	calc	9627	0
10830	calc	5148	0
10831	abstain_everyday	2647	0
10832	calc	751	0
10833	lookup	2839	0
10834	lookup	9231	0
10835	calc	19230	0
10836	calc	12088	0
10837	calc	9226	0
10838	calc	17181	0
10839	calc	1562	0
10840	calc	6499	0
10841	lookup	8570	0
10842	calc	11134	0
10843	calc	3262	0
10844	calc	16783	0
10845	lookup	8705	0
10846	lookup	10350	0
10847	lookup	10385	0
10848	calc	17913	0
10849	calc	3088	1
10850	calc	11853	0
10851	lookup	12301	0
10852	lookup	11507	0
10853	lookup	10571	0
10854	lookup	4948	0
10855	lookup	9927	0
10856	calc	16007	0
10857	calc	18740	0
10858	lookup	3543	0
10859	lookup	676	0
10860	calc	18349	0
10861	lookup	8200	0
10862	calc	20734	0
10863	calc	3789	0
10864	calc	12640	0
10865	abstain_everyday	5399	0
10866	lookup	8613	0
10867	calc	8708	0
10868	calc	6541	0
10869	calc	16422	0
10870	abstain_everyday	5406	0
10871	calc	16090	0
10872	lookup	8452	0
10873	calc	5614	0
10874	abstain_everyday	5337	0
10875	calc	13948	0
10876	calc	13349	0
10877	lookup	11767	0
10878	lookup	5088	0
10879	lookup	8010	0
10880	lookup	8777	0
10881	calc	18177	0
10882	calc	10397	0
10883	calc	10950	0
10884	abstain_everyday	2980	0
10885	calc	13996	0
10886	calc	11922	0
10887	calc	8558	0
10888	calc	13346	0
10889	lookup	1344	0
10890	abstain_everyday	2542	0
10891	calc	16025	0
10892	lookup	3820	0
10893	calc	3948	0
10894	lookup	12176	0
10895	calc	7101	0
10896	calc	13486	0
10897	lookup	11034	0
10898	lookup	11095	0
10899	calc	3113	0
10900	lookup	9746	0
10901	calc	928	0
10902	lookup	8404	0
10903	calc	14520	0
10904	calc	2578	0
10905	calc	19622	0
10906	lookup	7181	0
10907	calc	9557	0
10908	lookup	8690	0
10909	calc	7577	1
10910	calc	10109	0
10911	calc	20490	0
10912	calc	36	0
10913	lookup	3422	0
10914	calc	19390	0
10915	abstain_everyday	875	0
10916	lookup	2061	0
10917	calc	7834	0
10918	lookup	4185	0
10919	lookup	623	0
10920	lookup	12723	0
10921	calc	20474	0
10922	abstain_everyday	2732	0
10923	calc	12603	0
10924	lookup	9489	0
10925	abstain_everyday	1583	0
10926	lookup	4410	0
10927	lookup	4756	0
10928	lookup	6427	0
10929	calc	5895	0
10930	calc	3153	0
10931	calc	16217	0
10932	abstain_everyday	5241	0
10933	abstain_everyday	1231	0
10934	calc	9019	0
10935	calc	15232	0
10936	lookup	8246	0
10937	lookup	1845	0
10938	abstain_everyday	727	0
10939	calc	12424	0
10940	lookup	6389	0
10941	calc	18100	0
10942	lookup	6927	0
10943	lookup	4697	0
10944	lookup	4379	0
10945	calc	4388	0
10946	abstain_everyday	3957	0
10947	abstain_everyday	4693	0
10948	abstain_everyday	3544	0
10949	calc	520	1
10950	calc	10245	0
10951	calc	18560	0
10952	calc	6424	0
10953	lookup	5948	0
10954	calc	5487	0
10955	calc	9850	0
10956	calc	11299	0
10957	abstain_everyday	4104	0
10958	calc	6557	0
10959	lookup	7741	0
10960	lookup	8711	0
10961	calc	1491	1
10962	calc	19304	0
10963	lookup	12527	0
10964	calc	15085	0
10965	calc	18208	0
10966	abstain_everyday	2727	0
10967	calc	14453	0
10968	lookup	7979	0
10969	lookup	9557	0
10970	lookup	7224	0
10971	calc	19895	0
10972	lookup	12296	0
10973	abstain_everyday	2055	0
10974	calc	19267	0
10975	calc	16901	0
10976	lookup	12132	0
10977	calc	10911	0
10978	calc	20905	1
10979	calc	12539	0
10980	calc	8980	0
10981	abstain_everyday	1338	0
10982	lookup	4785	0
10983	lookup	8821	0
10984	lookup	3509	0
10985	calc	15249	0
10986	calc	19963	0
10987	calc	8015	0
10988	lookup	4675	0
10989	lookup	3541	0
10990	abstain_everyday	5126	0
10991	calc	13782	0
10992	lookup	8992	0
10993	calc	7058	0
10994	calc	291	0
10995	lookup	10292	0
10996	calc	15650	0
10997	lookup	7353	0
10998	calc	19387	0
10999	calc	19440	0
11000	calc	19179	0
11001	calc	8729	0
11002	lookup	5668	0
11003	calc	5697	0
11004	lookup	8175	0
11005	calc	11381	0
11006	abstain_everyday	1403	0
11007	calc	17604	0
11008	calc	12070	0
11009	abstain_everyday	3419	0
11010	calc	19878	0
11011	calc	3132	0
11012	calc	17291	0
11013	lookup	1766	0
11014	calc	5713	0
11015	calc	9534	0
11016	lookup	8086	0
11017	calc	16496	0
11018	lookup	550	0
11019	lookup	3222	0
11020	calc	7804	0
11021	calc	366	0
11022	calc	11931	0
11023	abstain_everyday	1427	0
11024	calc	1711	0
11025	calc	20137	0
11026	calc	6721	0
11027	lookup	10402	0
11028	abstain_everyday	1878	0
11029	abstain_everyday	987	0
11030	calc	15785	0
11031	calc	4041	0
11032	calc	2966	0
11033	calc	18108	0
11034	calc	4152	0
11035	calc	10555	0
11036	abstain_everyday	3129	0
11037	calc	17785	0
11038	calc	19999	0
11039	calc	14624	0
11040	lookup	4200	0
11041	calc	15885	0
11042	calc	18428	0
11043	calc	19861	0
11044	lookup	9020	0
11045	calc	11318	0
11046	lookup	1937	0
11047	calc	7629	0
11048	calc	5643	0
11049	calc	19919	0
11050	calc	19855	0
11051	calc	19925	0
11052	calc	7270	0
11053	calc	2474	0
11054	calc	10348	0
11055	lookup	3323	0
11056	lookup	12895	0
11057	lookup	6084	0
11058	calc	19633	0
11059	abstain_everyday	1217	0
11060	calc	5844	0
11061	abstain_everyday	4446	0
11062	calc	11905	1
11063	abstain_everyday	1549	0
11064	calc	19126	0
11065	calc	14557	0
11066	calc	12773	0
11067	calc	17629	0
11068	calc	16648	0
11069	abstain_everyday	4690	0
11070	calc	18526	0
11071	lookup	6785	0
11072	calc	18599	0
11073	calc	7660	0
11074	calc	15265	0
11075	calc	19151	0
11076	lookup	9980	0
11077	calc	645	0
11078	lookup	9440	0
11079	calc	5560	0
11080	lookup	2498	0
11081	lookup	9516	0
11082	abstain_everyday	5607	0
11083	lookup	4739	0
11084	lookup	1906	0
11085	calc	6529	0
11086	calc	12493	0
11087	calc	6924	0
11088	lookup	3053	0
11089	lookup	8605	0
11090	lookup	9253	0
11091	abstain_everyday	760	0
11092	calc	1381	1
11093	calc	19159	0
11094	calc	8819	0
11095	lookup	7969	0
11096	lookup	9813	0
11097	lookup	5541	0
11098	calc	2319	0
11099	calc	6935	0
11100	lookup	10722	0
11101	calc	13195	0
11102	abstain_everyday	540	0
11103	calc	8031	0
11104	calc	2256	0
11105	lookup	2852	0
11106	calc	13522	0
11107	calc	9128	0
11108	lookup	4536	0
11109	calc	2061	0
11110	calc	15431	0
11111	calc	15291	0
11112	calc	14292	0
11113	lookup	5591	0
11114	calc	852	0
11115	lookup	4233	0
11116	calc	6046	0
11117	abstain_everyday	5612	0
11118	lookup	4115	0
11119	lookup	5279	0
11120	calc	5239	0
11121	lookup	10625	0
11122	lookup	11290	0
11123	lookup	18	0
11124	lookup	6821	0
11125	lookup	1995	0
11126	calc	14046	0
11127	abstain_everyday	2412	0
11128	calc	20279	0
11129	calc	9666	0
11130	calc	19221	0
11131	calc	17143	0
11132	abstain_everyday	5644	0
11133	calc	16544	0
11134	lookup	9202	0
11135	lookup	11992	0
11136	abstain_everyday	3307	0
11137	abstain_everyday	2828	0
11138	lookup	8367	0
11139	calc	1550	0
11140	lookup	917	0
11141	calc	20865	0
11142	calc	13081	0
11143	calc	18373	0
11144	abstain_everyday	4869	0
11145	abstain_everyday	4538	0
11146	calc	2477	0
11147	calc	11646	0
11148	calc	10943	1
11149	calc	2300	0
11150	calc	6056	0
11151	calc	6946	1
11152	calc	7066	0
11153	lookup	9169	0
11154	calc	17258	0
11155	lookup	11810	0
11156	lookup	11802	0
11157	lookup	3224	0
11158	calc	3686	1
11159	calc	13405	1
11160	calc	4806	0
11161	calc	651	0
11162	calc	14214	0
11163	calc	206	0
11164	lookup	3433	0
11165	calc	19014	0
11166	calc	836	1
11167	lookup	3922	0
11168	lookup	8431	0
11169	lookup	5031	0
11170	lookup	1773	0
11171	calc	11559	0
11172	calc	15771	0
11173	lookup	10366	0
11174	lookup	5910	0
11175	abstain_everyday	5093	0
11176	calc	17958	0
11177	abstain_everyday	3502	0
11178	lookup	2937	0
11179	lookup	2621	0
11180	abstain_everyday	4063	0
11181	lookup	3955	0
11182	abstain_everyday	5366	0
11183	calc	8197	0
11184	abstain_everyday	3357	0
11185	calc	17024	0
11186	calc	12021	0
11187	calc	4652	0
11188	calc	14314	0
11189	calc	17775	0
11190	calc	2431	0
11191	lookup	6064	0
11192	abstain_everyday	1946	0
11193	lookup	12850	0
11194	abstain_everyday	4645	0
11195	abstain_everyday	2659	0
11196	abstain_everyday	1803	0
11197	calc	2960	1
11198	calc	8873	0
11199	calc	12487	0
11200	calc	131	0
11201	abstain_everyday	5327	0
11202	lookup	12206	0
11203	abstain_everyday	4163	0
11204	abstain_everyday	2026	0
11205	calc	14748	0
11206	lookup	12478	0
11207	calc	14191	0
11208	calc	95	0
11209	calc	18911	0
11210	abstain_everyday	5656	0
11211	calc	7171	0
11212	lookup	10947	0
11213	calc	10153	0
11214	calc	18782	0
11215	calc	1126	0
11216	calc	15257	0
11217	calc	229	0
11218	calc	6882	0
11219	calc	677	0
11220	lookup	10283	0
11221	lookup	5592	0
11222	lookup	10887	0
11223	calc	20684	0
11224	calc	18165	0
11225	calc	1883	0
11226	abstain_everyday	3140	0
11227	calc	3487	0
11228	lookup	8096	0
11229	calc	1383	0
11230	abstain_everyday	87	0
11231	calc	14132	0
11232	calc	6184	0
11233	calc	20208	0
11234	calc	7446	0
11235	lookup	1346	0
11236	calc	12775	0
11237	calc	13154	0
11238	lookup	12745	0
11239	abstain_everyday	59	0
11240	calc	17491	0
11241	calc	15645	0
11242	abstain_everyday	1069	0
11243	lookup	4292	0
11244	lookup	12715	0
11245	calc	17294	0
11246	lookup	6001	0
11247	calc	7399	0
11248	lookup	9835	0
11249	lookup	268	0
11250	calc	11379	0
11251	calc	20180	0
11252	abstain_everyday	2937	0
11253	lookup	2338	0
11254	lookup	1325	0
11255	lookup	2735	0
11256	calc	13804	0
11257	calc	5734	0
11258	calc	7128	0
11259	calc	158	0
11260	calc	18514	0
11261	calc	12949	0
11262	lookup	12899	0
11263	lookup	8856	0
11264	lookup	8296	0
11265	calc	19408	0
11266	calc	14041	0
11267	calc	14115	0
11268	lookup	5542	0
11269	lookup	12213	0
11270	calc	12483	0
11271	calc	4369	0
11272	calc	14378	0
11273	lookup	3491	0
11274	abstain_everyday	5671	0
11275	calc	12137	0
11276	calc	6000	0
11277	abstain_everyday	2402	0
11278	calc	9363	0
11279	lookup	9814	0
11280	calc	10570	0
11281	lookup	2880	0
11282	calc	639	0
11283	calc	12313	0
11284	calc	14902	0
11285	calc	12471	0
11286	lookup	7014	0
11287	calc	4086	0
11288	calc	14406	0
11289	calc	13986	0
11290	calc	19412	0
11291	lookup	10621	0
11292	calc	18559	0
11293	lookup	9490	0
11294	abstain_everyday	5015	0
11295	lookup	4312	0
11296	lookup	571	0
11297	calc	18603	0
11298	calc	8486	0
11299	calc	17042	0
11300	calc	6459	0
11301	lookup	2623	0
11302	lookup	1663	0
11303	lookup	9065	0
11304	calc	18683	0
11305	calc	15391	0
11306	calc	12936	0
11307	lookup	4634	0
11308	calc	1724	0
11309	lookup	313	0
11310	calc	6870	0
11311	calc	10424	0
11312	abstain_everyday	4391	0
11313	calc	13462	0
11314	lookup	6593	0
11315	calc	12105	0
11316	calc	15025	0
11317	calc	13174	0
11318	lookup	8277	0
11319	lookup	4298	0
11320	calc	10713	0
11321	abstain_everyday	5489	0
11322	calc	14545	0
11323	calc	14194	0
11324	lookup	5817	0
11325	calc	12242	0
11326	lookup	1712	0
11327	calc	6261	0
11328	calc	3970	1
11329	calc	6836	0
11330	abstain_everyday	3002	0
11331	calc	17562	0
11332	lookup	1679	0
11333	lookup	1425	0
11334	abstain_everyday	4686	0
11335	calc	1660	0
11336	lookup	10131	0
11337	calc	10390	0
11338	calc	17925	0
11339	calc	4743	0
11340	lookup	6906	0
11341	calc	17085	0
11342	calc	11594	0
11343	abstain_everyday	1846	0
11344	calc	11359	0
11345	lookup	9847	0
11346	calc	6654	0
11347	abstain_everyday	5767	0
11348	calc	20002	0
11349	lookup	1821	0
11350	calc	783	0
11351	calc	9764	0
11352	lookup	3974	0
11353	calc	19392	0
11354	calc	3901	0
11355	lookup	12099	0
11356	abstain_everyday	3409	0
11357	lookup	9238	0
11358	calc	4261	0
11359	calc	7123	0
11360	calc	18293	0
11361	lookup	7341	0
11362	calc	8835	0
11363	lookup	1672	0
11364	calc	7049	0
11365	lookup	3537	0
11366	lookup	5735	0
11367	calc	2600	0
11368	calc	15543	0
11369	calc	6104	0
11370	calc	15905	0
11371	abstain_everyday	2443	0
11372	calc	16073	0
11373	calc	6150	0
11374	lookup	11371	0
11375	calc	13097	0
11376	calc	12331	0
11377	calc	16035	0
11378	calc	3297	0
11379	calc	12323	0
11380	calc	10682	0
11381	lookup	8463	0
11382	abstain_everyday	2747	0
11383	calc	1138	0
11384	lookup	11516	0
11385	calc	10941	0
11386	calc	17995	0
11387	lookup	1658	0
11388	calc	10473	0
11389	abstain_everyday	3643	0
11390	calc	11628	1
11391	lookup	8354	0
11392	lookup	4041	0
11393	lookup	3158	0
11394	lookup	3751	0
11395	lookup	11851	0
11396	abstain_everyday	969	0
11397	calc	9671	0
11398	calc	20236	0
11399	abstain_everyday	3554	0
11400	calc	17354	0
11401	calc	16204	0
11402	lookup	8321	0
11403	lookup	8144	0
11404	lookup	9492	0
11405	abstain_everyday	3461	0
11406	lookup	428	0
11407	calc	2821	0
11408	calc	10961	0
11409	abstain_everyday	653	0
11410	calc	14166	0
11411	lookup	6130	0
11412	calc	4309	0
11413	calc	15621	0
11414	lookup	1074	0
11415	calc	13212	0
11416	calc	4724	0
11417	calc	3159	0
11418	lookup	4170	0
11419	lookup	10406	0
11420	lookup	4926	0
11421	lookup	4583	0
11422	lookup	2670	0
11423	calc	504	0
11424	lookup	8751	0
11425	calc	8984	0
11426	lookup	12292	0
11427	calc	16964	0
11428	calc	8947	0
11429	lookup	6887	0
11430	calc	19175	0
11431	calc	5055	0
11432	calc	875	0
11433	calc	1718	0
11434	abstain_everyday	5370	0
11435	lookup	4964	0
11436	abstain_everyday	3589	0
11437	calc	17914	0
11438	calc	16171	0
11439	calc	20316	0
11440	lookup	1061	0
11441	calc	7772	0
11442	lookup	6975	0
11443	lookup	3228	0
11444	abstain_everyday	3222	0
11445	abstain_everyday	5793	0
11446	calc	9276	0
11447	calc	13430	0
11448	calc	553	0
11449	calc	257	0
11450	calc	6505	0
11451	calc	8673	1
11452	lookup	2441	0
11453	lookup	10749	0
11454	calc	9448	0
11455	lookup	8241	0
11456	lookup	7019	0
11457	calc	2439	0
11458	calc	12376	0
11459	calc	9266	0
11460	lookup	10828	0
11461	lookup	9956	0
11462	lookup	4445	0
11463	abstain_everyday	4960	0
11464	lookup	7740	0
11465	abstain_everyday	3306	0
11466	abstain_everyday	354	0
11467	calc	16048	1
11468	calc	16445	0
11469	lookup	7613	0
11470	calc	2771	0
11471	lookup	2382	0
11472	calc	12993	0
11473	calc	9645	0
11474	calc	13666	0
11475	lookup	2640	0
11476	lookup	9288	0
11477	lookup	8846	0
11478	lookup	7217	0
11479	calc	14243	0
11480	lookup	11116	0
11481	calc	7065	0
11482	abstain_everyday	971	0
11483	abstain_everyday	3305	0
11484	calc	14313	0
11485	lookup	2319	0
11486	calc	1508	0
11487	calc	17650	0
11488	calc	10614	1
11489	abstain_everyday	451	0
11490	lookup	12166	0
11491	lookup	1184	0
11492	calc	20780	1
11493	lookup	6485	0
11494	calc	17890	0
11495	calc	18272	0
11496	calc	18189	0
11497	calc	2088	0
11498	abstain_everyday	1740	0
11499	lookup	4565	0
11500	calc	3122	0
11501	calc	18524	0
11502	calc	11098	0
11503	lookup	10390	0
11504	lookup	3528	0
11505	calc	8085	0
11506	lookup	1252	0
11507	calc	1767	0
11508	calc	8898	0
11509	calc	9965	0
11510	calc	14541	0
11511	calc	10569	0
11512	calc	8308	1
11513	calc	17376	0
11514	calc	20867	0
11515	lookup	1553	0
11516	abstain_everyday	3905	0
11517	calc	4829	0
11518	calc	1819	1
11519	calc	4673	1
11520	calc	20821	0
11521	calc	18381	0
11522	calc	8875	0
11523	calc	12122	0
11524	abstain_everyday	496	0
11525	calc	339	0
11526	calc	3502	0
11527	calc	19992	0
11528	calc	17173	0
11529	calc	17026	0
11530	calc	3956	0
11531	lookup	12894	0
11532	calc	1407	0
11533	calc	1847	0
11534	lookup	10290	0
11535	lookup	11890	0
11536	calc	3232	0
11537	calc	10357	0
11538	lookup	8626	0
11539	abstain_everyday	2776	0
11540	abstain_everyday	3620	0
11541	calc	2138	0
11542	calc	20646	0
11543	calc	11218	0
11544	calc	4432	0
11545	calc	14456	0
11546	calc	18482	0
11547	calc	15737	0
11548	calc	18456	0
11549	lookup	107	0
11550	lookup	5545	0
11551	lookup	10238	0
11552	abstain_everyday	813	0
11553	abstain_everyday	233	0
11554	calc	5008	0
11555	calc	20983	0
11556	lookup	8652	0
11557	abstain_everyday	2270	0
11558	lookup	2309	0
11559	lookup	8114	0
11560	calc	3206	0
11561	calc	20910	0
11562	calc	3952	0
11563	abstain_everyday	3276	0
11564	lookup	1670	0
11565	calc	3073	0
11566	calc	13659	0
11567	abstain_everyday	5289	0
11568	calc	1853	0
11569	lookup	619	0
11570	lookup	11163	0
11571	lookup	5013	0
11572	calc	10568	0
11573	calc	8896	0
11574	calc	14463	0
11575	calc	8719	0
11576	lookup	11508	0
11577	calc	2615	0
11578	lookup	1762	0
11579	abstain_everyday	3445	0
11580	calc	10704	0
11581	calc	14129	0
11582	lookup	10774	0
11583	lookup	8885	0
11584	calc	3658	0
11585	calc	15959	0
11586	calc	12255	0
11587	lookup	610	0
11588	calc	6189	0
11589	calc	1352	0
11590	calc	5462	0
11591	calc	10642	1
11592	abstain_everyday	4127	0
11593	calc	16419	0
11594	calc	14521	0
11595	calc	3724	0
11596	calc	9721	0
11597	calc	2980	0
11598	lookup	4101	0
11599	calc	7743	0
11600	lookup	5133	0
11601	calc	5527	0
11602	calc	5864	0
11603	lookup	7134	0
11604	calc	12848	0
11605	calc	1010	0
11606	calc	7028	0
11607	abstain_everyday	1203	0
11608	calc	14721	0
11609	lookup	11481	0
11610	calc	2711	0
11611	lookup	7962	0
11612	lookup	5430	0
11613	calc	18661	0
11614	calc	8972	0
11615	calc	1316	0
11616	calc	2286	0
11617	calc	7695	0
11618	calc	11680	0
11619	calc	3674	1
11620	calc	12839	0
11621	lookup	11220	0
11622	abstain_everyday	4402	0
11623	abstain_everyday	773	0
11624	calc	5408	0
11625	abstain_everyday	213	0
11626	abstain_everyday	1667	0
11627	lookup	5247	0
11628	abstain_everyday	406	0
11629	calc	5341	0
11630	abstain_everyday	2774	0
11631	calc	13777	0
11632	calc	12513	0
11633	lookup	12320	0
11634	calc	12573	0
11635	calc	5373	0
11636	lookup	11754	0
11637	calc	17609	0
11638	calc	7492	0
11639	calc	17070	0
11640	lookup	7092	0
11641	calc	3684	0
11642	calc	6119	0
11643	calc	4342	0
11644	calc	9010	0
11645	calc	17453	0
11646	calc	14738	0
11647	abstain_everyday	1719	0
11648	calc	10901	0
11649	lookup	10984	0
11650	calc	6616	0
11651	abstain_everyday	2022	0
11652	lookup	7156	0
11653	calc	2921	0
11654	calc	18583	0
11655	calc	17703	0
11656	calc	14585	0
11657	calc	19848	0
11658	lookup	6137	0
11659	calc	13199	0
11660	lookup	8977	0
11661	lookup	141	0
11662	calc	10099	0
11663	calc	20387	0
11664	lookup	6466	0
11665	calc	15710	0
11666	abstain_everyday	2611	0
11667	lookup	8425	0
11668	lookup	9977	0
11669	calc	19251	0
11670	lookup	11517	0
11671	lookup	11612	0
11672	abstain_everyday	1439	0
11673	calc	5806	0
11674	calc	8152	0
11675	calc	6725	0
11676	abstain_everyday	1074	0
11677	calc	4734	0
11678	calc	7487	0
11679	calc	140	0
11680	abstain_everyday	5333	0
11681	lookup	4419	0
11682	lookup	8721	0
11683	calc	6520	0
11684	calc	17948	0
11685	calc	20583	0
11686	calc	16335	0
11687	calc	18453	0
11688	calc	17656	0
11689	lookup	1985	0
11690	calc	12107	0
11691	calc	16447	0
11692	lookup	6106	0
11693	calc	16663	0
11694	lookup	3734	0
11695	abstain_everyday	1218	0
11696	calc	3299	0
11697	abstain_everyday	275	0
11698	lookup	2492	0
11699	lookup	4027	0
11700	calc	1284	0
11701	calc	8734	0
11702	calc	6573	0
11703	lookup	4651	0
11704	abstain_everyday	1170	0
11705	abstain_everyday	5698	0
11706	lookup	2811	0
11707	lookup	12222	0
11708	lookup	257	0
11709	calc	13854	0
11710	calc	11512	0
11711	calc	4027	0
11712	calc	15618	0
11713	lookup	9349	0
11714	abstain_everyday	1808	0
11715	calc	12756	0
11716	lookup	10478	0
11717	abstain_everyday	3266	0
11718	calc	1690	0
11719	lookup	3507	0
11720	calc	9387	0
11721	calc	12565	0
11722	abstain_everyday	2142	0
11723	lookup	5785	0
11724	lookup	5650	0
11725	calc	6408	0
11726	calc	8440	0
11727	abstain_everyday	4350	0
11728	abstain_everyday	407	0
11729	calc	12516	0
11730	calc	9330	0
11731	abstain_everyday	5380	0
11732	lookup	5040	0
11733	lookup	8016	0
11734	calc	9404	0
11735	calc	3309	0
11736	calc	7745	0
11737	calc	5508	1
11738	lookup	1174	0
11739	lookup	2203	0
11740	calc	12194	0
11741	lookup	3878	0
11742	calc	912	0
11743	lookup	8403	0
11744	lookup	5309	0
11745	calc	18855	0
11746	abstain_everyday	2786	0
11747	calc	2174	0
11748	lookup	6664	0
11749	lookup	3942	0
11750	abstain_everyday	1693	0
11751	lookup	5610	0
11752	calc	16998	0
11753	calc	678	0
11754	calc	16417	0
11755	abstain_everyday	3723	0
11756	lookup	11123	0
11757	abstain_everyday	5425	0
11758	calc	2974	0
11759	lookup	3038	0
11760	lookup	9921	0
11761	calc	19166	0
11762	lookup	9179	0
11763	abstain_everyday	3847	0
11764	lookup	6722	0
11765	calc	3818	0
11766	calc	14208	0
11767	lookup	7862	0
11768	calc	10312	0
11769	calc	12134	0
11770	lookup	6210	0
11771	lookup	3873	0
11772	lookup	508	0
11773	calc	20578	0
11774	lookup	9515	0
11775	calc	11951	0
11776	abstain_everyday	4463	0
11777	calc	3914	0
11778	lookup	1373	0
11779	calc	5087	0
11780	lookup	2015	0
11781	lookup	7756	0
11782	abstain_everyday	6	0
11783	lookup	2063	0
11784	lookup	1690	0
11785	calc	1302	0
11786	lookup	12603	0
11787	calc	3877	0
11788	lookup	574	0
11789	calc	16530	0
11790	calc	3954	0
11791	abstain_everyday	3738	0
11792	calc	19081	0
11793	abstain_everyday	5806	0
11794	lookup	5427	0
11795	calc	15760	1
11796	calc	11553	0
11797	calc	20454	1
11798	calc	6987	0
11799	abstain_everyday	2546	0
11800	calc	5931	0
11801	lookup	5205	0
11802	lookup	11819	0
11803	calc	2905	0
11804	lookup	3793	0
11805	calc	20365	0
11806	calc	16481	0
11807	calc	4100	0
11808	lookup	4745	0
11809	calc	9665	0
11810	calc	17931	0
11811	calc	13569	0
11812	abstain_everyday	4476	0
11813	lookup	4062	0
11814	calc	4884	0
11815	calc	7227	0
11816	abstain_everyday	3167	0
11817	calc	2575	0
11818	calc	18356	0
11819	calc	1299	0
11820	abstain_everyday	1230	0
11821	lookup	6245	0
11822	calc	4830	0
11823	calc	21053	0
11824	calc	8688	0
11825	calc	18673	0
11826	abstain_everyday	4864	0
11827	calc	5179	0
11828	calc	8310	0
11829	lookup	1365	0
11830	lookup	7231	0
11831	calc	7936	0
11832	lookup	7202	0
11833	calc	2505	0
11834	lookup	9450	0
11835	calc	4945	1
11836	calc	3983	0
11837	lookup	2747	0
11838	calc	12244	0
11839	lookup	6184	0
11840	calc	10496	0
11841	calc	18029	0
11842	calc	19089	0
11843	lookup	2487	0
11844	calc	10484	0
11845	lookup	9965	0
11846	calc	11511	0
11847	abstain_everyday	344	0
11848	calc	2301	0
11849	lookup	6811	0
11850	lookup	11311	0
11851	calc	6329	0
11852	calc	11644	0
11853	calc	4702	0
11854	lookup	4840	0
11855	calc	3694	0
11856	abstain_everyday	4431	0
11857	lookup	7492	0
11858	calc	5884	0
11859	abstain_everyday	4991	0
11860	lookup	9629	0
11861	calc	10438	0
11862	calc	20647	0
11863	calc	4686	0
11864	lookup	6861	0
11865	calc	8772	0
11866	lookup	6402	0
11867	calc	9071	0
11868	calc	15022	0
11869	calc	20348	0
11870	lookup	6704	0
11871	lookup	2095	0
11872	calc	15768	0
11873	lookup	1502	0
11874	lookup	7444	0
11875	calc	13629	0
11876	calc	4158	0
11877	calc	15596	0
11878	calc	12536	1
11879	calc	4107	0
11880	calc	20810	0
11881	lookup	2674	0
11882	calc	4781	0
11883	calc	809	0
11884	calc	7544	1
11885	lookup	12310	0
11886	lookup	5435	0
11887	abstain_everyday	4810	0
11888	calc	1783	0
11889	lookup	11165	0
11890	calc	15058	0
11891	lookup	7925	0
11892	calc	9480	0
11893	lookup	3740	0
11894	calc	16807	0
11895	abstain_everyday	5412	0
11896	calc	649	1
11897	calc	19703	0
11898	calc	5598	0
11899	calc	17028	0
11900	calc	9500	0
11901	lookup	12618	0
11902	calc	11741	0
11903	calc	17728	0
11904	abstain_everyday	3879	0
11905	lookup	12326	0
11906	calc	14499	0
11907	lookup	12886	0
11908	calc	6127	0
11909	lookup	10137	0
11910	calc	17008	0
11911	abstain_everyday	391	0
11912	calc	14544	0
11913	calc	8034	0
11914	lookup	12556	0
11915	lookup	11	0
11916	calc	9520	0
11917	calc	7450	0
11918	calc	8379	0
11919	abstain_everyday	3478	0
11920	calc	11126	0
11921	lookup	2465	0
11922	lookup	12526	0
11923	lookup	9093	0
11924	calc	11601	0
11925	abstain_everyday	4011	0
11926	calc	10037	0
11927	calc	1252	0
11928	calc	7971	0
11929	lookup	12426	0
11930	calc	20314	0
11931	lookup	1506	0
11932	calc	3164	0
11933	lookup	10268	0
11934	calc	11147	0
11935	calc	10798	0
11936	calc	3419	0
11937	abstain_everyday	260	0
11938	lookup	4828	0
11939	calc	2064	0
11940	abstain_everyday	382	0
11941	lookup	7207	0
11942	lookup	10177	0
11943	abstain_everyday	4459	0
11944	calc	4244	0
11945	calc	18954	0
11946	calc	5392	1
11947	abstain_everyday	4434	0
11948	lookup	1032	0
11949	abstain_everyday	1974	0
11950	calc	16494	0
11951	lookup	5809	0
11952	calc	8446	0
11953	abstain_everyday	5013	0
11954	calc	20879	0
11955	calc	4472	0
11956	calc	17576	0
11957	calc	6925	0
11958	calc	12824	0
11959	calc	15868	0
11960	calc	10715	0
11961	lookup	10103	0
11962	lookup	4104	0
11963	lookup	6841	0
11964	calc	2082	0
11965	lookup	124	0
11966	lookup	2083	0
11967	abstain_everyday	1598	0
11968	calc	14376	0
11969	calc	2899	0
11970	lookup	6440	0
11971	calc	10520	0
11972	lookup	2454	0
11973	calc	19771	0
11974	calc	2813	0
11975	lookup	5517	0
11976	lookup	8849	0
11977	lookup	7044	0
11978	calc	6029	0
11979	calc	9750	0
11980	abstain_everyday	4083	0
11981	calc	7864	0
11982	abstain_everyday	5533	0
11983	abstain_everyday	5222	0
11984	calc	11664	0
11985	calc	18805	0
11986	calc	16694	0
11987	calc	18588	0
11988	calc	7843	0
11989	lookup	8700	0
11990	calc	14237	0
11991	lookup	3757	0
11992	calc	18622	0
11993	lookup	3614	0
11994	calc	6442	0
11995	lookup	10558	0
11996	calc	13429	0
11997	calc	4017	0
11998	calc	6110	0
11999	lookup	5134	0
12000	calc	20165	0
12001	lookup	3214	0
12002	lookup	11412	0
12003	lookup	9487	0
12004	calc	4260	0
12005	lookup	2165	0
12006	calc	3120	0
12007	calc	18397	0
12008	lookup	3083	0
12009	lookup	448	0
12010	lookup	3792	0
12011	calc	9311	0
12012	calc	20266	0
12013	calc	14945	0
12014	calc	7350	0
12015	calc	7434	0
12016	calc	5532	0
12017	calc	3058	0
12018	lookup	6871	0
12019	lookup	6438	0
12020	calc	12594	0
12021	lookup	3709	0
12022	calc	16875	0
12023	calc	13698	0
12024	calc	1364	0
12025	lookup	4812	0
12026	calc	15298	0
12027	lookup	2471	0
12028	calc	12008	0
12029	abstain_everyday	1148	0
12030	calc	9652	0
12031	lookup	5046	0
12032	calc	19851	0
12033	calc	20987	0
12034	calc	18614	0
12035	lookup	11861	0
12036	lookup	11067	0
12037	abstain_everyday	5027	0
12038	calc	19647	0
12039	lookup	2195	0
12040	lookup	6377	0
12041	lookup	11543	0
12042	calc	13054	0
12043	calc	479	0
12044	calc	7799	0
12045	calc	15163	0
12046	abstain_everyday	5190	0
12047	abstain_everyday	1026	0
12048	lookup	12229	0
12049	lookup	6401	0
12050	calc	11453	0
12051	calc	6248	0
12052	calc	4670	0
12053	abstain_everyday	2924	0
12054	calc	4627	0
12055	lookup	5850	0
12056	calc	1510	0
12057	abstain_everyday	611	0
12058	abstain_everyday	5199	0
12059	calc	13733	0
12060	lookup	12921	0
12061	calc	19616	0
12062	calc	2166	0
12063	calc	13398	0
12064	calc	17700	0
12065	calc	1782	0
12066	calc	9076	0
12067	calc	20058	0
12068	lookup	7076	0
12069	calc	14249	0
12070	lookup	4931	0
12071	lookup	1027	0
12072	calc	2630	1
12073	calc	18809	0
12074	abstain_everyday	3599	0
12075	lookup	9297	0
12076	lookup	1023	0
12077	calc	13179	0
12078	calc	20313	0
12079	calc	10822	0
12080	lookup	8969	0
12081	lookup	9148	0
12082	lookup	3728	0
12083	calc	18421	0
12084	abstain_everyday	3795	0
12085	calc	941	0
12086	abstain_everyday	5034	0
12087	calc	2875	1
12088	lookup	2173	0
12089	calc	20605	0
12090	calc	18806	0
12091	lookup	11454	0
12092	lookup	4180	0
12093	lookup	6262	0
12094	calc	3580	0
12095	lookup	1854	0
12096	calc	19665	0
12097	calc	8536	0
12098	lookup	493	0
12099	calc	20261	0
12100	calc	11291	0
12101	calc	7102	0
12102	lookup	2979	0
12103	calc	5542	0
12104	calc	1581	0
12105	calc	15567	0
12106	lookup	2026	0
12107	calc	15926	0
12108	abstain_everyday	1797	0
12109	calc	2365	0
12110	lookup	2901	0
12111	abstain_everyday	1405	0
12112	calc	17800	0
12113	calc	5576	0
12114	calc	6206	0
12115	lookup	12149	0
12116	lookup	10755	0
12117	calc	18173	0
12118	abstain_everyday	2960	0
12119	lookup	6581	0
12120	calc	1998	0
12121	calc	16123	0
12122	calc	12652	0
12123	lookup	6121	0
12124	abstain_everyday	3522	0
12125	calc	8991	0
12126	lookup	7374	0
12127	lookup	9142	0
12128	calc	19710	0
12129	lookup	10021	0
12130	lookup	6915	0
12131	abstain_everyday	3740	0
12132	lookup	9172	0
12133	calc	7114	0
12134	calc	20742	0
12135	lookup	2296	0
12136	calc	9887	0
12137	lookup	7718	0
12138	lookup	12734	0
12139	abstain_everyday	2528	0
12140	calc	17711	0
12141	calc	14594	0
12142	lookup	376	0
12143	lookup	6430	0
12144	calc	19577	0
12145	calc	1187	0
12146	lookup	8836	0
12147	lookup	11615	0
12148	calc	6684	0
12149	abstain_everyday	892	0
12150	lookup	6295	0
12151	lookup	7857	0
12152	calc	382	0
12153	calc	14719	0
12154	lookup	12563	0
12155	lookup	12733	0
12156	calc	14340	0
12157	calc	20708	0
12158	calc	2892	0
12159	calc	19132	0
12160	calc	20660	1
12161	calc	804	0
12162	calc	5020	0
12163	lookup	9510	0
12164	calc	337	0
12165	lookup	412	0
12166	calc	17268	0
12167	lookup	10823	0
12168	calc	1840	0
12169	calc	2348	0
12170	lookup	4538	0
12171	calc	4213	0
12172	calc	20349	0
12173	lookup	1234	0
12174	abstain_everyday	5885	0
12175	lookup	11849	0
12176	lookup	12185	0
12177	lookup	9553	0
12178	lookup	6725	0
12179	calc	5642	0
12180	abstain_everyday	1678	0
12181	calc	20048	0
12182	abstain_everyday	3424	0
12183	calc	8264	0
12184	lookup	281	0
12185	abstain_everyday	2184	0
12186	calc	8420	0
12187	calc	17385	0
12188	calc	3128	0
12189	calc	12256	0
12190	abstain_everyday	1285	0
12191	lookup	5642	0
12192	calc	18905	0
12193	calc	10870	0
12194	calc	19578	0
12195	calc	10524	0
12196	calc	1117	0
12197	calc	11808	0
12198	lookup	8676	0
12199	calc	14086	0
12200	lookup	2148	0
12201	lookup	532	0
12202	calc	20241	0
12203	calc	16476	0
12204	abstain_everyday	3539	0
12205	calc	13537	0
12206	lookup	1304	0
12207	abstain_everyday	1580	0
12208	calc	14469	0
12209	calc	17068	0
12210	calc	4247	0
12211	calc	5624	0
12212	calc	12334	0
12213	calc	17585	0
12214	calc	12007	0
12215	lookup	9396	0
12216	lookup	8567	0
12217	abstain_everyday	1163	0
12218	calc	17632	0
12219	lookup	10312	0
12220	calc	12704	0
12221	calc	14828	0
12222	calc	3763	0
12223	calc	19377	0
12224	calc	17740	0
12225	calc	11707	0
12226	calc	3185	0
12227	lookup	4098	0
12228	calc	17550	0
12229	calc	4583	0
12230	lookup	11955	0
12231	calc	5457	0
12232	lookup	5089	0
12233	calc	8554	0
12234	calc	10167	0
12235	calc	284	0
12236	abstain_everyday	63	0
12237	abstain_everyday	5159	0
12238	abstain_everyday	4887	0
12239	lookup	3954	0
12240	calc	1423	0
12241	calc	17674	0
12242	abstain_everyday	3043	0
12243	lookup	3180	0
12244	abstain_everyday	1919	0
12245	calc	974	1
12246	calc	10550	1
12247	calc	15805	0
12248	calc	10002	0
12249	abstain_everyday	1340	0
12250	calc	13955	0
12251	calc	11241	0
12252	calc	2912	0
12253	lookup	9999	0
12254	abstain_everyday	5831	0
12255	calc	11816	0
12256	calc	1195	0
12257	abstain_everyday	4078	0
12258	calc	13699	0
12259	lookup	809	0
12260	lookup	7095	0
12261	calc	4593	0
12262	calc	9945	0
12263	abstain_everyday	3335	0
12264	calc	101	0
12265	calc	16118	0
12266	calc	13964	0
12267	calc	10972	0
12268	calc	15583	0
12269	calc	5246	0
12270	calc	613	0
12271	calc	19624	0
12272	calc	19483	0
12273	calc	18509	0
12274	calc	18776	0
12275	calc	18348	0
12276	calc	20250	0
12277	calc	5066	0
12278	calc	14809	0
12279	lookup	778	0
12280	calc	18793	0
12281	abstain_everyday	2189	0
12282	lookup	7813	0
12283	calc	9514	0
12284	calc	11311	0
12285	lookup	6750	0
12286	abstain_everyday	5389	0
12287	calc	6911	0
12288	lookup	2997	0
12289	calc	2310	0
12290	calc	11565	0
12291	calc	19667	0
12292	calc	610	0
12293	lookup	8689	0
12294	calc	8868	0
12295	lookup	1407	0
12296	lookup	3750	0
12297	lookup	3056	0
12298	abstain_everyday	5532	0
12299	lookup	3444	0
12300	lookup	11702	0
12301	calc	13290	0
12302	calc	5900	0
12303	abstain_everyday	5875	0
12304	lookup	8497	0
12305	lookup	1161	0
12306	calc	2568	0
12307	calc	12335	0
12308	abstain_everyday	3900	0
12309	calc	18971	0
12310	calc	16946	1
12311	abstain_everyday	2515	0
12312	calc	9011	0
12313	lookup	9950	0
12314	calc	4270	0
12315	calc	9829	0
12316	calc	17483	0
12317	lookup	2590	0
12318	calc	11374	0
12319	calc	2928	0
12320	calc	1605	0
12321	abstain_everyday	4089	0
12322	calc	10383	0
12323	lookup	5473	0
12324	abstain_everyday	868	0
12325	calc	7711	0
12326	calc	20363	0
12327	calc	47	0
12328	calc	5826	0
12329	lookup	2627	0
12330	calc	7172	0
12331	lookup	6238	0
12332	calc	2538	0
12333	calc	18653	1
12334	calc	2305	0
12335	calc	18117	0
12336	lookup	5928	0
12337	lookup	6536	0
12338	calc	13132	0
12339	abstain_everyday	3834	0
12340	calc	18561	0
12341	lookup	9742	0
12342	calc	7354	0
12343	calc	17177	0
12344	lookup	6746	0
12345	calc	8617	0
12346	lookup	8196	0
12347	calc	11165	0
12348	calc	14957	0
12349	calc	7946	0
12350	lookup	9315	0
12351	lookup	7245	0
12352	calc	1106	0
12353	calc	838	0
12354	calc	20535	0
12355	abstain_everyday	2813	0
12356	calc	4633	0
12357	abstain_everyday	188	0
12358	lookup	4622	0
12359	lookup	11246	0
12360	lookup	7183	0
12361	calc	16989	0
12362	lookup	1114	0
12363	lookup	6005	0
12364	lookup	4095	0
12365	calc	16629	0
12366	calc	6897	0
12367	calc	11493	0
12368	lookup	2432	0
12369	lookup	12800	0
12370	lookup	1767	0
12371	calc	10770	1
12372	calc	394	0
12373	abstain_everyday	5858	0
12374	calc	14461	0
12375	abstain_everyday	5460	0
12376	calc	18140	0
12377	calc	4517	0
12378	lookup	990	0
12379	calc	3586	0
12380	calc	17821	0
12381	calc	3043	0
12382	lookup	7123	0
12383	calc	20105	0
12384	calc	6988	0
12385	calc	13798	0
12386	calc	20873	0
12387	lookup	4568	0
12388	calc	11845	0
12389	calc	3180	0
12390	calc	15576	0
12391	calc	13953	0
12392	calc	15956	0
12393	lookup	11632	0
12394	calc	4426	1
12395	lookup	8292	0
12396	calc	4991	0
12397	calc	7712	0
12398	calc	18462	0
12399	lookup	6221	0
12400	calc	1408	0
12401	calc	20007	0
12402	lookup	7698	0
12403	calc	14205	0
12404	lookup	3488	0
12405	abstain_everyday	1661	0
12406	calc	16677	0
12407	lookup	192	0
12408	lookup	1221	0
12409	lookup	9168	0
12410	abstain_everyday	3029	0
12411	abstain_everyday	2421	0
12412	calc	15208	0
12413	calc	19242	1
12414	lookup	6138	0
12415	lookup	9359	0
12416	calc	3403	1
12417	calc	17257	0
12418	calc	10477	0
12419	lookup	8946	0
12420	calc	7995	0
12421	lookup	6369	0
12422	calc	2833	0
12423	calc	12884	0
12424	calc	17195	0
12425	abstain_everyday	817	0
12426	calc	15974	0
12427	calc	13622	0
12428	calc	20334	0
12429	lookup	894	0
12430	lookup	7191	0
12431	lookup	4588	0
12432	calc	3800	0
12433	calc	15041	0
12434	calc	16337	0
12435	calc	3944	0
12436	lookup	10255	0
12437	lookup	9064	0
12438	calc	19299	0
12439	calc	19262	0
12440	calc	7287	0
12441	abstain_everyday	4416	0
12442	abstain_everyday	4243	0
12443	calc	11251	0
12444	calc	4764	0
12445	lookup	7256	0
12446	lookup	7317	0
12447	lookup	6174	0
12448	lookup	11840	0
12449	calc	5946	0
12450	calc	11092	0
12451	lookup	8564	0
12452	abstain_everyday	4489	0
12453	abstain_everyday	2660	0
12454	calc	18033	0
12455	calc	10974	0
12456	calc	20551	0
12457	calc	8243	0
12458	lookup	1104	0
12459	calc	10408	0
12460	calc	6185	0
12461	lookup	2800	0
12462	lookup	12848	0
12463	calc	17328	0
12464	calc	13758	0
12465	calc	11721	0
12466	calc	9821	0
12467	lookup	3964	0
12468	calc	20126	0
12469	abstain_everyday	3099	0
12470	lookup	11441	0
12471	lookup	4576	0
12472	calc	11116	0
12473	lookup	9765	0
12474	calc	990	0
12475	lookup	947	0
12476	calc	9342	0
12477	calc	20373	0
12478	calc	3740	0
12479	abstain_everyday	2829	0
12480	abstain_everyday	3064	0
12481	calc	2787	0
12482	calc	19426	0
12483	lookup	3336	0
12484	calc	17267	0
12485	lookup	10224	0
12486	calc	11034	0
12487	calc	4253	0
12488	abstain_everyday	3915	0
12489	calc	10980	0
12490	lookup	4653	0
12491	calc	12672	0
12492	abstain_everyday	2041	0
12493	calc	8626	0
12494	lookup	8426	0
12495	lookup	9446	0
12496	lookup	5350	0
12497	lookup	7795	0
12498	calc	16658	0
12499	calc	4900	0
12500	calc	7137	0
12501	abstain_everyday	2324	0
12502	calc	4784	0
12503	calc	8290	0
12504	calc	15920	0
12505	calc	4834	0
12506	lookup	10079	0
12507	calc	8488	0
12508	abstain_everyday	4706	0
12509	lookup	11182	0
12510	calc	3827	0
12511	lookup	1484	0
12512	lookup	6275	0
12513	calc	18334	0
12514	calc	20893	0
12515	calc	794	0
12516	lookup	5380	0
12517	calc	4428	0
12518	lookup	3478	0
12519	abstain_everyday	1232	0
12520	calc	7221	0
12521	lookup	825	0
12522	calc	7823	0
12523	lookup	4690	0
12524	lookup	10920	0
12525	abstain_everyday	4200	0
12526	calc	853	0
12527	calc	19823	0
12528	abstain_everyday	4924	0
12529	lookup	6203	0
12530	abstain_everyday	4844	0
12531	calc	9554	0
12532	calc	3768	0
12533	lookup	1793	0
12534	lookup	401	0
12535	calc	17496	0
12536	lookup	10510	0
12537	calc	16144	0
12538	calc	14972	0
12539	calc	5744	1
12540	abstain_everyday	4436	0
12541	lookup	660	0
12542	calc	5878	0
12543	calc	2091	0
12544	calc	12597	0
12545	calc	12983	0
12546	calc	18345	0
12547	lookup	12465	0
12548	calc	10973	0
12549	abstain_everyday	4915	0
12550	calc	11081	0
12551	calc	4458	0
12552	lookup	7523	0
12553	calc	2955	0
12554	lookup	11060	0
12555	calc	15526	0
12556	lookup	1005	0
12557	calc	740	0
12558	lookup	3046	0
12559	abstain_everyday	3449	0
12560	calc	4430	0
12561	lookup	12852	0
12562	calc	6431	0
12563	calc	627	0
12564	lookup	3129	0
12565	lookup	1097	0
12566	calc	9372	0
12567	calc	3145	0
12568	calc	2717	0
12569	abstain_everyday	4532	0
12570	lookup	10407	0
12571	calc	18786	0
12572	calc	4352	0
12573	abstain_everyday	5661	0
12574	calc	445	0
12575	calc	6382	0
12576	calc	7418	0
12577	calc	9738	0
12578	calc	16197	0
12579	calc	8050	0
12580	lookup	2164	0
12581	lookup	2316	0
12582	calc	18340	0
12583	lookup	3635	0
12584	calc	2165	0
12585	abstain_everyday	4152	0
12586	calc	8560	0
12587	lookup	1518	0
12588	calc	10857	0
12589	lookup	5002	0
12590	abstain_everyday	992	0
12591	calc	5438	0
12592	lookup	12673	0
12593	calc	4763	0
12594	calc	4133	0
12595	calc	1021	0
12596	calc	21041	0
12597	calc	6995	0
12598	calc	7441	0
12599	calc	13811	0
12600	abstain_everyday	3292	0
12601	calc	10721	0
12602	calc	17560	0
12603	lookup	11951	0
12604	lookup	9192	0
12605	lookup	4775	0
12606	calc	9377	0
12607	calc	6805	0
12608	lookup	4780	0
12609	abstain_everyday	5744	0
12610	lookup	8421	0
12611	calc	5781	0
12612	lookup	6534	0
12613	abstain_everyday	729	0
12614	abstain_everyday	41	0
12615	calc	11723	0
12616	lookup	2412	0
12617	calc	3773	0
12618	calc	11350	0
12619	lookup	2286	0
12620	calc	19141	0
12621	abstain_everyday	3939	0
12622	lookup	74	0
12623	calc	11961	0
12624	calc	17088	0
12625	abstain_everyday	5851	0
12626	calc	14885	0
12627	calc	12840	0
12628	lookup	1433	0
12629	calc	17843	0
12630	lookup	4761	0
12631	calc	17697	0
12632	calc	5668	0
12633	calc	7295	0
12634	calc	14688	0
12635	lookup	10507	0
12636	calc	19385	0
12637	lookup	1834	0
12638	abstain_everyday	3362	0
12639	calc	9826	0
12640	calc	2570	0
12641	calc	14069	0
12642	abstain_everyday	4942	0
12643	calc	12528	0
12644	lookup	1710	0
12645	abstain_everyday	880	0
12646	lookup	585	0
12647	lookup	12160	0
12648	calc	6224	0
12649	lookup	6979	0
12650	calc	2791	0
12651	calc	9003	0
12652	calc	5018	0
12653	lookup	9387	0
12654	lookup	9973	0
12655	calc	19137	0
12656	calc	15902	0
12657	calc	2839	0
12658	calc	9280	0
12659	calc	6054	0
12660	abstain_everyday	3247	0
12661	calc	15670	0
12662	lookup	10882	0
12663	calc	11746	0
12664	calc	5684	0
12665	abstain_everyday	2894	0
12666	lookup	10328	0
12667	calc	6434	0
12668	calc	12774	0
12669	calc	865	0
12670	lookup	10525	0
12671	calc	4228	0
12672	calc	208	0
12673	lookup	12391	0
12674	abstain_everyday	634	0
12675	lookup	8708	0
12676	calc	2058	0
12677	calc	3205	0
12678	calc	9169	0
12679	calc	3245	1
12680	calc	3933	0
12681	calc	17635	0
12682	calc	7261	0
12683	abstain_everyday	578	0
12684	calc	11167	0
12685	calc	10830	0
12686	lookup	11382	0
12687	calc	12281	0
12688	calc	1236	0
12689	calc	13095	0
12690	calc	16237	0
12691	abstain_everyday	5617	0
12692	calc	66	0
12693	calc	706	1
12694	lookup	10768	0
12695	calc	1110	0
12696	calc	1137	0
12697	lookup	10555	0
12698	calc	1933	0
12699	calc	8758	0
12700	calc	1263	0
12701	calc	3875	0
12702	calc	14908	0
12703	abstain_everyday	4120	0
12704	lookup	9582	0
12705	calc	446	0
12706	calc	20878	0
12707	calc	8714	0
12708	calc	1268	0
12709	calc	20500	0
12710	lookup	7731	0
12711	calc	1157	0
12712	calc	18007	0
12713	lookup	3749	0
12714	calc	1196	0
12715	abstain_everyday	863	0
12716	calc	12642	0
12717	lookup	5782	0
12718	lookup	491	0
12719	calc	20830	0
12720	abstain_everyday	867	0
12721	lookup	6503	0
12722	calc	17566	0
12723	lookup	9520	0
12724	abstain_everyday	2210	0
12725	calc	9848	0
12726	lookup	12661	0
12727	abstain_everyday	1099	0
12728	lookup	11845	0
12729	calc	1452	0
12730	calc	9901	0
12731	calc	5523	1
12732	calc	6082	1
12733	lookup	2939	0
12734	abstain_everyday	1717	0
12735	calc	7108	0
12736	calc	20049	0
12737	lookup	284	0
12738	abstain_everyday	2756	0
12739	abstain_everyday	4029	0
12740	calc	8116	0
12741	abstain_everyday	3500	0
12742	calc	18875	1
12743	lookup	9357	0
12744	lookup	9062	0
12745	calc	17777	0
12746	abstain_everyday	4261	0
12747	abstain_everyday	4588	0
12748	lookup	5655	0
12749	calc	9987	0
12750	calc	20757	0
12751	calc	3781	0
12752	lookup	3169	0
12753	abstain_everyday	3444	0
12754	calc	10201	0
12755	calc	8092	0
12756	calc	11443	0
12757	lookup	12698	0
12758	calc	16902	0
12759	calc	15586	0
12760	calc	9443	0
12761	lookup	10026	0
12762	lookup	7307	0
12763	abstain_everyday	17	0
12764	abstain_everyday	2243	0
12765	calc	5441	0
12766	lookup	8820	0
12767	lookup	7005	0
12768	lookup	12517	0
12769	calc	3927	0
12770	lookup	8259	0
12771	calc	12812	0
12772	abstain_everyday	3220	0
12773	abstain_everyday	1892	0
12774	calc	4566	0
12775	calc	20573	0
12776	lookup	10200	0
12777	lookup	9511	0
12778	abstain_everyday	2273	0
12779	calc	13219	0
12780	calc	16566	0
12781	calc	16388	0
12782	calc	3102	0
12783	lookup	11622	0
12784	calc	11242	0
12785	calc	14836	0
12786	calc	9365	0
12787	calc	7235	0
12788	lookup	11564	0
12789	lookup	400	0
12790	calc	18424	0
12791	lookup	11336	0
12792	calc	4924	0
12793	lookup	3366	0
12794	lookup	3021	0
12795	calc	16089	0
12796	calc	15209	0
12797	calc	7953	0
12798	calc	4609	0
12799	calc	6210	0
12800	lookup	717	0
12801	calc	1699	0
12802	lookup	12207	0
12803	lookup	7605	0
12804	calc	598	0
12805	lookup	2669	0
12806	lookup	8278	0
12807	abstain_everyday	5174	0
12808	calc	4454	0
12809	calc	19415	0
12810	calc	19322	0
12811	calc	9731	0
12812	calc	4356	0
12813	abstain_everyday	1014	0
12814	calc	17660	0
12815	calc	16082	0
12816	lookup	1196	0
12817	calc	10156	0
12818	calc	10326	0
12819	calc	7421	0
12820	calc	16202	0
12821	calc	9088	0
12822	lookup	5774	0
12823	calc	16905	0
12824	calc	14654	0
12825	calc	4619	0
12826	lookup	5729	0
12827	calc	8585	0
12828	lookup	1328	0
12829	calc	21012	0
12830	calc	3618	0
12831	calc	9444	0
12832	lookup	4105	0
12833	lookup	1464	0
12834	abstain_everyday	1178	0
12835	calc	17314	0
12836	lookup	11065	0
12837	calc	7055	0
12838	calc	15162	0
12839	abstain_everyday	1486	0
12840	abstain_everyday	2399	0
12841	lookup	7045	0
12842	lookup	10264	0
12843	calc	119	0
12844	calc	15119	0
12845	abstain_everyday	3668	0
12846	abstain_everyday	2816	0
12847	calc	6133	0
12848	lookup	8356	0
12849	abstain_everyday	4881	0
12850	abstain_everyday	1129	0
12851	abstain_everyday	4378	0
12852	lookup	11015	0
12853	abstain_everyday	2559	0
12854	lookup	9949	0
12855	calc	16010	0
12856	lookup	1545	0
12857	calc	5337	0
12858	lookup	11620	0
12859	lookup	10355	0
12860	abstain_everyday	3818	0
12861	abstain_everyday	324	0
12862	calc	3257	0
12863	lookup	579	0
12864	calc	1308	0
12865	lookup	4052	0
12866	calc	18475	0
12867	lookup	5235	0
12868	lookup	1268	0
12869	calc	15111	0
12870	calc	4782	1
12871	lookup	1894	0
12872	lookup	2180	0
12873	calc	1752	0
12874	calc	322	0
12875	calc	7451	0
12876	abstain_everyday	872	0
12877	calc	13506	0
12878	calc	17975	0
12879	lookup	3765	0
12880	calc	7758	0
12881	calc	10119	0
12882	calc	4719	0
12883	calc	2162	0
12884	abstain_everyday	3094	0
12885	calc	1049	0
12886	abstain_everyday	4949	0
12887	calc	538	0
12888	lookup	7854	0
12889	lookup	10449	0
12890	abstain_everyday	2718	0
12891	calc	17309	0
12892	calc	7882	0
12893	abstain_everyday	4187	0
12894	calc	20627	0
12895	calc	7271	0
12896	lookup	7503	0
12897	lookup	12768	0
12898	calc	12419	0
12899	lookup	6726	0
12900	calc	3858	0
12901	lookup	1444	0
12902	calc	893	0
12903	calc	3651	0
12904	calc	18242	0
12905	calc	2056	0
12906	lookup	10576	0
12907	calc	20703	0
12908	lookup	5621	0
12909	calc	19966	0
12910	calc	6931	0
12911	calc	12792	0
12912	lookup	5857	0
12913	lookup	11937	0
12914	lookup	9427	0
12915	calc	11732	0
12916	calc	7647	0
12917	lookup	6863	0
12918	calc	5721	0
12919	calc	12778	0
12920	calc	2876	0
12921	calc	14622	0
12922	calc	13631	1
12923	calc	3396	0
12924	lookup	9670	0
12925	calc	9549	0
12926	calc	14421	0
12927	abstain_everyday	1181	0
12928	calc	3660	0
12929	calc	16861	0
12930	calc	9691	0
12931	calc	4973	0
12932	calc	19908	0
12933	calc	9048	0
12934	lookup	9518	0
12935	calc	9474	0
12936	abstain_everyday	2872	0
12937	lookup	11191	0
12938	calc	18945	0
12939	abstain_everyday	5630	0
12940	lookup	2831	0
12941	abstain_everyday	2137	0
12942	calc	14483	0
12943	calc	5810	0
12944	lookup	3589	0
12945	calc	14399	0
12946	calc	16209	0
12947	calc	17022	0
12948	calc	9230	0
12949	lookup	9230	0
12950	calc	18355	0
12951	calc	11485	0
12952	abstain_everyday	2562	0
12953	lookup	5122	0
12954	calc	6256	0
12955	lookup	11288	0
12956	calc	17014	0
12957	calc	16361	0
12958	abstain_everyday	3508	0
12959	calc	2295	0
12960	calc	20510	0
12961	calc	3838	0
12962	lookup	282	0
12963	lookup	7757	0
12964	lookup	8523	0
12965	calc	9476	0
12966	calc	8630	0
12967	calc	9141	1
12968	calc	19037	0
12969	lookup	1654	0
12970	lookup	14	0
12971	calc	335	0
12972	calc	3525	0
12973	lookup	388	0
12974	calc	16479	0
12975	abstain_everyday	2944	0
12976	lookup	7491	0
12977	calc	20085	0
12978	lookup	10067	0
12979	lookup	6809	0
12980	lookup	12335	0
12981	lookup	11616	0
12982	calc	11238	0
12983	lookup	7894	0
12984	lookup	11590	0
12985	lookup	10359	0
12986	lookup	10926	0
12987	lookup	7	0
12988	calc	2045	0
12989	lookup	2643	0
12990	calc	12082	0
12991	calc	5160	0
12992	lookup	8853	0
12993	calc	7757	0
12994	calc	17165	0
12995	abstain_everyday	5632	0
12996	calc	190	0
12997	lookup	12187	0
12998	calc	2424	0
12999	abstain_everyday	1415	0
13000	lookup	5724	0
13001	lookup	12855	0
13002	lookup	1972	0
13003	abstain_everyday	3906	0
13004	lookup	9010	0
13005	calc	2251	0
13006	calc	20073	0
13007	lookup	6316	0
13008	calc	16330	0
13009	calc	9839	0
13010	calc	19914	0
13011	calc	2072	0
13012	abstain_everyday	5048	0
13013	abstain_everyday	1213	0
13014	calc	1982	0
13015	abstain_everyday	287	0
13016	lookup	9743	0
13017	lookup	6070	0
13018	abstain_everyday	3011	0
13019	calc	12165	0
13020	abstain_everyday	66	0
13021	calc	11615	1
13022	lookup	1448	0
13023	abstain_everyday	699	0
13024	calc	17256	0
13025	calc	3930	1
13026	calc	14684	0
13027	calc	3569	0
13028	calc	20501	0
13029	calc	8208	0
13030	lookup	11982	0
13031	lookup	5807	0
13032	calc	19629	0
13033	calc	8210	0
13034	calc	15797	0
13035	calc	188	0
13036	calc	15603	0
13037	calc	7374	0
13038	calc	5586	0
13039	calc	7325	0
13040	abstain_everyday	4390	0
13041	lookup	33	0
13042	abstain_everyday	3121	0
13043	abstain_everyday	1250	0
13044	calc	8386	0
13045	calc	10439	0
13046	lookup	10763	0
13047	abstain_everyday	4907	0
13048	calc	9213	1
13049	calc	6554	0
13050	lookup	10055	0
13051	calc	14669	0
13052	calc	18040	0
13053	calc	4402	0
13054	calc	14517	0
13055	calc	14482	0
13056	abstain_everyday	21	0
13057	lookup	2808	0
13058	calc	2770	0
13059	calc	8481	0
13060	calc	19658	0
13061	lookup	11829	0
13062	lookup	1973	0
13063	calc	8633	0
13064	abstain_everyday	2127	0
13065	calc	2356	0
13066	lookup	4928	0
13067	calc	13781	0
13068	calc	7686	0
13069	lookup	1615	0
13070	abstain_everyday	1290	0
13071	abstain_everyday	5450	0
13072	lookup	2763	0
13073	calc	8231	0
13074	calc	13541	1
13075	lookup	7227	0
13076	calc	19985	0
13077	abstain_everyday	338	0
13078	lookup	11509	0
13079	calc	4101	0
13080	abstain_everyday	3909	0
13081	lookup	12142	0
13082	calc	6659	0
13083	calc	8063	0
13084	lookup	11856	0
13085	abstain_everyday	2569	0
13086	calc	4461	1
13087	calc	11625	0
13088	lookup	7469	0
13089	calc	373	0
13090	calc	16001	0
13091	calc	11580	0
13092	lookup	4691	0
13093	lookup	6945	0
13094	calc	20106	0
13095	abstain_everyday	92	0
13096	lookup	6587	0
13097	lookup	8284	0
13098	calc	254	0
13099	abstain_everyday	2054	0
13100	calc	16287	0
13101	lookup	4345	0
13102	calc	1764	0
13103	calc	5316	0
13104	lookup	12290	0
13105	lookup	1006	0
13106	calc	16325	0
13107	calc	9955	0
13108	lookup	982	0
13109	lookup	2212	0
13110	abstain_everyday	5095	0
13111	calc	3917	0
13112	lookup	9577	0
13113	lookup	5879	0
13114	lookup	7023	0
13115	calc	7359	0
13116	calc	309	0
13117	calc	19114	0
13118	calc	13457	0
13119	lookup	3100	0
13120	abstain_everyday	1753	0
13121	lookup	615	0
13122	lookup	212	0
13123	lookup	7222	0
13124	calc	9883	0
13125	calc	1506	0
13126	calc	13923	0
13127	abstain_everyday	1161	0
13128	abstain_everyday	3096	0
13129	calc	17048	0
13130	calc	6446	0
13131	calc	17125	0
13132	abstain_everyday	2744	0
13133	calc	6323	0
13134	calc	18694	0
13135	lookup	12669	0
13136	abstain_everyday	2062	0
13137	lookup	8645	0
13138	lookup	12334	0
13139	calc	18889	0
13140	calc	10588	0
13141	calc	11726	0
13142	lookup	501	0
13143	calc	18810	0
13144	calc	18162	0
13145	calc	19924	0
13146	abstain_everyday	5584	0
13147	calc	710	0
13148	lookup	2155	0
13149	lookup	4048	0
13150	lookup	1908	0
13151	lookup	10836	0
13152	lookup	5955	0
13153	abstain_everyday	4299	0
13154	lookup	12289	0
13155	abstain_everyday	1544	0
13156	calc	14725	0
13157	calc	6351	0
13158	lookup	12861	0
13159	calc	1639	0
13160	abstain_everyday	4826	0
13161	abstain_everyday	1807	0
13162	calc	7215	0
13163	calc	2065	0
13164	calc	13741	0
13165	calc	9217	0
13166	lookup	7334	0
13167	abstain_everyday	2635	0
13168	calc	17375	0
13169	calc	19852	0
13170	lookup	8512	0
13171	lookup	5821	0
13172	calc	13620	0
13173	abstain_everyday	2973	0
13174	calc	18168	0
13175	calc	10515	0
13176	calc	7690	0
13177	abstain_everyday	381	0
13178	calc	19278	0
13179	lookup	9370	0
13180	calc	18003	0
13181	calc	15821	0
13182	calc	16624	0
13183	abstain_everyday	5298	0
13184	lookup	4584	0
13185	calc	14271	0
13186	lookup	10162	0
13187	calc	7030	0
13188	calc	6362	0
13189	calc	1248	0
13190	calc	5261	0
13191	lookup	2527	0
13192	calc	17675	0
13193	calc	8171	0
13194	lookup	2246	0
13195	lookup	731	0
13196	lookup	8394	0
13197	calc	11352	0
13198	calc	19971	0
13199	lookup	1262	0
13200	abstain_everyday	2180	0
13201	calc	4188	0
13202	abstain_everyday	2002	0
13203	calc	2992	0
13204	lookup	3204	0
13205	abstain_everyday	965	0
13206	calc	9802	0
13207	calc	17404	0
13208	abstain_everyday	1123	0
13209	calc	1507	0
13210	calc	20414	0
13211	lookup	3148	0
13212	calc	10321	0
13213	lookup	3959	0
13214	calc	12229	0
13215	calc	14204	0
13216	calc	9670	0
13217	calc	19903	1
13218	abstain_everyday	5089	0
13219	abstain_everyday	1453	0
13220	calc	15382	1
13221	lookup	10473	0
13222	calc	14633	1
13223	abstain_everyday	778	0
13224	calc	8331	0
13225	calc	14131	1
13226	calc	3080	0
13227	calc	7978	1
13228	abstain_everyday	3174	0
13229	abstain_everyday	5613	0
13230	calc	4971	0
13231	calc	17927	0
13232	calc	6756	0
13233	lookup	12458	0
13234	calc	3353	0
13235	calc	2202	0
13236	lookup	9199	0
13237	calc	10192	0
13238	calc	21011	0
13239	lookup	6839	0
13240	abstain_everyday	3484	0
13241	abstain_everyday	3230	0
13242	abstain_everyday	2503	0
13243	abstain_everyday	1360	0
13244	abstain_everyday	3810	0
13245	lookup	3521	0
13246	calc	15158	0
13247	lookup	12790	0
13248	calc	8892	0
13249	lookup	11199	0
13250	calc	10750	0
13251	lookup	251	0
13252	lookup	4008	0
13253	calc	11383	1
13254	lookup	9613	0
13255	lookup	1770	0
13256	calc	5903	0
13257	abstain_everyday	732	0
13258	lookup	10622	0
13259	calc	20101	0
13260	calc	1715	0
13261	abstain_everyday	3775	0
13262	calc	15097	0
13263	calc	14130	0
13264	lookup	10378	0
13265	lookup	5159	0
13266	calc	9402	0
13267	lookup	5411	0
13268	abstain_everyday	1909	0
13269	lookup	3024	0
13270	calc	5763	0
13271	calc	16561	0
13272	lookup	1933	0
13273	calc	4701	0
13274	calc	3094	0
13275	calc	7368	0
13276	calc	17666	0
13277	lookup	4220	0
13278	abstain_everyday	5326	0
13279	lookup	12257	0
13280	lookup	4818	0
13281	calc	2492	0
13282	lookup	221	0
13283	calc	20328	0
13284	lookup	2220	0
13285	calc	8832	0
13286	lookup	11892	0
13287	calc	14303	1
13288	abstain_everyday	2101	0
13289	calc	14446	0
13290	calc	13308	0
13291	calc	20503	0
13292	lookup	12086	0
13293	abstain_everyday	2739	0
13294	lookup	10847	0
13295	calc	11373	0
13296	lookup	8042	0
13297	lookup	2339	0
13298	lookup	12933	0
13299	calc	13696	0
13300	abstain_everyday	5797	0
13301	calc	5209	0
13302	lookup	727	0
13303	calc	17919	0
13304	lookup	4054	0
13305	calc	10154	0
13306	abstain_everyday	4832	0
13307	calc	3444	0
13308	lookup	3239	0
13309	calc	14694	0
13310	calc	8990	0
13311	lookup	813	0
13312	abstain_everyday	4096	0
13313	calc	2294	0
13314	abstain_everyday	4560	0
13315	calc	14052	0
13316	lookup	11912	0
13317	abstain_everyday	609	0
13318	lookup	1399	0
13319	calc	9730	1
13320	lookup	867	0
13321	lookup	7404	0
13322	calc	15694	0
13323	lookup	9076	0
13324	calc	9016	0
13325	abstain_everyday	4703	0
13326	calc	6245	0
13327	calc	4394	0
13328	calc	1102	0
13329	abstain_everyday	2768	0
13330	calc	15780	0
13331	lookup	4535	0
13332	calc	13378	0
13333	calc	3139	0
13334	calc	16572	0
13335	lookup	9236	0
13336	abstain_everyday	2986	0
13337	abstain_everyday	1257	0
13338	calc	2047	0
13339	lookup	8170	0
13340	calc	14690	0
13341	calc	6999	0
13342	abstain_everyday	5060	0
13343	calc	20897	0
13344	calc	13966	0
13345	calc	10661	0
13346	calc	3065	0
13347	calc	1330	0
13348	lookup	3789	0
13349	calc	11663	0
13350	calc	19951	0
13351	calc	1721	0
13352	lookup	3004	0
13353	lookup	10761	0
13354	abstain_everyday	3838	0
13355	calc	7358	0
13356	calc	20845	0
13357	calc	6819	1
13358	calc	6763	0
13359	abstain_everyday	644	0
13360	lookup	9704	0
13361	calc	13814	0
13362	lookup	10354	0
13363	calc	4337	0
13364	lookup	3821	0
13365	lookup	7726	0
13366	calc	19512	0
13367	calc	17753	0
13368	calc	16510	0
13369	lookup	1440	0
13370	calc	10918	0
13371	calc	17425	0
13372	calc	13868	0
13373	lookup	8199	0
13374	lookup	8744	0
13375	calc	9565	0
13376	calc	4341	0
13377	lookup	9872	0
13378	calc	1552	0
13379	lookup	353	0
13380	lookup	10208	0
13381	calc	7032	1
13382	calc	1020	0
13383	abstain_everyday	5801	0
13384	lookup	4984	0
13385	abstain_everyday	5386	0
13386	abstain_everyday	1614	0
13387	lookup	10416	0
13388	calc	1375	0
13389	calc	17721	0
13390	calc	5942	0
13391	lookup	2393	0
13392	lookup	3003	0
13393	lookup	10517	0
13394	abstain_everyday	4535	0
13395	lookup	11255	0
13396	lookup	9692	0
13397	calc	1824	0
13398	abstain_everyday	3185	0
13399	calc	12181	0
13400	calc	15017	0
13401	lookup	1278	0
13402	lookup	5406	0
13403	lookup	9588	0
13404	lookup	114	0
13405	calc	9216	0
13406	calc	20520	0
13407	calc	1391	0
13408	calc	6734	0
13409	calc	14322	0
13410	lookup	7558	0
13411	calc	13929	0
13412	abstain_everyday	4578	0
13413	lookup	4834	0
13414	calc	19391	0
13415	lookup	11303	0
13416	lookup	4850	0
13417	abstain_everyday	5578	0
13418	lookup	9963	0
13419	calc	14514	0
13420	lookup	9337	0
13421	calc	13936	0
13422	calc	3095	0
13423	calc	15691	0
13424	calc	13824	0
13425	calc	11142	0
13426	calc	4203	0
13427	lookup	9162	0
13428	calc	15082	0
13429	abstain_everyday	1815	0
13430	abstain_everyday	1056	0
13431	lookup	1590	0
13432	abstain_everyday	622	0
13433	calc	14583	0
13434	calc	17548	0
13435	calc	15827	0
13436	abstain_everyday	4282	0
13437	calc	8401	0
13438	calc	15214	0
13439	lookup	6667	0
13440	lookup	10511	0
13441	calc	2732	0
13442	calc	2269	0
13443	lookup	10397	0
13444	calc	12078	0
13445	calc	13845	1
13446	abstain_everyday	367	0
13447	calc	2350	0
13448	lookup	5604	0
13449	lookup	1191	0
13450	lookup	1047	0
13451	calc	4954	0
13452	calc	11390	0
13453	calc	20918	0
13454	calc	15777	0
13455	lookup	10748	0
13456	calc	884	0
13457	calc	567	0
13458	abstain_everyday	1019	0
13459	lookup	920	0
13460	lookup	5936	0
13461	calc	12329	0
13462	lookup	1470	0
13463	calc	14338	0
13464	calc	16260	0
13465	calc	4683	0
13466	calc	617	0
13467	abstain_everyday	212	0
13468	calc	20927	0
13469	calc	10417	0
13470	calc	6578	0
13471	lookup	12766	0
13472	calc	18379	0
13473	calc	437	0
13474	calc	17138	0
13475	lookup	4038	0
13476	calc	12847	0
13477	calc	15292	0
13478	lookup	1907	0
13479	lookup	1781	0
13480	lookup	7759	0
13481	calc	9306	0
13482	abstain_everyday	2386	0
13483	calc	13533	0
13484	lookup	4569	0
13485	lookup	425	0
13486	calc	18663	0
13487	lookup	4556	0
13488	abstain_everyday	3966	0
13489	calc	11397	0
13490	lookup	2511	0
13491	calc	7573	0
13492	calc	16712	1
13493	lookup	1267	0
13494	lookup	6486	0
13495	calc	3171	0
13496	lookup	423	0
13497	calc	2079	0
13498	calc	12153	0
13499	lookup	2075	0
13500	calc	21066	0
13501	calc	18487	0
13502	lookup	2139	0
13503	abstain_everyday	5704	0
13504	lookup	6597	0
13505	calc	2977	0
13506	calc	5977	0
13507	lookup	12662	0
13508	lookup	4018	0
13509	lookup	8961	0
13510	calc	1297	0
13511	calc	2178	0
13512	calc	18970	0
13513	calc	6878	0
13514	lookup	7834	0
13515	calc	9014	0
13516	calc	7762	0
13517	lookup	458	0
13518	calc	15931	1
13519	lookup	83	0
13520	lookup	7673	0
13521	calc	11685	0
13522	lookup	12078	0
13523	calc	8362	0
13524	calc	10228	0
13525	abstain_everyday	3262	0
13526	calc	17751	0
13527	calc	13092	0
13528	calc	8398	0
13529	lookup	10709	0
13530	calc	5799	1
13531	lookup	9923	0
13532	abstain_everyday	4221	0
13533	calc	12717	0
13534	lookup	10529	0
13535	calc	5762	0
13536	lookup	11353	0
13537	lookup	8741	0
13538	calc	16555	0
13539	lookup	707	0
13540	abstain_everyday	692	0
13541	calc	6803	0
13542	calc	15465	0
13543	calc	2684	0
13544	calc	10859	0
13545	calc	1214	0
13546	lookup	1977	0
13547	calc	4650	0
13548	calc	509	0
13549	calc	13257	0
13550	calc	2432	0
13551	calc	4392	0
13552	calc	11618	0
13553	calc	2757	0
13554	calc	20345	0
13555	calc	297	0
13556	calc	9773	0
13557	calc	12733	0
13558	lookup	3406	0
13559	calc	385	0
13560	calc	2896	0
13561	calc	11211	0
13562	calc	3594	0
13563	calc	6132	0
13564	calc	9976	0
13565	calc	13228	0
13566	abstain_everyday	702	0
13567	calc	8840	0
13568	calc	18435	0
13569	calc	11865	0
13570	calc	5591	0
13571	calc	17592	1
13572	abstain_everyday	4625	0
13573	lookup	10624	0
13574	abstain_everyday	2877	0
13575	abstain_everyday	72	0
13576	calc	14294	0
13577	calc	9284	0
13578	calc	972	0
13579	abstain_everyday	4846	0
13580	abstain_everyday	1662	0
13581	lookup	4941	0
13582	lookup	11827	0
13583	lookup	7935	0
13584	lookup	12376	0
13585	calc	13168	0
13586	calc	17503	0
13587	calc	3554	0
13588	lookup	9016	0
13589	lookup	6585	0
13590	calc	12790	0
13591	lookup	4893	0
13592	calc	16731	0
13593	lookup	3554	0
13594	lookup	4121	0
13595	calc	19288	0
13596	lookup	3998	0
13597	lookup	10993	0
13598	calc	321	0
13599	calc	3208	0
13600	calc	15593	0
13601	calc	11144	0
13602	lookup	10303	0
13603	lookup	318	0
13604	calc	7204	0
13605	lookup	10319	0
13606	lookup	7200	0
13607	calc	11608	0
13608	calc	1450	0
13609	abstain_everyday	5599	0
13610	lookup	8477	0
13611	lookup	12436	0
13612	calc	20567	0
13613	lookup	7342	0
13614	lookup	11968	0
13615	abstain_everyday	4289	0
13616	calc	11526	0
13617	abstain_everyday	2483	0
13618	abstain_everyday	5646	0
13619	lookup	11925	0
13620	calc	6319	0
13621	calc	3922	1
13622	calc	13978	0
13623	lookup	4848	0
13624	calc	8631	0
13625	abstain_everyday	1936	0
13626	abstain_everyday	4522	0
13627	lookup	2096	0
13628	lookup	9019	0
13629	calc	3493	0
13630	abstain_everyday	2407	0
13631	lookup	9381	0
13632	lookup	3834	0
13633	calc	1887	0
13634	lookup	4806	0
13635	calc	1688	0
13636	lookup	792	0
13637	calc	1070	0
13638	calc	12126	0
13639	calc	616	0
13640	abstain_everyday	5114	0
13641	calc	2681	0
13642	calc	1446	0
13643	lookup	11424	0
13644	lookup	8949	0
13645	calc	4139	0
13646	calc	8746	0
13647	calc	3534	0
13648	lookup	4748	0
13649	calc	16359	0
13650	calc	11523	0
13651	lookup	3960	0
13652	calc	2323	0
13653	calc	239	0
13654	lookup	535	0
13655	lookup	5885	0
13656	lookup	12069	0
13657	calc	1800	0
13658	calc	4495	0
13659	lookup	10444	0
13660	calc	15440	0
13661	abstain_everyday	1012	0
13662	abstain_everyday	5261	0
13663	lookup	2078	0
13664	lookup	6560	0
13665	abstain_everyday	5251	0
13666	calc	8894	0
13667	calc	13524	0
13668	calc	18377	0
13669	calc	12114	0
13670	lookup	6698	0
13671	lookup	6903	0
13672	calc	8064	0
13673	calc	6770	0
13674	calc	6921	0
13675	calc	20688	0
13676	calc	15216	0
13677	lookup	11087	0
13678	abstain_everyday	1639	0
13679	lookup	8866	0
13680	calc	8573	0
13681	lookup	9533	0
13682	abstain_everyday	1554	0
13683	calc	2416	0
13684	calc	15541	0
13685	lookup	1307	0
13686	calc	18602	0
13687	lookup	10154	0
13688	lookup	118	0
13689	abstain_everyday	5626	0
13690	abstain_everyday	3154	0
13691	lookup	803	0
13692	lookup	6235	0
13693	calc	18013	0
13694	lookup	9917	0
13695	lookup	2259	0
13696	calc	1680	0
13697	lookup	9310	0
13698	lookup	11745	0
13699	lookup	7215	0
13700	abstain_everyday	192	0
13701	abstain_everyday	283	0
13702	abstain_everyday	1007	0
13703	abstain_everyday	4179	0
13704	lookup	10010	0
13705	lookup	5445	0
13706	calc	9913	0
13707	abstain_everyday	3525	0
13708	abstain_everyday	1712	0
13709	lookup	5587	0
13710	lookup	2137	0
13711	lookup	779	0
13712	calc	15532	0
13713	calc	12984	0
13714	calc	9074	0
13715	calc	6971	0
13716	calc	5192	0
13717	lookup	7955	0
13718	calc	15674	0
13719	lookup	2639	0
13720	lookup	11537	0
13721	lookup	3099	0
13722	calc	15728	0
13723	calc	13422	0
13724	lookup	8465	0
13725	abstain_everyday	4204	0
13726	calc	5538	0
13727	calc	12224	1
13728	calc	5782	0
13729	lookup	1071	0
13730	calc	5413	0
13731	abstain_everyday	4180	0
13732	calc	7262	0
13733	abstain_everyday	1920	0
13734	calc	1670	0
13735	abstain_everyday	4822	0
13736	abstain_everyday	140	0
13737	abstain_everyday	232	0
13738	calc	6853	0
13739	abstain_everyday	3903	0
13740	abstain_everyday	1607	0
13741	calc	5480	0
13742	lookup	5368	0
13743	lookup	4458	0
13744	calc	1517	0
13745	calc	7796	0
13746	lookup	7365	0
13747	abstain_everyday	1378	0
13748	lookup	11551	0
13749	calc	17284	0
13750	lookup	3077	0
13751	calc	13490	0
13752	lookup	5617	0
13753	lookup	8257	0
13754	abstain_everyday	448	0
13755	calc	14647	0
13756	calc	12711	0
13757	abstain_everyday	2746	0
13758	calc	5492	0
13759	calc	11011	0
13760	calc	18698	0
13761	calc	20782	0
13762	lookup	7010	0
13763	calc	13259	0
13764	lookup	12611	0
13765	calc	16565	0
13766	lookup	2688	0
13767	calc	4105	0
13768	calc	11801	0
13769	lookup	11568	0
13770	calc	3490	0
13771	calc	8726	0
13772	abstain_everyday	2975	0
13773	calc	18702	0
13774	calc	7817	0
13775	abstain_everyday	5187	0
13776	abstain_everyday	3284	0
13777	abstain_everyday	2599	0
13778	calc	429	0
13779	calc	19682	0
13780	lookup	11501	0
13781	calc	4682	0
13782	abstain_everyday	77	0
13783	calc	8713	0
13784	calc	14374	0
13785	lookup	1024	0
13786	calc	20473	1
13787	calc	9183	0
13788	lookup	8595	0
13789	calc	12878	0
13790	lookup	4728	0
13791	lookup	11005	0
13792	calc	15853	1
13793	calc	4923	0
13794	calc	6603	0
13795	calc	20383	0
13796	lookup	10477	0
13797	calc	14474	0
13798	calc	20730	0
13799	lookup	8072	0
13800	calc	759	0
13801	calc	6849	0
13802	lookup	8455	0
13803	calc	2150	0
13804	lookup	9590	0
13805	lookup	11238	0
13806	lookup	10674	0
13807	lookup	12619	0
13808	calc	3853	1
13809	lookup	1389	0
13810	abstain_everyday	1229	0
13811	calc	21024	0
13812	calc	16154	0
13813	calc	6030	0
13814	calc	3248	0
13815	calc	9927	0
13816	calc	4622	0
13817	abstain_everyday	384	0
13818	calc	6618	0
13819	calc	19359	0
13820	lookup	8531	0
13821	lookup	10810	0
13822	calc	10674	0
13823	lookup	4230	0
13824	calc	20890	0
13825	abstain_everyday	5577	0
13826	lookup	12418	0
13827	calc	9775	0
13828	calc	6502	0
13829	calc	4812	0
13830	abstain_everyday	2020	0
13831	calc	12094	0
13832	lookup	10091	0
13833	calc	10571	0
13834	abstain_everyday	453	0
13835	abstain_everyday	654	0
13836	abstain_everyday	5172	0
13837	calc	20446	0
13838	calc	13187	0
13839	abstain_everyday	2801	0
13840	calc	19545	1
13841	calc	1892	0
13842	lookup	11318	0
13843	lookup	11295	0
13844	calc	19073	0
13845	calc	7286	0
13846	calc	10920	0
13847	calc	17349	0
13848	calc	1091	0
13849	lookup	5977	0
13850	calc	20211	0
13851	calc	16574	0
13852	lookup	3742	0
13853	calc	9578	0
13854	calc	4210	0
13855	calc	2688	0
13856	calc	1807	0
13857	lookup	1205	0
13858	calc	13384	0
13859	calc	11967	0
13860	calc	14941	0
13861	calc	9435	0
13862	calc	3925	0
13863	lookup	4720	0
13864	calc	17569	0
13865	lookup	2630	0
13866	calc	12357	0
13867	lookup	5835	0
13868	lookup	11404	0
13869	calc	11020	0
13870	calc	5446	0
13871	lookup	8893	0
13872	lookup	1140	0
13873	calc	20720	0
13874	abstain_everyday	583	0
13875	lookup	2257	0
13876	lookup	12569	0
13877	abstain_everyday	534	0
13878	lookup	9523	0
13879	abstain_everyday	1328	0
13880	lookup	7433	0
13881	calc	3600	0
13882	calc	4648	0
13883	abstain_everyday	5047	0
13884	lookup	5890	0
13885	calc	8416	0
13886	calc	7360	0
13887	calc	17168	0
13888	lookup	12579	0
13889	lookup	2091	0
13890	lookup	12039	0
13891	calc	5883	0
13892	calc	8684	0
13893	calc	5891	0
13894	lookup	4613	0
13895	lookup	2947	0
13896	calc	5889	1
13897	calc	1023	0
13898	lookup	12883	0
13899	calc	360	0
13900	calc	15381	0
13901	calc	5747	0
13902	lookup	11794	0
13903	abstain_everyday	4046	0
13904	calc	4381	0
13905	calc	12227	0
13906	calc	5470	0
13907	lookup	2782	0
13908	lookup	4435	0
13909	lookup	5105	0
13910	calc	12682	0
13911	lookup	6299	0
13912	calc	20759	0
13913	calc	6036	0
13914	lookup	3647	0
13915	lookup	3926	0
13916	lookup	9957	0
13917	lookup	9070	0
13918	abstain_everyday	3641	0
13919	lookup	7034	0
13920	abstain_everyday	5497	0
13921	lookup	4924	0
13922	calc	6625	0
13923	calc	14199	0
13924	abstain_everyday	548	0
13925	lookup	2174	0
13926	lookup	10869	0
13927	lookup	2426	0
13928	lookup	1735	0
13929	lookup	12028	0
13930	lookup	10461	0
13931	lookup	5003	0
13932	lookup	2844	0
13933	calc	7581	0
13934	calc	19273	0
13935	calc	17261	0
13936	calc	6047	0
13937	lookup	3305	0
13938	lookup	6615	0
13939	calc	17699	0
13940	lookup	3251	0
13941	lookup	6475	0
13942	lookup	6505	0
13943	calc	4956	0
13944	lookup	2751	0
13945	calc	7682	0
13946	abstain_everyday	3475	0
13947	calc	11304	0
13948	abstain_everyday	5535	0
13949	abstain_everyday	2843	0
13950	calc	11585	0
13951	lookup	3748	0
13952	calc	4892	0
13953	abstain_everyday	4477	0
13954	calc	20555	0
13955	lookup	7638	0
13956	abstain_everyday	876	0
13957	abstain_everyday	73	0
13958	calc	18843	0
13959	calc	19087	0
13960	lookup	1458	0
13961	lookup	5564	0
13962	lookup	11835	0
13963	calc	1053	0
13964	lookup	4870	0
13965	abstain_everyday	3604	0
13966	calc	5225	0
13967	lookup	6793	0
13968	calc	8818	0
13969	lookup	7458	0
13970	lookup	11408	0
13971	abstain_everyday	5625	0
13972	lookup	12112	0
13973	calc	8830	1
13974	calc	8373	0
13975	calc	8557	0
13976	lookup	6786	0
13977	abstain_everyday	1923	0
13978	calc	57	0
13979	calc	15504	0
13980	calc	18537	0
13981	calc	7701	0
13982	calc	3266	0
13983	abstain_everyday	1155	0
13984	lookup	10134	0
13985	calc	10252	0
13986	lookup	9029	0
13987	lookup	209	0
13988	abstain_everyday	1553	0
13989	lookup	8941	0
13990	abstain_everyday	4854	0
13991	calc	7533	0
13992	lookup	3644	0
13993	calc	1584	0
13994	lookup	12912	0
13995	calc	20571	1
13996	calc	12156	0
13997	calc	20938	0
13998	lookup	995	0
13999	calc	16157	0
14000	calc	9172	0
14001	calc	1094	0
14002	calc	13646	0
14003	abstain_everyday	5586	0
14004	lookup	1066	0
14005	abstain_everyday	4014	0
14006	calc	17109	0
14007	calc	20939	0
14008	calc	3417	0
14009	calc	3247	0
14010	lookup	4983	0
14011	calc	7788	0
14012	calc	3553	0
14013	calc	17579	0
14014	calc	10731	0
14015	calc	1282	0
14016	calc	16050	0
14017	lookup	12074	0
14018	abstain_everyday	1601	0
14019	abstain_everyday	5018	0
14020	calc	11769	0
14021	calc	14994	0
14022	lookup	4958	0
14023	lookup	11815	0
14024	calc	18439	0
14025	calc	11148	0
14026	calc	11502	1
14027	calc	662	1
14028	calc	9368	0
14029	lookup	10569	0
14030	calc	15449	0
14031	calc	4905	0
14032	lookup	132	0
14033	calc	16956	0
14034	lookup	1317	0
14035	lookup	5550	0
14036	abstain_everyday	3061	0
14037	calc	10489	0
14038	calc	12880	0
14039	lookup	9803	0
14040	calc	20861	0
14041	calc	20476	0
14042	abstain_everyday	4395	0
14043	calc	18121	0
14044	calc	5600	0
14045	abstain_everyday	637	0
14046	calc	15399	0
14047	calc	9735	0
14048	abstain_everyday	5016	0
14049	abstain_everyday	5764	0
14050	lookup	5068	0
14051	calc	9607	0
14052	calc	3872	0
14053	calc	3315	0
14054	abstain_everyday	1542	0
14055	calc	9602	0
14056	lookup	10548	0
14057	calc	9696	0
14058	calc	5738	0
14059	calc	3829	0
14060	calc	9046	0
14061	calc	9178	0
14062	calc	10	0
14063	calc	14641	0
14064	calc	5157	0
14065	lookup	10898	0
14066	calc	6970	0
14067	lookup	1961	0
14068	lookup	10458	0
14069	calc	12755	0
14070	abstain_everyday	3059	0
14071	abstain_everyday	40	0
14072	lookup	939	0
14073	lookup	3437	0
14074	calc	19656	0
14075	abstain_everyday	2708	0
14076	abstain_everyday	385	0
14077	lookup	10531	0
14078	abstain_everyday	991	0
14079	lookup	12487	0
14080	lookup	11752	0
14081	calc	11006	0
14082	lookup	8903	0
14083	lookup	10470	0
14084	lookup	274	0
14085	calc	6027	0
14086	lookup	4075	0
14087	calc	2233	0
14088	abstain_everyday	2091	0
14089	calc	19011	0
14090	lookup	8624	0
14091	calc	14640	0
14092	lookup	1368	0
14093	abstain_everyday	4133	0
14094	abstain_everyday	1816	0
14095	lookup	12350	0
14096	calc	6965	0
14097	lookup	11378	0
14098	calc	20183	0
14099	abstain_everyday	5866	0
14100	calc	14589	0
14101	calc	19756	0
14102	lookup	8621	0
14103	lookup	12609	0
14104	abstain_everyday	4468	0
14105	lookup	766	0
14106	lookup	5994	0
14107	calc	15469	0
14108	calc	5758	0
14109	calc	17253	0
14110	lookup	6083	0
14111	lookup	8726	0
14112	lookup	3930	0
14113	lookup	4174	0
14114	lookup	4692	0
14115	abstain_everyday	2198	0
14116	calc	5429	0
14117	lookup	6368	0
14118	lookup	5758	0
14119	abstain_everyday	4450	0
14120	lookup	6195	0
14121	lookup	10195	0
14122	calc	3347	0
14123	abstain_everyday	1216	0
14124	abstain_everyday	5268	0
14125	lookup	7906	0
14126	abstain_everyday	297	0
14127	calc	7179	1
14128	calc	15189	0
14129	lookup	12918	0
14130	lookup	6155	0
14131	calc	11509	0
14132	calc	2222	0
14133	calc	19403	0
14134	calc	17960	0
14135	calc	17547	0
14136	abstain_everyday	3088	0
14137	lookup	12360	0
14138	lookup	136	0
14139	calc	12098	0
14140	calc	18449	0
14141	calc	2666	0
14142	lookup	4186	0
14143	calc	5761	0
14144	calc	14877	0
14145	lookup	12197	0
14146	calc	12561	0
14147	lookup	10660	0
14148	lookup	4131	0
14149	calc	8188	0
14150	calc	1341	0
14151	calc	13638	0
14152	lookup	12686	0
14153	abstain_everyday	4981	0
14154	abstain_everyday	2397	0
14155	lookup	4420	0
14156	calc	17912	0
14157	calc	16180	0
14158	calc	13520	0
14159	calc	1279	0
14160	abstain_everyday	4916	0
14161	abstain_everyday	5872	0
14162	calc	8155	0
14163	lookup	8511	0
14164	lookup	11228	0
14165	lookup	12202	0
14166	calc	7710	0
14167	lookup	4074	0
14168	lookup	3636	0
14169	lookup	9286	0
14170	lookup	8116	0
14171	lookup	4808	0
14172	calc	15845	0
14173	lookup	12174	0
14174	calc	13108	0
14175	lookup	9438	0
14176	calc	17421	0
14177	abstain_everyday	435	0
14178	calc	15338	0
14179	calc	13565	0
14180	calc	15782	0
14181	lookup	10076	0
14182	lookup	3268	0
14183	calc	2632	0
14184	lookup	9200	0
14185	lookup	3203	0
14186	lookup	7178	0
14187	calc	8238	0
14188	lookup	11668	0
14189	lookup	9823	0
14190	calc	20721	0
14191	calc	7912	0
14192	abstain_everyday	5281	0
14193	calc	6822	0
14194	calc	608	0
14195	lookup	5579	0
14196	calc	18489	0
14197	lookup	7873	0
14198	calc	20841	0
14199	calc	11046	0
14200	lookup	5693	0
14201	abstain_everyday	3148	0
14202	abstain_everyday	1081	0
14203	calc	11651	0
14204	calc	13387	0
14205	calc	12695	0
14206	calc	2032	0
14207	calc	20038	0
14208	calc	530	0
14209	calc	17909	0
14210	abstain_everyday	19	0
14211	lookup	4868	0
14212	lookup	12780	0
14213	calc	1425	0
14214	calc	7485	0
14215	calc	17392	1
14216	lookup	5329	0
14217	calc	10831	0
14218	lookup	3212	0
14219	calc	11694	0
14220	calc	6410	0
14221	calc	17137	1
14222	calc	18147	0
14223	calc	20763	0
14224	calc	20858	0
14225	calc	14615	0
14226	lookup	7640	0
14227	lookup	4249	0
14228	lookup	3146	0
14229	lookup	6370	0
14230	calc	3430	0
14231	calc	9188	0
14232	calc	7501	0
14233	lookup	424	0
14234	abstain_everyday	1124	0
14235	lookup	4559	0
14236	calc	17848	0
14237	calc	16633	1
14238	calc	14920	0
14239	lookup	103	0
14240	calc	19347	0
14241	lookup	8976	0
14242	abstain_everyday	2139	0
14243	abstain_everyday	1555	0
14244	calc	2633	0
14245	calc	10541	0
14246	calc	6222	0
14247	calc	19022	0
14248	calc	19372	0
14249	lookup	9407	0
14250	abstain_everyday	1003	0
14251	lookup	8314	0
14252	calc	10402	0
14253	calc	2825	0
14254	abstain_everyday	2961	0
14255	lookup	9653	0
14256	calc	7372	0
14257	calc	7356	0
14258	calc	15398	0
14259	lookup	3869	0
14260	calc	6155	0
14261	lookup	8447	0
14262	calc	20794	0
14263	abstain_everyday	1806	0
14264	lookup	1791	0
14265	abstain_everyday	5078	0
14266	calc	6928	0
14267	lookup	7173	0
14268	lookup	2721	0
14269	calc	4985	0
14270	calc	15074	0
14271	abstain_everyday	1269	0
14272	abstain_everyday	198	0
14273	calc	336	0
14274	calc	7896	0
14275	calc	4710	0
14276	lookup	2024	0
14277	calc	4229	0
14278	lookup	2200	0
14279	calc	461	0
14280	lookup	9762	0
14281	lookup	5933	0
14282	abstain_everyday	169	0
14283	lookup	4032	0
14284	lookup	8483	0
14285	abstain_everyday	4653	0
14286	calc	1066	0
14287	abstain_everyday	5138	0
14288	lookup	11886	0
14289	calc	14815	0
14290	abstain_everyday	3110	0
14291	lookup	4551	0
14292	lookup	7743	0
14293	calc	5364	0
14294	calc	8129	0
14295	calc	16274	0
14296	calc	10926	0
14297	calc	20327	1
14298	lookup	3295	0
14299	calc	6004	0
14300	lookup	12938	0
14301	calc	16638	0
14302	lookup	7077	0
14303	calc	7367	1
14304	calc	18939	0
14305	lookup	3578	0
14306	lookup	2560	0
14307	calc	4810	0
14308	lookup	8405	0
14309	lookup	12108	0
14310	lookup	624	0
14311	lookup	11691	0
14312	abstain_everyday	2264	0
14313	lookup	4393	0
14314	lookup	11713	0
14315	calc	18352	1
14316	abstain_everyday	4020	0
14317	lookup	3367	0
14318	lookup	4063	0
14319	calc	7131	0
14320	calc	20842	0
14321	calc	843	0
14322	abstain_everyday	4842	0
14323	lookup	7867	0
14324	abstain_everyday	4425	0
14325	calc	19113	0
14326	calc	9085	0
14327	calc	16753	0
14328	lookup	9997	0
14329	calc	592	0
14330	calc	11505	0
14331	lookup	1129	0
14332	abstain_everyday	1587	0
14333	calc	14318	0
14334	calc	13126	1
14335	abstain_everyday	5021	0
14336	calc	8644	0
14337	lookup	1095	0
14338	calc	10470	0
14339	calc	9248	0
14340	lookup	6267	0
14341	lookup	6636	0
14342	abstain_everyday	258	0
14343	calc	8069	0
14344	abstain_everyday	279	0
14345	calc	2335	0
14346	calc	5651	0
14347	abstain_everyday	2943	0
14348	abstain_everyday	1134	0
14349	lookup	3741	0
14350	calc	10029	0
14351	lookup	9912	0
14352	lookup	7790	0
14353	abstain_everyday	3561	0
14354	calc	7721	0
14355	calc	19828	0
14356	calc	14827	0
14357	calc	13069	0
14358	calc	5919	0
14359	abstain_everyday	679	0
14360	lookup	1254	0
14361	abstain_everyday	968	0
14362	calc	5409	0
14363	abstain_everyday	792	0
14364	abstain_everyday	3498	0
14365	lookup	6190	0
14366	lookup	2757	0
14367	lookup	3752	0
14368	calc	12537	0
14369	calc	6707	0
14370	calc	10530	0
14371	lookup	5882	0
14372	lookup	5335	0
14373	abstain_everyday	1541	0
14374	abstain_everyday	372	0
14375	calc	10413	0
14376	calc	341	0
14377	lookup	4045	0
14378	calc	9919	0
14379	calc	19417	0
14380	abstain_everyday	750	0
14381	calc	2626	0
14382	lookup	10070	0
14383	calc	17424	0
14384	calc	20176	0
14385	lookup	6808	0
14386	calc	2777	0
14387	abstain_everyday	2963	0
14388	calc	4731	0
14389	lookup	4959	0
14390	lookup	9505	0
14391	lookup	5975	0
14392	abstain_everyday	2950	0
14393	lookup	4168	0
14394	lookup	11696	0
14395	calc	6701	0
14396	calc	13608	0
14397	calc	1566	0
14398	calc	15581	0
14399	calc	9094	0
14400	calc	17611	0
14401	calc	17644	0
14402	lookup	4287	0
14403	calc	6856	0
14404	lookup	12395	0
14405	lookup	12281	0
14406	abstain_everyday	3453	0
14407	calc	7755	0
14408	abstain_everyday	1176	0
14409	calc	10166	0
14410	lookup	12869	0
14411	calc	12225	0
14412	lookup	5636	0
14413	abstain_everyday	1844	0
14414	calc	19444	0
14415	abstain_everyday	1708	0
14416	calc	16210	0
14417	calc	8080	0
14418	calc	12390	0
14419	abstain_everyday	3489	0
14420	abstain_everyday	5428	0
14421	lookup	10638	0
14422	calc	12533	0
14423	calc	20198	0
14424	calc	13055	0
14425	lookup	9884	0
14426	abstain_everyday	5040	0
14427	abstain_everyday	1557	0
14428	calc	19735	0
14429	calc	5619	0
14430	calc	10082	0
14431	calc	14324	0
14432	lookup	3650	0
14433	calc	15706	0
14434	calc	578	0
14435	lookup	5508	0
14436	calc	1345	0
14437	lookup	12570	0
14438	calc	3125	0
14439	lookup	1010	0
14440	lookup	10382	0
14441	lookup	10965	0
14442	calc	16291	0
14443	lookup	12646	0
14444	calc	11463	0
14445	calc	6084	0
14446	calc	2760	0
14447	abstain_everyday	322	0
14448	lookup	11527	0
14449	calc	19084	1
14450	calc	6012	0
14451	lookup	1887	0
14452	calc	3055	0
14453	abstain_everyday	4835	0
14454	calc	12096	0
14455	calc	6652	0
14456	lookup	4831	0
14457	lookup	4462	0
14458	calc	2549	0
14459	lookup	266	0
14460	calc	20202	0
14461	calc	5717	0
14462	lookup	9044	0
14463	lookup	9052	0
14464	abstain_everyday	3215	0
14465	calc	16347	0
14466	calc	16109	0
14467	calc	9725	0
14468	lookup	9576	0
14469	calc	7019	0
14470	lookup	7364	0
14471	calc	12288	0
14472	lookup	399	0
14473	calc	17004	0
14474	abstain_everyday	4745	0
14475	calc	19842	0
14476	calc	7740	0
14477	calc	17964	0
14478	calc	15251	0
14479	calc	8091	0
14480	calc	12190	0
14481	lookup	6847	0
14482	lookup	7483	0
14483	abstain_everyday	2797	0
14484	calc	8157	0
14485	lookup	858	0
14486	calc	19305	0
14487	calc	14416	0
14488	calc	3703	0
14489	lookup	3219	0
14490	calc	14558	0
14491	calc	7347	0
14492	abstain_everyday	2807	0
14493	calc	9065	0
14494	lookup	12793	0
14495	calc	2121	0
14496	calc	20791	0
14497	lookup	12748	0
14498	abstain_everyday	3054	0
14499	calc	15129	0
14500	calc	3665	0
14501	calc	12685	0
14502	calc	11313	0
14503	calc	5719	0
14504	calc	17141	0
14505	lookup	8966	0
14506	calc	5608	0
14507	calc	11230	0
14508	calc	887	0
14509	calc	4137	0
14510	calc	19597	0
14511	calc	11762	0
14512	lookup	12316	0
14513	calc	15049	0
14514	lookup	4778	0
14515	calc	11508	0
14516	calc	12769	0
14517	abstain_everyday	962	0
14518	calc	10356	0
14519	lookup	11717	0
14520	abstain_everyday	2280	0
14521	calc	14413	0
14522	lookup	6890	0
14523	calc	3272	0
14524	calc	7867	0
14525	lookup	7258	0
14526	lookup	3892	0
14527	lookup	373	0
14528	calc	4194	0
14529	abstain_everyday	1724	0
14530	abstain_everyday	2730	0
14531	calc	19527	0
14532	calc	6425	0
14533	calc	1487	0
14534	calc	2373	1
14535	calc	9702	0
14536	calc	4646	0
14537	lookup	3065	0
14538	calc	10241	0
14539	calc	6225	0
14540	calc	5647	0
14541	calc	16234	0
14542	abstain_everyday	2231	0
14543	calc	6776	0
14544	abstain_everyday	5884	0
14545	lookup	2417	0
14546	calc	8067	0
14547	calc	5951	0
14548	calc	5934	0
14549	calc	118	1
14550	calc	17080	0
14551	calc	7249	0
14552	abstain_everyday	4220	0
14553	calc	11545	0
14554	calc	11938	0
14555	calc	16136	0
14556	lookup	7585	0
14557	calc	14675	0
14558	abstain_everyday	1910	0
14559	abstain_everyday	3995	0
14560	calc	20216	0
14561	calc	13035	0
14562	lookup	7928	0
14563	calc	1869	0
14564	calc	6743	0
14565	calc	705	0
14566	calc	17157	0
14567	lookup	6482	0
14568	calc	6688	0
14569	abstain_everyday	125	0
14570	lookup	6627	0
14571	calc	8785	0
14572	calc	7042	0
14573	calc	5000	0
14574	abstain_everyday	396	0
14575	calc	10011	0
14576	calc	2873	0
14577	calc	8313	0
14578	calc	15238	0
14579	lookup	9995	0
14580	calc	7829	0
14581	calc	10607	0
14582	calc	12372	0
14583	abstain_everyday	2922	0
14584	calc	6868	0
14585	calc	18103	0
14586	lookup	2561	0
14587	calc	12629	0
14588	calc	2906	0
14589	calc	6959	0
14590	lookup	5726	0
14591	lookup	7271	0
14592	lookup	2857	0
14593	calc	8181	0
14594	calc	15243	0
14595	lookup	7311	0
14596	calc	3604	0
14597	calc	19645	0
14598	calc	4077	1
14599	calc	7021	0
14600	calc	5193	0
14601	lookup	3664	0
14602	lookup	7046	0
14603	lookup	10281	0
14604	lookup	9034	0
14605	lookup	10943	0
14606	lookup	3585	0
14607	calc	14930	0
14608	calc	79	0
14609	lookup	11942	0
14610	calc	17733	0
14611	lookup	2062	0
14612	lookup	4463	0
14613	calc	10774	0
14614	calc	19233	1
14615	lookup	12900	0
14616	calc	16448	0
14617	lookup	10703	0
14618	abstain_everyday	3481	0
14619	calc	8412	0
14620	calc	7504	0
14621	calc	13198	0
14622	calc	6964	0
14623	abstain_everyday	751	0
14624	calc	17741	0
14625	lookup	6077	0
14626	lookup	8850	0
14627	calc	4256	0
14628	lookup	2255	0
14629	calc	9948	0
14630	calc	4874	0
14631	calc	13513	0
14632	calc	3412	0
14633	abstain_everyday	2380	0
14634	calc	300	0
14635	lookup	8137	0
14636	calc	2610	0
14637	calc	1539	0
14638	lookup	7566	0
14639	abstain_everyday	2318	0
14640	calc	12934	0
14641	abstain_everyday	1889	0
14642	calc	7623	0
14643	lookup	5488	0
14644	lookup	8329	0
14645	calc	12450	0
14646	lookup	2525	0
14647	calc	1662	0
14648	lookup	9758	0
14649	calc	10827	0
14650	abstain_everyday	4890	0
14651	lookup	6422	0
14652	lookup	3639	0
14653	calc	18640	0
14654	calc	9081	0
14655	calc	12512	0
14656	calc	14414	0
14657	calc	7370	0
14658	calc	12040	0
14659	abstain_everyday	5192	0
14660	abstain_everyday	1334	0
14661	lookup	9193	0
14662	calc	8796	0
14663	calc	8637	0
14664	calc	16782	0
14665	lookup	5151	0
14666	calc	18936	0
14667	calc	1943	0
14668	lookup	4861	0
14669	calc	20979	0
14670	abstain_everyday	3720	0
14671	calc	14584	0
14672	calc	4692	0
14673	lookup	1386	0
14674	lookup	9465	0
14675	lookup	9597	0
14676	calc	16049	0
14677	calc	170	0
14678	calc	2494	0
14679	lookup	10487	0
14680	calc	13965	0
14681	calc	904	0
14682	calc	10178	0
14683	lookup	11383	0
14684	calc	16399	0
14685	calc	8836	0
14686	abstain_everyday	5490	0
14687	abstain_everyday	4382	0
14688	lookup	1326	0
14689	calc	15951	0
14690	calc	9880	0
14691	calc	570	0
14692	calc	11788	0
14693	lookup	11456	0
14694	calc	9851	0
14695	abstain_everyday	3079	0
14696	calc	14581	0
14697	calc	13376	0
14698	calc	17197	0
14699	lookup	9945	0
14700	lookup	4071	0
14701	calc	9656	0
14702	abstain_everyday	32	0
14703	calc	2844	1
14704	calc	925	0
14705	calc	19157	0
14706	lookup	1370	0
14707	lookup	216	0
14708	calc	10817	0
14709	calc	6969	0
14710	calc	4879	0
14711	calc	7989	0
14712	abstain_everyday	3065	0
14713	calc	6186	0
14714	lookup	3824	0
14715	lookup	7366	0
14716	calc	12049	0
14717	calc	13419	0
14718	lookup	463	0
14719	calc	20191	0
14720	calc	13037	0
14721	abstain_everyday	4596	0
14722	lookup	2822	0
14723	calc	8506	0
14724	calc	4013	0
14725	abstain_everyday	4437	0
14726	calc	4883	0
14727	lookup	12124	0
14728	lookup	8050	0
14729	lookup	92	0
14730	lookup	7999	0
14731	lookup	4838	0
14732	calc	6321	0
14733	abstain_everyday	60	0
14734	calc	7934	0
14735	lookup	1147	0
14736	calc	14335	1
14737	lookup	482	0
14738	calc	11677	0
14739	abstain_everyday	3122	0
14740	calc	11950	0
14741	abstain_everyday	2169	0
14742	lookup	12111	0
14743	abstain_everyday	2164	0
14744	lookup	11406	0
14745	lookup	799	0
14746	calc	3601	0
14747	abstain_everyday	5396	0
14748	abstain_everyday	1972	0
14749	abstain_everyday	2754	0
14750	lookup	5573	0
14751	calc	3431	0
14752	calc	152	0
14753	calc	13125	0
14754	calc	19814	0
14755	lookup	2495	0
14756	calc	3834	0
14757	abstain_everyday	28	0
14758	lookup	9191	0
14759	lookup	10940	0
14760	calc	17758	0
14761	calc	1602	0
14762	calc	9077	0
14763	lookup	3023	0
14764	calc	10521	0
14765	calc	9092	0
14766	calc	17515	0
14767	lookup	4701	0
14768	lookup	4362	0
14769	calc	9121	0
14770	calc	3680	0
14771	lookup	9934	0
14772	calc	6553	0
14773	lookup	3252	0
14774	lookup	12347	0
14775	lookup	2730	0
14776	calc	4236	0
14777	calc	6421	0
14778	lookup	4380	0
14779	calc	12166	0
14780	abstain_everyday	4294	0
14781	calc	12745	0
14782	lookup	357	0
14783	calc	9698	0
14784	lookup	8675	0
14785	calc	18488	0
14786	calc	14760	0
14787	lookup	12823	0
14788	abstain_everyday	1084	0
14789	abstain_everyday	4186	0
14790	lookup	7013	0
14791	calc	13350	0
14792	calc	16500	0
14793	lookup	10143	0
14794	calc	4029	0
14795	abstain_everyday	5233	0
14796	lookup	12924	0
14797	calc	16318	0
14798	calc	5185	0
14799	abstain_everyday	1973	0
14800	calc	869	0
14801	calc	12080	0
14802	abstain_everyday	3792	0
14803	abstain_everyday	4855	0
14804	lookup	5265	0
14805	lookup	2792	0
14806	lookup	8533	0
14807	lookup	9771	0
14808	lookup	362	0
14809	calc	12430	0
14810	calc	7661	0
14811	lookup	406	0
14812	calc	271	0
14813	lookup	5537	0
14814	lookup	12109	0
14815	abstain_everyday	1574	0
14816	lookup	4594	0
14817	calc	6380	0
14818	calc	17495	0
14819	calc	12911	0
14820	calc	6818	0
14821	lookup	11940	0
14822	abstain_everyday	1275	0
14823	calc	7210	0
14824	lookup	12819	0
14825	calc	5229	0
14826	calc	16250	0
14827	calc	16941	0
14828	calc	4480	0
14829	calc	3915	0
14830	calc	11073	1
14831	abstain_everyday	5516	0
14832	lookup	5482	0
14833	abstain_everyday	903	0
14834	calc	12377	0
14835	lookup	11637	0
14836	calc	11970	0
14837	lookup	12510	0
14838	calc	2956	0
14839	calc	16716	0
14840	calc	3161	0
14841	abstain_everyday	3594	0
14842	calc	11257	0
14843	lookup	1167	0
14844	abstain_everyday	4584	0
14845	abstain_everyday	3925	0
14846	lookup	10931	0
14847	calc	13864	0
14848	calc	11778	0
14849	lookup	1750	0
14850	calc	10045	0
14851	calc	14222	0
14852	calc	10964	0
14853	calc	20121	0
14854	abstain_everyday	4620	0
14855	lookup	12246	0
14856	calc	3157	0
14857	calc	7439	0
14858	lookup	8919	0
14859	lookup	10704	0
14860	lookup	2655	0
14861	calc	5115	0
14862	abstain_everyday	4539	0
14863	lookup	4686	0
14864	calc	6694	0
14865	calc	17366	0
14866	calc	11876	0
14867	lookup	211	0
14868	calc	1090	0
14869	lookup	5867	0
14870	calc	1907	0
14871	abstain_everyday	2418	0
14872	calc	11670	0
14873	calc	18707	0
14874	calc	19708	0
14875	lookup	12725	0
14876	abstain_everyday	1945	0
14877	calc	6368	0
14878	lookup	12581	0
14879	lookup	8087	0
14880	lookup	273	0
14881	abstain_everyday	877	0
14882	abstain_everyday	4766	0
14883	calc	2793	0
14884	calc	16885	0
14885	abstain_everyday	3787	0
14886	lookup	3079	0
14887	calc	6213	0
14888	lookup	4207	0
14889	calc	20579	0
14890	calc	11103	0
14891	calc	6631	0
14892	calc	10629	0
14893	calc	9043	0
14894	calc	17727	0
14895	calc	9385	0
14896	calc	3898	0
14897	calc	17738	0
14898	abstain_everyday	4150	0
14899	lookup	1600	0
14900	abstain_everyday	2992	0
14901	calc	9623	0
14902	lookup	1375	0
14903	lookup	7647	0
14904	lookup	2306	0
14905	calc	19210	0
14906	abstain_everyday	5164	0
14907	calc	12569	0
14908	calc	5519	0
14909	calc	5999	0
14910	calc	4531	1
14911	calc	17794	0
14912	calc	9564	0
14913	lookup	12546	0
14914	calc	11023	0
14915	calc	1202	0
14916	calc	15666	0
14917	calc	18674	0
14918	calc	3824	0
14919	calc	15051	0
14920	lookup	4643	0
14921	calc	4018	0
14922	lookup	5786	0
14923	calc	12988	0
14924	lookup	10856	0
14925	calc	9517	0
14926	lookup	122	0
14927	lookup	1865	0
14928	abstain_everyday	2838	0
14929	lookup	817	0
14930	calc	17863	0
14931	calc	16980	0
14932	lookup	7841	0
14933	calc	960	0
14934	lookup	7377	0
14935	lookup	3382	0
14936	calc	15466	0
14937	calc	9967	0
14938	calc	16659	0
14939	lookup	10945	0
14940	calc	11195	0
14941	lookup	202	0
14942	lookup	1642	0
14943	abstain_everyday	1932	0
14944	lookup	6175	0
14945	lookup	5210	0
14946	lookup	9929	0
14947	calc	7789	0
14948	calc	17281	0
14949	lookup	7292	0
14950	calc	3892	0
14951	calc	9985	0
14952	calc	21043	0
14953	abstain_everyday	4851	0
14954	abstain_everyday	689	0
14955	calc	10769	0
14956	calc	753	0
14957	calc	6771	0
14958	calc	1011	0
14959	abstain_everyday	4963	0
14960	lookup	1215	0
14961	lookup	9139	0
14962	abstain_everyday	3654	0
14963	lookup	1437	0
14964	abstain_everyday	1400	0
14965	abstain_everyday	652	0
14966	calc	12276	0
14967	calc	11992	0
14968	lookup	6470	0
14969	calc	18569	0
14970	calc	16627	0
14971	abstain_everyday	2074	0
14972	lookup	135	0
14973	calc	7806	0
14974	calc	3263	0
14975	lookup	210	0
14976	calc	7556	0
14977	calc	4338	0
14978	abstain_everyday	5512	0
14979	calc	15010	0
14980	calc	3478	0
14981	abstain_everyday	2651	0
14982	calc	1509	0
14983	lookup	12336	0
14984	calc	5811	0
14985	lookup	8569	0
14986	abstain_everyday	3667	0
14987	abstain_everyday	5455	0
14988	calc	840	1
14989	lookup	8331	0
14990	lookup	8378	0
14991	abstain_everyday	1452	0
14992	calc	8976	0
14993	lookup	9654	0
14994	calc	16582	0
14995	calc	15506	0
14996	lookup	8958	0
14997	calc	9794	0
14998	calc	9059	0
14999	lookup	9424	0
15000	calc	1256	0
15001	abstain_everyday	4000	0
15002	lookup	5683	0
15003	abstain_everyday	1353	0
15004	calc	1759	0
15005	abstain_everyday	2591	0
15006	calc	10730	0
15007	calc	19365	0
15008	calc	10330	0
15009	calc	13911	0
15010	calc	4416	0
15011	lookup	4795	0
15012	calc	8800	0
15013	abstain_everyday	3465	0
15014	lookup	7063	0
15015	calc	3233	1
15016	calc	2217	0
15017	calc	6563	0
15018	lookup	11624	0
15019	lookup	4618	0
15020	calc	11894	0
15021	calc	1281	0
15022	calc	2480	0
15023	calc	1570	0
15024	calc	16599	0
15025	calc	2749	0
15026	lookup	12311	0
15027	lookup	4833	0
15028	lookup	5639	0
15029	abstain_everyday	3242	0
15030	lookup	910	0
15031	calc	6907	0
15032	lookup	4605	0
15033	lookup	5192	0
15034	lookup	10192	0
15035	calc	3951	0
15036	lookup	6934	0
15037	calc	15585	0
15038	calc	7340	0
15039	calc	19118	0
15040	calc	9868	0
15041	calc	19046	0
15042	abstain_everyday	4662	0
15043	abstain_everyday	4577	0
15044	calc	512	0
15045	lookup	1723	0
15046	calc	12366	0
15047	calc	16748	0
15048	lookup	2245	0
15049	lookup	7360	0
15050	abstain_everyday	1015	0
15051	lookup	10098	0
15052	calc	6227	0
15053	lookup	2283	0
15054	lookup	6805	0
15055	abstain_everyday	5686	0
15056	lookup	8638	0
15057	lookup	12470	0
15058	calc	6332	0
15059	abstain_everyday	74	0
15060	calc	2510	1
15061	abstain_everyday	3796	0
15062	calc	1354	0
15063	calc	1632	0
15064	abstain_everyday	454	0
15065	calc	5669	0
15066	calc	9049	0
15067	abstain_everyday	2009	0
15068	calc	17454	0
15069	calc	13876	0
15070	lookup	3899	0
15071	calc	4117	0
15072	calc	18540	0
15073	calc	18314	0
15074	calc	3187	0
15075	calc	10033	0
15076	calc	13843	0
15077	calc	16183	0
15078	lookup	7646	0
15079	calc	17060	0
15080	calc	16454	0
15081	lookup	3294	0
15082	lookup	7784	0
15083	calc	15063	0
15084	lookup	3132	0
15085	lookup	9975	0
15086	calc	5737	0
15087	lookup	4867	0
15088	calc	2860	0
15089	lookup	8130	0
15090	lookup	5490	0
15091	lookup	8263	0
15092	lookup	9242	0
15093	abstain_everyday	3219	0
15094	calc	8277	0
15095	calc	20963	0
15096	lookup	2795	0
15097	lookup	7196	0
15098	lookup	7712	0
15099	calc	7610	0
15100	lookup	2169	0
15101	calc	19559	1
15102	abstain_everyday	2678	0
15103	lookup	4706	0
15104	lookup	88	0
15105	calc	18904	0
15106	lookup	7337	0
15107	calc	1544	0
15108	calc	4160	0
15109	lookup	10353	0
15110	calc	15702	0
15111	calc	20213	0
15112	lookup	4416	0
15113	calc	16059	0
15114	calc	15317	0
15115	calc	2803	0
15116	abstain_everyday	5609	0
15117	calc	19476	0
15118	calc	20722	0
15119	calc	4685	0
15120	lookup	10443	0
15121	lookup	5794	0
15122	lookup	950	0
15123	lookup	7766	0
15124	calc	13526	0
15125	abstain_everyday	2703	0
15126	lookup	10786	0
15127	calc	16331	0
15128	abstain_everyday	175	0
15129	calc	11248	0
15130	lookup	12308	0
15131	calc	3253	0
15132	calc	15891	0
15133	calc	2571	1
15134	lookup	2806	0
15135	calc	18023	0
15136	lookup	6618	0
15137	abstain_everyday	413	0
15138	lookup	1170	0
15139	lookup	11073	0
15140	calc	12547	0
15141	lookup	1466	0
15142	calc	4022	1
15143	lookup	9422	0
15144	calc	10811	0
15145	calc	14600	0
15146	calc	13594	0
15147	calc	3709	0
15148	lookup	11103	0
15149	lookup	7297	0
15150	calc	18566	0
15151	lookup	3622	0
15152	lookup	12032	0
15153	lookup	1563	0
15154	abstain_everyday	1788	0
15155	abstain_everyday	1361	0
15156	calc	16816	0
15157	calc	5583	0
15158	calc	18322	0
15159	abstain_everyday	4264	0
15160	abstain_everyday	790	0
15161	calc	2443	0
15162	lookup	11735	0
15163	calc	19922	0
15164	calc	8844	0
15165	lookup	4350	0
15166	lookup	10434	0
15167	abstain_everyday	5198	0
15168	calc	6670	0
15169	calc	6632	0
15170	calc	16617	0
15171	calc	13172	0
15172	lookup	10713	0
15173	lookup	10082	0
15174	lookup	2428	0
15175	calc	13077	0
15176	calc	16208	0
15177	calc	10378	0
15178	calc	12534	0
15179	calc	15579	0
15180	calc	4252	0
15181	calc	19579	0
15182	abstain_everyday	343	0
15183	calc	7157	0
15184	calc	17171	0
15185	calc	4127	1
15186	calc	2593	0
15187	calc	7973	0
15188	calc	14958	0
15189	lookup	3421	0
15190	abstain_everyday	1347	0
15191	lookup	8401	0
15192	calc	8811	0
15193	calc	8082	0
15194	lookup	3356	0
15195	calc	17726	0
15196	abstain_everyday	5624	0
15197	lookup	3545	0
15198	calc	15592	0
15199	calc	4499	0
15200	abstain_everyday	5054	0
15201	lookup	10448	0
15202	lookup	2363	0
15203	calc	8764	0
15204	calc	14765	0
15205	calc	2238	0
15206	lookup	9458	0
15207	calc	14835	0
15208	lookup	11837	0
15209	lookup	5815	0
15210	lookup	7892	0
15211	lookup	3529	0
15212	calc	17438	0
15213	calc	11294	0
15214	lookup	10180	0
15215	calc	5775	0
15216	lookup	1848	0
15217	calc	3398	0
15218	lookup	6879	0
15219	abstain_everyday	1763	0
15220	lookup	4404	0
15221	calc	4588	0
15222	calc	10630	0
15223	calc	19786	0
15224	calc	3775	0
15225	calc	12593	0
15226	abstain_everyday	1412	0
15227	calc	18999	0
15228	calc	6457	0
15229	abstain_everyday	5296	0
15230	calc	12128	0
15231	calc	20626	1
15232	calc	14143	0
15233	calc	13997	0
15234	abstain_everyday	1319	0
15235	calc	17531	0
15236	calc	11638	0
15237	calc	7378	0
15238	lookup	11069	0
15239	lookup	3967	0
15240	abstain_everyday	4109	0
15241	calc	19465	0
15242	calc	18145	0
15243	lookup	979	0
15244	calc	17345	0
15245	lookup	9270	0
15246	abstain_everyday	4637	0
15247	calc	14949	0
15248	lookup	2934	0
15249	calc	12990	0
15250	calc	16754	0
15251	abstain_everyday	1009	0
15252	calc	13159	0
15253	abstain_everyday	1795	0
15254	calc	19170	0
15255	lookup	1100	0
15256	lookup	3380	0
15257	calc	6920	0
15258	lookup	12818	0
15259	calc	10314	1
15260	abstain_everyday	3997	0
15261	calc	8038	0
15262	calc	14154	0
15263	calc	6428	0
15264	calc	8599	0
15265	lookup	8461	0
15266	calc	15597	0
15267	lookup	11479	0
15268	lookup	2860	0
15269	lookup	6357	0
15270	calc	4776	0
15271	calc	3199	1
15272	lookup	6961	0
15273	calc	13294	0
15274	lookup	1018	0
15275	lookup	4952	0
15276	calc	12191	0
15277	calc	6668	0
15278	abstain_everyday	920	0
15279	calc	8295	0
15280	lookup	3591	0
15281	calc	9651	0
15282	calc	4705	0
15283	calc	1112	0
15284	lookup	7989	0
15285	calc	7423	0
15286	calc	4217	0
15287	calc	12786	0
15288	lookup	4722	0
15289	calc	12052	0
15290	abstain_everyday	2242	0
15291	abstain_everyday	1761	0
15292	lookup	7312	0
15293	lookup	5302	0
15294	lookup	6940	0
15295	calc	10304	0
15296	abstain_everyday	899	0
15297	lookup	12115	0
15298	calc	224	0
15299	abstain_everyday	3769	0
15300	lookup	5287	0
15301	calc	5086	0
15302	calc	14478	0
15303	calc	13347	0
15304	lookup	12282	0
15305	calc	8415	0
15306	lookup	9504	0
15307	abstain_everyday	5252	0
15308	calc	1428	0
15309	calc	7264	0
15310	calc	6940	0
15311	calc	18859	0
15312	calc	3517	0
15313	calc	8169	0
15314	abstain_everyday	3480	0
15315	abstain_everyday	5012	0
15316	abstain_everyday	4550	0
15317	abstain_everyday	3070	0
15318	calc	1975	0
15319	lookup	9697	0
15320	lookup	1637	0
15321	calc	15990	0
15322	calc	915	0
15323	lookup	6792	0
15324	lookup	9480	0
15325	lookup	8984	0
15326	lookup	10040	0
15327	lookup	6525	0
15328	calc	2096	0
15329	lookup	4355	0
15330	calc	7126	0
15331	abstain_everyday	660	0
15332	lookup	10126	0
15333	lookup	7660	0
15334	calc	9728	0
15335	calc	7290	0
15336	lookup	12786	0
15337	abstain_everyday	2092	0
15338	calc	17485	0
15339	calc	3532	0
15340	calc	15604	0
15341	calc	8265	0
15342	calc	12507	0
15343	calc	3350	0
15344	lookup	5370	0
15345	calc	15952	0
15346	lookup	9196	0
15347	calc	1995	0
15348	calc	15441	0
15349	calc	20189	0
15350	calc	20698	0
15351	calc	5310	0
15352	calc	18893	0
15353	calc	11859	0
15354	lookup	5041	0
15355	lookup	1909	0
15356	lookup	8878	0
15357	abstain_everyday	1738	0
15358	calc	10247	0
15359	calc	10464	0
15360	calc	14079	0
15361	lookup	9087	0
15362	calc	14042	0
15363	lookup	10791	0
15364	calc	19938	0
15365	lookup	914	0
15366	abstain_everyday	630	0
15367	calc	8432	0
15368	calc	9929	0
15369	lookup	2798	0
15370	lookup	1864	0
15371	calc	14805	0
15372	abstain_everyday	2315	0
15373	calc	1405	0
15374	calc	17830	0
15375	calc	38	0
15376	lookup	840	0
15377	calc	13291	0
15378	abstain_everyday	4377	0
15379	calc	19479	0
15380	lookup	1822	0
15381	lookup	12437	0
15382	lookup	5123	0
15383	lookup	4314	0
15384	lookup	1241	0
15385	calc	21045	0
15386	calc	11202	1
15387	calc	1833	1
15388	lookup	4265	0
15389	calc	15275	0
15390	abstain_everyday	4947	0
15391	calc	17397	0
15392	lookup	3279	0
15393	calc	2845	0
15394	calc	12595	0
15395	lookup	10424	0
15396	calc	1449	0
15397	lookup	365	0
15398	calc	16163	0
15399	calc	7750	0
15400	lookup	10377	0
15401	abstain_everyday	5235	0
15402	lookup	10186	0
15403	abstain_everyday	401	0
15404	abstain_everyday	2898	0
15405	lookup	5161	0
15406	lookup	4303	0
15407	lookup	10246	0
15408	lookup	659	0
15409	calc	19393	0
15410	calc	7383	0
15411	calc	18062	0
15412	calc	8267	0
15413	lookup	11157	0
15414	calc	8259	0
15415	calc	5284	0
15416	abstain_everyday	3936	0
15417	abstain_everyday	4021	0
15418	calc	16569	0
15419	calc	687	0
15420	lookup	8680	0
15421	lookup	7350	0
15422	calc	878	0
15423	calc	20499	0
15424	calc	8862	0
15425	lookup	2605	0
15426	abstain_everyday	5476	0
15427	calc	9599	0
15428	lookup	7987	0
15429	abstain_everyday	3851	0
15430	lookup	8874	0
15431	lookup	10663	0
15432	calc	12621	0
15433	abstain_everyday	1480	0
15434	calc	355	0
15435	calc	16344	0
15436	lookup	12014	0
15437	calc	4768	0
15438	calc	14664	0
15439	calc	20616	0
15440	lookup	7604	0
15441	calc	20330	0
15442	calc	4048	0
15443	calc	10871	0
15444	calc	17825	0
15445	calc	660	0
15446	abstain_everyday	4503	0
15447	lookup	11349	0
15448	calc	12345	1
15449	calc	17545	0
15450	calc	19746	0
15451	calc	6156	0
15452	lookup	12300	0
15453	calc	18831	0
15454	lookup	9047	0
15455	calc	16543	0
15456	calc	9874	0
15457	abstain_everyday	1061	0
15458	calc	17518	0
15459	abstain_everyday	4445	0
15460	calc	14472	0
15461	abstain_everyday	3462	0
15462	lookup	10205	0
15463	lookup	11559	0
15464	lookup	1397	0
15465	calc	17334	0
15466	calc	6272	0
15467	lookup	10230	0
15468	lookup	4968	0
15469	calc	19978	0
15470	calc	107	0
15471	lookup	927	0
15472	lookup	10049	0
15473	abstain_everyday	300	0
15474	calc	1327	0
15475	abstain_everyday	5405	0
15476	lookup	6908	0
15477	calc	15450	0
15478	abstain_everyday	1874	0
15479	calc	17507	0
15480	calc	20491	0
15481	lookup	3676	0
15482	lookup	689	0
15483	lookup	2985	0
15484	calc	4562	0
15485	calc	16671	0
15486	lookup	11695	0
15487	lookup	7968	0
15488	calc	14076	0
15489	abstain_everyday	2301	0
15490	abstain_everyday	3042	0
15491	lookup	2434	0
15492	calc	15939	0
15493	lookup	8848	0
15494	calc	10472	0
15495	lookup	2656	0
15496	calc	7854	0
15497	lookup	2088	0
15498	calc	20154	0
15499	lookup	4276	0
15500	calc	18297	1
15501	calc	8280	0
15502	lookup	4256	0
15503	lookup	7389	0
15504	calc	12859	0
15505	abstain_everyday	3713	0
15506	lookup	11733	0
15507	calc	12482	1
15508	lookup	7685	0
15509	calc	13324	0
15510	calc	15103	0
15511	abstain_everyday	5256	0
15512	calc	15682	0
15513	calc	11431	0
15514	calc	14155	0
15515	calc	5317	0
15516	lookup	6259	0
15517	lookup	9117	0
15518	calc	1318	0
15519	lookup	7436	0
15520	lookup	1459	0
15521	calc	5950	0
15522	lookup	10563	0
15523	calc	15443	0
15524	lookup	782	0
15525	calc	6136	0
15526	calc	8406	0
15527	calc	5791	0
15528	calc	5695	0
15529	calc	6453	0
15530	calc	18093	0
15531	lookup	1273	0
15532	calc	10513	0
15533	lookup	4759	0
15534	calc	17342	0
15535	calc	6121	0
15536	lookup	730	0
15537	abstain_everyday	380	0
15538	lookup	7390	0
15539	calc	16135	0
15540	abstain_everyday	2861	0
15541	abstain_everyday	1249	0
15542	lookup	653	0
15543	lookup	2913	0
15544	lookup	2260	0
15545	lookup	12363	0
15546	lookup	1699	0
15547	abstain_everyday	4781	0
15548	calc	16867	0
15549	calc	4671	1
15550	lookup	865	0
15551	calc	12612	0
15552	abstain_everyday	4266	0
15553	lookup	4397	0
15554	calc	12476	0
15555	calc	9143	0
15556	lookup	12062	0
15557	abstain_everyday	93	0
15558	abstain_everyday	567	0
15559	lookup	1103	0
15560	calc	12700	0
15561	lookup	11706	0
15562	abstain_everyday	570	0
15563	calc	5105	0
15564	calc	11868	0
15565	calc	5004	0
15566	lookup	10471	0
15567	lookup	827	0
15568	calc	2641	0
15569	lookup	6575	0
15570	lookup	1782	0
15571	calc	19091	0
15572	lookup	11994	0
15573	calc	3413	0
15574	calc	3473	0
15575	calc	17706	0
15576	abstain_everyday	615	0
15577	abstain_everyday	4738	0
15578	lookup	4782	0
15579	abstain_everyday	2631	0
15580	lookup	4716	0
15581	lookup	2754	0
15582	calc	5097	0
15583	calc	19253	0
15584	abstain_everyday	2486	0
15585	calc	1686	0
15586	calc	2392	0
15587	lookup	5423	0
15588	abstain_everyday	561	0
15589	calc	2185	0
15590	calc	5136	0
15591	lookup	8653	0
15592	calc	7134	0
15593	calc	8028	0
15594	calc	9531	0
15595	lookup	999	0
15596	calc	12201	0
15597	abstain_everyday	5260	0
15598	lookup	9018	0
15599	calc	19643	0
15600	lookup	2479	0
15601	abstain_everyday	693	0
15602	calc	19254	0
15603	abstain_everyday	4969	0
15604	calc	6713	0
15605	calc	17952	0
15606	lookup	5717	0
15607	abstain_everyday	3585	0
15608	abstain_everyday	2155	0
15609	calc	10700	0
15610	calc	9127	0
15611	abstain_everyday	3519	0
15612	calc	13363	0
15613	abstain_everyday	2035	0
15614	calc	13764	0
15615	calc	8183	0
15616	lookup	12697	0
15617	lookup	3715	0
15618	lookup	6697	0
15619	calc	15888	0
15620	abstain_everyday	2342	0
15621	calc	9271	0
15622	calc	18059	0
15623	calc	13505	0
15624	calc	3609	0
15625	calc	6068	0
15626	lookup	4601	0
15627	calc	13460	0
15628	abstain_everyday	3534	0
15629	calc	807	0
15630	calc	18870	0
15631	calc	18532	0
15632	calc	7918	0
15633	calc	15464	0
15634	calc	6062	0
15635	calc	1367	0
15636	calc	19671	0
15637	lookup	371	0
15638	calc	13926	0
15639	calc	1814	0
15640	abstain_everyday	2851	0
15641	abstain_everyday	461	0
15642	calc	4474	0
15643	calc	20992	0
15644	lookup	4947	0
15645	lookup	12771	0
15646	calc	11598	0
15647	calc	560	0
15648	calc	5662	0
15649	abstain_everyday	1070	0
15650	calc	11192	0
15651	lookup	11855	0
15652	lookup	2973	0
15653	calc	13113	0
15654	calc	5259	0
15655	calc	14985	0
15656	calc	11345	1
15657	calc	8224	0
15658	lookup	5924	0
15659	calc	9075	0
15660	calc	12320	0
15661	calc	18668	0
15662	lookup	9484	0
15663	calc	16821	0
15664	calc	14870	0
15665	lookup	6865	0
15666	calc	9396	0
15667	calc	12180	0
15668	calc	4544	0
15669	abstain_everyday	1079	0
15670	lookup	8933	0
15671	abstain_everyday	762	0
15672	calc	6366	0
15673	calc	14964	0
15674	calc	2524	0
15675	calc	14554	0
15676	lookup	7670	0
15677	calc	5727	0
15678	lookup	4702	0
15679	abstain_everyday	159	0
15680	lookup	1401	0
15681	calc	1008	0
15682	lookup	8860	0
15683	lookup	2327	0
15684	calc	12144	0
15685	lookup	4723	0
15686	calc	19536	0
15687	calc	4387	0
15688	lookup	12321	0
15689	abstain_everyday	78	0
15690	calc	15807	0
15691	calc	12587	0
15692	calc	5828	0
15693	calc	12630	0
15694	abstain_everyday	70	0
15695	calc	9824	0
15696	calc	16356	0
15697	calc	16160	0
15698	calc	20995	0
15699	abstain_everyday	2723	0
15700	calc	21019	0
15701	abstain_everyday	5336	0
15702	calc	11715	0
15703	abstain_everyday	1345	0
15704	calc	17372	0
15705	lookup	7427	0
15706	calc	9639	0
15707	calc	17062	1
15708	calc	2747	0
15709	calc	4187	0
15710	lookup	8661	0
15711	calc	13694	0
15712	abstain_everyday	4624	0
15713	calc	12891	0
15714	lookup	5070	0
15715	calc	3796	0
15716	lookup	10559	0
15717	lookup	7205	0
15718	lookup	9304	0
15719	abstain_everyday	955	0
15720	calc	20497	0
15721	abstain_everyday	4276	0
15722	calc	10532	0
15723	lookup	3436	0
15724	calc	6682	0
15725	calc	13548	0
15726	calc	8503	0
15727	abstain_everyday	4222	0
15728	lookup	12230	0
15729	lookup	2351	0
15730	calc	12381	0
15731	calc	14702	0
15732	lookup	10231	0
15733	calc	21020	0
15734	calc	15182	0
15735	lookup	4491	0
15736	calc	14229	1
15737	lookup	1706	0
15738	lookup	1281	0
15739	lookup	9673	0
15740	lookup	2657	0
15741	lookup	4363	0
15742	lookup	3656	0
15743	calc	9028	0
15744	calc	18427	0
15745	calc	1551	0
15746	calc	4173	0
15747	lookup	4004	0
15748	lookup	6449	0
15749	calc	6081	0
15750	lookup	1015	0
15751	lookup	3683	0
15752	lookup	5014	0
15753	lookup	2048	0
15754	calc	20370	0
15755	calc	10650	0
15756	abstain_everyday	3035	0
15757	calc	16430	0
15758	lookup	10145	0
15759	calc	5456	0
15760	calc	8442	0
15761	abstain_everyday	1617	0
15762	lookup	12367	0
15763	lookup	9051	0
15764	lookup	3377	0
15765	calc	9629	0
15766	lookup	11190	0
15767	lookup	11212	0
15768	abstain_everyday	1407	0
15769	lookup	6857	0
15770	calc	14054	0
15771	calc	1691	0
15772	calc	7759	0
15773	calc	12032	0
15774	abstain_everyday	1362	0
15775	calc	15309	0
15776	lookup	4489	0
15777	calc	9581	0
15778	calc	1808	0
15779	calc	3072	0
15780	calc	7720	0
15781	lookup	944	0
15782	calc	10400	1
15783	abstain_everyday	1690	0
15784	lookup	283	0
15785	calc	2868	0
15786	lookup	3609	0
15787	calc	9430	0
15788	calc	14708	0
15789	calc	20364	0
15790	lookup	10234	0
15791	calc	17423	0
15792	lookup	1387	0
15793	calc	8959	0
15794	calc	11285	0
15795	lookup	11730	0
15796	calc	2358	0
15797	calc	12636	0
15798	calc	10547	0
15799	calc	2321	0
15800	lookup	11495	0
15801	lookup	749	0
15802	lookup	1435	0
15803	calc	13626	0
15804	calc	11054	0
15805	calc	12806	0
15806	lookup	9991	0
15807	lookup	4648	0
15808	calc	4948	0
15809	lookup	1898	0
15810	lookup	9971	0
15811	abstain_everyday	2482	0
15812	lookup	8275	0
15813	lookup	11055	0
15814	lookup	5047	0
15815	calc	5584	0
15816	lookup	12486	0
15817	calc	19325	0
15818	lookup	7887	0
15819	calc	965	0
15820	lookup	7106	0
15821	lookup	12539	0
15822	abstain_everyday	1048	0
15823	calc	1404	0
15824	calc	5515	0
15825	lookup	1941	0
15826	abstain_everyday	3666	0
15827	lookup	3801	0
15828	calc	7970	0
15829	lookup	8226	0
15830	calc	15417	0
15831	lookup	12221	0
15832	lookup	2340	0
15833	calc	17235	0
15834	abstain_everyday	2419	0
15835	lookup	3782	0
15836	calc	16262	0
15837	calc	3270	0
15838	lookup	7303	0
15839	calc	848	0
15840	calc	13021	0
15841	calc	9409	0
15842	calc	20478	0
15843	calc	9100	0
15844	abstain_everyday	3897	0
15845	calc	10036	0
15846	calc	18441	0
15847	calc	4361	1
15848	lookup	7576	0
15849	abstain_everyday	2543	0
15850	calc	12472	0
15851	lookup	737	0
15852	calc	13736	0
15853	abstain_everyday	4175	0
15854	abstain_everyday	2458	0
15855	abstain_everyday	3058	0
15856	calc	166	0
15857	lookup	9519	0
15858	abstain_everyday	2166	0
15859	lookup	5025	0
15860	lookup	12232	0
15861	abstain_everyday	237	0
15862	lookup	12937	0
15863	calc	6720	0
15864	calc	92	0
15865	abstain_everyday	5017	0
15866	calc	15497	0
15867	calc	3385	0
15868	calc	3828	0
15869	lookup	3449	0
15870	lookup	10995	0
15871	calc	16369	0
15872	lookup	7265	0
15873	calc	8805	0
15874	calc	11660	0
15875	calc	2733	0
15876	calc	21036	0
15877	calc	10158	0
15878	lookup	10708	0
15879	abstain_everyday	1976	0
15880	abstain_everyday	5860	0
15881	lookup	10542	0
15882	lookup	7394	0
15883	lookup	11920	0
15884	calc	4007	0
15885	calc	8933	0
15886	calc	20453	0
15887	calc	17767	0
15888	calc	2207	0
15889	abstain_everyday	4728	0
15890	abstain_everyday	4946	0
15891	calc	12925	0
15892	lookup	4975	0
15893	calc	6644	0
15894	lookup	9160	0
15895	calc	16475	0
15896	lookup	4573	0
15897	lookup	12386	0
15898	lookup	1159	0
15899	lookup	9061	0
15900	calc	15788	0
15901	calc	1119	0
15902	lookup	34	0
15903	calc	19620	0
15904	abstain_everyday	4696	0
15905	abstain_everyday	3109	0
15906	lookup	9936	0
15907	calc	18768	0
15908	calc	15332	0
15909	calc	20946	1
15910	calc	13867	0
15911	lookup	9092	0
15912	calc	20344	1
15913	calc	11405	0
15914	abstain_everyday	4813	0
15915	abstain_everyday	1656	0
15916	abstain_everyday	3511	0
15917	lookup	5951	0
15918	calc	9104	0
15919	calc	6498	0
15920	calc	2589	0
15921	calc	16113	0
15922	calc	13794	0
15923	calc	8312	0
15924	calc	12980	0
15925	calc	17122	0
15926	lookup	7893	0
15927	calc	7232	0
15928	lookup	9953	0
15929	calc	13859	0
15930	calc	6531	0
15931	lookup	73	0
15932	lookup	4378	0
15933	lookup	5219	0
15934	lookup	9273	0
15935	abstain_everyday	2663	0
15936	abstain_everyday	836	0
15937	lookup	5834	0
15938	calc	1164	0
15939	abstain_everyday	1247	0
15940	calc	4376	0
15941	calc	19343	0
15942	calc	13423	0
15943	lookup	3747	0
15944	calc	6680	0
15945	calc	19977	0
15946	calc	14630	0
15947	calc	10359	0
15948	calc	7901	1
15949	lookup	5169	0
15950	abstain_everyday	2525	0
15951	calc	17594	0
15952	lookup	5481	0
15953	lookup	8189	0
15954	calc	5028	0
15955	calc	10545	0
15956	lookup	10316	0
15957	abstain_everyday	4224	0
15958	calc	1207	0
15959	calc	3434	0
15960	lookup	3858	0
15961	calc	20035	0
15962	abstain_everyday	2783	0
15963	lookup	9167	0
15964	lookup	3249	0
15965	lookup	7711	0
15966	calc	7774	0
15967	calc	6916	0
15968	calc	10186	0
15969	calc	12445	0
15970	calc	5929	0
15971	calc	12232	0
15972	calc	10707	0
15973	lookup	2616	0
15974	calc	19827	0
15975	lookup	1678	0
15976	calc	13723	0
15977	calc	8843	0
15978	lookup	12724	0
15979	lookup	4293	0
15980	lookup	8078	0
15981	calc	14315	0
15982	abstain_everyday	2624	0
15983	calc	3462	0
15984	calc	11045	0
15985	abstain_everyday	2965	0
15986	abstain_everyday	4217	0
15987	lookup	6079	0
15988	calc	15410	0
15989	lookup	547	0
15990	abstain_everyday	4798	0
15991	calc	18703	0
15992	calc	11705	0
15993	calc	17988	0
15994	abstain_everyday	3530	0
15995	abstain_everyday	4641	0
15996	abstain_everyday	3127	0
15997	calc	17563	0
15998	calc	9072	0
15999	calc	2944	0
16000	abstain_everyday	1408	0
16001	calc	2623	0
16002	calc	5181	0
16003	lookup	6288	0
16004	calc	18535	0
16005	calc	8547	0
16006	abstain_everyday	5514	0
16007	lookup	6488	0
16008	calc	17364	0
16009	calc	11627	0
16010	calc	930	0
16011	calc	13562	0
16012	calc	17030	0
16013	lookup	4894	0
16014	calc	3271	0
16015	lookup	3729	0
16016	calc	20750	0
16017	calc	1237	0
16018	calc	18247	1
16019	calc	8541	0
16020	calc	16898	0
16021	lookup	3495	0
16022	calc	10376	0
16023	lookup	5894	0
16024	abstain_everyday	185	0
16025	lookup	545	0
16026	lookup	10921	0
16027	calc	13210	1
16028	lookup	8532	0
16029	lookup	10423	0
16030	calc	105	0
16031	lookup	4466	0
16032	abstain_everyday	4108	0
16033	lookup	8316	0
16034	lookup	12809	0
16035	calc	11115	0
16036	lookup	10716	0
16037	lookup	8021	0
16038	lookup	5173	0
16039	lookup	6875	0
16040	abstain_everyday	4675	0
16041	calc	20674	0
16042	lookup	2293	0
16043	calc	6602	0
16044	abstain_everyday	3483	0
16045	calc	15373	0
16046	calc	8066	0
16047	calc	14942	0
16048	calc	7506	0
16049	lookup	6732	0
16050	calc	6649	0
16051	lookup	12778	0
16052	calc	6253	0
16053	calc	2676	0
16054	calc	12145	0
16055	calc	18678	0
16056	abstain_everyday	5542	0
16057	calc	16667	0
16058	calc	17338	0
16059	calc	14270	0
16060	lookup	7314	0
16061	calc	975	0
16062	calc	12910	0
16063	lookup	12165	0
16064	calc	3617	0
16065	calc	779	0
16066	calc	20689	0
16067	abstain_everyday	205	0
16068	calc	8428	0
16069	calc	12120	0
16070	calc	8756	0
16071	calc	1353	0
16072	calc	2009	0
16073	lookup	495	0
16074	lookup	5970	0
16075	lookup	6523	0
16076	abstain_everyday	3542	0
16077	calc	2866	0
16078	calc	5248	0
16079	calc	12101	0
16080	calc	20283	0
16081	lookup	5204	0
16082	lookup	1156	0
16083	calc	21057	0
16084	abstain_everyday	4643	0
16085	calc	17745	0
16086	lookup	7645	0
16087	abstain_everyday	3485	0
16088	calc	4740	0
16089	calc	8869	0
16090	abstain_everyday	5675	0
16091	lookup	7462	0
16092	calc	1413	0
16093	calc	14415	0
16094	lookup	6577	0
16095	calc	11749	0
16096	lookup	11466	0
16097	lookup	2558	0
16098	lookup	3114	0
16099	abstain_everyday	719	0
16100	lookup	12890	0
16101	abstain_everyday	2222	0
16102	calc	11668	0
16103	lookup	10642	0
16104	lookup	6649	0
16105	lookup	10014	0
16106	lookup	4140	0
16107	calc	20436	0
16108	calc	4208	0
16109	calc	20326	0
16110	lookup	9641	0
16111	calc	13440	0
16112	lookup	7549	0
16113	calc	10855	0
16114	calc	5994	0
16115	abstain_everyday	2250	0
16116	calc	13438	0
16117	abstain_everyday	3156	0
16118	calc	19040	0
16119	lookup	7495	0
16120	lookup	11205	0
16121	calc	10264	1
16122	lookup	9165	0
16123	calc	2173	0
16124	abstain_everyday	5303	0
16125	calc	17533	0
16126	calc	3539	0
16127	lookup	12092	0
16128	lookup	754	0
16129	calc	10057	0
16130	calc	6669	0
16131	calc	17064	0
16132	calc	5313	1
16133	calc	20347	0
16134	lookup	7363	0
16135	lookup	6284	0
16136	lookup	12212	0
16137	abstain_everyday	2580	0
16138	calc	3037	0
16139	calc	17215	0
16140	lookup	12901	0
16141	lookup	520	0
16142	lookup	9324	0
16143	calc	4676	0
16144	lookup	9561	0
16145	calc	20426	0
16146	abstain_everyday	736	0
16147	lookup	887	0
16148	abstain_everyday	3772	0
16149	abstain_everyday	5561	0
16150	calc	6099	1
16151	calc	10323	0
16152	lookup	2607	0
16153	calc	17962	0
16154	lookup	12614	0
16155	calc	15340	0
16156	abstain_everyday	5445	0
16157	lookup	10191	0
16158	calc	9275	0
16159	calc	7812	0
16160	abstain_everyday	2596	0
16161	lookup	7714	0
16162	calc	13039	0
16163	calc	4333	0
16164	abstain_everyday	2157	0
16165	abstain_everyday	924	0
16166	calc	14060	0
16167	lookup	1722	0
16168	calc	10960	0
16169	lookup	12808	0
16170	calc	9450	0
16171	calc	19226	0
16172	lookup	4253	0
16173	lookup	2936	0
16174	abstain_everyday	5768	0
16175	abstain_everyday	5073	0
16176	calc	14736	0
16177	lookup	879	0
16178	calc	17006	0
16179	lookup	4956	0
16180	lookup	1359	0
16181	calc	10113	0
16182	abstain_everyday	4257	0
16183	lookup	4407	0
16184	lookup	12388	0
16185	calc	14531	0
16186	abstain_everyday	3183	0
16187	calc	13284	0
16188	calc	13233	0
16189	calc	2512	0
16190	lookup	810	0
16191	lookup	6037	0
16192	calc	15379	0
16193	calc	13191	0
16194	calc	13122	0
16195	calc	11528	0
16196	lookup	7326	0
16197	lookup	5903	0
16198	calc	314	0
16199	abstain_everyday	3982	0
16200	calc	11173	0
16201	lookup	4132	0
16202	lookup	5527	0
16203	calc	481	0
16204	calc	7405	0
16205	calc	8608	0
16206	calc	7040	0
16207	calc	8141	0
16208	calc	11783	0
16209	lookup	12093	0
16210	calc	19916	0
16211	calc	17871	0
16212	lookup	9340	0
16213	lookup	7657	0
16214	calc	3635	0
16215	abstain_everyday	1102	0
16216	lookup	6336	0
16217	calc	6881	0
16218	lookup	4845	0
16219	calc	8253	0
16220	calc	14342	0
16221	calc	864	0
16222	calc	13197	0
16223	lookup	4891	0
16224	calc	17578	0
16225	lookup	12668	0
16226	calc	6596	0
16227	lookup	3833	0
16228	abstain_everyday	4088	0
16229	abstain_everyday	4566	0
16230	calc	5353	0
16231	lookup	11647	0
16232	lookup	6507	0
16233	calc	9991	0
16234	calc	18943	0
16235	calc	16355	0
16236	calc	8475	0
16237	calc	20074	0
16238	abstain_everyday	4944	0
16239	calc	15708	1
16240	calc	6016	0
16241	abstain_everyday	1730	0
16242	lookup	2796	0
16243	calc	14768	0
16244	calc	20094	0
16245	calc	18815	0
16246	calc	1104	0
16247	abstain_everyday	3404	0
16248	calc	818	0
16249	calc	5812	0
16250	lookup	12585	0
16251	calc	2089	1
16252	calc	4264	0
16253	lookup	11806	0
16254	calc	1360	0
16255	lookup	7182	0
16256	lookup	2326	0
16257	calc	16907	0
16258	calc	2093	0
16259	calc	3216	0
16260	lookup	5826	0
16261	calc	5824	0
16262	calc	20775	0
16263	lookup	2489	0
16264	calc	12535	0
16265	lookup	9103	0
16266	abstain_everyday	219	0
16267	abstain_everyday	190	0
16268	calc	14638	0
16269	calc	17351	0
16270	calc	19193	0
16271	lookup	6136	0
16272	calc	10494	0
16273	lookup	8192	0
16274	abstain_everyday	944	0
16275	lookup	11943	0
16276	calc	367	0
16277	calc	3016	0
16278	calc	4438	0
16279	lookup	5069	0
16280	calc	2903	0
16281	lookup	12842	0
16282	abstain_everyday	5651	0
16283	calc	1985	0
16284	lookup	1144	0
16285	abstain_everyday	3015	0
16286	lookup	2872	0
16287	calc	9754	0
16288	lookup	1890	0
16289	calc	5970	0
16290	calc	14524	0
16291	calc	12978	0
16292	calc	6619	0
16293	lookup	9380	0
16294	lookup	8380	0
16295	calc	17350	0
16296	lookup	12189	0
16297	lookup	8662	0
16298	lookup	12762	0
16299	lookup	6476	0
16300	calc	7885	0
16301	calc	4360	0
16302	calc	6783	0
16303	calc	4863	0
16304	calc	14533	0
16305	abstain_everyday	4771	0
16306	calc	18735	0
16307	lookup	4819	0
16308	calc	7385	0
16309	lookup	6814	0
16310	lookup	6498	0
16311	calc	126	0
16312	calc	11716	1
16313	abstain_everyday	383	0
16314	calc	10639	0
16315	calc	6039	0
16316	calc	9806	0
16317	abstain_everyday	5868	0
16318	lookup	4749	0
16319	calc	5389	0
16320	lookup	11667	0
16321	calc	3702	0
16322	lookup	11129	0
16323	calc	10266	0
16324	calc	6671	0
16325	lookup	4501	0
16326	lookup	1190	0
16327	abstain_everyday	4545	0
16328	calc	8390	0
16329	abstain_everyday	3676	0
16330	abstain_everyday	1357	0
16331	lookup	2746	0
16332	lookup	9213	0
16333	calc	16266	0
16334	calc	13086	0
16335	calc	2763	0
16336	lookup	12261	0
16337	lookup	1157	0
16338	calc	13942	0
16339	calc	4343	0
16340	lookup	2673	0
16341	calc	8351	0
16342	calc	249	0
16343	calc	1340	1
16344	lookup	1989	0
16345	calc	16958	0
16346	abstain_everyday	3049	0
16347	lookup	8972	0
16348	calc	7209	0
16349	lookup	6258	0
16350	calc	99	0
16351	calc	9643	0
16352	calc	2281	0
16353	calc	9468	0
16354	lookup	5367	0
16355	calc	20248	0
16356	abstain_everyday	4664	0
16357	calc	2240	0
16358	abstain_everyday	1002	0
16359	calc	8391	0
16360	lookup	11944	0
16361	abstain_everyday	4147	0
16362	calc	8139	0
16363	lookup	10590	0
16364	calc	15989	0
16365	calc	16153	0
16366	calc	7267	0
16367	lookup	4381	0
16368	calc	19761	0
16369	lookup	12696	0
16370	calc	7077	0
16371	lookup	11434	0
16372	lookup	9184	0
16373	calc	3661	0
16374	lookup	5917	0
16375	calc	4185	0
16376	lookup	11871	0
16377	abstain_everyday	1383	0
16378	calc	4607	0
16379	calc	8517	0
16380	calc	10897	0
16381	calc	11172	0
16382	calc	13543	0
16383	calc	4277	0
16384	calc	8895	0
16385	calc	4323	0
16386	lookup	3267	0
16387	calc	5513	0
16388	lookup	10532	0
16389	lookup	7544	0
16390	lookup	2410	0
16391	lookup	1533	0
16392	lookup	4073	0
16393	lookup	4366	0
16394	calc	12071	0
16395	lookup	6471	0
16396	lookup	2628	0
16397	calc	18474	0
16398	calc	11852	0
16399	calc	3976	0
16400	calc	17031	0
16401	calc	19327	0
16402	lookup	5848	0
16403	calc	4711	0
16404	abstain_everyday	858	0
16405	lookup	7159	0
16406	abstain_everyday	2416	0
16407	calc	8737	0
16408	calc	8205	0
16409	calc	15549	0
16410	calc	17720	0
16411	calc	17339	0
16412	calc	9524	0
16413	calc	7798	0
16414	lookup	9106	0
16415	lookup	4763	0
16416	lookup	5791	0
16417	calc	6445	0
16418	calc	13406	0
16419	calc	11795	0
16420	lookup	4898	0
16421	calc	17091	0
16422	calc	16992	0
16423	abstain_everyday	879	0
16424	calc	5839	0
16425	calc	16556	0
16426	abstain_everyday	5451	0
16427	calc	2104	0
16428	calc	2963	0
16429	calc	3578	0
16430	abstain_everyday	4667	0
16431	abstain_everyday	1680	0
16432	abstain_everyday	2705	0
16433	calc	11520	0
16434	calc	1394	0
16435	abstain_everyday	430	0
16436	lookup	2473	0
16437	lookup	2231	0
16438	calc	8718	0
16439	lookup	3497	0
16440	calc	17901	0
16441	calc	8703	0
16442	abstain_everyday	3263	0
16443	calc	14400	0
16444	lookup	6061	0
16445	calc	5164	0
16446	abstain_everyday	3295	0
16447	abstain_everyday	1721	0
16448	calc	13503	0
16449	lookup	12623	0
16450	lookup	1635	0
16451	calc	10594	1
16452	calc	14419	0
16453	calc	8400	0
16454	abstain_everyday	4135	0
16455	abstain_everyday	3446	0
16456	calc	540	0
16457	calc	13271	0
16458	calc	10932	0
16459	lookup	11021	0
16460	lookup	2932	0
16461	calc	18167	0
16462	calc	12090	0
16463	calc	18268	0
16464	calc	17439	1
16465	lookup	7216	0
16466	calc	6702	0
16467	abstain_everyday	5176	0
16468	abstain_everyday	4708	0
16469	abstain_everyday	1575	0
16470	calc	14032	0
16471	lookup	10004	0
16472	calc	1400	0
16473	calc	17946	0
16474	calc	3405	0
16475	lookup	2967	0
16476	lookup	3778	0
16477	calc	18637	1
16478	calc	12065	0
16479	calc	12620	0
16480	calc	15769	0
16481	calc	16576	0
16482	abstain_everyday	1912	0
16483	lookup	4426	0
16484	lookup	6833	0
16485	lookup	672	0
16486	calc	11549	0
16487	calc	2616	0
16488	abstain_everyday	2782	0
16489	calc	16386	0
16490	lookup	6978	0
16491	calc	4223	0
16492	abstain_everyday	3479	0
16493	calc	16805	0
16494	calc	13076	0
16495	lookup	7624	0
16496	calc	5725	0
16497	abstain_everyday	4504	0
16498	calc	18022	0
16499	abstain_everyday	2534	0
16500	calc	3021	0
16501	abstain_everyday	5606	0
16502	abstain_everyday	471	0
16503	calc	18205	0
16504	abstain_everyday	2117	0
16505	calc	14724	0
16506	calc	20159	0
16507	calc	11474	0
16508	calc	9428	0
16509	calc	16601	0
16510	calc	4030	0
16511	abstain_everyday	4732	0
16512	lookup	8335	0
16513	lookup	59	0
16514	lookup	1016	0
16515	calc	7974	0
16516	lookup	2177	0
16517	lookup	842	0
16518	lookup	5935	0
16519	calc	3746	0
16520	lookup	12010	0
16521	calc	16068	0
16522	lookup	8018	0
16523	calc	17297	0
16524	calc	15369	0
16525	abstain_everyday	2194	0
16526	lookup	12648	0
16527	abstain_everyday	4342	0
16528	lookup	4327	0
16529	calc	3495	0
16530	calc	12474	0
16531	lookup	2154	0
16532	calc	9770	0
16533	calc	17735	0
16534	lookup	2659	0
16535	calc	20850	0
16536	lookup	3316	0
16537	calc	2204	0
16538	lookup	10705	0
16539	lookup	3996	0
16540	abstain_everyday	39	0
16541	calc	6606	0
16542	calc	18478	0
16543	lookup	12249	0
16544	lookup	4415	0
16545	abstain_everyday	1445	0
16546	calc	6444	0
16547	calc	11240	0
16548	lookup	5271	0
16549	lookup	11449	0
16550	lookup	8806	0
16551	calc	15863	0
16552	abstain_everyday	404	0
16553	calc	11486	0
16554	abstain_everyday	2325	0
16555	calc	1098	0
16556	abstain_everyday	777	0
16557	calc	17786	0
16558	abstain_everyday	4552	0
16559	calc	11320	0
16560	calc	17223	0
16561	calc	2900	0
16562	lookup	3598	0
16563	calc	7187	0
16564	lookup	12048	0
16565	lookup	343	0
16566	lookup	6094	0
16567	calc	3960	0
16568	abstain_everyday	2106	0
16569	lookup	4519	0
16570	calc	4693	0
16571	lookup	10598	0
16572	calc	4876	0
16573	lookup	11887	0
16574	calc	6237	0
16575	lookup	8752	0
16576	calc	427	1
16577	calc	8142	0
16578	abstain_everyday	1810	0
16579	lookup	1476	0
16580	lookup	8434	0
16581	calc	2798	0
16582	calc	5473	0
16583	calc	19219	1
16584	calc	7604	0
16585	lookup	4494	0
16586	abstain_everyday	3066	0
16587	calc	19981	1
16588	lookup	12374	0
16589	calc	967	0
16590	calc	6309	0
16591	calc	14146	0
16592	calc	11292	1
16593	calc	8553	0
16594	abstain_everyday	4018	0
16595	lookup	2949	0
16596	calc	20869	0
16597	calc	16279	0
16598	lookup	10146	0
16599	lookup	1238	0
16600	lookup	6086	0
16601	lookup	5861	0
16602	lookup	10347	0
16603	abstain_everyday	1128	0
16604	calc	1109	0
16605	calc	2278	0
16606	calc	12237	0
16607	abstain_everyday	1399	0
16608	calc	3267	0
16609	calc	18467	0
16610	lookup	6736	0
16611	calc	18185	0
16612	calc	12159	0
16613	calc	18403	0
16614	lookup	7769	0
16615	lookup	500	0
16616	calc	11597	1
16617	lookup	10451	0
16618	calc	5361	0
16619	lookup	686	0
16620	calc	16923	0
16621	lookup	4650	0
16622	lookup	11340	0
16623	calc	20388	0
16624	calc	19236	0
16625	calc	20799	0
16626	abstain_everyday	669	0
16627	calc	15319	0
16628	calc	4336	0
16629	calc	17519	0
16630	calc	15000	0
16631	lookup	666	0
16632	lookup	139	0
16633	lookup	5106	0
16634	calc	14138	0
16635	calc	19317	0
16636	lookup	6479	0
16637	lookup	8123	0
16638	calc	9736	0
16639	calc	9526	0
16640	lookup	8766	0
16641	lookup	3599	0
16642	lookup	6091	0
16643	calc	16081	0
16644	lookup	2624	0
16645	calc	13466	0
16646	calc	3984	0
16647	calc	16000	0
16648	abstain_everyday	5760	0
16649	calc	5039	0
16650	abstain_everyday	4250	0
16651	lookup	7768	0
16652	lookup	6088	0
16653	calc	4254	0
16654	calc	7549	0
16655	lookup	10299	0
16656	lookup	5043	0
16657	lookup	9865	0
16658	calc	7016	0
16659	calc	14697	0
16660	lookup	12714	0
16661	calc	15215	0
16662	lookup	3621	0
16663	calc	3259	0
16664	calc	2336	0
16665	lookup	4308	0
16666	calc	9605	0
16667	lookup	2490	0
16668	abstain_everyday	4242	0
16669	lookup	7705	0
16670	abstain_everyday	2474	0
16671	calc	4181	0
16672	lookup	7697	0
16673	calc	5146	0
16674	calc	9120	0
16675	lookup	3814	0
16676	calc	13732	0
16677	calc	15130	0
16678	calc	12684	0
16679	calc	2176	0
16680	calc	968	0
16681	calc	6909	0
16682	calc	10405	0
16683	lookup	10294	0
16684	calc	12871	0
16685	lookup	5337	0
16686	abstain_everyday	5873	0
16687	calc	7939	0
16688	abstain_everyday	4325	0
16689	lookup	7357	0
16690	abstain_everyday	4533	0
16691	lookup	11976	0
16692	calc	16983	0
16693	lookup	9683	0
16694	calc	19188	0
16695	calc	7154	0
16696	calc	12902	0
16697	calc	52	0
16698	abstain_everyday	1514	0
16699	lookup	2440	0
16700	calc	5420	0
16701	calc	15422	0
16702	lookup	5586	0
16703	abstain_everyday	5053	0
16704	calc	18299	0
16705	lookup	312	0
16706	calc	21068	0
16707	calc	776	0
16708	lookup	3184	0
16709	lookup	3980	0
16710	lookup	5293	0
16711	calc	906	0
16712	lookup	5622	0
16713	calc	15705	0
16714	calc	10051	0
16715	calc	20044	0
16716	abstain_everyday	1297	0
16717	lookup	884	0
16718	calc	4981	0
16719	lookup	12379	0
16720	lookup	11998	0
16721	abstain_everyday	810	0
16722	calc	14515	0
16723	abstain_everyday	4341	0
16724	calc	6509	0
16725	calc	2457	0
16726	abstain_everyday	3854	0
16727	calc	3244	0
16728	calc	3321	0
16729	calc	15288	1
16730	lookup	11848	0
16731	lookup	11002	0
16732	calc	15314	0
16733	lookup	5998	0
16734	calc	18992	0
16735	lookup	9153	0
16736	abstain_everyday	3532	0
16737	calc	18986	0
16738	calc	2945	0
16739	calc	3670	0
16740	abstain_everyday	4410	0
16741	lookup	10307	0
16742	calc	11387	0
16743	calc	13546	0
16744	calc	14301	0
16745	lookup	658	0
16746	calc	18357	0
16747	lookup	6613	0
16748	lookup	4271	0
16749	lookup	3273	0
16750	calc	10207	0
16751	calc	7482	0
16752	calc	19630	0
16753	lookup	8270	0
16754	lookup	3542	0
16755	calc	5559	0
16756	calc	6806	0
16757	calc	4445	0
16758	lookup	7945	0
16759	calc	8825	0
16760	abstain_everyday	3990	0
16761	lookup	3350	0
16762	abstain_everyday	3149	0
16763	calc	9025	0
16764	calc	6477	0
16765	lookup	9739	0
16766	calc	2497	0
16767	lookup	5178	0
16768	lookup	4517	0
16769	calc	3776	0
16770	lookup	3019	0
16771	calc	12429	1
16772	lookup	12390	0
16773	calc	18303	0
16774	lookup	12113	0
16775	calc	1496	0
16776	calc	601	0
16777	abstain_everyday	5536	0
16778	abstain_everyday	4793	0
16779	calc	15375	0
16780	abstain_everyday	2314	0
16781	lookup	2526	0
16782	lookup	6491	0
16783	calc	6290	0
16784	calc	19632	1
16785	calc	16557	0
16786	calc	7078	0
16787	calc	4447	0
16788	calc	3850	0
16789	abstain_everyday	3181	0
16790	calc	16865	0
16791	lookup	7926	0
16792	abstain_everyday	2648	0
16793	calc	17111	0
16794	calc	16125	0
16795	abstain_everyday	1613	0
16796	calc	6539	1
16797	calc	11454	0
16798	calc	9798	0
16799	lookup	5865	0
16800	lookup	3819	0
16801	calc	7161	0
16802	calc	12944	0
16803	calc	8755	0
16804	lookup	5057	0
16805	calc	17774	0
16806	lookup	1592	0
16807	lookup	10018	0
16808	calc	3250	0
16809	calc	5757	0
16810	calc	18816	0
16811	lookup	10032	0
16812	calc	2019	0
16813	lookup	7089	0
16814	lookup	9820	0
16815	calc	9283	0
16816	lookup	5576	0
16817	calc	2498	0
16818	abstain_everyday	4517	0
16819	calc	10795	1
16820	calc	11078	0
16821	lookup	821	0
16822	lookup	6589	0
16823	lookup	1818	0
16824	lookup	4496	0
16825	calc	1522	0
16826	calc	2553	0
16827	calc	12864	0
16828	calc	395	0
16829	calc	3378	0
16830	calc	3432	1
16831	calc	14140	0
16832	abstain_everyday	4705	0
16833	lookup	6862	0
16834	calc	12412	1
16835	abstain_everyday	523	0
16836	calc	5768	0
16837	abstain_everyday	1303	0
16838	lookup	8857	0
16839	calc	3870	0
16840	calc	20922	0
16841	lookup	11606	0
16842	calc	12403	0
16843	calc	6369	0
16844	lookup	10304	0
16845	calc	17382	0
16846	lookup	5506	0
16847	lookup	1332	0
16848	abstain_everyday	2425	0
16849	calc	1663	0
16850	lookup	991	0
16851	calc	16830	0
16852	lookup	2799	0
16853	calc	10828	0
16854	calc	15001	0
16855	abstain_everyday	5855	0
16856	calc	11089	0
16857	calc	6239	0
16858	calc	18555	0
16859	calc	16092	0
16860	lookup	5033	0
16861	lookup	9755	0
16862	calc	9539	0
16863	calc	4448	0
16864	lookup	4590	0
16865	lookup	6277	0
16866	calc	18573	0
16867	lookup	738	0
16868	calc	7462	0
16869	abstain_everyday	4231	0
16870	calc	12164	0
16871	lookup	974	0
16872	lookup	7932	0
16873	lookup	9926	0
16874	calc	13333	0
16875	calc	3500	0
16876	lookup	6334	0
16877	calc	4887	0
16878	calc	10575	0
16879	calc	1595	0
16880	calc	10762	0
16881	lookup	1361	0
16882	calc	5390	0
16883	calc	15414	0
16884	calc	3886	0
16885	calc	6845	0
16886	calc	9637	0
16887	lookup	8551	0
16888	calc	16305	0
16889	calc	9292	0
16890	calc	12861	0
16891	abstain_everyday	5895	0
16892	calc	3906	0
16893	calc	2891	0
16894	calc	17493	0
16895	calc	17110	0
16896	calc	19854	0
16897	calc	17670	0
16898	calc	13554	0
16899	lookup	11893	0
16900	abstain_everyday	500	0
16901	lookup	5381	0
16902	calc	12635	0
16903	abstain_everyday	2895	0
16904	calc	20857	0
16905	lookup	12428	0
16906	lookup	10789	0
16907	calc	10510	0
16908	calc	18176	0
16909	calc	10374	0
16910	lookup	12228	0
16911	calc	6143	0
16912	calc	17761	0
16913	calc	6912	0
16914	calc	13449	1
16915	calc	5216	0
16916	lookup	12824	0
16917	lookup	9176	0
16918	calc	18497	0
16919	abstain_everyday	4967	0
16920	calc	19497	0
16921	lookup	2401	0
16922	calc	11128	0
16923	calc	10038	0
16924	lookup	4592	0
16925	calc	10729	0
16926	calc	20862	0
16927	calc	8456	0
16928	lookup	3946	0
16929	calc	220	0
16930	calc	21054	0
16931	calc	1030	0
16932	lookup	1671	0
16933	calc	11972	0
16934	lookup	9918	0
16935	calc	6952	0
16936	calc	1720	0
16937	calc	6234	0
16938	lookup	1490	0
16939	calc	11349	0
16940	calc	16389	1
16941	calc	4153	0
16942	calc	16668	0
16943	abstain_everyday	5071	0
16944	abstain_everyday	3681	0
16945	abstain_everyday	1691	0
16946	abstain_everyday	4048	0
16947	calc	17708	0
16948	lookup	1504	0
16949	calc	5451	1
16950	calc	6345	0
16951	calc	3383	0
16952	calc	19881	0
16953	lookup	8139	0
16954	abstain_everyday	1702	0
16955	lookup	6312	0
16956	lookup	687	0
16957	lookup	12024	0
16958	lookup	4335	0
16959	abstain_everyday	981	0
16960	calc	15554	0
16961	calc	9679	0
16962	calc	368	0
16963	calc	3374	0
16964	calc	8283	0
16965	calc	12951	0
16966	lookup	4084	0
16967	calc	8774	0
16968	lookup	8790	0
16969	lookup	12254	0
16970	abstain_everyday	2785	0
16971	abstain_everyday	1821	0
16972	lookup	12459	0
16973	abstain_everyday	2191	0
16974	calc	6640	0
16975	calc	9714	0
16976	calc	6857	0
16977	lookup	7922	0
16978	calc	3881	0
16979	calc	6299	0
16980	calc	20673	0
16981	calc	5874	0
16982	calc	20856	0
16983	calc	19558	0
16984	lookup	6752	0
16985	abstain_everyday	4882	0
16986	calc	4237	0
16987	calc	13399	0
16988	lookup	1837	0
16989	calc	5210	0
16990	lookup	2834	0
16991	calc	886	0
16992	calc	13425	1
16993	lookup	5976	0
16994	calc	12930	0
16995	calc	9487	0
16996	calc	12123	0
16997	calc	11245	0
16998	calc	5722	0
16999	lookup	2629	0
17000	lookup	713	0
17001	lookup	2404	0
17002	lookup	2299	0
17003	calc	11631	0
17004	abstain_everyday	2686	0
17005	lookup	2317	0
17006	calc	15078	0
17007	calc	16962	0
17008	calc	15756	0
17009	calc	13795	0
17010	calc	5440	0
17011	calc	11747	0
17012	calc	21005	0
17013	calc	12038	0
17014	lookup	10439	0
17015	lookup	4385	0
17016	lookup	2038	0
17017	calc	3851	0
17018	calc	844	0
17019	lookup	99	0
17020	calc	17033	0
17021	calc	15991	0
17022	calc	6138	0
17023	calc	945	0
17024	lookup	7570	0
17025	calc	11138	0
17026	lookup	11561	0
17027	lookup	2859	0
17028	calc	3079	0
17029	calc	9242	0
17030	abstain_everyday	2945	0
17031	calc	15984	0
17032	calc	6966	0
17033	calc	917	0
17034	calc	4728	0
17035	calc	7777	0
17036	lookup	6578	0
17037	calc	17910	0
17038	calc	20575	0
17039	lookup	2190	0
17040	calc	13023	0
17041	calc	1025	0
17042	calc	6955	0
17043	lookup	8422	0
17044	calc	13048	0
17045	calc	2308	0
17046	calc	15202	0
17047	lookup	11918	0
17048	lookup	9876	0
17049	lookup	7621	0
17050	calc	20884	0
17051	abstain_everyday	1033	0
17052	lookup	8302	0
17053	calc	17065	0
17054	calc	2194	0
17055	lookup	10008	0
17056	calc	19404	0
17057	calc	1002	0
17058	abstain_everyday	661	0
17059	lookup	7157	0
17060	lookup	4120	0
17061	calc	4690	0
17062	abstain_everyday	5395	0
17063	lookup	11741	0
17064	calc	6037	0
17065	abstain_everyday	5549	0
17066	calc	14849	0
17067	lookup	11450	0
17068	lookup	8562	0
17069	calc	8084	0
17070	calc	19018	0
17071	lookup	7304	0
17072	calc	5940	0
17073	abstain_everyday	2498	0
17074	calc	2914	1
17075	calc	14462	0
17076	calc	16406	0
17077	lookup	9611	0
17078	lookup	2516	0
17079	calc	5992	0
17080	calc	14668	0
17081	abstain_everyday	3400	0
17082	calc	3	0
17083	abstain_everyday	1845	0
17084	calc	17760	0
17085	lookup	12572	0
17086	lookup	8636	0
17087	calc	15287	0
17088	lookup	2899	0
17089	calc	7402	0
17090	calc	7967	0
17091	calc	12420	1
17092	calc	994	0
17093	lookup	2868	0
17094	lookup	9326	0
17095	calc	14665	0
17096	calc	17481	0
17097	calc	16043	0
17098	lookup	4406	0
17099	calc	20322	0
17100	calc	17136	0
17101	calc	18438	1
17102	abstain_everyday	4980	0
17103	abstain_everyday	4268	0
17104	calc	12269	0
17105	lookup	2585	0
17106	calc	17662	0
17107	abstain_everyday	5229	0
17108	calc	7253	0
17109	calc	7053	1
17110	lookup	9593	0
17111	calc	18422	0
17112	calc	16328	0
17113	calc	2663	0
17114	calc	16062	0
17115	lookup	1957	0
17116	lookup	4340	0
17117	calc	12304	0
17118	lookup	7378	0
17119	abstain_everyday	4818	0
17120	lookup	10804	0
17121	lookup	7530	0
17122	calc	2086	0
17123	abstain_everyday	1184	0
17124	calc	12725	0
17125	calc	17180	0
17126	calc	11758	0
17127	calc	20185	0
17128	lookup	9216	0
17129	calc	18001	0
17130	calc	17251	0
17131	calc	4226	0
17132	lookup	1516	0
17133	abstain_everyday	3675	0
17134	abstain_everyday	1318	0
17135	lookup	391	0
17136	abstain_everyday	1968	0
17137	calc	19174	1
17138	lookup	9851	0
17139	calc	3017	0
17140	lookup	4776	0
17141	calc	12915	0
17142	lookup	7087	0
17143	calc	1818	0
17144	abstain_everyday	3857	0
17145	calc	14127	0
17146	lookup	11630	0
17147	calc	19719	0
17148	calc	3907	0
17149	calc	18159	0
17150	lookup	649	0
17151	calc	2614	0
17152	lookup	4014	0
17153	lookup	11916	0
17154	lookup	5682	0
17155	calc	20582	0
17156	calc	3429	0
17157	calc	9380	0
17158	calc	10147	0
17159	calc	20537	0
17160	calc	11722	0
17161	calc	19326	0
17162	calc	11626	0
17163	abstain_everyday	821	0
17164	abstain_everyday	4161	0
17165	lookup	8439	0
17166	calc	4939	0
17167	calc	15983	0
17168	calc	18635	0
17169	abstain_everyday	4800	0
17170	lookup	3708	0
17171	lookup	11422	0
17172	lookup	1260	0
17173	calc	20706	0
17174	calc	3642	0
17175	lookup	2102	0
17176	lookup	3560	0
17177	calc	7375	0
17178	abstain_everyday	3369	0
17179	lookup	8840	0
17180	calc	14433	0
17181	calc	2469	1
17182	calc	2390	0
17183	abstain_everyday	942	0
17184	calc	1957	1
17185	lookup	4562	0
17186	calc	9995	0
17187	calc	16890	0
17188	calc	6871	0
17189	calc	10951	0
17190	lookup	1960	0
17191	lookup	3281	0
17192	calc	5129	0
17193	calc	7656	0
17194	calc	9577	0
17195	lookup	746	0
17196	lookup	10495	0
17197	calc	6735	0
17198	calc	13025	0
17199	calc	14364	0
17200	lookup	12171	0
17201	calc	3880	0
17202	calc	2341	0
17203	calc	17837	1
17204	lookup	7302	0
17205	abstain_everyday	96	0
17206	calc	5024	0
17207	calc	13141	1
17208	lookup	3263	0
17209	lookup	11395	0
17210	lookup	7268	0
17211	calc	15489	0
17212	lookup	12247	0
17213	calc	4496	0
17214	lookup	10203	0
17215	lookup	8834	0
17216	lookup	9656	0
17217	calc	3202	0
17218	calc	8768	0
17219	abstain_everyday	3458	0
17220	lookup	6385	0
17221	lookup	6735	0
17222	lookup	488	0
17223	calc	12687	0
17224	calc	10306	0
17225	abstain_everyday	656	0
17226	calc	6612	0
17227	lookup	5203	0
17228	calc	19243	0
17229	calc	5362	0
17230	lookup	703	0
17231	calc	11333	0
17232	calc	20881	0
17233	calc	13938	0
17234	abstain_everyday	3371	0
17235	abstain_everyday	1460	0
17236	calc	18914	0
17237	lookup	11613	0
17238	calc	19401	1
17239	abstain_everyday	5598	0
17240	calc	4947	0
17241	calc	20173	0
17242	abstain_everyday	29	0
17243	calc	8104	0
17244	lookup	6834	0
17245	calc	9977	0
17246	lookup	4003	0
17247	calc	5773	0
17248	abstain_everyday	5811	0
17249	lookup	3034	0
17250	abstain_everyday	2767	0
17251	calc	18276	0
17252	calc	14674	0
17253	calc	19690	0
17254	lookup	1025	0
17255	lookup	6565	0
17256	abstain_everyday	1478	0
17257	abstain_everyday	5353	0
17258	calc	67	0
17259	abstain_everyday	3078	0
17260	lookup	3187	0
17261	abstain_everyday	3855	0
17262	calc	14260	0
17263	lookup	8392	0
17264	calc	2823	0
17265	calc	418	0
17266	calc	8749	0
17267	calc	11117	0
17268	calc	10028	0
17269	calc	18791	0
17270	abstain_everyday	2759	0
17271	calc	8449	0
17272	calc	3722	0
17273	lookup	5788	0
17274	calc	19547	0
17275	abstain_everyday	2876	0
17276	calc	2436	0
17277	calc	14673	0
17278	lookup	1836	0
17279	abstain_everyday	706	0
17280	calc	17748	0
17281	lookup	12616	0
17282	lookup	11032	0
17283	lookup	6151	0
17284	calc	686	0
17285	calc	19071	0
17286	abstain_everyday	4105	0
17287	calc	2299	0
17288	abstain_everyday	4819	0
17289	lookup	7548	0
17290	calc	11790	0
17291	lookup	6404	0
17292	abstain_everyday	2406	0
17293	calc	8997	0
17294	calc	19713	0
17295	calc	8332	0
17296	calc	20609	0
17297	calc	1567	0
17298	abstain_everyday	4519	0
17299	lookup	27	0
17300	lookup	11122	0
17301	calc	15024	0
17302	calc	8013	0
17303	calc	20716	0
17304	lookup	4685	0
17305	abstain_everyday	3835	0
17306	lookup	2865	0
17307	lookup	7527	0
17308	calc	1349	0
17309	calc	4249	0
17310	lookup	3690	0
17311	abstain_everyday	4305	0
17312	lookup	7061	0
17313	lookup	11257	0
17314	abstain_everyday	3526	0
17315	calc	9272	0
17316	calc	19898	0
17317	abstain_everyday	4471	0
17318	lookup	12079	0
17319	calc	8647	0
17320	calc	19171	0
17321	lookup	8453	0
17322	calc	11674	0
17323	abstain_everyday	4905	0
17324	calc	16293	0
17325	lookup	5440	0
17326	calc	11104	0
17327	calc	12937	0
17328	lookup	4534	0
17329	lookup	7831	0
17330	abstain_everyday	1952	0
17331	calc	20053	0
17332	abstain_everyday	5456	0
17333	lookup	6329	0
17334	abstain_everyday	5840	0
17335	abstain_everyday	5880	0
17336	calc	12798	0
17337	lookup	10588	0
17338	lookup	750	0
17339	calc	13488	0
17340	calc	13962	0
17341	lookup	1689	0
17342	abstain_everyday	2089	0
17343	abstain_everyday	129	0
17344	calc	16863	0
17345	lookup	8188	0
17346	calc	2372	0
17347	lookup	1460	0
17348	lookup	1564	0
17349	lookup	11759	0
17350	lookup	11838	0
17351	calc	1277	0
17352	calc	19863	0
17353	calc	3212	0
17354	abstain_everyday	1747	0
17355	calc	15067	0
17356	calc	11712	0
17357	lookup	6902	0
17358	calc	13791	0
17359	lookup	8679	0
17360	calc	7919	0
17361	calc	11030	0
17362	abstain_everyday	2947	0
17363	calc	17590	0
17364	abstain_everyday	1206	0
17365	abstain_everyday	5001	0
17366	abstain_everyday	3848	0
17367	calc	4308	0
17368	calc	11163	0
17369	calc	2863	0
17370	abstain_everyday	5145	0
17371	calc	9860	0
17372	calc	16776	0
17373	calc	7475	0
17374	abstain_everyday	1552	0
17375	lookup	8819	0
17376	calc	13160	0
17377	lookup	4111	0
17378	abstain_everyday	3757	0
17379	calc	5862	1
17380	calc	20257	0
17381	calc	1125	0
17382	calc	14602	0
17383	abstain_everyday	1534	0
17384	calc	7992	0
17385	calc	18495	0
17386	lookup	1677	0
17387	lookup	8063	0
17388	calc	15855	0
17389	lookup	10038	0
17390	lookup	5533	0
17391	calc	7570	0
17392	calc	20666	0
17393	lookup	9869	0
17394	abstain_everyday	943	0
17395	calc	6737	1
17396	lookup	1718	0
17397	lookup	11253	0
17398	calc	19138	0
17399	abstain_everyday	4569	0
17400	lookup	1293	0
17401	calc	17324	0
17402	calc	20489	0
17403	calc	2337	0
17404	lookup	9145	0
17405	calc	6312	0
17406	calc	3424	0
17407	abstain_everyday	4848	0
17408	calc	13976	0
17409	abstain_everyday	5099	0
17410	lookup	10099	0
17411	calc	19913	0
17412	calc	19211	0
17413	calc	7748	0
17414	calc	19641	0
17415	calc	11589	0
17416	lookup	7154	0
17417	calc	14580	0
17418	calc	5957	0
17419	calc	17978	0
17420	calc	16452	0
17421	lookup	705	0
17422	lookup	10031	0
17423	calc	16275	0
17424	calc	4096	0
17425	lookup	4173	0
17426	calc	14599	1
17427	calc	20925	0
17428	lookup	6899	0
17429	lookup	11656	0
17430	calc	8143	0
17431	abstain_everyday	4849	0
17432	calc	6011	0
17433	lookup	11270	0
17434	calc	18722	0
17435	calc	14889	0
17436	calc	20357	0
17437	calc	13385	0
17438	calc	11669	0
17439	calc	1634	0
17440	lookup	10142	0
17441	lookup	11787	0
17442	abstain_everyday	5379	0
17443	lookup	8664	0
17444	calc	534	0
17445	lookup	8141	0
17446	abstain_everyday	1207	0
17447	abstain_everyday	1925	0
17448	lookup	4460	0
17449	calc	20045	0
17450	calc	2824	0
17451	calc	18953	0
17452	calc	4857	0
17453	calc	10782	0
17454	lookup	10513	0
17455	lookup	10521	0
17456	calc	17355	0
17457	abstain_everyday	2229	0
17458	abstain_everyday	4775	0
17459	abstain_everyday	3914	0
17460	abstain_everyday	5854	0
17461	calc	13157	0
17462	lookup	5959	0
17463	lookup	2076	0
17464	calc	16641	0
17465	calc	18770	0
17466	abstain_everyday	2868	0
17467	lookup	11834	0
17468	lookup	6025	0
17469	calc	4647	0
17470	lookup	7534	0
17471	calc	6344	0
17472	abstain_everyday	218	0
17473	calc	12619	0
17474	abstain_everyday	5502	0
17475	calc	9384	1
17476	lookup	4531	0
17477	calc	5415	0
17478	calc	10103	0
17479	calc	14017	0
17480	calc	20071	0
17481	calc	9197	0
17482	lookup	5022	0
17483	calc	7464	0
17484	calc	11170	0
17485	calc	18709	0
17486	abstain_everyday	5786	0
17487	calc	18906	0
17488	abstain_everyday	3130	0
17489	calc	10061	0
17490	calc	14914	0
17491	lookup	90	0
17492	calc	8319	0
17493	calc	15415	0
17494	calc	9337	0
17495	lookup	3134	0
17496	calc	2901	0
17497	calc	16758	0
17498	calc	2103	0
17499	calc	7121	0
17500	calc	19794	0
17501	calc	18071	0
17502	lookup	8573	0
17503	calc	17049	0
17504	abstain_everyday	4269	0
17505	lookup	7761	0
17506	calc	8752	0
17507	calc	3621	0
17508	lookup	7949	0
17509	abstain_everyday	2884	0
17510	lookup	2841	0
17511	lookup	7543	0
17512	calc	2384	0
17513	calc	10959	0
17514	lookup	5029	0
17515	calc	20070	0
17516	abstain_everyday	4118	0
17517	lookup	6603	0
17518	calc	3769	0
17519	lookup	7866	0
17520	calc	5918	0
17521	calc	1790	0
17522	lookup	741	0
17523	calc	5336	0
17524	calc	5488	0
17525	calc	4329	0
17526	calc	483	0
17527	calc	19215	1
17528	calc	18980	0
17529	lookup	7584	0
17530	calc	17387	0
17531	lookup	12070	0
17532	calc	14184	1
17533	lookup	3948	0
17534	abstain_everyday	5080	0
17535	lookup	2622	0
17536	abstain_everyday	691	0
17537	calc	11823	0
17538	calc	1494	0
17539	abstain_everyday	2257	0
17540	lookup	8822	0
17541	lookup	763	0
17542	lookup	2239	0
17543	calc	11437	0
17544	calc	1483	0
17545	lookup	3921	0
17546	calc	7965	0
17547	lookup	5781	0
17548	lookup	2219	0
17549	calc	6158	0
17550	lookup	5422	0
17551	calc	13797	0
17552	calc	10136	0
17553	calc	3453	0
17554	calc	6827	1
17555	calc	5541	0
17556	calc	13151	0
17557	calc	7398	0
17558	calc	14252	0
17559	lookup	11477	0
17560	lookup	4740	0
17561	abstain_everyday	1085	0
17562	abstain_everyday	1017	0
17563	calc	14546	0
17564	calc	8807	0
17565	calc	15385	0
17566	abstain_everyday	2927	0
17567	lookup	7708	0
17568	lookup	11987	0
17569	calc	1815	0
17570	calc	16532	0
17571	calc	10118	0
17572	lookup	3572	0
17573	lookup	5679	0
17574	lookup	3344	0
17575	calc	13114	0
17576	calc	4298	0
17577	calc	19573	0
17578	lookup	8686	0
17579	calc	10382	0
17580	calc	8808	0
17581	calc	14979	0
17582	calc	4881	0
17583	lookup	5522	0
17584	abstain_everyday	3744	0
17585	lookup	668	0
17586	calc	18742	0
17587	lookup	6555	0
17588	calc	20776	0
17589	calc	1439	0
17590	calc	20677	0
17591	calc	20465	0
17592	calc	16541	0
17593	abstain_everyday	3168	0
17594	lookup	2390	0
17595	calc	10097	0
17596	calc	2141	0
17597	lookup	9797	0
17598	calc	16228	0
17599	calc	7612	0
17600	lookup	6701	0
17601	calc	17218	0
17602	lookup	1914	0
17603	abstain_everyday	4293	0
17604	abstain_everyday	3577	0
17605	calc	14860	0
17606	lookup	2790	0
17607	abstain_everyday	2116	0
17608	lookup	5136	0
17609	calc	953	0
17610	lookup	2145	0
17611	calc	15032	0
17612	calc	20109	0
17613	calc	19590	0
17614	calc	14890	0
17615	lookup	4279	0
17616	calc	10883	0
17617	calc	12900	0
17618	calc	4365	0
17619	lookup	3524	0
17620	abstain_everyday	2909	0
17621	calc	6681	0
17622	abstain_everyday	3605	0
17623	calc	16661	0
17624	lookup	10156	0
17625	lookup	9459	0
17626	lookup	11148	0
17627	abstain_everyday	2293	0
17628	lookup	10745	0
17629	abstain_everyday	3812	0
17630	calc	1069	0
17631	lookup	1115	0
17632	lookup	11092	0
17633	calc	1120	0
17634	calc	4391	0
17635	lookup	9550	0
17636	lookup	1245	0
17637	calc	6067	0
17638	lookup	10291	0
17639	calc	2890	0
17640	calc	17690	0
17641	lookup	7167	0
17642	lookup	9090	0
17643	calc	2979	0
17644	lookup	798	0
17645	lookup	10750	0
17646	lookup	4471	0
17647	lookup	12493	0
17648	calc	17593	0
17649	calc	10615	0
17650	calc	19260	0
17651	abstain_everyday	5763	0
17652	lookup	4717	0
17653	calc	14424	0
17654	lookup	6358	0
17655	calc	18043	0
17656	calc	10193	0
17657	lookup	10832	0
17658	abstain_everyday	977	0
17659	lookup	2300	0
17660	abstain_everyday	1870	0
17661	calc	6516	0
17662	calc	8672	1
17663	lookup	11608	0
17664	calc	5454	0
17665	calc	20803	0
17666	calc	14655	0
17667	calc	2209	0
17668	calc	342	0
17669	calc	9166	0
17670	calc	781	0
17671	calc	12458	0
17672	abstain_everyday	4193	0
17673	calc	12530	0
17674	calc	8164	0
17675	abstain_everyday	2934	0
17676	calc	14695	0
17677	lookup	12143	0
17678	lookup	2216	0
17679	lookup	8544	0
17680	calc	20652	0
17681	lookup	3413	0
17682	calc	20753	0
17683	calc	9102	1
17684	abstain_everyday	286	0
17685	calc	17621	0
17686	calc	555	0
17687	calc	10560	0
17688	lookup	7772	0
17689	lookup	7672	0
17690	lookup	5180	0
17691	lookup	9862	0
17692	lookup	4221	0
17693	calc	1114	0
17694	abstain_everyday	1392	0
17695	abstain_everyday	664	0
17696	calc	13691	0
17697	lookup	7868	0
17698	calc	12842	0
17699	calc	5726	0
17700	lookup	7459	0
17701	calc	10395	0
17702	lookup	7735	0
17703	calc	10242	0
17704	calc	9626	0
17705	calc	18201	0
17706	abstain_everyday	641	0
17707	abstain_everyday	1473	0
17708	calc	3737	0
17709	lookup	2637	0
17710	lookup	10845	0
17711	calc	7840	0
17712	lookup	7878	0
17713	calc	285	0
17714	lookup	11080	0
17715	calc	3468	0
17716	abstain_everyday	1743	0
17717	calc	3090	0
17718	lookup	3330	0
17719	lookup	8667	0
17720	abstain_everyday	4309	0
17721	lookup	6803	0
17722	calc	17806	0
17723	calc	7800	0
17724	lookup	2055	0
17725	lookup	2739	0
17726	abstain_everyday	2122	0
17727	calc	12457	0
17728	abstain_everyday	1903	0
17729	calc	1705	0
17730	calc	10634	0
17731	calc	8268	0
17732	lookup	919	0
17733	calc	11729	0
17734	calc	8407	0
17735	calc	8127	0
17736	abstain_everyday	1545	0
17737	calc	15273	0
17738	lookup	2512	0
17739	calc	1576	0
17740	calc	13549	1
17741	lookup	11677	0
17742	calc	241	0
17743	calc	13830	0
17744	calc	5767	0
17745	calc	3367	0
17746	lookup	2464	0
17747	abstain_everyday	1637	0
17748	calc	13760	0
17749	calc	20352	0
17750	lookup	10482	0
17751	lookup	6693	0
17752	calc	15711	0
17753	lookup	2837	0
17754	lookup	9462	0
17755	lookup	8881	0
17756	calc	15479	0
17757	lookup	10119	0
17758	calc	14093	0
17759	abstain_everyday	4809	0
17760	lookup	1944	0
17761	calc	13778	1
17762	lookup	9038	0
17763	calc	2880	0
17764	lookup	7602	0
17765	calc	14278	0
17766	lookup	454	0
17767	calc	9792	0
17768	lookup	3841	0
17769	abstain_everyday	2926	0
17770	calc	2588	0
17771	calc	12314	0
17772	lookup	2644	0
17773	calc	4039	0
17774	lookup	9494	0
17775	calc	10102	0
17776	abstain_everyday	5804	0
17777	calc	7972	0
17778	lookup	677	0
17779	calc	9179	0
17780	calc	2508	0
17781	lookup	4607	0
17782	calc	14996	0
17783	abstain_everyday	5553	0
17784	abstain_everyday	937	0
17785	calc	19522	0
17786	abstain_everyday	315	0
17787	calc	19649	0
17788	lookup	10520	0
17789	calc	18265	1
17790	calc	20307	0
17791	calc	1781	0
17792	lookup	3183	0
17793	lookup	6894	0
17794	calc	12292	0
17795	lookup	12413	0
17796	lookup	11535	0
17797	calc	497	0
17798	lookup	305	0
17799	calc	11470	0
17800	calc	16117	0
17801	lookup	5836	0
17802	calc	13995	0
17803	lookup	1803	0
17804	calc	8687	0
17805	calc	13288	0
17806	calc	18419	0
17807	calc	1162	0
17808	abstain_everyday	2510	0
17809	calc	15745	0
17810	calc	17637	0
17811	calc	10322	1
17812	lookup	1634	0
17813	lookup	9408	0
17814	calc	10925	0
17815	calc	7508	0
17816	calc	11424	0
17817	calc	18684	0
17818	calc	19619	0
17819	lookup	604	0
17820	calc	17929	0
17821	lookup	7241	0
17822	calc	16889	0
17823	calc	5568	0
17824	calc	15409	0
17825	calc	6601	0
17826	calc	1213	0
17827	calc	1774	0
17828	lookup	5633	0
17829	calc	9433	0
17830	abstain_everyday	1988	0
17831	calc	18907	0
17832	abstain_everyday	482	0
17833	calc	1136	0
17834	calc	9288	0
17835	abstain_everyday	2685	0
17836	lookup	11243	0
17837	calc	6926	0
17838	calc	16097	0
17839	abstain_everyday	3240	0
17840	lookup	11997	0
17841	lookup	6242	0
17842	abstain_everyday	571	0
17843	calc	11755	0
17844	calc	7975	0
17845	calc	1329	0
17846	calc	3716	0
17847	lookup	9833	0
17848	calc	11529	0
17849	lookup	9871	0
17850	calc	20469	0
17851	calc	13934	0
17852	calc	7447	0
17853	lookup	9546	0
17854	abstain_everyday	1484	0
17855	calc	9164	0
17856	calc	12383	0
17857	calc	14896	0
17858	calc	9889	0
17859	calc	10640	0
17860	calc	7280	0
17861	abstain_everyday	4544	0
17862	calc	10355	0
17863	calc	9800	0
17864	calc	5271	0
17865	calc	8584	0
17866	calc	16224	0
17867	lookup	11552	0
17868	lookup	5646	0
17869	calc	20384	0
17870	calc	9375	0
17871	lookup	12196	0
17872	calc	10021	0
17873	lookup	9889	0
17874	calc	12719	0
17875	calc	3557	0
17876	calc	6059	0
17877	abstain_everyday	2694	0
17878	calc	3418	1
17879	lookup	8693	0
17880	calc	6052	0
17881	calc	13994	0
17882	calc	3223	0
17883	abstain_everyday	4322	0
17884	calc	15867	0
17885	calc	2167	0
17886	abstain_everyday	518	0
17887	lookup	8161	0
17888	abstain_everyday	5708	0
17889	calc	77	0
17890	calc	6641	0
17891	abstain_everyday	1194	0
17892	calc	17942	0
17893	abstain_everyday	793	0
17894	calc	9252	0
17895	lookup	12298	0
17896	lookup	963	0
17897	lookup	9517	0
17898	lookup	8299	0
17899	abstain_everyday	5601	0
17900	lookup	10165	0
17901	lookup	7964	0
17902	lookup	6642	0
17903	calc	7417	0
17904	lookup	416	0
17905	calc	273	0
17906	abstain_everyday	329	0
17907	calc	20978	0
17908	lookup	7387	0
17909	calc	8242	0
17910	calc	15095	0
17911	lookup	7449	0
17912	calc	15572	1
17913	lookup	2708	0
17914	abstain_everyday	5243	0
17915	abstain_everyday	3512	0
17916	lookup	9749	0
17917	calc	11224	0
17918	calc	5578	0
17919	lookup	1740	0
17920	lookup	3324	0
17921	calc	20399	0
17922	lookup	9839	0
17923	calc	19491	0
17924	lookup	10481	0
17925	calc	19589	0
17926	lookup	509	0
17927	calc	12787	0
17928	lookup	4658	0
17929	calc	17228	0
17930	calc	5691	0
17931	calc	12639	0
17932	calc	12515	0
17933	lookup	2654	0
17934	lookup	3829	0
17935	lookup	2001	0
17936	lookup	5934	0
17937	abstain_everyday	3921	0
17938	calc	13870	0
17939	lookup	12329	0
17940	calc	17939	0
17941	abstain_everyday	1786	0
17942	calc	20100	0
17943	calc	3701	0
17944	lookup	5623	0
17945	calc	2274	1
17946	lookup	3290	0
17947	abstain_everyday	2414	0
17948	lookup	6749	0
17949	calc	7045	0
17950	calc	16761	0
17951	abstain_everyday	1022	0
17952	calc	19228	0
17953	calc	11544	0
17954	calc	1179	0
17955	calc	17920	0
17956	calc	1083	1
17957	calc	10497	0
17958	calc	12172	0
17959	calc	3728	0
17960	lookup	9053	0
17961	calc	3765	0
17962	lookup	10602	0
17963	lookup	2563	0
17964	abstain_everyday	5247	0
17965	lookup	7421	0
17966	calc	10343	0
17967	lookup	6305	0
17968	calc	11140	0
17969	calc	13920	0
17970	abstain_everyday	3690	0
17971	calc	20104	0
17972	calc	5511	0
17973	lookup	3419	0
17974	calc	11275	0
17975	calc	12365	0
17976	lookup	11196	0
17977	lookup	7967	0
17978	calc	8890	0
17979	lookup	8917	0
17980	lookup	5045	0
17981	lookup	2020	0
17982	lookup	9343	0
17983	calc	5174	0
17984	calc	20631	0
17985	calc	8820	0
17986	abstain_everyday	3821	0
17987	calc	20950	0
17988	lookup	8668	0
17989	calc	3536	0
17990	lookup	4089	0
17991	abstain_everyday	1982	0
17992	lookup	12785	0
17993	lookup	6580	0
17994	calc	18246	0
17995	lookup	9009	0
17996	abstain_everyday	4188	0
17997	calc	10912	0
17998	lookup	9745	0
17999	calc	2259	0
18000	abstain_everyday	3630	0
18001	calc	11301	0
18002	calc	13307	0
18003	calc	2288	0
18004	lookup	11272	0
18005	lookup	6661	0
18006	lookup	2574	0
18007	lookup	265	0
18008	abstain_everyday	1253	0
18009	abstain_everyday	537	0
18010	lookup	5140	0
18011	calc	4962	0
18012	abstain_everyday	908	0
18013	calc	7029	0
18014	calc	19239	0
18015	abstain_everyday	1457	0
18016	lookup	743	0
18017	calc	7394	0
18018	lookup	4628	0
18019	calc	8951	0
18020	lookup	12098	0
18021	lookup	9287	0
18022	calc	20515	0
18023	lookup	2081	0
18024	abstain_everyday	5730	0
18025	calc	3361	0
18026	abstain_everyday	16	0
18027	abstain_everyday	1278	0
18028	calc	11252	0
18029	calc	2473	0
18030	calc	1264	0
18031	lookup	3432	0
18032	calc	4514	0
18033	abstain_everyday	3974	0
18034	abstain_everyday	4611	0
18035	calc	1366	0
18036	abstain_everyday	3051	0
18037	calc	575	0
18038	lookup	10228	0
18039	abstain_everyday	1482	0
18040	lookup	7746	0
18041	lookup	12178	0
18042	calc	12099	0
18043	calc	10137	0
18044	abstain_everyday	1650	0
18045	calc	16622	0
18046	lookup	12297	0
18047	calc	20611	0
18048	lookup	4495	0
18049	calc	4140	0
18050	lookup	11710	0
18051	calc	7916	0
18052	calc	5371	0
18053	lookup	9688	0
18054	calc	12160	0
18055	lookup	89	0
18056	calc	18067	0
18057	abstain_everyday	5144	0
18058	calc	1703	0
18059	calc	7169	0
18060	calc	5832	0
18061	lookup	1556	0
18062	lookup	9976	0
18063	lookup	11155	0
18064	lookup	10333	0
18065	calc	3995	0
18066	lookup	5505	0
18067	calc	14440	0
18068	abstain_everyday	2667	0
18069	calc	16360	0
18070	lookup	5631	0
18071	abstain_everyday	5373	0
18072	calc	20896	0
18073	lookup	8381	0
18074	lookup	8173	0
18075	calc	11395	1
18076	abstain_everyday	800	0
18077	lookup	4187	0
18078	calc	10091	0
18079	calc	2861	0
18080	lookup	8760	0
18081	calc	12061	0
18082	lookup	11953	0
18083	calc	7592	1
18084	calc	1313	0
18085	lookup	6510	0
18086	lookup	8563	0
18087	calc	4452	0
18088	abstain_everyday	4720	0
18089	lookup	5364	0
18090	lookup	3839	0
18091	abstain_everyday	421	0
18092	lookup	3166	0
18093	abstain_everyday	2830	0
18094	abstain_everyday	4306	0
18095	lookup	4735	0
18096	calc	16784	0
18097	lookup	2396	0
18098	calc	14981	0
18099	lookup	351	0
18100	calc	18195	0
18101	lookup	11213	0
18102	abstain_everyday	3659	0
18103	calc	13248	0
18104	calc	5863	0
18105	abstain_everyday	4523	0
18106	lookup	12364	0
18107	abstain_everyday	1787	0
18108	calc	17398	0
18109	calc	10173	0
18110	abstain_everyday	1703	0
18111	calc	19932	0
18112	lookup	9187	0
18113	lookup	7162	0
18114	calc	19281	0
18115	lookup	2318	0
18116	calc	3692	0
18117	calc	17731	0
18118	calc	5036	0
18119	calc	14360	0
18120	lookup	2360	0
18121	abstain_everyday	5467	0
18122	abstain_everyday	846	0
18123	calc	13756	0
18124	calc	1131	0
18125	abstain_everyday	1652	0
18126	calc	15362	0
18127	calc	7933	0
18128	calc	8948	0
18129	calc	13311	0
18130	lookup	6172	0
18131	calc	10315	0
18132	lookup	10874	0
18133	calc	264	0
18134	lookup	12417	0
18135	calc	90	0
18136	calc	2401	0
18137	lookup	2184	0
18138	calc	6778	0
18139	lookup	2163	0
18140	calc	874	0
18141	lookup	3860	0
18142	calc	11971	0
18143	calc	18330	0
18144	calc	20470	0
18145	lookup	2229	0
18146	calc	10516	0
18147	lookup	11818	0
18148	calc	12820	0
18149	calc	19358	0
18150	calc	12116	0
18151	lookup	8596	0
18152	calc	3779	0
18153	abstain_everyday	3786	0
18154	lookup	902	0
18155	calc	9501	0
18156	calc	2685	1
18157	calc	7311	0
18158	calc	408	0
18159	lookup	12268	0
18160	abstain_everyday	1280	0
18161	calc	12447	0
18162	lookup	11249	0
18163	calc	19655	0
18164	lookup	10289	0
18165	abstain_everyday	3460	0
18166	calc	20259	0
18167	lookup	7434	0
18168	abstain_everyday	4884	0
18169	calc	7809	0
18170	calc	15860	0
18171	calc	17112	0
18172	lookup	5009	0
18173	calc	3836	0
18174	calc	15668	0
18175	calc	604	0
18176	calc	7415	0
18177	calc	20428	0
18178	lookup	1135	0
18179	abstain_everyday	1451	0
18180	lookup	4236	0
18181	calc	12797	0
18182	lookup	3675	0
18183	lookup	6272	0
18184	calc	11687	0
18185	calc	7248	0
18186	abstain_everyday	2866	0
18187	lookup	5094	0
18188	lookup	2900	0
18189	calc	15211	0
18190	abstain_everyday	4462	0
18191	calc	12968	0
18192	calc	3782	0
18193	lookup	2073	0
18194	calc	14833	0
18195	calc	13217	0
18196	abstain_everyday	242	0
18197	lookup	148	0
18198	calc	12991	0
18199	abstain_everyday	4393	0
18200	calc	3311	0
18201	calc	4414	0
18202	calc	14165	0
18203	calc	10233	0
18204	lookup	3217	0
18205	calc	13950	0
18206	calc	1874	0
18207	calc	12604	0
18208	calc	13242	0
18209	abstain_everyday	3935	0
18210	calc	20904	0
18211	calc	10968	0
18212	calc	2316	0
18213	lookup	6004	0
18214	lookup	10697	0
18215	calc	5909	0
18216	calc	3891	0
18217	lookup	6733	0
18218	calc	19099	0
18219	calc	7241	0
18220	lookup	12091	0
18221	lookup	7490	0
18222	lookup	4597	0
18223	calc	17705	0
18224	calc	4709	1
18225	lookup	1319	0
18226	calc	19692	0
18227	abstain_everyday	5747	0
18228	abstain_everyday	3482	0
18229	lookup	9475	0
18230	abstain_everyday	387	0
18231	lookup	7237	0
18232	calc	10018	0
18233	calc	18342	0
18234	lookup	11008	0
18235	calc	11068	0
18236	abstain_everyday	4405	0
18237	calc	4966	0
18238	lookup	4884	0
18239	abstain_everyday	2168	0
18240	calc	19374	0
18241	lookup	7414	0
18242	lookup	2773	0
18243	lookup	7272	0
18244	calc	4590	0
18245	calc	11342	0
18246	lookup	8536	0
18247	abstain_everyday	3693	0
18248	calc	19952	0
18249	calc	5280	0
18250	lookup	3981	0
18251	lookup	2389	0
18252	calc	84	0
18253	calc	20696	0
18254	calc	10505	0
18255	calc	275	0
18256	abstain_everyday	97	0
18257	calc	9920	1
18258	lookup	6215	0
18259	lookup	9723	0
18260	abstain_everyday	5351	0
18261	lookup	7295	0
18262	calc	2879	0
18263	lookup	8433	0
18264	calc	8327	0
18265	abstain_everyday	3345	0
18266	calc	4597	0
18267	lookup	6802	0
18268	lookup	7582	0
18269	calc	13279	0
18270	calc	15253	0
18271	abstain_everyday	499	0
18272	calc	20693	0
18273	lookup	9232	0
18274	abstain_everyday	1980	0
18275	calc	19335	0
18276	calc	3117	1
18277	lookup	11679	0
18278	calc	14211	0
18279	lookup	5518	0
18280	lookup	9080	0
18281	calc	10492	0
18282	calc	19231	0
18283	lookup	10100	0
18284	lookup	4987	0
18285	calc	18510	0
18286	calc	4359	0
18287	lookup	6648	0
18288	calc	2532	0
18289	lookup	6816	0
18290	abstain_everyday	826	0
18291	lookup	1558	0
18292	lookup	7221	0
18293	lookup	11025	0
18294	lookup	3802	0
18295	abstain_everyday	958	0
18296	calc	7279	0
18297	calc	18612	0
18298	abstain_everyday	5181	0
18299	calc	12358	0
18300	calc	4634	0
18301	calc	17868	0
18302	calc	8983	0
18303	calc	16937	0
18304	abstain_everyday	3626	0
18305	calc	46	0
18306	calc	12326	0
18307	calc	14899	0
18308	calc	16975	0
18309	abstain_everyday	5527	0
18310	abstain_everyday	613	0
18311	lookup	6353	0
18312	calc	18498	0
18313	lookup	8521	0
18314	calc	12981	0
18315	lookup	5581	0
18316	calc	18416	0
18317	calc	16649	0
18318	calc	18072	0
18319	calc	6764	0
18320	lookup	5320	0
18321	calc	11978	0
18322	calc	9525	0
18323	lookup	1164	0
18324	lookup	4581	0
18325	calc	11576	0
18326	calc	2699	0
18327	abstain_everyday	1672	0
18328	calc	5596	0
18329	abstain_everyday	1642	0
18330	calc	16506	0
18331	lookup	9708	0
18332	abstain_everyday	1049	0
18333	calc	1476	0
18334	calc	9132	0
18335	calc	2560	0
18336	calc	6765	0
18337	lookup	7758	0
18338	calc	187	0
18339	abstain_everyday	3204	0
18340	lookup	11276	0
18341	lookup	2824	0
18342	calc	16286	0
18343	calc	1678	0
18344	calc	18452	0
18345	abstain_everyday	1387	0
18346	calc	11556	0
18347	abstain_everyday	3239	0
18348	calc	4084	0
18349	calc	11289	0
18350	calc	7095	0
18351	calc	8289	0
18352	calc	19773	0
18353	lookup	511	0
18354	abstain_everyday	3104	0
18355	calc	4758	0
18356	calc	2572	0
18357	lookup	3913	0
18358	lookup	8842	0
18359	lookup	4476	0
18360	calc	3719	0
18361	lookup	1511	0
18362	calc	16583	0
18363	lookup	10334	0
18364	lookup	2602	0
18365	abstain_everyday	4839	0
18366	lookup	868	0
18367	calc	19675	0
18368	calc	7338	0
18369	calc	7176	1
18370	calc	7828	0
18371	calc	2884	0
18372	calc	18916	0
18373	calc	4301	0
18374	lookup	7287	0
18375	calc	3033	0
18376	calc	9830	0
18377	calc	7478	0
18378	calc	1155	0
18379	lookup	10442	0
18380	calc	10989	0
18381	lookup	11675	0
18382	calc	9045	0
18383	calc	13510	0
18384	calc	13286	0
18385	abstain_everyday	5345	0
18386	calc	14879	0
18387	lookup	8055	0
18388	calc	17896	0
18389	calc	2650	0
18390	lookup	8100	0
18391	calc	7839	0
18392	lookup	2376	0
18393	lookup	42	0
18394	calc	20559	0
18395	calc	3047	0
18396	calc	4437	0
18397	calc	922	0
18398	calc	6363	0
18399	calc	3422	0
18400	calc	3280	0
18401	lookup	7379	0
18402	calc	17317	0
18403	lookup	199	0
18404	abstain_everyday	2603	0
18405	lookup	11235	0
18406	calc	20747	0
18407	abstain_everyday	1819	0
18408	calc	12346	0
18409	calc	13884	0
18410	lookup	5613	0
18411	lookup	6641	0
18412	lookup	3346	0
18413	calc	1432	0
18414	calc	5384	0
18415	lookup	2927	0
18416	calc	4847	0
18417	lookup	1916	0
18418	lookup	6943	0
18419	lookup	10454	0
18420	lookup	5028	0
18421	calc	8202	0
18422	abstain_everyday	3133	0
18423	abstain_everyday	4599	0
18424	lookup	7780	0
18425	abstain_everyday	651	0
18426	lookup	2636	0
18427	lookup	9378	0
18428	calc	9304	0
18429	calc	18679	0
18430	calc	17056	0
18431	calc	3281	0
18432	calc	12113	0
18433	calc	4712	0
18434	calc	14901	0
18435	calc	200	0
18436	abstain_everyday	2551	0
18437	calc	17442	0
18438	calc	4635	0
18439	abstain_everyday	5285	0
18440	abstain_everyday	934	0
18441	abstain_everyday	5739	0
18442	calc	5278	0
18443	abstain_everyday	3527	0
18444	lookup	3963	0
18445	lookup	10025	0
18446	lookup	8575	0
18447	lookup	4550	0
18448	calc	225	0
18449	lookup	1873	0
18450	lookup	7140	0
18451	lookup	6671	0
18452	lookup	12655	0
18453	calc	12270	0
18454	calc	3876	0
18455	lookup	1379	0
18456	calc	13368	0
18457	lookup	12072	0
18458	lookup	5080	0
18459	calc	3015	0
18460	calc	8000	0
18461	calc	11435	1
18462	lookup	10902	0
18463	calc	9828	0
18464	calc	2419	0
18465	calc	8039	0
18466	lookup	11602	0
18467	abstain_everyday	3067	0
18468	calc	17429	0
18469	calc	18074	0
18470	abstain_everyday	2350	0
18471	lookup	9503	0
18472	calc	19136	0
18473	lookup	11202	0
18474	lookup	8930	0
18475	calc	8070	0
18476	calc	2101	0
18477	calc	7112	0
18478	lookup	2567	0
18479	lookup	2192	0
18480	calc	6525	0
18481	abstain_everyday	4043	0
18482	abstain_everyday	3457	0
18483	abstain_everyday	221	0
18484	lookup	5237	0
18485	calc	2679	0
18486	lookup	11583	0
18487	lookup	8159	0
18488	calc	7427	1
18489	calc	17722	0
18490	calc	3246	0
18491	calc	20424	0
18492	calc	11567	0
18493	calc	18148	0
18494	lookup	4422	0
18495	calc	18858	0
18496	calc	1672	0
18497	lookup	4114	0
18498	lookup	10657	0
18499	abstain_everyday	5171	0
18500	lookup	7728	0
18501	lookup	811	0
18502	calc	10678	0
18503	abstain_everyday	3856	0
18504	calc	20911	0
18505	abstain_everyday	5729	0
18506	calc	2458	0
18507	lookup	10250	0
18508	calc	12521	0
18509	abstain_everyday	5733	0
18510	calc	6188	0
18511	lookup	1301	0
18512	calc	19277	0
18513	lookup	3596	0
18514	calc	9947	0
18515	calc	15739	0
18516	calc	6793	0
18517	lookup	2723	0
18518	calc	9421	0
18519	abstain_everyday	101	0
18520	abstain_everyday	3780	0
18521	calc	413	0
18522	calc	19421	1
18523	lookup	8719	0
18524	calc	11655	0
18525	abstain_everyday	5871	0
18526	lookup	7709	0
18527	calc	5295	0
18528	calc	1919	0
18529	calc	20135	0
18530	calc	14572	0
18531	lookup	12555	0
18532	abstain_everyday	4799	0
18533	calc	4364	0
18534	calc	18581	0
18535	lookup	7080	0
18536	abstain_everyday	2154	0
18537	calc	13906	0
18538	lookup	6612	0
18539	calc	20443	0
18540	calc	2801	0
18541	lookup	5606	0
18542	calc	17538	0
18543	lookup	6153	0
18544	calc	9511	0
18545	calc	15838	0
18546	calc	16707	0
18547	lookup	71	0
18548	abstain_everyday	301	0
18549	abstain_everyday	5705	0
18550	calc	14082	0
18551	calc	13109	0
18552	calc	6306	0
18553	abstain_everyday	330	0
18554	calc	16540	0
18555	calc	5343	0
18556	abstain_everyday	1741	0
18557	calc	12469	0
18558	lookup	7105	0
18559	lookup	6694	0
18560	lookup	6198	0
18561	lookup	12547	0
18562	lookup	178	0
18563	calc	3825	0
18564	abstain_everyday	3912	0
18565	calc	5683	1
18566	calc	2648	0
18567	abstain_everyday	5443	0
18568	calc	2819	0
18569	calc	396	0
18570	abstain_everyday	2112	0
18571	calc	14850	0
18572	calc	17134	0
18573	calc	9457	0
18574	lookup	3611	0
18575	calc	10426	1
18576	calc	8260	0
18577	abstain_everyday	2427	0
18578	lookup	3831	0
18579	calc	2973	0
18580	lookup	3162	0
18581	calc	16751	0
18582	calc	8706	0
18583	abstain_everyday	2790	0
18584	abstain_everyday	1625	0
18585	lookup	11011	0
18586	calc	13650	0
18587	calc	3588	0
18588	calc	9628	0
18589	calc	7929	0
18590	calc	6697	0
18591	calc	19375	0
18592	calc	1987	0
18593	calc	3064	0
18594	calc	18027	0
18595	calc	8228	1
18596	abstain_everyday	3456	0
18597	abstain_everyday	3223	0
18598	abstain_everyday	4456	0
18599	calc	15836	0
18600	abstain_everyday	4615	0
18601	calc	11256	0
18602	calc	3679	0
18603	abstain_everyday	3710	0
18604	lookup	998	0
18605	lookup	2893	0
18606	calc	10998	0
18607	calc	9454	0
18608	calc	16185	0
18609	lookup	12756	0
18610	calc	16058	0
18611	calc	18589	0
18612	calc	4263	0
18613	lookup	2929	0
18614	calc	6666	0
18615	calc	457	0
18616	lookup	2719	0
18617	calc	1796	0
18618	calc	18901	0
18619	abstain_everyday	1201	0
18620	calc	15847	0
18621	calc	9492	0
18622	calc	8	0
18623	lookup	12427	0
18624	lookup	2251	0
18625	calc	14102	0
18626	lookup	10690	0
18627	calc	19131	0
18628	calc	19931	0
18629	calc	14198	0
18630	calc	18237	0
18631	lookup	6692	0
18632	calc	18406	0
18633	abstain_everyday	1871	0
18634	lookup	12020	0
18635	lookup	6098	0
18636	calc	12677	0
18637	calc	18015	0
18638	lookup	9445	0
18639	calc	13183	1
18640	calc	8913	0
18641	calc	3012	0
18642	abstain_everyday	4246	0
18643	abstain_everyday	362	0
18644	lookup	20	0
18645	calc	16080	0
18646	calc	1471	0
18647	lookup	5156	0
18648	calc	10288	0
18649	lookup	3723	0
18650	lookup	12046	0
18651	calc	2327	0
18652	lookup	12767	0
18653	lookup	8891	0
18654	calc	12599	0
18655	lookup	11414	0
18656	calc	16326	0
18657	calc	1948	0
18658	calc	17176	0
18659	lookup	4647	0
18660	calc	231	1
18661	calc	4058	0
18662	abstain_everyday	49	0
18663	abstain_everyday	4484	0
18664	abstain_everyday	3828	0
18665	lookup	1709	0
18666	calc	9707	0
18667	abstain_everyday	5313	0
18668	calc	8952	0
18669	calc	3687	0
18670	lookup	77	0
18671	calc	20851	0
18672	lookup	7385	0
18673	calc	15040	0
18674	lookup	7000	0
18675	lookup	6029	0
18676	calc	1865	0
18677	abstain_everyday	2363	0
18678	calc	19286	0
18679	lookup	9735	0
18680	lookup	5773	0
18681	lookup	7138	0
18682	lookup	12903	0
18683	abstain_everyday	4080	0
18684	abstain_everyday	568	0
18685	calc	7747	0
18686	calc	8846	0
18687	abstain_everyday	1093	0
18688	calc	5303	0
18689	calc	1305	0
18690	calc	17162	0
18691	lookup	8588	0
18692	calc	20619	0
18693	calc	2488	0
18694	calc	13508	0
18695	lookup	12306	0
18696	abstain_everyday	5503	0
18697	calc	7218	0
18698	lookup	9542	0
18699	lookup	7309	0
18700	lookup	9399	0
18701	calc	12688	0
18702	calc	8374	0
18703	lookup	5540	0
18704	calc	16642	0
18705	calc	11540	0
18706	calc	17206	0
18707	calc	1323	0
18708	calc	13361	0
18709	lookup	7488	0
18710	calc	18550	0
18711	calc	4235	0
18712	lookup	4900	0
18713	lookup	12252	0
18714	calc	635	0
18715	calc	11612	0
18716	calc	16064	0
18717	calc	18128	0
18718	calc	11243	0
18719	calc	8646	0
18720	lookup	1353	0
18721	lookup	6432	0
18722	abstain_everyday	2863	0
18723	calc	12399	0
18724	lookup	12179	0
18725	lookup	11652	0
18726	calc	15937	0
18727	lookup	1841	0
18728	calc	514	0
18729	calc	1218	0
18730	lookup	9007	0
18731	calc	3623	0
18732	calc	4886	0
18733	lookup	10741	0
18734	lookup	6583	0
18735	calc	3619	0
18736	calc	10900	0
18737	calc	5484	0
18738	abstain_everyday	2873	0
18739	calc	15029	0
18740	calc	12999	0
18741	calc	3296	0
18742	lookup	5632	0
18743	calc	3767	0
18744	calc	3218	0
18745	calc	8640	0
18746	lookup	4240	0
18747	lookup	3796	0
18748	calc	8214	0
18749	calc	4749	0
18750	calc	6540	1
18751	calc	6597	0
18752	calc	1960	0
18753	calc	11887	0
18754	lookup	5908	0
18755	calc	20003	1
18756	lookup	12851	0
18757	abstain_everyday	3317	0
18758	abstain_everyday	4769	0
18759	calc	1228	0
18760	calc	71	0
18761	calc	13016	1
18762	lookup	7066	0
18763	calc	16478	0
18764	abstain_everyday	2080	0
18765	abstain_everyday	1326	0
18766	calc	8008	0
18767	lookup	1953	0
18768	abstain_everyday	5291	0
18769	lookup	6634	0
18770	lookup	4434	0
18771	lookup	427	0
18772	abstain_everyday	1301	0
18773	calc	11503	0
18774	lookup	12186	0
18775	calc	3474	1
18776	abstain_everyday	3969	0
18777	abstain_everyday	3629	0
18778	lookup	7908	0
18779	abstain_everyday	2097	0
18780	calc	10886	0
18781	calc	19846	0
18782	lookup	9680	0
18783	lookup	839	0
18784	calc	9580	0
18785	abstain_everyday	5500	0
18786	calc	7334	0
18787	lookup	7524	0
18788	lookup	7650	0
18789	abstain_everyday	5641	0
18790	calc	7170	0
18791	calc	12182	0
18792	lookup	3193	0
18793	lookup	455	0
18794	calc	19662	0
18795	calc	20289	0
18796	calc	2986	0
18797	calc	17625	0
18798	calc	6581	0
18799	lookup	12295	0
18800	lookup	4946	0
18801	calc	6847	0
18802	lookup	9939	0
18803	calc	15595	0
18804	lookup	7145	0
18805	abstain_everyday	3922	0
18806	lookup	1855	0
18807	calc	12916	0
18808	calc	7744	0
18809	lookup	5188	0
18810	calc	8884	0
18811	calc	9582	0
18812	calc	17081	0
18813	calc	4713	0
18814	abstain_everyday	5857	0
18815	calc	5064	0
18816	lookup	12542	0
18817	abstain_everyday	3038	0
18818	calc	9382	0
18819	calc	13744	0
18820	abstain_everyday	5496	0
18821	abstain_everyday	5185	0
18822	calc	7820	0
18823	calc	14072	0
18824	calc	4946	0
18825	abstain_everyday	1145	0
18826	lookup	770	0
18827	calc	14679	1
18828	calc	16190	0
18829	lookup	7062	0
18830	lookup	958	0
18831	lookup	10295	0
18832	calc	7888	0
18833	calc	10519	0
18834	abstain_everyday	4565	0
18835	calc	9095	0
18836	calc	9218	1
18837	calc	18546	0
18838	calc	13892	0
18839	lookup	9861	0
18840	abstain_everyday	3427	0
18841	calc	16511	0
18842	calc	3744	0
18843	calc	17641	0
18844	lookup	2530	0
18845	calc	18277	0
18846	calc	7382	0
18847	abstain_everyday	4249	0
18848	calc	16005	0
18849	abstain_everyday	1001	0
18850	abstain_everyday	3325	0
18851	calc	5320	0
18852	lookup	2597	0
18853	calc	15774	0
18854	lookup	7230	0
18855	calc	6402	0
18856	lookup	1622	0
18857	calc	4362	0
18858	calc	13628	0
18859	calc	211	0
18860	lookup	220	0
18861	calc	12455	0
18862	calc	3648	0
18863	calc	11693	0
18864	lookup	8580	0
18865	lookup	9981	0
18866	calc	17289	0
18867	calc	2743	0
18868	abstain_everyday	3160	0
18869	lookup	10583	0
18870	abstain_everyday	603	0
18871	calc	11389	0
18872	lookup	723	0
18873	calc	15349	0
18874	abstain_everyday	3137	0
18875	calc	13433	0
18876	abstain_everyday	916	0
18877	calc	8549	0
18878	abstain_everyday	3327	0
18879	lookup	6859	0
18880	lookup	8468	0
18881	calc	1347	0
18882	calc	9803	0
18883	calc	4234	0
18884	calc	5837	0
18885	abstain_everyday	480	0
18886	abstain_everyday	599	0
18887	calc	15727	0
18888	abstain_everyday	4173	0
18889	calc	7339	0
18890	lookup	4839	0
18891	lookup	1283	0
18892	lookup	9363	0
18893	lookup	11017	0
18894	calc	15142	0
18895	calc	15511	0
18896	calc	1429	0
18897	abstain_everyday	1235	0
18898	calc	13967	0
18899	calc	14230	0
18900	calc	96	0
18901	lookup	5718	0
18902	calc	2006	0
18903	lookup	3205	0
18904	calc	4170	0
18905	lookup	11718	0
18906	calc	10605	0
18907	calc	9144	0
18908	calc	10947	0
18909	calc	4832	0
18910	calc	7158	0
18911	calc	20230	0
18912	lookup	9625	0
18913	lookup	10204	0
18914	calc	12856	0
18915	lookup	11117	0
18916	calc	18772	0
18917	abstain_everyday	2998	0
18918	abstain_everyday	210	0
18919	abstain_everyday	889	0
18920	lookup	12429	0
18921	calc	17333	0
18922	lookup	2650	0
18923	calc	15717	0
18924	calc	15331	0
18925	lookup	6531	0
18926	abstain_everyday	3162	0
18927	lookup	3846	0
18928	calc	3711	1
18929	abstain_everyday	1996	0
18930	abstain_everyday	4811	0
18931	lookup	6462	0
18932	calc	5159	0
18933	abstain_everyday	1961	0
18934	lookup	820	0
18935	abstain_everyday	2985	0
18936	lookup	436	0
18937	lookup	7533	0
18938	calc	12644	0
18939	lookup	1666	0
18940	calc	13064	0
18941	lookup	1501	0
18942	calc	9378	0
18943	calc	17882	0
18944	calc	12432	0
18945	lookup	7724	0
18946	calc	5269	0
18947	lookup	2653	0
18948	lookup	4028	0
18949	lookup	4586	0
18950	abstain_everyday	2885	0
18951	abstain_everyday	4126	0
18952	calc	9296	0
18953	abstain_everyday	3436	0
18954	lookup	3301	0
18955	calc	13119	0
18956	abstain_everyday	2689	0
18957	calc	7239	0
18958	lookup	6718	0
18959	lookup	9373	0
18960	lookup	3988	0
18961	lookup	5229	0
18962	lookup	12087	0
18963	calc	18572	0
18964	lookup	7482	0
18965	lookup	7130	0
18966	calc	2315	0
18967	calc	6339	0
18968	calc	15598	0
18969	calc	8837	0
18970	calc	14793	0
18971	lookup	12550	0
18972	calc	10391	0
18973	abstain_everyday	2942	0
18974	abstain_everyday	5403	0
18975	abstain_everyday	1440	0
18976	lookup	10229	0
18977	abstain_everyday	1930	0
18978	calc	14071	0
18979	abstain_everyday	2819	0
18980	abstain_everyday	1793	0
18981	calc	13651	0
18982	lookup	6703	0
18983	abstain_everyday	3655	0
18984	calc	11136	0
18985	lookup	2323	0
18986	lookup	7445	0
18987	calc	20892	0
18988	calc	7283	0
18989	abstain_everyday	1372	0
18990	calc	11171	0
18991	lookup	1272	0
18992	abstain_everyday	560	0
18993	calc	16824	0
18994	calc	5215	0
18995	lookup	4855	0
18996	lookup	5941	0
18997	calc	10262	0
18998	calc	6635	1
18999	calc	15093	0
19000	calc	2322	0
19001	calc	14403	0
19002	lookup	2876	0
19003	lookup	940	0
19004	calc	21055	0
19005	calc	14352	0
19006	lookup	2362	0
19007	calc	9502	0
19008	lookup	5756	0
19009	calc	2783	0
19010	abstain_everyday	695	0
19011	calc	10582	0
19012	calc	9469	0
19013	abstain_everyday	1100	0
19014	calc	13673	0
19015	calc	15346	0
19016	lookup	11790	0
19017	calc	19095	0
19018	lookup	8787	0
19019	lookup	8149	0
19020	lookup	10787	0
19021	abstain_everyday	5877	0
19022	calc	16378	0
19023	calc	325	0
19024	lookup	4907	0
19025	calc	15075	0
19026	lookup	11478	0
19027	abstain_everyday	4124	0
19028	lookup	7556	0
19029	calc	17510	0
19030	calc	15245	1
19031	calc	4642	0
19032	calc	6495	0
19033	lookup	5217	0
19034	abstain_everyday	5196	0
19035	lookup	12604	0
19036	calc	12212	0
19037	calc	9710	0
19038	lookup	11915	0
19039	lookup	6629	0
19040	abstain_everyday	2025	0
19041	lookup	10839	0
19042	lookup	11166	0
19043	lookup	3411	0
19044	calc	16387	0
19045	calc	17881	0
19046	abstain_everyday	2410	0
19047	calc	20270	0
19048	lookup	4792	0
19049	abstain_everyday	1144	0
19050	calc	13331	0
19051	calc	15514	0
19052	lookup	11207	0
19053	abstain_everyday	395	0
19054	calc	5858	0
19055	lookup	6883	0
19056	calc	19256	0
19057	calc	11298	0
19058	abstain_everyday	4825	0
19059	calc	13550	0
19060	calc	14428	0
19061	lookup	2923	0
19062	abstain_everyday	1877	0
19063	lookup	6439	0
19064	lookup	6046	0
19065	calc	18818	0
19066	lookup	380	0
19067	calc	4068	0
19068	calc	1954	0
19069	calc	10341	0
19070	lookup	6339	0
19071	calc	18057	0
19072	calc	2895	0
19073	lookup	8002	0
19074	lookup	10820	0
19075	lookup	8417	0
19076	calc	6593	0
19077	calc	16319	0
19078	calc	8106	0
19079	calc	12722	0
19080	lookup	4996	0
19081	calc	6149	0
19082	calc	5059	0
19083	abstain_everyday	4972	0
19084	lookup	4217	0
19085	lookup	6405	0
19086	lookup	9041	0
19087	lookup	12172	0
19088	calc	14380	0
19089	calc	15713	0
19090	calc	17808	0
19091	calc	4898	0
19092	calc	10071	1
19093	calc	6608	1
19094	lookup	4439	0
19095	calc	6800	0
19096	abstain_everyday	5108	0
19097	abstain_everyday	1589	0
19098	lookup	8269	0
19099	calc	1325	0
19100	abstain_everyday	1622	0
19101	lookup	4548	0
19102	lookup	10662	0
19103	abstain_everyday	5224	0
19104	abstain_everyday	2126	0
19105	abstain_everyday	3210	0
19106	calc	14348	0
19107	lookup	8768	0
19108	calc	8562	0
19109	calc	6750	0
19110	calc	18773	0
19111	calc	2433	0
19112	calc	531	0
19113	calc	10457	0
19114	calc	5330	0
19115	calc	7207	0
19116	calc	18160	0
19117	calc	17841	0
19118	calc	15266	0
19119	calc	4821	0
19120	calc	2130	0
19121	calc	17243	0
19122	lookup	6670	0
19123	calc	19777	0
19124	calc	572	0
19125	calc	2223	0
19126	calc	4528	0
19127	calc	5639	0
19128	lookup	7125	0
19129	calc	8423	0
19130	lookup	6771	0
19131	calc	17572	0
19132	lookup	9846	0
19133	lookup	843	0
19134	lookup	5734	0
19135	lookup	3058	0
19136	lookup	8843	0
19137	abstain_everyday	3019	0
19138	calc	19627	0
19139	calc	409	0
19140	calc	1192	0
19141	calc	14723	0
19142	abstain_everyday	5803	0
19143	abstain_everyday	3950	0
19144	calc	15864	0
19145	calc	7584	0
19146	calc	698	0
19147	calc	16404	0
19148	abstain_everyday	1438	0
19149	lookup	3266	0
19150	calc	15014	0
19151	calc	15260	0
19152	calc	9529	0
19153	calc	384	1
19154	lookup	10051	0
19155	calc	12637	0
19156	calc	1956	0
19157	abstain_everyday	3555	0
19158	calc	9890	0
19159	abstain_everyday	1402	0
19160	abstain_everyday	4649	0
19161	calc	1979	0
19162	abstain_everyday	3943	0
19163	calc	4507	0
19164	lookup	2496	0
19165	calc	13305	0
19166	calc	4317	0
19167	lookup	9031	0
19168	calc	20069	0
19169	abstain_everyday	1818	0
19170	lookup	6680	0
19171	calc	2015	0
19172	calc	7922	1
19173	calc	4380	0
19174	abstain_everyday	3805	0
19175	calc	10189	0
19176	lookup	9124	0
19177	lookup	10087	0
19178	abstain_everyday	4883	0
19179	calc	12210	0
19180	lookup	4873	0
19181	lookup	5240	0
19182	abstain_everyday	4199	0
19183	lookup	4193	0
19184	calc	17040	0
19185	lookup	12765	0
19186	calc	11592	0
19187	calc	20886	1
19188	calc	2745	0
19189	calc	10518	0
19190	calc	14248	0
19191	calc	11039	0
19192	abstain_everyday	5391	0
19193	calc	6501	0
19194	calc	10392	0
19195	lookup	2676	0
19196	lookup	2698	0
19197	calc	16074	0
19198	calc	3749	0
19199	calc	8414	0
19200	abstain_everyday	1624	0
19201	calc	9391	0
19202	lookup	2045	0
19203	calc	15529	0
19204	lookup	9133	0
19205	lookup	11121	0
19206	calc	4024	0
19207	calc	5002	0
19208	abstain_everyday	3382	0
19209	calc	19593	0
19210	calc	5459	0
19211	abstain_everyday	2522	0
19212	abstain_everyday	1127	0
19213	calc	9091	0
19214	lookup	11173	0
19215	calc	7543	0
19216	calc	10891	0
19217	calc	6843	0
19218	calc	6249	0
19219	calc	16787	0
19220	calc	18628	0
19221	calc	1037	0
19222	calc	13030	0
19223	calc	17477	0
19224	calc	17974	0
19225	calc	20883	0
19226	abstain_everyday	4016	0
19227	lookup	7120	0
19228	lookup	11728	0
19229	calc	1111	0
19230	calc	8942	0
19231	abstain_everyday	4181	0
19232	calc	1633	0
19233	calc	7064	0
19234	calc	10204	0
19235	lookup	6396	0
19236	calc	14100	0
19237	calc	18410	0
19238	calc	11506	0
19239	calc	3179	0
19240	lookup	6202	0
19241	lookup	6637	0
19242	calc	8196	0
19243	abstain_everyday	2979	0
19244	lookup	7798	0
19245	calc	5718	0
19246	lookup	2903	0
19247	calc	3333	0
19248	lookup	5629	0
19249	calc	16086	0
19250	abstain_everyday	2434	0
19251	calc	7220	0
19252	calc	14729	0
19253	lookup	9212	0
19254	calc	1897	0
19255	lookup	10060	0
19256	lookup	4206	0
19257	lookup	2555	0
19258	lookup	6010	0
19259	calc	3929	0
19260	calc	18469	0
19261	lookup	10462	0
19262	lookup	158	0
19263	calc	1601	0
19264	lookup	3265	0
19265	lookup	10266	0
19266	lookup	5853	0
19267	calc	17564	0
19268	calc	20779	0
19269	calc	14021	0
19270	abstain_everyday	1329	0
19271	calc	15461	0
19272	abstain_everyday	131	0
19273	calc	11812	0
19274	calc	7136	0
19275	lookup	8066	0
19276	abstain_everyday	1196	0
19277	abstain_everyday	4354	0
19278	calc	13456	0
19279	calc	10619	0
19280	lookup	7910	0
19281	calc	4703	0
19282	calc	17772	0
19283	calc	2649	0
19284	calc	16071	0
19285	calc	3626	0
19286	calc	17724	0
19287	lookup	7197	0
19288	lookup	7895	0
19289	abstain_everyday	912	0
19290	lookup	11688	0
19291	calc	6072	0
19292	calc	9579	0
19293	abstain_everyday	2789	0
19294	calc	5112	0
19295	calc	9795	0
19296	calc	18083	0
19297	lookup	2160	0
19298	calc	18779	0
19299	calc	20855	0
19300	lookup	7580	0
19301	lookup	11254	0
19302	calc	10219	0
19303	calc	8296	0
19304	abstain_everyday	2533	0
19305	calc	15307	0
19306	lookup	8231	0
19307	lookup	12738	0
19308	abstain_everyday	3073	0
19309	calc	20262	0
19310	calc	14363	0
19311	lookup	2924	0
19312	calc	13726	0
19313	calc	3392	0
19314	calc	8081	0
19315	calc	9532	0
19316	lookup	10530	0
19317	calc	8499	1
19318	calc	14646	0
19319	calc	17422	0
19320	calc	13164	0
19321	abstain_everyday	3785	0
19322	calc	20628	1
19323	lookup	1287	0
19324	abstain_everyday	1764	0
19325	calc	16179	0
19326	lookup	1965	0
19327	lookup	10351	0
19328	calc	14732	0
19329	calc	665	0
19330	calc	377	0
19331	calc	17534	0
19332	calc	9722	0
19333	calc	20232	0
19334	lookup	2898	0
19335	abstain_everyday	4483	0
19336	lookup	5061	0
19337	calc	4914	0
19338	calc	12889	0
19339	calc	18179	0
19340	lookup	3902	0
19341	abstain_everyday	5158	0
19342	abstain_everyday	4013	0
19343	lookup	9075	0
19344	calc	13567	0
19345	calc	14862	0
19346	calc	7392	0
19347	calc	12714	0
19348	calc	7534	0
19349	abstain_everyday	170	0
19350	calc	13501	0
19351	abstain_everyday	1248	0
19352	abstain_everyday	1558	0
19353	lookup	1443	0
19354	lookup	12677	0
19355	calc	5080	0
19356	lookup	4773	0
19357	calc	19724	0
19358	calc	3428	1
19359	calc	16491	1
19360	calc	13224	0
19361	abstain_everyday	2004	0
19362	lookup	10300	0
19363	lookup	4734	0
19364	abstain_everyday	2733	0
19365	abstain_everyday	3229	0
19366	lookup	2187	0
19367	lookup	11812	0
19368	lookup	9636	0
19369	abstain_everyday	173	0
19370	calc	3331	0
19371	calc	16155	0
19372	abstain_everyday	4930	0
19373	calc	19023	0
19374	calc	1193	0
19375	abstain_everyday	1331	0
19376	lookup	12929	0
19377	calc	18917	0
19378	calc	3840	0
19379	calc	8291	0
19380	lookup	2014	0
19381	lookup	11392	0
19382	calc	16327	0
19383	calc	6548	0
19384	calc	760	0
19385	calc	7181	0
19386	abstain_everyday	1149	0
19387	lookup	1128	0
19388	calc	8821	0
19389	calc	10977	0
19390	calc	11456	0
19391	abstain_everyday	562	0
19392	lookup	8206	0
19393	calc	4548	0
19394	calc	11406	0
19395	calc	4294	0
19396	calc	12017	1
19397	calc	20343	0
19398	lookup	2711	0
19399	calc	6905	0
19400	lookup	12371	0
19401	calc	4459	0
19402	calc	13150	0
19403	calc	7539	1
19404	calc	15156	0
19405	calc	19045	0
19406	abstain_everyday	2516	0
19407	calc	6263	0
19408	lookup	6501	0
19409	lookup	10293	0
19410	lookup	9158	0
19411	lookup	1021	0
19412	lookup	11589	0
19413	calc	20149	0
19414	lookup	11666	0
19415	calc	19858	0
19416	lookup	5315	0
19417	calc	20372	0
19418	lookup	7507	0
19419	calc	18857	0
19420	calc	7120	0
19421	calc	13473	1
19422	lookup	6447	0
19423	lookup	9928	0
19424	calc	1955	0
19425	calc	6814	0
19426	calc	12679	0
19427	lookup	10687	0
19428	lookup	11634	0
19429	calc	2049	0
19430	lookup	4729	0
19431	lookup	10465	0
19432	calc	19220	0
19433	abstain_everyday	2495	0
19434	lookup	1431	0
19435	calc	11484	0
19436	lookup	150	0
19437	lookup	5911	0
19438	lookup	8432	0
19439	calc	19857	0
19440	calc	12129	0
19441	calc	16650	0
19442	calc	506	0
19443	lookup	4412	0
19444	lookup	7808	0
19445	lookup	63	0
19446	lookup	479	0
19447	lookup	5321	0
19448	calc	10396	0
19449	calc	10531	0
19450	calc	10441	0
19451	calc	10350	0
19452	abstain_everyday	216	0
19453	lookup	3638	0
19454	calc	11622	0
19455	calc	8771	0
19456	calc	8467	0
19457	lookup	7370	0
19458	calc	11661	0
19459	lookup	946	0
19460	lookup	12463	0
19461	lookup	10329	0
19462	lookup	12931	0
19463	lookup	966	0
19464	calc	4191	0
19465	lookup	6131	0
19466	lookup	11003	0
19467	abstain_everyday	5288	0
19468	calc	11616	0
19469	calc	18203	0
19470	lookup	8802	0
19471	lookup	11513	0
19472	lookup	4097	0
19473	calc	10012	0
19474	lookup	6035	0
19475	abstain_everyday	3931	0
19476	calc	4509	0
19477	calc	7389	0
19478	abstain_everyday	1917	0
19479	lookup	6904	0
19480	lookup	9596	0
19481	lookup	10725	0
19482	abstain_everyday	5121	0
19483	calc	10366	0
19484	calc	6744	0
19485	calc	15573	0
19486	calc	3124	0
19487	calc	2781	0
19488	lookup	2185	0
19489	lookup	5376	0
19490	calc	19783	0
19491	calc	19016	0
19492	calc	12710	0
19493	calc	3168	0
19494	calc	8303	0
19495	lookup	4064	0
19496	lookup	4764	0
19497	calc	6077	0
19498	calc	4165	0
19499	calc	1623	0
19500	lookup	121	0
19501	lookup	3815	0
19502	abstain_everyday	513	0
19503	lookup	10408	0
19504	calc	14034	0
19505	abstain_everyday	780	0
19506	abstain_everyday	3447	0
19507	lookup	12828	0
19508	calc	9784	0
19509	calc	18699	1
19510	calc	19411	0
19511	abstain_everyday	4763	0
19512	lookup	3668	0
19513	calc	1337	0
19514	lookup	8516	0
19515	lookup	1578	0
19516	lookup	8590	0
19517	calc	19726	0
19518	calc	19389	0
19519	abstain_everyday	3170	0
19520	calc	15472	0
19521	lookup	3175	0
19522	calc	7911	0
19523	abstain_everyday	5043	0
19524	calc	6930	0
19525	lookup	5833	0
19526	calc	18963	0
19527	lookup	4824	0
19528	calc	9811	0
19529	calc	7160	1
19530	calc	14015	0
19531	calc	19283	0
19532	calc	10431	0
19533	lookup	12464	0
19534	calc	199	0
19535	calc	3488	0
19536	calc	3317	0
19537	lookup	7879	0
19538	calc	12527	0
19539	calc	19639	0
19540	calc	6968	0
19541	calc	1440	0
19542	calc	632	0
19543	calc	5908	0
19544	abstain_everyday	5239	0
19545	calc	5168	0
19546	calc	1441	0
19547	calc	20624	0
19548	calc	6171	0
19549	calc	16052	0
19550	lookup	12049	0
19551	calc	11570	0
19552	abstain_everyday	38	0
19553	calc	8105	0
19554	abstain_everyday	4929	0
19555	lookup	10213	0
19556	lookup	4693	0
19557	lookup	4431	0
19558	lookup	195	0
19559	abstain_everyday	5485	0
19560	calc	17296	0
19561	abstain_everyday	3152	0
19562	calc	20595	0
19563	calc	12006	1
19564	lookup	12293	0
19565	calc	64	0
19566	calc	3932	0
19567	lookup	10580	0
19568	lookup	11102	0
19569	calc	10657	0
19570	calc	3399	0
19571	calc	6691	0
19572	lookup	4330	0
19573	lookup	5824	0
19574	lookup	4377	0
19575	calc	12694	0
19576	calc	16822	0
19577	lookup	2604	0
19578	lookup	4528	0
19579	calc	16714	0
19580	abstain_everyday	1668	0
19581	lookup	11724	0
19582	calc	18477	0
19583	calc	3100	0
19584	calc	15404	0
19585	lookup	9390	0
19586	lookup	6134	0
19587	calc	4529	0
19588	calc	20050	0
19589	calc	13022	0
19590	calc	13672	1
19591	abstain_everyday	5160	0
19592	lookup	3660	0
19593	calc	17472	0
19594	calc	7373	0
19595	lookup	3049	0
19596	calc	10511	0
19597	lookup	10960	0
19598	calc	10148	0
19599	lookup	8733	0
19600	calc	10096	0
19601	abstain_everyday	2016	0
19602	lookup	4768	0
19603	calc	19323	0
19604	abstain_everyday	5140	0
19605	lookup	6390	0
19606	calc	1621	0
19607	calc	9446	0
19608	calc	18839	0
19609	abstain_everyday	3333	0
19610	calc	18715	0
19611	calc	5458	0
19612	calc	11870	0
19613	lookup	9024	0
19614	calc	8311	0
19615	calc	1488	0
19616	lookup	3106	0
19617	lookup	6681	0
19618	calc	4050	0
19619	calc	3022	0
19620	abstain_everyday	4061	0
19621	calc	3155	0
19622	calc	6885	0
19623	calc	8668	0
19624	calc	10872	0
19625	lookup	684	0
19626	calc	18245	0
19627	lookup	5635	0
19628	lookup	2344	0
19629	calc	3758	0
19630	calc	14720	0
19631	calc	6547	0
19632	lookup	12040	0
19633	calc	1395	0
19634	calc	20731	1
19635	calc	2841	0
19636	lookup	3376	0
19637	abstain_everyday	1997	0
19638	calc	13556	0
19639	calc	17390	0
19640	calc	3303	0
19641	calc	21058	0
19642	lookup	1844	0
19643	calc	17685	0
19644	abstain_everyday	4648	0
19645	lookup	1858	0
19646	lookup	341	0
19647	lookup	10042	0
19648	calc	19257	0
19649	calc	6939	0
19650	lookup	6188	0
19651	lookup	1175	0
19652	calc	1107	0
19653	abstain_everyday	1447	0
19654	calc	12231	0
19655	lookup	11167	0
19656	lookup	2271	0
19657	calc	18026	0
19658	lookup	12730	0
19659	lookup	7212	0
19660	abstain_everyday	2699	0
19661	abstain_everyday	450	0
19662	abstain_everyday	4470	0
19663	lookup	2077	0
19664	calc	8363	0
19665	calc	4691	0
19666	lookup	11332	0
19667	abstain_everyday	1500	0
19668	calc	10054	0
19669	calc	20758	0
19670	lookup	11335	0
19671	calc	20379	0
19672	calc	235	0
19673	lookup	11804	0
19674	lookup	70	0
19675	calc	2834	0
19676	calc	583	0
19677	lookup	3531	0
19678	calc	4872	0
19679	lookup	826	0
19680	lookup	7909	0
19681	calc	19704	0
19682	lookup	12488	0
19683	calc	4599	1
19684	calc	11645	0
19685	calc	20816	0
19686	abstain_everyday	4531	0
19687	calc	8248	0
19688	calc	7807	0
19689	calc	12503	0
19690	calc	2411	0
19691	lookup	5871	0
19692	calc	11888	0
19693	calc	19074	0
19694	lookup	12915	0
19695	calc	7818	1
19696	calc	13534	0
19697	lookup	9254	0
19698	calc	14569	0
19699	calc	15614	0
19700	calc	4296	0
19701	calc	1958	0
19702	abstain_everyday	2357	0
19703	calc	18844	0
19704	lookup	8610	0
19705	calc	11017	0
19706	calc	8660	0
19707	calc	10275	0
19708	abstain_everyday	1518	0
19709	lookup	7915	0
19710	lookup	6996	0
19711	calc	18984	0
19712	lookup	7538	0
19713	calc	3483	0
19714	abstain_everyday	2093	0
19715	calc	16221	0
19716	lookup	5543	0
19717	lookup	5036	0
19718	lookup	9652	0
19719	calc	5947	0
19720	lookup	3797	0
19721	lookup	12578	0
19722	abstain_everyday	3405	0
19723	calc	10122	0
19724	lookup	6768	0
19725	lookup	12056	0
19726	abstain_everyday	1151	0
19727	abstain_everyday	3291	0
19728	lookup	9802	0
19729	calc	15968	0
19730	abstain_everyday	1122	0
19731	lookup	4991	0
19732	calc	424	0
19733	calc	5149	0
19734	calc	9545	0
19735	lookup	6835	0
19736	calc	13410	0
19737	calc	16999	0
19738	lookup	3105	0
19739	calc	17904	0
19740	calc	901	0
19741	lookup	3119	0
19742	calc	1983	0
19743	calc	397	1
19744	lookup	7174	0
19745	lookup	1662	0
19746	calc	15203	0
19747	lookup	9750	0
19748	calc	20789	0
19749	calc	19086	0
19750	lookup	5223	0
19751	calc	5958	0
19752	calc	13740	0
19753	abstain_everyday	2103	0
19754	calc	18931	0
19755	abstain_everyday	1880	0
19756	abstain_everyday	3698	0
19757	lookup	9984	0
19758	calc	19505	0
19759	calc	14011	0
19760	lookup	3055	0
19761	lookup	5657	0
19762	calc	13135	0
19763	calc	20432	0
19764	calc	8856	0
19765	calc	1225	0
19766	calc	764	0
19767	calc	20359	0
19768	calc	2817	0
19769	lookup	11500	0
19770	abstain_everyday	3800	0
19771	lookup	11761	0
19772	calc	736	0
19773	calc	14593	0
19774	calc	7144	0
19775	calc	6451	0
19776	calc	19093	0
19777	abstain_everyday	3190	0
19778	abstain_everyday	1766	0
19779	calc	13480	0
19780	lookup	1711	0
19781	calc	8629	0
19782	calc	18090	0
19783	abstain_everyday	463	0
19784	calc	2631	0
19785	lookup	4889	0
19786	calc	2396	0
19787	lookup	6127	0
19788	calc	18125	0
19789	lookup	12679	0
19790	lookup	3854	0
19791	lookup	12774	0
19792	calc	2595	0
19793	abstain_everyday	1891	0
19794	calc	16803	0
19795	lookup	969	0
19796	lookup	12050	0
19797	calc	10627	0
19798	calc	20238	0
19799	lookup	7713	0
19800	calc	5829	0
19801	calc	17589	0
19802	lookup	4307	0
19803	calc	2982	0
19804	lookup	12927	0
19805	calc	12605	0
19806	lookup	5410	0
19807	calc	1061	0
19808	lookup	3157	0
19809	lookup	3901	0
19810	lookup	3997	0
19811	lookup	2221	0
19812	calc	9537	0
19813	abstain_everyday	5891	0
19814	calc	19247	0
19815	calc	20863	1
19816	calc	5902	0
19817	calc	7997	0
19818	calc	18304	0
19819	lookup	6115	0
19820	calc	14445	0
19821	calc	5041	0
19822	calc	5065	0
19823	calc	3610	0
19824	lookup	6570	0
19825	lookup	4361	0
19826	lookup	2905	0
19827	calc	15893	0
19828	abstain_everyday	4671	0
19829	abstain_everyday	3783	0
19830	calc	8337	0
19831	lookup	6060	0
19832	lookup	11740	0
19833	calc	6840	0
19834	calc	19142	0
19835	lookup	824	0
19836	lookup	4125	0
19837	calc	6674	0
19838	calc	9233	1
19839	calc	3461	0
19840	calc	15482	0
19841	lookup	4851	0
19842	lookup	2053	0
19843	calc	3049	0
19844	lookup	3735	0
19845	lookup	9760	0
19846	calc	10985	0
19847	lookup	11928	0
19848	lookup	9204	0
19849	calc	8701	0
19850	calc	11418	0
19851	lookup	6964	0
19852	calc	15026	0
19853	lookup	818	0
19854	calc	2066	0
19855	calc	20459	0
19856	calc	11771	0
19857	calc	20954	0
19858	abstain_everyday	941	0
19859	lookup	9915	0
19860	lookup	10489	0
19861	lookup	6594	0
19862	calc	495	0
19863	calc	4958	0
19864	abstain_everyday	1225	0
19865	lookup	1640	0
19866	calc	20317	0
19867	calc	5838	0
19868	calc	858	0
19869	calc	5063	0
19870	calc	10048	0
19871	lookup	12635	0
19872	calc	5089	0
19873	abstain_everyday	1975	0
19874	abstain_everyday	2915	0
19875	calc	15355	0
19876	calc	5377	0
19877	calc	1518	0
19878	lookup	1700	0
19879	lookup	5544	0
19880	calc	9281	0
19881	calc	4335	0
19882	lookup	3145	0
19883	calc	4023	0
19884	calc	10819	0
19885	calc	16371	0
19886	abstain_everyday	744	0
19887	lookup	7226	0
19888	calc	6021	0
19889	lookup	10614	0
19890	lookup	9824	0
19891	abstain_everyday	2788	0
19892	calc	3949	0
19893	lookup	11983	0
19894	lookup	12491	0
19895	lookup	5648	0
19896	calc	17970	0
19897	calc	18149	0
19898	abstain_everyday	417	0
19899	abstain_everyday	1118	0
19900	calc	5385	0
19901	calc	6331	0
19902	calc	20804	0
19903	lookup	8812	0
19904	calc	19125	0
19905	lookup	7412	0
19906	calc	15448	0
19907	calc	1411	0
19908	calc	3855	0
19909	calc	18629	0
19910	calc	1791	0
19911	abstain_everyday	803	0
19912	calc	12579	0
19913	calc	14014	0
19914	calc	16121	0
19915	calc	2383	0
19916	calc	2020	0
19917	calc	2920	0
19918	calc	1754	0
19919	calc	12552	0
19920	calc	7838	0
19921	calc	5113	0
19922	lookup	3629	0
19923	calc	11411	0
19924	calc	6447	0
19925	calc	16628	0
19926	lookup	9342	0
19927	abstain_everyday	2564	0
19928	lookup	1795	0
19929	abstain_everyday	5310	0
19930	lookup	4636	0
19931	calc	16032	0
19932	calc	3470	0
19933	lookup	4755	0
19934	calc	13900	0
19935	abstain_everyday	285	0
19936	abstain_everyday	1298	0
19937	calc	3547	0
19938	lookup	7611	0
19939	lookup	5854	0
19940	abstain_everyday	282	0
19941	calc	1664	0
19942	calc	20726	0
19943	lookup	5288	0
19944	calc	13952	0
19945	calc	6984	0
19946	abstain_everyday	3763	0
19947	abstain_everyday	509	0
19948	calc	20000	0
19949	calc	7706	0
19950	calc	15350	0
19951	calc	14231	1
19952	lookup	3548	0
19953	lookup	5102	0
19954	lookup	7211	0
19955	calc	13757	0
19956	calc	13603	0
19957	calc	15872	0
19958	lookup	5751	0
19959	calc	7724	0
19960	calc	11365	0
19961	calc	10140	0
19962	lookup	11592	0
19963	calc	603	0
19964	lookup	6222	0
19965	abstain_everyday	4432	0
19966	lookup	4297	0
19967	lookup	2395	0
19968	calc	9972	0
19969	calc	6873	0
19970	calc	3518	0
19971	calc	11960	1
19972	lookup	8288	0
19973	abstain_everyday	4622	0
19974	calc	6015	0
19975	lookup	771	0
19976	lookup	6100	0
19977	lookup	4177	0
19978	lookup	1321	0
19979	abstain_everyday	3616	0
19980	calc	9791	0
19981	calc	3437	0
19982	calc	17278	0
19983	calc	14965	0
19984	abstain_everyday	3989	0
19985	lookup	2033	0
19986	calc	15814	0
19987	calc	18169	0
19988	calc	19472	0
19989	lookup	2290	0
19990	calc	17384	0
19991	calc	5177	0
19992	calc	1795	0
19993	lookup	10547	0
19994	calc	2140	1
19995	calc	37	0
19996	calc	17846	0
19997	calc	4990	0
19998	calc	7783	0
19999	calc	12657	0
20000	calc	1047	0
20001	calc	10562	0
20002	calc	16061	0
20003	calc	16982	0
20004	calc	15642	0
20005	lookup	12831	0
20006	abstain_everyday	4529	0
20007	lookup	5560	0
20008	calc	6340	0
20009	calc	3098	0
20010	calc	20801	0
20011	calc	14858	0
20012	calc	11793	1
20013	calc	3807	0
20014	calc	4935	0
20015	calc	13693	0
20016	lookup	10778	0
20017	abstain_everyday	4722	0
20018	calc	2420	0
20019	calc	18796	0
20020	calc	2604	0
20021	calc	14713	0
20022	lookup	3054	0
20023	lookup	1012	0
20024	calc	15175	0
20025	lookup	913	0
20026	calc	6893	0
20027	abstain_everyday	3660	0
20028	calc	13255	0
20029	lookup	3072	0
20030	calc	20964	0
20031	lookup	9850	0
20032	calc	10339	0
20033	lookup	9256	0
20034	calc	4996	0
20035	abstain_everyday	2566	0
20036	calc	6120	0
20037	abstain_everyday	1902	0
20038	lookup	10232	0
20039	abstain_everyday	4263	0
20040	calc	2190	0
20041	calc	10041	0
20042	calc	1459	0
20043	abstain_everyday	2327	0
20044	calc	1834	0
20045	lookup	12649	0
20046	lookup	7270	0
20047	calc	3282	0
20048	lookup	5352	0
20049	lookup	10418	0
20050	lookup	1020	0
20051	calc	4998	0
20052	calc	7677	0
20053	lookup	9631	0
20054	calc	13903	0
20055	lookup	4118	0
20056	abstain_everyday	4417	0
20057	calc	19295	0
20058	lookup	3816	0
20059	calc	17473	1
20060	calc	13226	0
20061	abstain_everyday	272	0
20062	lookup	586	0
20063	lookup	7069	0
20064	calc	16662	0
20065	calc	19075	0
20066	lookup	7033	0
20067	lookup	8135	0
20068	calc	15915	0
20069	calc	9419	0
20070	calc	3835	0
20071	lookup	2821	0
20072	calc	7269	0
20073	lookup	7981	0
20074	calc	252	0
20075	calc	13252	0
20076	calc	9473	0
20077	calc	4818	0
20078	calc	19785	0
20079	lookup	8108	0
20080	calc	18425	0
20081	calc	1837	0
20082	calc	8115	0
20083	calc	19020	0
20084	lookup	3626	0
20085	calc	20118	0
20086	calc	1490	0
20087	abstain_everyday	4245	0
20088	lookup	9404	0
20089	calc	16746	0
20090	calc	11130	0
20091	lookup	651	0
20092	calc	541	0
20093	calc	17099	0
20094	calc	19567	0
20095	calc	13395	1
20096	calc	4061	0
20097	lookup	11977	0
20098	calc	20766	0
20099	calc	19740	0
20100	calc	18736	0
20101	lookup	7228	0
20102	calc	4231	0
20103	lookup	11684	0
20104	lookup	10384	0
20105	lookup	51	0
20106	calc	2702	0
20107	calc	9223	1
20108	lookup	9334	0
20109	calc	3567	0
20110	calc	17671	0
20111	calc	6002	0
20112	lookup	10792	0
20113	calc	1151	0
20114	calc	10591	0
20115	lookup	9096	0
20116	calc	18744	0
20117	abstain_everyday	5332	0
20118	calc	1402	0
20119	calc	15184	0
20120	calc	9186	0
20121	lookup	10987	0
20122	lookup	11711	0
20123	calc	11923	0
20124	calc	6892	0
20125	calc	16247	0
20126	abstain_everyday	747	0
20127	calc	15037	0
20128	calc	8528	0
20129	calc	435	0
20130	lookup	381	0
20131	calc	1527	0
20132	lookup	9138	0
20133	calc	9745	0
20134	calc	15121	0
20135	lookup	5754	0
20136	calc	11465	0
20137	calc	16931	0
20138	abstain_everyday	3948	0
20139	calc	19688	0
20140	calc	7449	0
20141	lookup	1938	0
20142	calc	6330	0
20143	calc	1128	0
20144	lookup	12047	0
20145	lookup	11775	0
20146	calc	18686	0
20147	calc	10401	0
20148	calc	3766	0
20149	lookup	10078	0
20150	calc	19419	0
20151	lookup	11432	0
20152	abstain_everyday	4660	0
20153	calc	1514	0
20154	lookup	5776	0
20155	abstain_everyday	4359	0
20156	calc	13059	0
20157	calc	5997	0
20158	calc	14726	0
20159	calc	15485	0
20160	lookup	11582	0
20161	calc	5906	0
20162	lookup	1019	0
20163	calc	11885	0
20164	calc	8540	0
20165	calc	17743	0
20166	lookup	1316	0
20167	lookup	11346	0
20168	abstain_everyday	1736	0
20169	calc	7459	0
20170	calc	14701	0
20171	calc	15495	1
20172	calc	12037	0
20173	lookup	11680	0
20174	abstain_everyday	2882	0
20175	lookup	3363	0
20176	calc	8236	0
20177	calc	14061	0
20178	lookup	12874	0
20179	calc	16353	0
20180	calc	17928	0
20181	calc	4243	0
20182	lookup	9134	0
20183	lookup	5172	0
20184	calc	15564	0
20185	lookup	12812	0
20186	calc	8344	0
20187	calc	19610	0
20188	lookup	3717	0
20189	calc	9202	0
20190	lookup	4263	0
20191	abstain_everyday	4072	0
20192	calc	7129	0
20193	calc	440	0
20194	calc	680	0
20195	calc	6790	0
20196	calc	5866	0
20197	abstain_everyday	1108	0
20198	calc	9286	0
20199	calc	14311	0
20200	abstain_everyday	1054	0
20201	abstain_everyday	4729	0
20202	lookup	2249	0
20203	calc	10218	0
20204	lookup	6926	0
20205	calc	20297	0
20206	calc	10134	0
20207	calc	8239	1
20208	calc	11768	0
20209	calc	18541	1
20210	abstain_everyday	4824	0
20211	lookup	12345	0
20212	calc	8438	0
20213	abstain_everyday	1841	0
20214	calc	8664	0
20215	lookup	2976	0
20216	calc	12168	0
20217	calc	21002	0
20218	calc	16019	0
20219	calc	4890	0
20220	lookup	12638	0
20221	calc	5276	0
20222	lookup	10775	0
20223	calc	10814	0
20224	calc	6816	1
20225	lookup	12490	0
20226	lookup	3434	0
20227	calc	1262	0
20228	abstain_everyday	4977	0
20229	calc	1586	1
20230	abstain_everyday	54	0
20231	lookup	9648	0
20232	calc	12829	0
20233	calc	8690	0
20234	lookup	8980	0
20235	calc	19520	0
20236	calc	14895	0
20237	calc	14023	0
20238	calc	7627	0
20239	calc	10790	0
20240	lookup	7508	0
20241	calc	18202	0
20242	lookup	4595	0
20243	calc	970	0
20244	lookup	8195	0
20245	calc	5540	0
20246	calc	11886	0
20247	lookup	8501	0
20248	abstain_everyday	3516	0
20249	abstain_everyday	2853	0
20250	lookup	4035	0
20251	calc	16827	0
20252	calc	13861	0
20253	lookup	9790	0
20254	abstain_everyday	5615	0
20255	lookup	9757	0
20256	lookup	4545	0
20257	lookup	7828	0
20258	calc	11807	0
20259	calc	11086	0
20260	calc	6679	0
20261	calc	12010	0
20262	calc	20012	0
20263	calc	3243	0
20264	abstain_everyday	2211	0
20265	abstain_everyday	36	0
20266	calc	921	0
20267	calc	4737	0
20268	lookup	5611	0
20269	calc	10435	0
20270	calc	8170	0
20271	lookup	8927	0
20272	lookup	12406	0
20273	abstain_everyday	3911	0
20274	calc	5144	0
20275	lookup	6952	0
20276	calc	8019	0
20277	lookup	2398	0
20278	lookup	11734	0
20279	calc	1520	0
20280	lookup	10968	0
20281	lookup	8612	0
20282	calc	3077	0
20283	calc	9322	0
20284	lookup	4356	0
20285	abstain_everyday	1780	0
20286	calc	11151	0
20287	lookup	6165	0
20288	calc	10637	0
20289	calc	2865	0
20290	calc	122	0
20291	abstain_everyday	3103	0
20292	calc	3305	0
20293	calc	1140	0
20294	lookup	5500	0
20295	calc	12444	0
20296	lookup	9209	0
20297	abstain_everyday	5758	0
20298	calc	20906	0
20299	calc	6714	0
20300	calc	9180	1
20301	calc	5792	0
20302	calc	1585	0
20303	lookup	11028	0
20304	calc	7182	0
20305	abstain_everyday	4101	0
20306	calc	20840	0
20307	abstain_everyday	3882	0
20308	lookup	7098	0
20309	calc	17232	0
20310	calc	18975	0
20311	calc	5354	0
20312	calc	5201	0
20313	lookup	1485	0
20314	abstain_everyday	728	0
20315	lookup	1059	0
20316	abstain_everyday	989	0
20317	lookup	7238	0
20318	calc	4371	0
20319	calc	17246	0
20320	lookup	8145	0
20321	lookup	3580	0
20322	calc	4238	0
20323	calc	17529	0
20324	calc	15018	0
20325	calc	21003	0
20326	lookup	2940	0
20327	calc	11375	0
20328	lookup	4608	0
20329	calc	14741	0
20330	calc	1001	0
20331	abstain_everyday	2147	0
20332	calc	20356	0
20333	calc	5551	0
20334	lookup	1056	0
20335	lookup	4793	0
20336	lookup	6753	0
20337	lookup	8413	0
20338	calc	15851	0
20339	abstain_everyday	2879	0
20340	calc	2282	0
20341	abstain_everyday	1560	0
20342	abstain_everyday	5583	0
20343	calc	19837	1
20344	abstain_everyday	2578	0
20345	lookup	6984	0
20346	lookup	7195	0
20347	calc	4373	0
20348	calc	7288	0
20349	calc	12821	0
20350	calc	6709	0
20351	calc	8409	0
20352	calc	1738	0
20353	lookup	2610	0
20354	calc	20773	0
20355	abstain_everyday	3696	0
20356	lookup	9933	0
20357	calc	214	0
20358	calc	7526	0
20359	calc	13687	0
20360	calc	17729	0
20361	lookup	10881	0
20362	lookup	5426	0
20363	lookup	6268	0
20364	abstain_everyday	4635	0
20365	calc	3471	0
20366	calc	13211	0
20367	lookup	6963	0
20368	calc	2330	0
20369	calc	10983	0
20370	calc	14909	0
20371	lookup	6954	0
20372	calc	18787	0
20373	calc	14028	0
20374	lookup	9274	0
20375	abstain_everyday	4367	0
20376	calc	16520	0
20377	calc	7613	0
20378	lookup	6504	0
20379	lookup	9140	0
20380	calc	16398	1
20381	lookup	10907	0
20382	abstain_everyday	4642	0
20383	calc	6665	0
20384	abstain_everyday	2096	0
20385	calc	7583	0
20386	calc	16831	0
20387	calc	11488	0
20388	abstain_everyday	3474	0
20389	lookup	11753	0
20390	lookup	6512	0
20391	lookup	11029	0
20392	lookup	2041	0
20393	calc	15344	0
20394	calc	7676	0
20395	calc	5794	0
20396	calc	15321	0
20397	calc	1093	0
20398	calc	1854	0
20399	calc	10589	0
20400	lookup	6226	0
20401	calc	6182	1
20402	lookup	12503	0
20403	lookup	760	0
20404	lookup	7073	0
20405	calc	17665	0
20406	abstain_everyday	1045	0
20407	abstain_everyday	222	0
20408	calc	3357	0
20409	calc	16645	0
20410	lookup	2156	0
20411	abstain_everyday	3682	0
20412	lookup	7471	0
20413	abstain_everyday	5863	0
20414	lookup	1493	0
20415	calc	16736	0
20416	calc	18296	0
20417	calc	16794	0
20418	lookup	3768	0
20419	calc	6841	0
20420	calc	106	0
20421	lookup	4001	0
20422	calc	13806	0
20423	lookup	6183	0
20424	calc	12215	0
20425	calc	17624	0
20426	abstain_everyday	2912	0
20427	calc	3291	0
20428	lookup	12537	0
20429	abstain_everyday	5019	0
20430	calc	1836	0
20431	lookup	9383	0
20432	calc	6798	0
20433	calc	19829	0
20434	calc	371	0
20435	abstain_everyday	973	0
20436	calc	14530	0
20437	calc	17555	0
20438	calc	13162	0
20439	lookup	12854	0
20440	lookup	10951	0
20441	lookup	4997	0
20442	abstain_everyday	907	0
20443	calc	9033	0
20444	calc	3910	0
20445	abstain_everyday	4095	0
20446	abstain_everyday	4004	0
20447	calc	17128	0
20448	lookup	10244	0
20449	lookup	2311	0
20450	calc	2070	0
20451	calc	2479	0
20452	abstain_everyday	2852	0
20453	calc	6656	0
20454	lookup	12422	0
20455	lookup	12701	0
20456	calc	1386	0
20457	calc	933	0
20458	lookup	10747	0
20459	calc	14528	0
20460	calc	13633	0
20461	calc	11682	0
20462	calc	10292	0
20463	lookup	2551	0
20464	calc	6430	0
20465	abstain_everyday	865	0
20466	calc	4814	0
20467	abstain_everyday	4022	0
20468	abstain_everyday	837	0
20469	calc	1569	0
20470	calc	4242	0
20471	calc	15031	0
20472	calc	10744	0
20473	calc	18457	0
20474	calc	6963	0
20475	calc	9717	0
20476	calc	19467	0
20477	calc	7309	0
20478	lookup	3332	0
20479	lookup	6248	0
20480	calc	7013	0
20481	abstain_everyday	314	0
20482	calc	1564	0
20483	calc	5574	0
20484	abstain_everyday	5275	0
20485	calc	15653	0
20486	calc	8198	1
20487	calc	5167	0
20488	calc	10884	0
20489	abstain_everyday	5482	0
20490	abstain_everyday	4036	0
20491	calc	9427	0
20492	calc	240	0
20493	calc	8711	0
20494	calc	20403	0
20495	calc	5435	0
20496	abstain_everyday	5203	0
20497	lookup	6867	0
20498	abstain_everyday	4081	0
20499	lookup	9338	0
20500	calc	5298	0
20501	lookup	3417	0
20502	lookup	392	0
20503	abstain_everyday	1709	0
20504	calc	8602	1
20505	calc	17414	0
20506	calc	14542	0
20507	abstain_everyday	55	0
20508	calc	8377	0
20509	abstain_everyday	1941	0
20510	lookup	2007	0
20511	abstain_everyday	5558	0
20512	abstain_everyday	4303	0
20513	calc	18671	0
20514	calc	2296	0
20515	lookup	2134	0
20516	calc	12589	0
20517	lookup	1198	0
20518	abstain_everyday	4651	0
20519	lookup	8989	0
20520	lookup	4215	0
20521	abstain_everyday	1432	0
20522	lookup	1211	0
20523	calc	4604	0
20524	calc	317	0
20525	lookup	3508	0
20526	lookup	11217	0
20527	calc	17750	0
20528	lookup	12073	0
20529	calc	6485	0
20530	calc	9831	0
20531	calc	20498	0
20532	lookup	9224	0
20533	calc	5013	0
20534	calc	4822	0
20535	abstain_everyday	2850	0
20536	lookup	4854	0
20537	lookup	9195	0
20538	lookup	6759	0
20539	calc	17010	0
20540	calc	10116	0
20541	lookup	3275	0
20542	calc	3986	0
20543	calc	2075	0
20544	abstain_everyday	2595	0
20545	calc	11683	0
20546	calc	14026	1
20547	lookup	7113	0
20548	calc	14412	0
20549	lookup	6465	0
20550	calc	14379	0
20551	calc	11849	0
20552	lookup	2497	0
20553	lookup	1178	0
20554	abstain_everyday	1296	0
20555	lookup	10594	0
20556	abstain_everyday	388	0
20557	calc	11657	0
20558	lookup	47	0
20559	abstain_everyday	299	0
20560	calc	1760	0
20561	lookup	7812	0
20562	calc	3510	0
20563	calc	5047	0
20564	calc	16508	0
20565	lookup	7807	0
20566	abstain_everyday	3824	0
20567	abstain_everyday	118	0
20568	calc	4903	0
20569	lookup	5983	0
20570	calc	8220	0
20571	calc	17742	0
20572	lookup	12096	0
20573	calc	14394	0
20574	abstain_everyday	3553	0
20575	calc	17348	0
20576	abstain_everyday	389	0
20577	calc	19997	0
20578	lookup	6298	0
20579	lookup	1575	0
20580	lookup	8508	0
20581	lookup	9948	0
20582	lookup	6411	0
20583	lookup	4007	0
20584	calc	415	0
20585	abstain_everyday	4526	0
20586	lookup	9336	0
20587	calc	8321	0
20588	lookup	12357	0
20589	lookup	7773	0
20590	lookup	10149	0
20591	abstain_everyday	938	0
20592	calc	18371	0
20593	lookup	9301	0
20594	calc	15059	1
20595	calc	12712	0
20596	abstain_everyday	1105	0
20597	calc	11047	0
20598	abstain_everyday	5766	0
20599	calc	1559	0
20600	calc	2455	0
20601	calc	7890	0
20602	calc	12464	0
20603	calc	16245	0
20604	lookup	5559	0
20605	abstain_everyday	4277	0
20606	calc	17229	0
20607	abstain_everyday	1796	0
20608	calc	15539	0
20609	calc	18476	0
20610	calc	450	0
20611	abstain_everyday	43	0
20612	lookup	8925	0
20613	lookup	8781	0
20614	calc	12249	0
20615	abstain_everyday	1094	0
20616	calc	17252	0
20617	calc	16539	0
20618	abstain_everyday	1765	0
20619	calc	2078	0
20620	lookup	4797	0
20621	lookup	10135	0
20622	calc	6383	0
20623	abstain_everyday	2709	0
20624	lookup	9707	0
20625	calc	4179	0
20626	calc	17792	0
20627	calc	13509	0
20628	calc	2287	0
20629	lookup	9817	0
20630	calc	13451	0
20631	calc	7659	0
20632	calc	16385	0
20633	calc	17781	0
20634	calc	13070	0
20635	calc	5740	0
20636	lookup	8502	0
20637	abstain_everyday	3397	0
20638	lookup	5840	0
20639	calc	6613	0
20640	lookup	11266	0
20641	lookup	5808	0
20642	calc	8838	0
20643	calc	2800	0
20644	calc	15894	0
20645	calc	18009	0
20646	lookup	12141	0
20647	calc	7460	0
20648	calc	663	0
20649	calc	18011	0
20650	calc	7735	0
20651	calc	11183	0
20652	lookup	10502	0
20653	lookup	1794	0
20654	lookup	895	0
20655	calc	18785	0
20656	lookup	11771	0
20657	calc	650	0
20658	calc	2493	0
20659	lookup	5677	0
20660	calc	1418	0
20661	calc	14200	0
20662	calc	7650	0
20663	abstain_everyday	5789	0
20664	lookup	1831	0
20665	lookup	5585	0
20666	calc	9975	0
20667	calc	14001	0
20668	calc	11809	0
20669	lookup	11907	0
20670	calc	16689	0
20671	calc	5365	0
20672	lookup	8048	0
20673	calc	10656	0
20674	calc	4986	0
20675	abstain_everyday	3501	0
20676	calc	1154	0
20677	calc	5189	0
20678	calc	1762	0
20679	abstain_everyday	3567	0
20680	calc	11656	0
20681	calc	17933	0
20682	calc	10956	0
20683	abstain_everyday	3883	0
20684	calc	15865	0
20685	calc	10414	0
20686	lookup	588	0
20687	lookup	5738	0
20688	calc	721	0
20689	calc	11246	0
20690	lookup	1350	0
20691	lookup	7814	0
20692	calc	9586	0
20693	calc	1996	1
20694	calc	9171	0
20695	calc	15328	0
20696	lookup	10582	0
20697	calc	20482	0
20698	lookup	3155	0
20699	lookup	9509	0
20700	abstain_everyday	3033	0
20701	lookup	3126	0
20702	lookup	3142	0
20703	calc	9631	0
20704	lookup	61	0
20705	calc	14829	0
20706	calc	178	0
20707	calc	5367	0
20708	calc	3591	0
20709	calc	2304	0
20710	lookup	6655	0
20711	lookup	4245	0
20712	calc	18925	0
20713	abstain_everyday	1177	0
20714	calc	1828	0
20715	lookup	10654	0
20716	calc	7582	0
20717	abstain_everyday	2497	0
20718	lookup	9416	0
20719	calc	15654	0
20720	calc	3289	0
20721	lookup	1285	0
20722	lookup	9223	0
20723	calc	14177	0
20724	calc	15574	0
20725	abstain_everyday	2234	0
20726	abstain_everyday	5177	0
20727	calc	6895	1
20728	calc	16886	0
20729	lookup	1351	0
20730	calc	16735	0
20731	calc	2131	0
20732	calc	13139	0
20733	lookup	7405	0
20734	calc	19279	0
20735	calc	14956	0
20736	calc	10616	0
20737	calc	7889	0
20738	lookup	3420	0
20739	abstain_everyday	2480	0
20740	calc	21060	0
20741	calc	18366	0
20742	calc	17840	1
20743	lookup	3391	0
20744	lookup	12652	0
20745	calc	16175	0
20746	lookup	10314	0
20747	calc	4019	0
20748	calc	5825	0
20749	lookup	12273	0
20750	calc	8134	0
20751	calc	1582	0
20752	lookup	9379	0
20753	calc	574	0
20754	calc	13710	0
20755	calc	10008	0
20756	lookup	6128	0
20757	calc	12491	0
20758	calc	5012	0
20759	lookup	7128	0
20760	lookup	8171	0
20761	lookup	8864	0
20762	calc	3565	0
20763	calc	6283	0
20764	lookup	8586	0
20765	calc	15255	0
20766	lookup	7273	0
20767	calc	17347	0
20768	lookup	262	0
20769	lookup	7047	0
20770	lookup	1627	0
20771	calc	1620	1
20772	calc	4288	0
20773	lookup	4037	0
20774	calc	789	0
20775	calc	11555	0
20776	lookup	7213	0
20777	calc	108	0
20778	calc	10995	1
20779	lookup	8327	0
20780	abstain_everyday	2765	0
20781	abstain_everyday	976	0
20782	calc	7175	0
20783	calc	9397	0
20784	calc	18500	0
20785	calc	3027	0
20786	calc	5304	0
20787	lookup	106	0
20788	lookup	948	0
20789	lookup	10110	0
20790	calc	15389	0
20791	calc	9726	0
20792	calc	13170	0
20793	lookup	10306	0
20794	calc	18150	0
20795	lookup	4051	0
20796	lookup	4537	0
20797	calc	14476	1
20798	calc	12253	0
20799	calc	18060	0
20800	lookup	5348	0
20801	calc	14767	0
20802	calc	11466	0
20803	lookup	8601	0
20804	abstain_everyday	425	0
20805	lookup	1932	0
20806	abstain_everyday	604	0
20807	calc	19438	0
20808	calc	21004	0
20809	lookup	3149	0
20810	lookup	2018	0
20811	calc	15718	0
20812	calc	6687	0
20813	calc	9464	0
20814	abstain_everyday	5306	0
20815	lookup	7201	0
20816	calc	11908	0
20817	lookup	1142	0
20818	lookup	5868	0
20819	calc	2129	0
20820	calc	12943	0
20821	calc	12260	0
20822	calc	10647	0
20823	calc	7006	0
20824	lookup	11401	0
20825	calc	6013	0
20826	calc	5590	0
20827	calc	5861	0
20828	calc	3718	0
20829	lookup	8342	0
20830	lookup	7933	0
20831	lookup	6659	0
20832	calc	10455	0
20833	calc	9742	0
20834	calc	13243	0
20835	lookup	7703	0
20836	abstain_everyday	3569	0
20837	calc	13695	0
20838	calc	4988	0
20839	lookup	9587	0
20840	calc	8901	0
20841	lookup	8920	0
20842	lookup	5721	0
20843	calc	9189	0
20844	calc	10249	0
20845	calc	3833	0
20846	calc	10393	0
20847	lookup	2879	0
20848	lookup	7373	0
20849	calc	2133	0
20850	abstain_everyday	4724	0
20851	calc	4608	0
20852	lookup	7980	0
20853	calc	18750	1
20854	calc	21028	0
20855	lookup	4758	0
20856	calc	16745	0
20857	abstain_everyday	1723	0
20858	calc	11745	0
20859	calc	13386	0
20860	lookup	3462	0
20861	lookup	822	0
20862	abstain_everyday	1564	0
20863	calc	20521	0
20864	lookup	7920	0
20865	lookup	9551	0
20866	abstain_everyday	2206	0
20867	lookup	5667	0
20868	abstain_everyday	2880	0
20869	calc	12653	0
20870	calc	13886	0
20871	calc	7512	0
20872	calc	16935	0
20873	abstain_everyday	4168	0
20874	abstain_everyday	3175	0
20875	calc	20866	1
20876	lookup	1692	0
20877	lookup	2234	0
20878	lookup	3972	0
20879	lookup	6297	0
20880	calc	10001	0
20881	lookup	539	0
20882	abstain_everyday	3271	0
20883	calc	18677	0
20884	calc	16307	0
20885	lookup	4259	0
20886	calc	12955	0
20887	calc	13041	0
20888	calc	17377	0
20889	lookup	12811	0
20890	abstain_everyday	3326	0
20891	calc	4777	0
20892	calc	19245	0
20893	lookup	9769	0
20894	calc	3729	0
20895	calc	2654	0
20896	calc	18730	0
20897	abstain_everyday	4923	0
20898	lookup	12231	0
20899	calc	7110	0
20900	calc	5804	0
20901	calc	7622	0
20902	calc	1194	0
20903	lookup	2034	0
20904	abstain_everyday	147	0
20905	calc	10460	0
20906	lookup	2848	0
20907	abstain_everyday	3755	0
20908	calc	9228	0
20909	calc	8305	0
20910	lookup	11866	0
20911	lookup	12865	0
20912	calc	20836	1
20913	calc	15194	0
20914	calc	18543	0
20915	lookup	8220	0
20916	calc	19902	0
20917	calc	4280	0
20918	lookup	2508	0
20919	calc	3222	0
20920	lookup	9278	0
20921	calc	5933	0
20922	lookup	278	0
20923	lookup	9217	0
20924	lookup	9395	0
20925	calc	6693	0
20926	lookup	7422	0
20927	calc	12777	0
20928	lookup	434	0
20929	calc	4072	0
20930	calc	20947	0
20931	calc	6386	0
20932	lookup	11586	0
20933	abstain_everyday	2999	0
20934	calc	20982	0
20935	calc	13807	0
20936	calc	247	0
20937	calc	10895	0
20938	lookup	6844	0
20939	calc	17967	0
20940	calc	6886	0
20941	abstain_everyday	1785	0
20942	calc	15744	0
20943	lookup	11843	0
20944	calc	9366	0
20945	lookup	4876	0
20946	calc	4511	0
20947	calc	11179	0
20948	calc	338	0
20949	calc	15028	0
20950	calc	9044	0
20951	calc	16098	0
20952	calc	14251	0
20953	abstain_everyday	3430	0
20954	calc	14536	0
20955	lookup	9125	0
20956	calc	1351	0
20957	lookup	9207	0
20958	calc	10768	0
20959	calc	4654	0
20960	calc	13071	0
20961	abstain_everyday	3201	0
20962	abstain_everyday	4862	0
20963	calc	8087	0
20964	lookup	11491	0
20965	abstain_everyday	2511	0
20966	calc	7790	0
20967	calc	4176	0
20968	calc	9325	0
20969	abstain_everyday	2321	0
20970	calc	11166	0
20971	lookup	2142	0
20972	calc	21064	0
20973	calc	15144	0
20974	calc	16812	0
20975	calc	4282	0
20976	calc	13656	0
20977	lookup	8877	0
20978	calc	13221	0
20979	calc	15473	0
20980	lookup	2418	0
20981	calc	9618	0
20982	calc	17436	0
20983	lookup	4077	0
20984	calc	2714	0
20985	lookup	10575	0
20986	calc	9129	0
20987	lookup	5896	0
20988	calc	11803	0
20989	lookup	816	0
20990	calc	1132	0
20991	calc	1850	0
20992	lookup	9325	0
20993	lookup	7129	0
20994	calc	10807	0
20995	lookup	10543	0
20996	calc	1666	0
20997	calc	2254	0
20998	calc	18947	0
20999	abstain_everyday	3312	0
21000	calc	14628	0
21001	lookup	30	0
21002	lookup	2375	0
21003	calc	2919	1
21004	abstain_everyday	5590	0
21005	lookup	4666	0
21006	calc	5964	0
21007	calc	11603	0
21008	calc	1372	0
21009	calc	16693	0
21010	abstain_everyday	5562	0
21011	lookup	12313	0
21012	lookup	5764	0
21013	calc	433	0
21014	abstain_everyday	4681	0
21015	lookup	12743	0
21016	calc	8340	0
21017	lookup	7253	0
21018	calc	1079	0
21019	lookup	5378	0
21020	calc	21008	0
21021	calc	19400	0
21022	abstain_everyday	2930	0
21023	lookup	3613	0
21024	calc	2818	0
21025	calc	11168	0
21026	calc	5787	0
21027	calc	8968	0
21028	abstain_everyday	2991	0
21029	calc	12881	0
21030	lookup	12424	0
21031	calc	6006	0
21032	calc	3287	0
21033	calc	19309	0
21034	calc	1626	0
21035	lookup	185	0
21036	abstain_everyday	1977	0
21037	lookup	9083	0
21038	abstain_everyday	419	0
21039	calc	1826	0
21040	abstain_everyday	1569	0
21041	lookup	8725	0
21042	calc	8478	0
21043	calc	9528	0
21044	calc	11774	1
21045	calc	3507	0
21046	lookup	4433	0
21047	calc	3149	0
21048	calc	11152	0
21049	lookup	1075	0
21050	calc	9894	0
21051	lookup	8780	0
21052	calc	1726	0
21053	abstain_everyday	1769	0
21054	calc	20554	0
21055	calc	8194	0
21056	lookup	5182	0
21057	lookup	10864	0
21058	abstain_everyday	489	0
21059	lookup	3602	0
21060	lookup	5353	0
21061	calc	16164	0
21062	calc	18576	1
21063	calc	2788	0
21064	lookup	10544	0
21065	calc	204	0
21066	lookup	1879	0
21067	calc	5664	0
21068	calc	4563	0
21069	lookup	7091	0
21070	abstain_everyday	4673	0
21071	lookup	12483	0
21072	abstain_everyday	2286	0
21073	calc	16632	0
21074	lookup	1349	0
21075	calc	16524	0
21076	lookup	3487	0
21077	calc	10415	0
21078	lookup	11322	0
21079	abstain_everyday	4275	0
21080	calc	18869	0
21081	lookup	11489	0
21082	calc	15652	0
21083	lookup	5432	0
21084	lookup	3374	0
21085	lookup	10469	0
21086	calc	8014	0
21087	lookup	3604	0
21088	calc	7344	0
21089	abstain_everyday	3663	0
21090	calc	12783	1
21091	calc	4291	0
21092	abstain_everyday	133	0
21093	lookup	5953	0
21094	calc	3533	0
21095	calc	12298	0
21096	abstain_everyday	2806	0
21097	calc	14420	0
21098	calc	18395	0
21099	calc	13512	0
21100	calc	14441	0
21101	calc	16214	0
21102	calc	16195	0
21103	calc	1989	0
21104	calc	16487	0
21105	abstain_everyday	2760	0
21106	lookup	12330	0
21107	calc	9371	0
21108	lookup	8672	0
21109	calc	13990	0
21110	calc	8826	0
21111	lookup	3113	0
21112	calc	15295	0
21113	lookup	5220	0
21114	abstain_everyday	2867	0
21115	lookup	382	0
21116	calc	4541	0
21117	abstain_everyday	3331	0
21118	calc	17154	0
21119	abstain_everyday	5702	0
21120	calc	11533	0
21121	calc	6334	0
21122	lookup	310	0
21123	calc	7643	0
21124	calc	4911	0
21125	lookup	234	0
21126	lookup	7193	0
21127	calc	5715	0
21128	calc	4429	0
21129	calc	17475	0
21130	abstain_everyday	1487	0
21131	calc	11767	0
21132	abstain_everyday	2697	0
21133	calc	13165	0
21134	calc	1272	0
21135	calc	14715	0
21136	calc	1739	0
21137	calc	12149	0
21138	calc	6838	0
21139	lookup	10092	0
21140	abstain_everyday	255	0
21141	lookup	7484	0
21142	lookup	1548	0
21143	calc	8849	0
21144	lookup	1527	0
21145	calc	4833	0
21146	calc	4221	0
21147	calc	8118	0
21148	calc	13821	1
21149	lookup	8040	0
21150	calc	5040	0
21151	calc	6192	0
21152	lookup	138	0
21153	abstain_everyday	1774	0
21154	calc	11969	0
21155	calc	15426	0
21156	lookup	5443	0
21157	calc	2152	0
21158	calc	7732	1
21159	calc	14928	0
21160	calc	16996	0
21161	calc	12828	0
21162	lookup	7021	0
21163	lookup	8142	0
21164	calc	2196	0
21165	calc	1649	0
21166	lookup	1309	0
21167	calc	7679	0
21168	lookup	8837	0
21169	calc	15909	0
21170	lookup	10842	0
21171	calc	15826	0
21172	calc	20678	0
21173	calc	306	0
21174	abstain_everyday	1020	0
21175	calc	20826	0
21176	lookup	5759	0
21177	calc	12502	0
21178	calc	15823	1
21179	calc	13192	0
21180	abstain_everyday	4640	0
21181	calc	6867	0
21182	calc	18548	0
21183	calc	8258	0
21184	lookup	1775	0
21185	calc	17831	0
21186	calc	2886	0
21187	calc	7794	0
21188	calc	15616	0
21189	calc	12831	0
21190	calc	11022	0
21191	lookup	3550	0
21192	lookup	9252	0
21193	calc	5973	0
21194	abstain_everyday	4360	0
21195	calc	7062	0
21196	lookup	12137	0
21197	calc	16463	0
21198	lookup	10818	0
21199	lookup	2199	0
21200	lookup	1138	0
21201	lookup	4974	0
21202	lookup	7409	0
21203	lookup	3649	0
21204	calc	20607	0
21205	calc	20318	0
21206	calc	18180	0
21207	abstain_everyday	4002	0
21208	calc	17554	0
21209	calc	2888	0
21210	calc	13145	0
21211	abstain_everyday	759	0
21212	calc	16977	0
21213	lookup	11672	0
21214	abstain_everyday	5416	0
21215	calc	12898	0
21216	calc	2769	0
21217	calc	4767	0
21218	lookup	5958	0
21219	lookup	6003	0
21220	lookup	7565	0
21221	calc	2333	0
21222	calc	18227	0
21223	abstain_everyday	1109	0
21224	lookup	3571	0
21225	calc	19076	0
21226	lookup	9574	0
21227	lookup	1638	0
21228	calc	11986	1
21229	calc	2100	0
21230	calc	11547	0
21231	abstain_everyday	2716	0
21232	lookup	3392	0
21233	calc	17864	0
21234	calc	8068	0
21235	lookup	8829	0
21236	calc	3570	0
21237	calc	17302	0
21238	abstain_everyday	1461	0
21239	abstain_everyday	748	0
21240	calc	11149	0
21241	calc	7903	0
21242	calc	13770	0
21243	calc	1453	0
21244	calc	7862	0
21245	lookup	8828	0
21246	calc	791	0
21247	abstain_everyday	5591	0
21248	calc	15932	0
21249	lookup	11529	0
21250	abstain_everyday	4698	0
21251	calc	18407	0
21252	lookup	12385	0
21253	abstain_everyday	5640	0
21254	calc	20831	0
21255	calc	17367	0
21256	abstain_everyday	2554	0
21257	calc	1864	0
21258	lookup	4344	0
21259	calc	5751	0
21260	abstain_everyday	403	0
21261	lookup	2772	0
21262	calc	4409	0
21263	lookup	10158	0
21264	calc	2264	0
21265	lookup	8699	0
21266	calc	12857	0
21267	lookup	6724	0
21268	calc	1060	0
21269	calc	19111	0
21270	abstain_everyday	1681	0
21271	calc	5914	0
21272	lookup	4427	0
21273	abstain_everyday	961	0
21274	calc	14683	0
21275	calc	9572	0
21276	abstain_everyday	4239	0
21277	calc	2975	0
21278	calc	11889	0
21279	calc	20972	0
21280	abstain_everyday	4051	0
21281	calc	20847	0
21282	abstain_everyday	2161	0
21283	abstain_everyday	214	0
21284	calc	20641	1
21285	abstain_everyday	2405	0
21286	calc	17522	0
21287	lookup	1452	0
21288	calc	3465	0
21289	lookup	7810	0
21290	lookup	9097	0
21291	lookup	12783	0
21292	calc	16851	0
21293	calc	812	0
21294	calc	20161	0
21295	calc	13932	0
21296	calc	569	0
21297	calc	9654	0
21298	abstain_everyday	628	0
21299	lookup	125	0
21300	calc	12132	0
21301	calc	15132	0
21302	calc	5564	1
21303	abstain_everyday	2182	0
21304	lookup	8712	0
21305	lookup	4153	0
21306	lookup	1408	0
21307	calc	16750	0
21308	calc	18089	0
21309	calc	5140	0
21310	lookup	1579	0
21311	calc	7319	0
21312	lookup	12770	0
21313	lookup	807	0
21314	calc	5196	0
21315	lookup	9815	0
21316	abstain_everyday	3789	0
21317	calc	3845	0
21318	calc	17292	0
21319	calc	7563	0
21320	lookup	2349	0
21321	lookup	5206	0
21322	lookup	11104	0
21323	calc	14367	0
21324	calc	5671	0
21325	calc	2039	1
21326	calc	16770	0
21327	abstain_everyday	3971	0
21328	calc	11751	0
21329	lookup	10868	0
21330	abstain_everyday	2190	0
21331	calc	19868	0
21332	calc	5956	0
21333	lookup	5539	0
21334	lookup	11897	0
21335	calc	3607	0
21336	calc	937	0
21337	calc	17066	0
21338	calc	8078	0
21339	abstain_everyday	197	0
21340	calc	1986	0
21341	calc	13314	0
21342	lookup	6161	0
21343	calc	462	0
21344	abstain_everyday	4040	0
21345	calc	1548	0
21346	calc	3191	0
21347	lookup	11010	0
21348	calc	17610	0
21349	calc	2454	0
21350	calc	7466	0
21351	calc	18470	0
21352	calc	11689	0
21353	lookup	7407	0
21354	abstain_everyday	5574	0
21355	lookup	8640	0
21356	lookup	4743	0
21357	lookup	8955	0
21358	calc	4735	0
21359	calc	13375	0
21360	abstain_everyday	2841	0
21361	calc	13564	0
21362	abstain_everyday	2804	0
21363	calc	10442	1
21364	abstain_everyday	1749	0
21365	abstain_everyday	4192	0
21366	calc	19293	0
21367	calc	17036	0
21368	lookup	332	0
21369	calc	12056	1
21370	calc	1285	0
21371	calc	13432	0
21372	calc	9126	0
21373	calc	20969	0
21374	calc	2010	0
21375	calc	9	0
21376	abstain_everyday	2719	0
21377	calc	5426	0
21378	calc	1468	0
21379	calc	41	0
21380	calc	2038	0
21381	calc	378	1
21382	calc	13667	0
21383	calc	11044	0
21384	lookup	4417	0
21385	abstain_everyday	2632	0
21386	lookup	4332	0
21387	abstain_everyday	2935	0
21388	lookup	663	0
21389	calc	18386	0
21390	abstain_everyday	1095	0
21391	abstain_everyday	4412	0
21392	calc	2579	0
21393	abstain_everyday	1254	0
21394	lookup	6306	0
21395	calc	1677	0
21396	lookup	200	0
21397	lookup	2977	0
21398	calc	6589	0
21399	calc	3237	0
21400	calc	4056	0
21401	calc	3550	0
21402	lookup	5147	0
21403	calc	3070	0
21404	abstain_everyday	3142	0
21405	calc	10506	0
21406	calc	4206	1
21407	calc	10625	0
21408	lookup	10409	0
21409	calc	11016	0
21410	calc	17490	0
21411	calc	4637	0
21412	calc	11358	1
21413	calc	18417	0
21414	calc	2438	0
21415	abstain_everyday	925	0
21416	calc	1794	0
21417	lookup	9085	0
21418	calc	5663	0
21419	lookup	4570	0
21420	abstain_everyday	3953	0
21421	lookup	10693	0
21422	calc	6034	0
21423	lookup	3355	0
21424	calc	10963	0
21425	lookup	11448	0
21426	abstain_everyday	4688	0
21427	calc	6417	0
21428	calc	4706	0
21429	calc	5985	0
21430	lookup	4368	0
21431	abstain_everyday	1535	0
21432	abstain_everyday	3764	0
21433	abstain_everyday	1768	0
21434	lookup	11749	0
21435	lookup	10859	0
21436	calc	5673	0
21437	lookup	10986	0
21438	calc	11514	0
21439	lookup	5198	0
21440	calc	1152	0
21441	calc	7760	0
21442	abstain_everyday	4711	0
21443	calc	914	0
21444	lookup	4353	0
21445	calc	6791	0
21446	calc	7208	0
21447	calc	9212	0
21448	lookup	6393	0
21449	lookup	12740	0
21450	calc	7639	0
21451	lookup	9275	0
21452	lookup	10414	0
21453	calc	7895	0
21454	calc	3893	0
21455	lookup	5760	0
21456	lookup	6232	0
21457	calc	17501	0
21458	calc	5223	0
21459	abstain_everyday	4772	0
21460	abstain_everyday	3779	0
21461	lookup	11306	0
21462	calc	784	0
21463	calc	1295	0
21464	lookup	8262	0
21465	calc	17673	0
21466	lookup	8614	0
21467	calc	8803	0
21468	calc	3436	0
21469	lookup	9101	0
21470	lookup	9361	0
21471	abstain_everyday	1139	0
21472	lookup	6276	0
21473	calc	8675	0
21474	abstain_everyday	2573	0
21475	lookup	1964	0
21476	calc	474	0
21477	calc	13435	0
21478	abstain_everyday	1953	0
21479	calc	18918	0
21480	abstain_everyday	3951	0
21481	calc	5948	0
21482	abstain_everyday	5554	0
21483	abstain_everyday	3032	0
21484	calc	14387	0
21485	lookup	5236	0
21486	lookup	12836	0
21487	calc	13542	0
21488	calc	18784	0
21489	calc	10801	0
21490	calc	14213	1
21491	abstain_everyday	2349	0
21492	calc	1479	0
21493	calc	1310	0
21494	calc	5550	0
21495	lookup	12739	0
21496	abstain_everyday	2395	0
21497	calc	16994	0
21498	calc	11701	0
21499	calc	8273	0
21500	calc	1542	0
21501	lookup	2003	0
21502	calc	14704	0
21503	calc	6913	0
21504	calc	10104	0
21505	calc	6141	0
21506	calc	10561	0
21507	calc	7666	0
21508	abstain_everyday	2304	0
21509	lookup	10376	0
21510	calc	1965	0
21511	lookup	7288	0
21512	lookup	3143	0
21513	calc	14811	0
21514	abstain_everyday	4592	0
21515	calc	2734	0
21516	lookup	4944	0
21517	calc	10300	0
21518	calc	4980	0
21519	calc	14066	0
21520	calc	4130	0
21521	calc	14559	0
21522	lookup	4087	0
21523	lookup	7793	0
21524	calc	3024	0
21525	lookup	11097	0
21526	calc	8791	0
21527	calc	8419	0
21528	lookup	6720	0
21529	lookup	5681	0
21530	calc	12003	0
21531	lookup	7628	0
21532	abstain_everyday	5507	0
21533	lookup	9563	0
21534	lookup	2209	0
21535	calc	625	0
21536	lookup	9772	0
21537	calc	5522	0
21538	lookup	12520	0
21539	calc	19103	0
21540	lookup	2882	0
21541	calc	5710	1
21542	calc	17299	0
21543	calc	14656	0
21544	lookup	10863	0
21545	calc	5653	0
21546	calc	1239	0
21547	lookup	8952	0
21548	calc	11216	0
21549	lookup	3791	0
21550	calc	9354	0
21551	abstain_everyday	935	0
21552	lookup	6251	0
21553	abstain_everyday	1308	0
21554	abstain_everyday	2028	0
21555	calc	10049	0
21556	lookup	11076	0
21557	lookup	9181	0
21558	calc	4304	0
21559	lookup	5038	0
21560	lookup	9693	0
21561	abstain_everyday	1215	0
21562	calc	16646	0
21563	lookup	2416	0
21564	abstain_everyday	3119	0
21565	calc	8854	0
21566	calc	20389	0
21567	lookup	4809	0
21568	abstain_everyday	5392	0
21569	calc	19770	0
21570	abstain_everyday	31	0
21571	lookup	5686	0
21572	calc	5207	0
21573	calc	3154	1
21574	calc	15831	0
21575	calc	39	0
21576	lookup	2204	0
21577	calc	15021	0
21578	calc	19423	0
21579	calc	2182	0
21580	abstain_everyday	117	0
21581	lookup	11296	0
21582	calc	18052	0
21583	abstain_everyday	3662	0
21584	calc	2754	0
21585	calc	11361	0
21586	calc	15548	0
21587	calc	13662	0
21588	calc	3713	0
21589	calc	17570	0
21590	calc	20194	0
21591	calc	17106	0
21592	calc	286	0
21593	calc	10755	0
21594	calc	8241	0
21595	lookup	621	0
21596	calc	12317	0
21597	calc	12402	0
21598	calc	13186	1
21599	lookup	19	0
21600	calc	18320	0
21601	calc	6218	0
21602	lookup	6271	0
21603	calc	938	0
21604	abstain_everyday	5039	0
21605	calc	19733	0
21606	calc	15116	0
21607	calc	18326	0
21608	lookup	9151	0
21609	lookup	5714	0
21610	calc	17219	0
21611	calc	13685	0
21612	calc	18556	0
21613	lookup	5004	0
21614	abstain_everyday	2994	0
21615	abstain_everyday	4628	0
21616	lookup	4896	0
21617	lookup	8345	0
21618	lookup	187	0
21619	abstain_everyday	1013	0
21620	lookup	8985	0
21621	calc	12808	0
21622	lookup	6897	0
21623	calc	9116	0
21624	calc	7140	0
21625	lookup	11610	0
21626	calc	5850	1
21627	abstain_everyday	5036	0
21628	abstain_everyday	5636	0
21629	lookup	1475	0
21630	abstain_everyday	3423	0
21631	calc	16660	0
21632	calc	8958	0
21633	calc	14247	0
21634	lookup	11066	0
21635	calc	15950	0
21636	calc	13958	0
21637	calc	5500	0
21638	calc	3189	0
21639	calc	5557	0
21640	calc	4992	0
21641	abstain_everyday	5802	0
21642	abstain_everyday	5197	0
21643	calc	7184	0
21644	calc	7214	0
21645	lookup	3915	0
21646	calc	18264	0
21647	lookup	12431	0
21648	lookup	848	0
21649	calc	8744	0
21650	calc	5526	0
21651	lookup	10793	0
21652	lookup	10579	0
21653	lookup	4799	0
21654	calc	5842	0
21655	lookup	1534	0
21656	calc	14123	0
21657	lookup	5888	0
21658	calc	9516	0
21659	calc	16241	0
21660	calc	17447	0
21661	abstain_everyday	888	0
21662	abstain_everyday	4697	0
21663	lookup	1587	0
21664	abstain_everyday	4122	0
21665	calc	63	0
21666	lookup	10430	0
21667	calc	19676	0
21668	calc	14286	0
21669	abstain_everyday	5683	0
21670	lookup	4336	0
21671	abstain_everyday	1417	0
21672	lookup	39	0
21673	lookup	6340	0
21674	calc	7428	0
21675	lookup	11814	0
21676	lookup	10735	0
21677	calc	4506	0
21678	calc	16024	0
21679	abstain_everyday	1867	0
21680	lookup	5743	0
21681	calc	10333	0
21682	calc	15635	0
21683	calc	12526	0
21684	abstain_everyday	5061	0
21685	lookup	6643	0
21686	abstain_everyday	658	0
21687	lookup	10720	0
21688	calc	10838	0
21689	calc	1886	0
21690	lookup	1585	0
21691	calc	6199	1
21692	lookup	1429	0
21693	lookup	10050	0
21694	calc	7881	0
21695	calc	2954	0
21696	lookup	962	0
21697	calc	1912	0
21698	calc	20466	0
21699	calc	9510	0
21700	calc	5334	0
21701	calc	12627	0
21702	lookup	9541	0
21703	lookup	10273	0
21704	abstain_everyday	5528	0
21705	lookup	3202	0
21706	calc	9445	0
21707	lookup	593	0
21708	calc	9957	0
21709	calc	19826	1
21710	calc	5848	0
21711	abstain_everyday	4447	0
21712	lookup	190	0
21713	calc	19605	0
21714	calc	16077	0
21715	lookup	8566	0
21716	abstain_everyday	4541	0
21717	lookup	5356	0
21718	calc	12206	0
21719	calc	7877	0
21720	calc	2554	0
21721	lookup	9594	0
21722	lookup	11891	0
21723	calc	15278	0
21724	calc	7874	0
21725	abstain_everyday	782	0
21726	calc	18282	0
21727	calc	12901	0
21728	abstain_everyday	5701	0
21729	calc	17335	0
21730	calc	10373	0
21731	lookup	8185	0
21732	lookup	2845	0
21733	calc	18317	0
21734	calc	18284	0
21735	calc	14766	0
21736	lookup	2115	0
21737	lookup	2748	0
21738	calc	19750	0
21739	lookup	9444	0
21740	calc	11062	0
21741	lookup	3795	0
21742	lookup	3843	0
21743	lookup	6463	0
21744	calc	17791	0
21745	lookup	3050	0
21746	calc	10719	0
21747	calc	9221	0
21748	lookup	11990	0
21749	calc	11236	0
21750	calc	3452	0
21751	calc	11877	0
21752	calc	15783	0
21753	calc	13914	0
21754	calc	6716	0
21755	abstain_everyday	1220	0
21756	calc	13902	0
21757	lookup	11183	0
21758	calc	5242	0
21759	lookup	7322	0
21760	lookup	12588	0
21761	calc	10498	0
21762	abstain_everyday	1748	0
21763	calc	13436	0
21764	lookup	2703	0
21765	lookup	795	0
21766	calc	10453	0
21767	calc	20315	0
21768	calc	16934	0
21769	lookup	3218	0
21770	abstain_everyday	4375	0
21771	abstain_everyday	4933	0
21772	calc	20346	0
21773	calc	10924	0
21774	calc	15061	0
21775	lookup	8775	0
21776	lookup	583	0
21777	calc	8451	0
21778	calc	5127	0
21779	lookup	11269	0
21780	lookup	1290	0
21781	lookup	11900	0
21782	calc	1528	0
21783	lookup	7426	0
21784	lookup	4902	0
21785	lookup	5992	0
21786	lookup	9461	0
21787	calc	20167	0
21788	calc	3611	0
21789	calc	6728	0
21790	lookup	5594	0
21791	calc	15171	0
21792	calc	5424	0
21793	calc	2297	0
21794	abstain_everyday	1825	0
21795	calc	3084	0
21796	calc	20654	0
21797	calc	10946	0
21798	calc	3887	0
21799	lookup	1189	0
21800	lookup	4633	0
21801	lookup	6662	0
21802	lookup	11242	0
21803	lookup	12627	0
21804	calc	11391	0
21805	lookup	5098	0
21806	lookup	5914	0
21807	lookup	7204	0
21808	calc	16376	0
21809	calc	3571	0
21810	abstain_everyday	873	0
21811	abstain_everyday	1750	0
21812	abstain_everyday	2969	0
21813	lookup	333	0
21814	lookup	2335	0
21815	calc	6111	0
21816	calc	16314	0
21817	lookup	8871	0
21818	calc	2855	0
21819	lookup	1768	0
21820	calc	16878	0
21821	calc	18079	0
21822	calc	14595	0
21823	lookup	11208	0
21824	lookup	1857	0
21825	lookup	1482	0
21826	calc	12874	0
21827	calc	9370	0
21828	lookup	11147	0
21829	calc	9052	0
21830	calc	9341	0
21831	calc	274	0
21832	lookup	2298	0
21833	abstain_everyday	75	0
21834	calc	8659	0
21835	calc	8276	0
21836	abstain_everyday	1511	0
21837	calc	4390	0
21838	calc	18019	1
21839	calc	14436	0
21840	lookup	9189	0
21841	calc	11344	0
21842	lookup	8582	0
21843	calc	7437	0
21844	calc	1823	0
21845	abstain_everyday	3442	0
21846	calc	3438	0
21847	abstain_everyday	1137	0
21848	calc	1103	0
21849	calc	5604	0
21850	abstain_everyday	1805	0
21851	calc	1181	0
21852	calc	10213	0
21853	abstain_everyday	4376	0
21854	lookup	9902	0
21855	abstain_everyday	2305	0
21856	calc	11464	0
21857	lookup	5259	0
21858	calc	11787	0
21859	lookup	2405	0
21860	lookup	8762	0
21861	lookup	3073	0
21862	calc	12273	0
21863	lookup	9414	0
21864	abstain_everyday	5284	0
21865	calc	15525	0
21866	lookup	12591	0
21867	lookup	1423	0
21868	calc	559	0
21869	lookup	12120	0
21870	calc	5302	0
21871	calc	19280	0
21872	lookup	1653	0
21873	calc	18977	0
21874	calc	18499	0
21875	abstain_everyday	2105	0
21876	lookup	10733	0
21877	calc	10478	0
21878	calc	3879	0
21879	calc	4451	0
21880	calc	17764	0
21881	calc	10225	0
21882	calc	3615	0
21883	abstain_everyday	1689	0
21884	calc	11539	0
21885	calc	7455	0
21886	abstain_everyday	5385	0
21887	calc	19523	0
21888	lookup	6913	0
21889	abstain_everyday	5807	0
21890	calc	6375	0
21891	calc	9332	0
21892	calc	7135	0
21893	calc	5700	0
21894	abstain_everyday	160	0
21895	calc	14875	0
21896	calc	19844	0
21897	calc	19976	0
21898	calc	924	0
21899	calc	403	0
21900	abstain_everyday	3819	0
21901	abstain_everyday	723	0
21902	calc	18212	0
21903	lookup	1193	0
21904	abstain_everyday	711	0
21905	calc	7886	0
21906	calc	2344	0
21907	calc	20874	0
21908	calc	11306	0
21909	lookup	7600	0
21910	calc	11186	0
21911	calc	3004	0
21912	lookup	3022	0
21913	calc	15787	0
21914	calc	13762	0
21915	calc	11077	0
21916	lookup	6836	0
21917	lookup	4013	0
21918	calc	10940	0
21919	calc	5852	0
21920	lookup	7690	0
21921	lookup	7633	0
21922	calc	232	0
21923	calc	180	0
21924	abstain_everyday	3144	0
21925	abstain_everyday	1261	0
21926	calc	14227	0
21927	calc	12905	0
21928	calc	18523	0
21929	lookup	3163	0
21930	calc	20988	0
21931	lookup	1127	0
21932	abstain_everyday	2629	0
21933	lookup	7978	0
21934	calc	12989	0
21935	calc	19555	0
21936	lookup	12064	0
21937	lookup	6223	0
21938	lookup	8557	0
21939	calc	7586	0
21940	lookup	2025	0
21941	abstain_everyday	731	0
21942	lookup	7662	0
21943	abstain_everyday	2354	0
21944	calc	12140	1
21945	calc	9321	0
21946	abstain_everyday	2063	0
21947	calc	16879	0
21948	lookup	11980	0
21949	calc	17358	0
21950	calc	50	0
21951	lookup	10484	0
21952	calc	18833	0
21953	calc	5996	0
21954	lookup	1771	0
21955	calc	3988	0
21956	calc	17213	0
21957	calc	3092	0
21958	abstain_everyday	1051	0
21959	calc	7003	0
21960	lookup	12796	0
21961	lookup	5763	0
21962	calc	9694	1
21963	calc	5025	0
21964	abstain_everyday	3791	0
21965	calc	3486	0
21966	lookup	3623	0
21967	calc	2701	0
21968	abstain_everyday	772	0
21969	abstain_everyday	4189	0
21970	lookup	5075	0
21971	abstain_everyday	2609	0
21972	calc	20136	0
21973	abstain_everyday	700	0
21974	calc	10346	0
21975	calc	5670	0
21976	lookup	1364	0
21977	lookup	1303	0
21978	calc	5887	0
21979	lookup	8083	0
21980	lookup	5982	0
21981	calc	19019	0
21982	calc	6268	0
21983	lookup	12597	0
21984	calc	8827	0
21985	calc	14002	0
21986	calc	15480	0
21987	calc	2727	0
21988	lookup	10724	0
21989	lookup	3047	0
21990	calc	17580	0
21991	lookup	11331	0
21992	lookup	5549	0
21993	calc	4714	0
21994	calc	16104	0
21995	calc	17214	0
21996	lookup	8589	0
21997	calc	14839	0
21998	lookup	6337	0
21999	abstain_everyday	3649	0
22000	calc	14466	0
22001	lookup	6314	0
22002	lookup	3191	0
22003	lookup	12789	0
22004	abstain_everyday	1696	0
22005	calc	20471	0
22006	abstain_everyday	902	0
22007	lookup	12359	0
22008	calc	5035	0
22009	calc	13943	0
22010	calc	14855	0
22011	calc	521	0
22012	lookup	9146	0
22013	lookup	128	0
22014	calc	12992	1
22015	lookup	4895	0
22016	lookup	1324	0
22017	calc	15722	0
22018	calc	15057	0
22019	calc	13600	0
22020	abstain_everyday	1120	0
22021	lookup	11263	0
22022	calc	15413	0
22023	abstain_everyday	2401	0
22024	calc	15800	0
22025	calc	15966	0
22026	lookup	6995	0
22027	lookup	11623	0
22028	lookup	9267	0
22029	abstain_everyday	2348	0
22030	calc	13810	0
22031	lookup	3705	0
22032	lookup	6982	0
22033	lookup	2606	0
22034	lookup	12703	0
22035	calc	10447	0
22036	calc	17983	0
22037	lookup	5803	0
22038	lookup	5769	0
22039	lookup	5248	0
22040	lookup	1878	0
22041	abstain_everyday	4515	0
22042	lookup	12365	0
22043	calc	12956	0
22044	calc	8632	0
22045	calc	9765	0
22046	calc	15303	0
22047	calc	20380	0
22048	lookup	3285	0
22049	calc	4577	0
22050	calc	8700	0
22051	calc	7206	0
22052	calc	16134	0
22053	calc	19599	0
22054	lookup	8328	0
22055	lookup	9603	0
22056	abstain_everyday	3703	0
22057	lookup	8540	0
22058	calc	5037	0
22059	calc	12865	0
22060	calc	7813	0
22061	lookup	4080	0
22062	lookup	977	0
22063	calc	13949	0
22064	calc	8403	0
22065	calc	11084	0
22066	calc	7793	0
22067	calc	9983	0
22068	calc	16790	1
22069	calc	16987	0
22070	calc	11519	0
22071	calc	13	0
22072	abstain_everyday	4044	0
22073	calc	8012	0
22074	lookup	808	0
22075	calc	5518	0
22076	calc	8209	1
22077	calc	13330	0
22078	calc	15545	0
22079	lookup	10096	0
22080	calc	20324	0
22081	lookup	8600	0
22082	calc	13750	0
22083	calc	308	0
22084	calc	18170	0
22085	lookup	2236	0
22086	lookup	11693	0
22087	abstain_everyday	137	0
22088	calc	2170	0
22089	lookup	311	0
22090	abstain_everyday	4734	0
22091	lookup	10083	0
22092	calc	20754	0
22093	lookup	6056	0
22094	calc	13880	0
22095	lookup	10492	0
22096	calc	13319	0
22097	lookup	7748	0
22098	calc	14566	0
22099	calc	10188	0
22100	calc	8211	0
22101	calc	15052	1
22102	calc	5001	0
22103	lookup	3686	0
22104	lookup	12255	0
22105	calc	11050	0
22106	lookup	2964	0
22107	calc	5628	0
22108	calc	6466	0
22109	calc	6317	0
22110	abstain_everyday	3359	0
22111	lookup	8734	0
22112	lookup	12378	0
22113	calc	20247	0
22114	calc	13180	0
22115	lookup	12435	0
22116	abstain_everyday	5020	0
22117	lookup	8361	0
22118	calc	20534	0
22119	abstain_everyday	2068	0
22120	abstain_everyday	1299	0
22121	calc	6212	0
22122	abstain_everyday	1199	0
22123	calc	7531	0
22124	calc	11024	0
22125	calc	15106	0
22126	calc	15125	0
22127	calc	20672	0
22128	abstain_everyday	2762	0
22129	calc	17953	1
22130	calc	16581	0
22131	lookup	3318	0
22132	lookup	3874	0
22133	lookup	4106	0
22134	abstain_everyday	2936	0
22135	calc	13893	0
22136	abstain_everyday	3050	0
22137	calc	9888	0
22138	abstain_everyday	1897	0
22139	abstain_everyday	5272	0
22140	calc	18618	0
22141	calc	3847	0
22142	calc	1265	0
22143	abstain_everyday	5813	0
22144	calc	10125	0
22145	abstain_everyday	1286	0
22146	calc	11203	0
22147	calc	13370	0
22148	abstain_everyday	62	0
22149	lookup	2201	0
22150	calc	839	0
22151	calc	16239	0
22152	lookup	9113	0
22153	lookup	6400	0
22154	abstain_everyday	3938	0
22155	calc	10631	0
22156	lookup	6657	0
22157	calc	9278	0
22158	calc	5872	0
22159	calc	398	0
22160	calc	13833	0
22161	lookup	12545	0
22162	calc	10258	0
22163	calc	9147	0
22164	calc	16232	0
22165	abstain_everyday	438	0
22166	lookup	11256	0
22167	lookup	12713	0
22168	lookup	12530	0
22169	lookup	9447	0
22170	lookup	6323	0
22171	calc	2744	0
22172	calc	15283	0
22173	lookup	6731	0
22174	abstain_everyday	5432	0
22175	lookup	2214	0
22176	lookup	2612	0
22177	lookup	10251	0
22178	calc	6854	0
22179	lookup	5183	0
22180	calc	10652	0
22181	lookup	1422	0
22182	calc	8225	0
22183	lookup	10373	0
22184	calc	8757	0
22185	lookup	8785	0
22186	lookup	9942	0
22187	lookup	12549	0
22188	lookup	3357	0
22189	calc	672	0
22190	lookup	2933	0
22191	calc	15230	0
22192	calc	11819	0
22193	calc	5533	0
22194	calc	17907	0
22195	calc	11288	1
22196	calc	4313	0
22197	lookup	6878	0
22198	abstain_everyday	3717	0
22199	lookup	7085	0
22200	calc	13316	0
22201	abstain_everyday	5024	0
22202	lookup	759	0
22203	lookup	9709	0
22204	lookup	10127	0
22205	lookup	12805	0
22206	calc	13163	0
22207	calc	18513	0
22208	calc	3659	0
22209	lookup	7643	0
22210	lookup	9105	0
22211	lookup	5634	0
22212	lookup	3681	0
22213	lookup	2227	0
22214	lookup	7977	0
22215	lookup	655	0
22216	calc	9257	0
22217	lookup	2545	0
22218	calc	6277	0
22219	abstain_everyday	2228	0
22220	calc	7957	0
22221	abstain_everyday	709	0
22222	calc	2017	0
22223	lookup	6292	0
22224	calc	21018	0
22225	lookup	3938	0
22226	lookup	9733	0
22227	calc	6642	0
22228	abstain_everyday	1336	0
22229	lookup	5225	0
22230	lookup	4712	0
22231	calc	7502	0
22232	calc	6053	0
22233	lookup	2218	0
22234	calc	18436	0
22235	lookup	9731	0
22236	lookup	5711	0
22237	calc	5019	0
22238	lookup	5690	0
22239	lookup	7890	0
22240	abstain_everyday	4414	0
22241	abstain_everyday	2445	0
22242	calc	2700	0
22243	abstain_everyday	5255	0
22244	lookup	6644	0
22245	lookup	307	0
22246	calc	16870	0
22247	calc	8762	0
22248	calc	10017	0
22249	calc	7980	0
22250	abstain_everyday	3962	0
22251	abstain_everyday	554	0
22252	calc	7851	0
22253	calc	2164	0
22254	lookup	7248	0
22255	lookup	10272	0
22256	calc	13043	0
22257	calc	18719	0
22258	abstain_everyday	574	0
22259	lookup	6129	0
22260	calc	1668	0
22261	calc	8046	0
22262	lookup	7815	0
22263	calc	11684	0
22264	lookup	10837	0
22265	lookup	2054	0
22266	lookup	12225	0
22267	lookup	8080	0
22268	abstain_everyday	1914	0
22269	calc	11189	0
22270	lookup	5832	0
22271	calc	2491	0
22272	lookup	7599	0
22273	calc	14196	0
22274	lookup	498	0
22275	abstain_everyday	4501	0
22276	calc	14477	0
22277	lookup	6196	0
22278	calc	3627	0
22279	calc	11447	0
22280	calc	2027	0
22281	lookup	5748	0
22282	calc	4897	0
22283	calc	12280	0
22284	calc	13137	0
22285	calc	9336	0
22286	lookup	6227	0
22287	abstain_everyday	1643	0
22288	calc	12012	0
22289	lookup	3276	0
22290	lookup	12608	0
22291	calc	7996	0
22292	lookup	3577	0
22293	abstain_everyday	1979	0
22294	lookup	12538	0
22295	lookup	7732	0
22296	calc	7855	1
22297	lookup	3756	0
22298	lookup	9112	0
22299	abstain_everyday	1933	0
22300	abstain_everyday	883	0
22301	abstain_everyday	4413	0
22302	lookup	8658	0
22303	calc	12290	1
22304	calc	15128	0
22305	calc	3842	0
22306	calc	14951	0
22307	lookup	6977	0
22308	lookup	11181	0
22309	lookup	11171	0
22310	calc	832	0
22311	calc	16774	0
22312	calc	7341	0
22313	lookup	12129	0
22314	calc	4744	0
22315	calc	4944	0
22316	lookup	12453	0
22317	calc	1068	0
22318	calc	16804	0
22319	lookup	84	0
22320	lookup	3498	0
22321	calc	8693	0
22322	lookup	9442	0
22323	lookup	1840	0
22324	calc	2544	0
22325	calc	14759	0
22326	lookup	8444	0
22327	calc	4258	0
22328	calc	142	0
22329	abstain_everyday	2532	0
22330	calc	2926	0
22331	calc	1789	0
22332	calc	15862	0
22333	calc	1537	0
22334	calc	1978	0
22335	lookup	11059	0
22336	calc	4422	0
22337	calc	14153	0
22338	lookup	2453	0
22339	calc	7193	0
22340	calc	10443	0
22341	abstain_everyday	1817	0
22342	abstain_everyday	399	0
22343	lookup	169	0
22344	lookup	8213	0
22345	lookup	5802	0
22346	calc	18161	0
22347	abstain_everyday	1304	0
22348	lookup	1079	0
22349	lookup	8717	0
22350	lookup	259	0
22351	calc	10064	0
22352	lookup	7075	0
22353	calc	15019	0
22354	abstain_everyday	138	0
22355	abstain_everyday	624	0
22356	calc	946	0
22357	calc	19439	1
22358	calc	4207	0
22359	calc	16785	0
22360	calc	6328	1
22361	abstain_everyday	1692	0
22362	lookup	1551	0
22363	lookup	3633	0
22364	abstain_everyday	2665	0
22365	abstain_everyday	3294	0
22366	calc	13080	0
22367	calc	6730	0
22368	calc	18468	0
22369	lookup	11358	0
22370	lookup	9754	0
22371	calc	6504	0
22372	abstain_everyday	1725	0
22373	lookup	6164	0
22374	lookup	5412	0
22375	calc	1761	0
22376	calc	15901	0
22377	abstain_everyday	90	0
22378	calc	20460	0
22379	lookup	7805	0
22380	calc	799	0
22381	lookup	12001	0
22382	abstain_everyday	3910	0
22383	calc	3082	0
22384	calc	10465	0
22385	calc	16054	0
22386	abstain_everyday	4346	0
22387	calc	3355	0
22388	lookup	5486	0
22389	calc	15791	0
22390	abstain_everyday	5010	0
22391	calc	8879	0
22392	lookup	555	0
22393	calc	12171	0
22394	lookup	8068	0
22395	calc	5291	0
22396	abstain_everyday	3770	0
22397	abstain_everyday	4218	0
22398	calc	6643	1
22399	abstain_everyday	1030	0
22400	calc	644	0
22401	lookup	531	0
22402	calc	18065	0
22403	calc	11436	0
22404	calc	21065	0
22405	calc	18995	0
22406	abstain_everyday	5499	0
22407	calc	9755	0
22408	calc	10317	0
22409	lookup	4428	0
22410	calc	6285	0
22411	abstain_everyday	2906	0
22412	lookup	3297	0
22413	calc	14988	0
22414	lookup	6352	0
22415	calc	13552	0
22416	lookup	5294	0
22417	abstain_everyday	2711	0
22418	calc	3794	0
22419	lookup	7289	0
22420	lookup	478	0
22421	lookup	3244	0
22422	lookup	517	0
22423	abstain_everyday	1890	0
22424	calc	17466	0
22425	calc	11193	0
22426	calc	3628	0
22427	calc	17119	0
22428	abstain_everyday	833	0
22429	calc	9840	1
22430	calc	4895	0
22431	lookup	4346	0
22432	lookup	1756	0
22433	calc	3555	0
22434	calc	12742	0
22435	calc	5499	0
22436	abstain_everyday	4113	0
22437	calc	7519	0
22438	calc	14754	0
22439	lookup	10648	0
22440	calc	19936	0
22441	lookup	9410	0
22442	calc	19642	0
22443	abstain_everyday	4119	0
22444	abstain_everyday	2567	0
22445	abstain_everyday	2471	0
22446	calc	21042	0
22447	calc	12138	1
22448	lookup	11376	0
22449	calc	7678	0
22450	calc	10914	0
22451	calc	526	0
22452	abstain_everyday	5262	0
22453	abstain_everyday	2729	0
22454	calc	13401	0
22455	calc	14613	0
22456	calc	15416	0
22457	lookup	3667	0
22458	calc	9990	0
22459	abstain_everyday	5881	0
22460	lookup	7514	0
22461	lookup	204	0
22462	calc	109	0
22463	calc	17282	0
22464	calc	8616	0
22465	lookup	6397	0
22466	lookup	10691	0
22467	lookup	12683	0
22468	lookup	7097	0
22469	lookup	12409	0
22470	calc	1200	0
22471	lookup	11502	0
22472	lookup	9906	0
22473	calc	5009	0
22474	lookup	11852	0
22475	lookup	4730	0
22476	calc	12318	0
22477	calc	10986	0
22478	calc	7104	0
22479	calc	16564	0
22480	abstain_everyday	1593	0
22481	lookup	9463	0
22482	lookup	9532	0
22483	calc	19182	1
22484	abstain_everyday	926	0
22485	calc	9898	0
22486	lookup	11396	0
22487	lookup	12834	0
22488	calc	5952	0
22489	calc	10583	1
22490	lookup	12776	0
22491	calc	16922	0
22492	calc	16819	1
22493	calc	8148	0
22494	calc	6851	0
22495	calc	13607	0
22496	calc	5974	0
22497	calc	13765	0
22498	calc	18774	0
22499	lookup	4817	0
22500	calc	1673	0
22501	calc	2482	0
22502	abstain_everyday	5603	0
22503	calc	7292	0
22504	calc	2929	0
22505	lookup	10961	0
22506	calc	7739	0
22507	lookup	6448	0
22508	abstain_everyday	378	0
22509	calc	3389	0
22510	calc	1947	0
22511	calc	8936	0
22512	abstain_everyday	5835	0
22513	lookup	11514	0
22514	calc	8604	0
22515	lookup	4935	0
22516	calc	4512	0
22517	calc	15073	0
22518	calc	14663	0
22519	lookup	721	0
22520	calc	11425	0
22521	calc	13138	0
22522	calc	5659	0
22523	abstain_everyday	3558	0
22524	lookup	396	0
22525	lookup	2912	0
22526	calc	1900	0
22527	lookup	10217	0
22528	calc	3096	0
22529	calc	9198	0
22530	calc	12564	0
22531	lookup	4283	0
22532	calc	10701	0
22533	calc	18606	0
22534	abstain_everyday	1279	0
22535	lookup	2521	0
22536	lookup	411	0
22537	calc	16702	1
22538	lookup	12592	0
22539	calc	7298	0
22540	calc	14385	0
22541	lookup	8830	0
22542	calc	8223	0
22543	calc	18097	0
22544	calc	278	0
22545	lookup	12323	0
22546	lookup	4331	0
22547	calc	7927	0
22548	lookup	1665	0
22549	lookup	4616	0
22550	lookup	4096	0
22551	abstain_everyday	764	0
22552	abstain_everyday	2197	0
22553	calc	2968	0
22554	calc	8987	0
22555	calc	872	0
22556	lookup	12595	0
22557	calc	13743	0
22558	lookup	5566	0
22559	lookup	1828	0
22560	lookup	8598	0
22561	abstain_everyday	5894	0
22562	calc	4757	0
22563	calc	5106	0
22564	calc	9326	0
22565	calc	20882	0
22566	abstain_everyday	1355	0
22567	lookup	4082	0
22568	abstain_everyday	1899	0
22569	calc	15961	0
22570	calc	6411	0
22571	lookup	8028	0
22572	lookup	11795	0
22573	lookup	8227	0
22574	calc	6022	0
22575	abstain_everyday	2795	0
22576	calc	10824	0
22577	lookup	6706	0
22578	lookup	4606	0
22579	calc	10022	0
22580	lookup	452	0
22581	calc	7935	0
22582	lookup	11413	0
22583	lookup	12514	0
22584	calc	8595	0
22585	calc	12009	0
22586	lookup	10358	0
22587	lookup	2324	0
22588	abstain_everyday	5687	0
22589	calc	18045	0
22590	calc	20483	0
22591	lookup	10702	0
22592	lookup	9919	0
22593	calc	17374	0
22594	calc	17600	0
22595	calc	1619	0
22596	abstain_everyday	2065	0
22597	calc	18143	0
22598	lookup	11780	0
22599	calc	14518	0
22600	abstain_everyday	4215	0
22601	calc	12556	0
22602	lookup	5200	0
22603	calc	9439	0
22604	lookup	3670	0
22605	calc	18353	0
22606	calc	11370	0
22607	calc	18197	0
22608	calc	8963	0
22609	calc	16063	1
22610	calc	18667	0
22611	calc	1134	0
22612	lookup	37	0
22613	lookup	9589	0
22614	calc	13327	0
22615	calc	15347	0
22616	abstain_everyday	3612	0
22617	calc	11135	0
22618	calc	6810	0
22619	abstain_everyday	5573	0
22620	abstain_everyday	2968	0
22621	calc	15877	0
22622	calc	14429	0
22623	calc	9114	0
22624	abstain_everyday	2341	0
22625	abstain_everyday	4700	0
22626	abstain_everyday	4440	0
22627	calc	17941	0
22628	calc	14610	0
22629	calc	16363	0
22630	lookup	12265	0
22631	abstain_everyday	1783	0
22632	calc	16970	0
22633	lookup	326	0
22634	calc	9158	1
22635	abstain_everyday	4115	0
22636	lookup	2261	0
22637	calc	10765	0
22638	abstain_everyday	796	0
22639	lookup	6484	0
22640	lookup	1233	0
22641	lookup	10973	0
22642	lookup	4213	0
22643	calc	977	0
22644	calc	8149	0
22645	calc	12239	0
22646	lookup	9400	0
22647	lookup	3227	0
22648	abstain_everyday	1647	0
22649	calc	313	0
22650	lookup	7284	0
22651	calc	8172	0
22652	calc	6645	0
22653	calc	6658	0
22654	calc	13930	0
22655	calc	8741	0
22656	calc	4530	0
22657	abstain_everyday	5560	0
22658	abstain_everyday	111	0
22659	calc	15536	0
22660	calc	16706	0
22661	lookup	4252	0
22662	lookup	9261	0
22663	lookup	8747	0
22664	lookup	11444	0
22665	calc	13167	0
22666	calc	1250	0
22667	calc	15276	0
22668	abstain_everyday	4323	0
22669	calc	18372	0
22670	calc	16985	0
22671	calc	4772	0
22672	calc	18274	0
22673	calc	2261	0
22674	calc	11566	0
22675	abstain_everyday	1938	0
22676	calc	13392	0
22677	lookup	11963	0
22678	calc	10115	0
22679	abstain_everyday	1300	0
22680	calc	3162	0
22681	abstain_everyday	5595	0
22682	calc	10760	0
22683	lookup	12240	0
22684	calc	5331	0
22685	calc	0	0
22686	calc	8418	0
22687	lookup	174	0
22688	calc	1918	1
22689	lookup	4564	0
22690	calc	7909	0
22691	calc	8657	0
22692	calc	18206	0
22693	calc	11161	0
22694	calc	5784	0
22695	calc	15139	0
22696	abstain_everyday	3823	0
22697	abstain_everyday	1293	0
22698	calc	4736	0
22699	lookup	11145	0
22700	calc	9256	0
22701	calc	9744	0
22702	calc	1044	0
22703	lookup	9295	0
22704	calc	5357	0
22705	calc	5945	0
22706	abstain_everyday	4795	0
22707	calc	5937	0
22708	abstain_everyday	1075	0
22709	calc	10833	0
22710	lookup	3776	0
22711	calc	4770	0
22712	calc	7281	0
22713	calc	11072	0
22714	lookup	10826	0
22715	lookup	1312	0
22716	lookup	8046	0
22717	calc	14590	0
22718	calc	18442	1
22719	calc	16953	0
22720	calc	13339	0
22721	calc	2073	0
22722	lookup	11315	0
22723	lookup	5614	0
22724	calc	19532	0
22725	calc	7091	0
22726	lookup	2205	0
22727	lookup	11158	0
22728	calc	15664	0
22729	calc	11157	0
22730	abstain_everyday	3728	0
22731	calc	16199	0
22732	abstain_everyday	1385	0
22733	calc	3854	0
22734	lookup	5120	0
22735	calc	14627	0
22736	lookup	6168	0
22737	abstain_everyday	3546	0
22738	calc	1578	0
22739	calc	14607	0
22740	lookup	1808	0
22741	lookup	10346	0
22742	lookup	11019	0
22743	lookup	3872	0
22744	lookup	900	0
22745	calc	4063	0
22746	lookup	7588	0
22747	calc	20475	0
22748	lookup	4147	0
22749	calc	7145	0
22750	calc	11231	0
22751	calc	14049	0
22752	abstain_everyday	5407	0
22753	abstain_everyday	2353	0
22754	calc	16464	0
22755	calc	20795	0
22756	lookup	4757	0
22757	calc	5980	0
22758	calc	10427	0
22759	calc	7716	0
22760	lookup	9568	0
22761	abstain_everyday	3402	0
22762	lookup	10890	0
22763	calc	3821	0
22764	abstain_everyday	2207	0
22765	abstain_everyday	3547	0
22766	lookup	12468	0
22767	lookup	4325	0
22768	calc	15660	0
22769	abstain_everyday	2691	0
22770	lookup	4553	0
22771	lookup	584	0
22772	calc	17067	0
22773	calc	20755	0
22774	calc	19581	0
22775	calc	1856	1
22776	lookup	11339	0
22777	lookup	11091	0
22778	lookup	12625	0
22779	calc	18337	0
22780	lookup	82	0
22781	calc	10421	0
22782	calc	13969	0
22783	abstain_everyday	2024	0
22784	calc	7741	0
22785	calc	10835	0
22786	calc	18289	0
22787	calc	19433	0
22788	calc	11335	0
22789	abstain_everyday	2048	0
22790	calc	13609	0
22791	calc	6695	0
22792	calc	12484	0
22793	calc	669	0
22794	calc	16298	0
22795	calc	14190	0
22796	abstain_everyday	1341	0
22797	lookup	3095	0
22798	lookup	7313	0
22799	lookup	5273	0
22800	calc	11690	1
22801	calc	8459	0
22802	lookup	8630	0
22803	abstain_everyday	595	0
22804	lookup	2460	0
22805	calc	2790	0
22806	calc	9491	0
22807	calc	14931	0
22808	calc	17944	0
22809	abstain_everyday	4597	0
22810	calc	9908	0
22811	calc	7203	0
22812	calc	14276	0
22813	calc	14145	0
22814	abstain_everyday	5695	0
22815	lookup	9978	0
22816	calc	3138	0
22817	lookup	10196	0
22818	lookup	9318	0
22819	calc	8029	0
22820	lookup	7027	0
22821	lookup	5813	0
22822	lookup	3459	0
22823	lookup	785	0
22824	calc	5250	0
22825	abstain_everyday	1219	0
22826	calc	2729	0
22827	lookup	9002	0
22828	abstain_everyday	3124	0
22829	lookup	7180	0
22830	calc	1414	0
22831	calc	8472	0
22832	calc	12356	0
22833	calc	2034	0
22834	calc	12674	0
22835	abstain_everyday	3234	0
22836	calc	20663	0
22837	lookup	7710	0
22838	calc	10976	0
22839	lookup	41	0
22840	lookup	4328	0
22841	calc	7337	0
22842	abstain_everyday	3832	0
22843	lookup	10632	0
22844	calc	1437	0
22845	lookup	4794	0
22846	lookup	8332	0
22847	abstain_everyday	2735	0
22848	lookup	9689	0
22849	calc	6474	0
22850	calc	13409	0
22851	calc	11562	0
22852	calc	11640	0
22853	lookup	1777	0
22854	calc	8548	0
22855	lookup	5304	0
22856	calc	9562	0
22857	calc	9504	0
22858	abstain_everyday	3361	0
22859	abstain_everyday	1833	0
22860	calc	7773	0
22861	calc	16031	0
22862	calc	18794	0
22863	lookup	12577	0
22864	lookup	5874	0
22865	calc	18634	0
22866	calc	20859	0
22867	calc	4020	0
22868	calc	10889	0
22869	calc	14327	0
22870	calc	17756	0
22871	lookup	598	0
22872	calc	10223	0
22873	calc	12834	0
22874	calc	11219	0
22875	calc	18263	0
22876	lookup	6455	0
22877	lookup	8088	0
22878	abstain_everyday	151	0
22879	calc	16408	0
22880	calc	14148	0
22881	calc	10065	0
22882	calc	10254	0
22883	calc	20587	0
22884	abstain_everyday	4332	0
22885	calc	2561	0
22886	calc	3805	0
22887	calc	2718	0
22888	lookup	2242	0
22889	calc	17077	0
22890	lookup	4847	0
22891	calc	3669	0
22892	abstain_everyday	2983	0
22893	abstain_everyday	4676	0
22894	lookup	6113	0
22895	calc	5285	0
22896	abstain_everyday	931	0
22897	lookup	6564	0
22898	calc	2916	0
22899	calc	1523	0
22900	lookup	1707	0
22901	lookup	12820	0
22902	abstain_everyday	5531	0
22903	calc	12470	0
22904	lookup	6716	0
22905	lookup	10635	0
22906	calc	1477	0
22907	calc	7365	0
22908	calc	11475	0
22909	calc	6465	1
22910	calc	1698	0
22911	abstain_everyday	3214	0
22912	calc	15799	0
22913	calc	16703	0
22914	abstain_everyday	3991	0
22915	calc	15212	0
22916	abstain_everyday	1649	0
22917	abstain_everyday	5468	0
22918	calc	10534	0
22919	calc	3326	0
22920	calc	6585	0
22921	lookup	6280	0
22922	lookup	7239	0
22923	calc	10849	0
22924	lookup	9645	0
22925	calc	18868	0
22926	lookup	7481	0
22927	lookup	5952	0
22928	lookup	4282	0
22929	lookup	9627	0
22930	calc	7069	1
22931	lookup	12847	0
22932	abstain_everyday	2355	0
22933	calc	7336	0
22934	calc	6944	0
22935	lookup	7279	0
22936	calc	27	0
22937	calc	17264	0
22938	lookup	8641	0
22939	lookup	6622	0
22940	calc	10432	0
22941	calc	7011	0
22942	calc	629	0
22943	lookup	9188	0
22944	lookup	486	0
22945	lookup	10963	0
22946	lookup	7096	0
22947	calc	4471	0
22948	calc	11811	0
22949	calc	11404	0
22950	calc	9227	0
22951	lookup	9123	0
22952	calc	1624	0
22953	calc	266	0
22954	calc	2636	0
22955	calc	16207	0
22956	lookup	864	0
22957	abstain_everyday	1809	0
22958	lookup	6851	0
22959	lookup	7276	0
22960	abstain_everyday	5808	0
22961	lookup	2505	0
22962	lookup	5524	0
22963	calc	4002	0
22964	abstain_everyday	1584	0
22965	lookup	3496	0
22966	calc	12570	0
22967	lookup	1132	0
22968	calc	8315	0
22969	lookup	11075	0
22970	calc	11822	0
22971	abstain_everyday	3896	0
22972	calc	2669	0
22973	abstain_everyday	1208	0
22974	calc	4555	0
22975	calc	15944	0
22976	calc	4299	0
22977	calc	19958	0
22978	lookup	12529	0
22979	lookup	8429	0
22980	abstain_everyday	3836	0
22981	calc	14284	0
22982	calc	1398	0
22983	lookup	3520	0
22984	calc	19067	0
22985	calc	20278	0
22986	calc	6624	0
22987	abstain_everyday	2288	0
22988	abstain_everyday	1421	0
22989	lookup	4516	0
22990	lookup	12446	0
22991	calc	20319	1
22992	lookup	1182	0
22993	lookup	6912	0
22994	lookup	10308	0
22995	calc	18871	0
22996	lookup	7109	0
22997	calc	11105	0
22998	calc	11575	0
22999	calc	7634	0
23000	lookup	2614	0
23001	abstain_everyday	145	0
23002	abstain_everyday	3205	0
23003	calc	10308	0
23004	calc	7397	0
23005	calc	6676	0
23006	lookup	426	0
23007	abstain_everyday	1634	0
23008	calc	19849	0
23009	lookup	10367	0
23010	calc	19339	0
23011	lookup	8347	0
23012	lookup	8489	0
23013	lookup	1483	0
23014	calc	9583	0
23015	calc	9918	0
23016	abstain_everyday	4747	0
23017	calc	20438	1
23018	calc	18376	0
23019	calc	18689	0
23020	calc	6506	0
23021	abstain_everyday	4426	0
23022	abstain_everyday	2981	0
23023	calc	4104	0
23024	calc	13287	0
23025	calc	5328	0
23026	abstain_everyday	2764	0
23027	abstain_everyday	4337	0
23028	lookup	3082	0
23029	abstain_everyday	5324	0
23030	abstain_everyday	655	0
23031	calc	7608	0
23032	calc	6462	0
23033	lookup	12670	0
23034	calc	4937	0
23035	lookup	3600	0
23036	calc	13312	0
23037	lookup	11221	0
23038	calc	19414	0
23039	lookup	3469	0
23040	calc	5780	0
23041	calc	18672	0
23042	calc	12184	0
23043	abstain_everyday	4195	0
23044	lookup	12787	0
23045	calc	15751	0
23046	calc	12823	0
23047	abstain_everyday	348	0
23048	abstain_everyday	5344	0
23049	calc	17869	0
23050	lookup	173	0
23051	lookup	9699	0
23052	lookup	5050	0
23053	lookup	2101	0
23054	calc	1647	0
23055	lookup	12907	0
23056	calc	14547	0
23057	abstain_everyday	4953	0
23058	calc	6950	0
23059	calc	2146	0
23060	calc	14273	0
23061	calc	4989	0
23062	lookup	5317	0
23063	abstain_everyday	4068	0
23064	calc	10095	1
23065	calc	10898	0
23066	lookup	6509	0
23067	calc	17156	0
23068	abstain_everyday	1524	0
23069	calc	3040	0
23070	calc	21017	0
23071	abstain_everyday	3499	0
23072	calc	11208	0
23073	calc	9686	0
23074	abstain_everyday	3184	0
23075	abstain_everyday	4606	0
23076	calc	5339	0
23077	lookup	9478	0
23078	calc	8473	0
23079	abstain_everyday	4304	0
23080	calc	13012	0
23081	lookup	633	0
23082	abstain_everyday	4421	0
23083	lookup	11779	0
23084	calc	16788	0
23085	calc	3708	0
23086	lookup	11038	0
23087	abstain_everyday	1150	0
23088	calc	463	0
23089	lookup	4844	0
23090	abstain_everyday	2390	0
23091	calc	9825	0
23092	calc	18670	0
23093	lookup	10908	0
23094	abstain_everyday	4401	0
23095	calc	14991	0
23096	calc	18682	0
23097	calc	4042	0
23098	calc	12250	0
23099	calc	14109	0
23100	lookup	9141	0
23101	lookup	11372	0
23102	lookup	4183	0
23103	calc	15563	0
23104	calc	8582	0
23105	calc	17956	0
23106	abstain_everyday	2929	0
23107	calc	16182	0
23108	calc	2691	0
23109	calc	15299	0
23110	calc	20738	0
23111	calc	12994	0
23112	calc	19009	0
23113	abstain_everyday	1834	0
23114	calc	9440	0
23115	lookup	11563	0
23116	calc	5788	0
23117	lookup	1522	0
23118	lookup	7693	0
23119	calc	4508	0
23120	calc	18941	0
23121	calc	15866	0
23122	lookup	2626	0
23123	lookup	6921	0
23124	calc	9068	0
23125	calc	16871	0
23126	calc	13481	0
23127	calc	6569	0
23128	lookup	2436	0
23129	calc	17052	1
23130	abstain_everyday	4893	0
23131	lookup	6761	0
23132	lookup	241	0
23133	lookup	3830	0
23134	lookup	11229	0
23135	calc	15849	0
23136	abstain_everyday	2803	0
23137	lookup	6207	0
23138	abstain_everyday	5331	0
23139	lookup	12354	0
23140	lookup	389	0
23141	lookup	10147	0
23142	lookup	10364	0
23143	calc	10434	0
23144	calc	17420	0
23145	calc	1898	0
23146	lookup	11004	0
23147	calc	19455	0
23148	calc	982	0
23149	lookup	11435	0
23150	calc	6555	0
23151	abstain_everyday	1477	0
23152	lookup	1573	0
23153	calc	527	0
23154	lookup	7593	0
23155	calc	6282	0
23156	lookup	1660	0
23157	abstain_everyday	5297	0
23158	calc	13323	0
23159	lookup	12303	0
23160	calc	20423	0
23161	calc	20265	1
23162	lookup	2957	0
23163	calc	19416	0
23164	calc	14488	0
23165	calc	17669	0
23166	lookup	7392	0
23167	calc	5995	0
23168	calc	1915	0
23169	lookup	3702	0
23170	calc	15686	0
23171	lookup	935	0
23172	abstain_everyday	2902	0
23173	calc	2051	0
23174	calc	8090	1
23175	lookup	4784	0
23176	abstain_everyday	1727	0
23177	calc	1100	1
23178	calc	17046	1
23179	lookup	10432	0
23180	lookup	7569	0
23181	lookup	4554	0
23182	lookup	12204	0
23183	abstain_everyday	3200	0
23184	lookup	8352	0
23185	calc	11911	0
23186	calc	10921	0
23187	abstain_everyday	3202	0
23188	lookup	10383	0
23189	calc	294	0
23190	lookup	3510	0
23191	lookup	7398	0
23192	calc	6024	0
23193	calc	18370	0
23194	calc	4287	0
23195	calc	8435	0
23196	calc	16852	0
23197	calc	6692	0
23198	calc	19003	0
23199	calc	9685	0
23200	calc	11468	0
23201	lookup	8794	0
23202	lookup	11261	0
23203	lookup	9121	0
23204	calc	729	0
23205	lookup	679	0
23206	lookup	548	0
23207	calc	19607	0
23208	lookup	8402	0
23209	abstain_everyday	3580	0
23210	abstain_everyday	5051	0
23211	calc	20740	0
23212	abstain_everyday	5778	0
23213	lookup	12596	0
23214	calc	7883	0
23215	lookup	2928	0
23216	lookup	551	0
23217	calc	1538	0
23218	calc	14295	0
23219	calc	17655	0
23220	lookup	10225	0
23221	lookup	3342	0
23222	lookup	4296	0
23223	calc	5880	0
23224	abstain_everyday	5266	0
23225	lookup	4731	0
23226	lookup	7742	0
23227	lookup	10831	0
23228	lookup	9897	0
23229	calc	11578	0
23230	lookup	4369	0
23231	lookup	1411	0
23232	calc	545	0
23233	calc	3852	0
23234	calc	12226	0
23235	abstain_everyday	410	0
23236	calc	11624	0
23237	abstain_everyday	4012	0
23238	calc	1706	0
23239	lookup	7575	0
23240	calc	984	0
23241	lookup	5386	0
23242	calc	4694	0
23243	lookup	5448	0
23244	abstain_everyday	5330	0
23245	lookup	9783	0
23246	calc	19259	0
23247	lookup	6143	0
23248	calc	2249	0
23249	calc	18631	0
23250	abstain_everyday	3420	0
23251	lookup	6395	0
23252	calc	2332	0
23253	abstain_everyday	590	0
23254	lookup	12052	0
23255	lookup	5263	0
23256	calc	4987	0
23257	calc	4927	0
23258	abstain_everyday	5360	0
23259	calc	4928	0
23260	lookup	6239	0
23261	calc	15609	0
23262	calc	5549	0
23263	calc	1465	0
23264	calc	15899	1
23265	lookup	10895	0
23266	abstain_everyday	4212	0
23267	calc	10368	0
23268	calc	20649	1
23269	lookup	2707	0
23270	lookup	11468	0
23271	calc	7569	0
23272	abstain_everyday	2946	0
23273	calc	4109	0
23274	lookup	9595	0
23275	calc	17908	0
23276	abstain_everyday	2997	0
23277	lookup	222	0
23278	calc	18327	0
23279	lookup	8771	0
23280	calc	6251	0
23281	calc	281	0
23282	calc	16057	0
23283	abstain_everyday	4091	0
23284	lookup	4522	0
23285	calc	20456	0
23286	abstain_everyday	5759	0
23287	calc	19575	0
23288	calc	15195	0
23289	calc	9359	0
23290	calc	4953	0
23291	calc	3455	0
23292	lookup	12846	0
23293	calc	7514	0
23294	calc	19200	0
23295	abstain_everyday	5709	0
23296	calc	7050	0
23297	lookup	10151	0
23298	abstain_everyday	2322	0
23299	lookup	7957	0
23300	calc	19585	0
23301	calc	18270	0
23302	calc	12479	1
23303	lookup	9781	0
23304	lookup	10301	0
23305	calc	14094	0
23306	calc	10549	0
23307	abstain_everyday	5765	0
23308	abstain_everyday	3321	0
23309	lookup	2625	0
23310	calc	15817	0
23311	abstain_everyday	377	0
23312	calc	4865	0
23313	calc	5092	0
23314	calc	15231	0
23315	lookup	11903	0
23316	lookup	2258	0
23317	lookup	9100	0
23318	lookup	7864	0
23319	lookup	10340	0
23320	calc	3395	0
23321	lookup	9027	0
23322	abstain_everyday	4782	0
23323	abstain_everyday	4735	0
23324	calc	18333	0
23325	calc	1467	0
23326	lookup	6935	0
23327	calc	942	0
23328	calc	16603	0
23329	lookup	182	0
23330	lookup	3721	0
23331	calc	15871	0
23332	abstain_everyday	2794	0
23333	calc	13237	0
23334	lookup	4930	0
23335	lookup	4670	0
23336	lookup	6773	0
23337	abstain_everyday	2291	0
23338	lookup	191	0
23339	abstain_everyday	5388	0
23340	lookup	11945	0
23341	calc	4880	0
23342	calc	13979	1
23343	lookup	7581	0
23344	calc	1260	0
23345	lookup	8514	0
23346	calc	11376	0
23347	calc	7479	0
23348	calc	13776	0
23349	calc	7083	0
23350	lookup	5822	0
23351	calc	1532	0
23352	abstain_everyday	1434	0
23353	abstain_everyday	3749	0
23354	lookup	6458	0
23355	lookup	11923	0
23356	abstain_everyday	5367	0
23357	calc	12026	0
23358	calc	3177	0
23359	calc	18651	0
23360	lookup	1809	0
23361	abstain_everyday	321	0
23362	lookup	2914	0
23363	lookup	2031	0
23364	lookup	12342	0
23365	calc	16284	0
23366	lookup	7418	0
23367	calc	94	0
23368	calc	15828	0
23369	lookup	6069	0
23370	lookup	12777	0
23371	calc	5483	0
23372	calc	20981	0
23373	calc	11283	0
23374	abstain_everyday	5666	0
23375	calc	5554	0
23376	calc	6437	0
23377	calc	17838	0
23378	lookup	992	0
23379	lookup	5415	0
23380	abstain_everyday	919	0
23381	calc	2113	0
23382	calc	16193	1
23383	lookup	9104	0
23384	lookup	683	0
23385	abstain_everyday	5555	0
23386	calc	17567	1
23387	lookup	8443	0
23388	abstain_everyday	156	0
23389	lookup	8561	0
23390	lookup	7899	0
23391	lookup	8071	0
23392	calc	16626	0
23393	calc	10305	0
23394	lookup	12481	0
23395	calc	7431	0
23396	calc	20623	0
23397	abstain_everyday	5286	0
23398	lookup	8377	0
23399	calc	13898	0
23400	lookup	9612	0
23401	calc	15006	0
23402	calc	9876	0
23403	lookup	11512	0
23404	abstain_everyday	2078	0
23405	calc	16718	0
23406	lookup	11231	0
23407	calc	14090	0
23408	calc	18448	0
23409	lookup	12628	0
23410	abstain_everyday	1577	0
23411	lookup	6351	0
23412	calc	18880	0
23413	calc	2083	1
23414	abstain_everyday	5836	0
23415	lookup	9599	0
23416	lookup	1626	0
23417	lookup	8769	0
23418	abstain_everyday	5825	0
23419	calc	20522	0
23420	lookup	4807	0
23421	calc	12524	0
23422	calc	17754	0
23423	calc	5360	0
23424	lookup	9372	0
23425	calc	18085	0
23426	calc	5935	0
23427	lookup	9327	0
23428	calc	17457	0
23429	lookup	8738	0
23430	calc	5305	1
23431	lookup	4652	0
23432	lookup	2059	0
23433	lookup	12794	0
23434	calc	8979	0
23435	lookup	3040	0
23436	abstain_everyday	4162	0
23437	calc	3913	0
23438	lookup	11572	0
23439	calc	5450	0
23440	lookup	9782	0
23441	abstain_everyday	3319	0
23442	lookup	7388	0
23443	lookup	12043	0
23444	calc	18164	0
23445	calc	5309	0
23446	lookup	2334	0
23447	calc	14057	0
23448	calc	18460	0
23449	lookup	8916	0
23450	calc	12580	0
23451	abstain_everyday	5365	0
23452	calc	13614	0
23453	calc	15428	0
23454	lookup	5479	0
23455	calc	10379	0
23456	calc	8912	0
23457	lookup	1471	0
23458	abstain_everyday	2388	0
23459	calc	10753	0
23460	calc	1412	0
23461	calc	8426	0
23462	abstain_everyday	4145	0
23463	calc	404	0
23464	calc	14502	0
23465	abstain_everyday	3551	0
23466	abstain_everyday	1024	0
23467	abstain_everyday	4551	0
23468	calc	18587	1
23469	abstain_everyday	4773	0
23470	calc	18307	1
23471	calc	14506	0
23472	calc	18390	0
23473	calc	12939	0
23474	lookup	3943	0
23475	abstain_everyday	1798	0
23476	lookup	2885	0
23477	abstain_everyday	5869	0
23478	calc	16808	0
23479	calc	20323	0
23480	lookup	3061	0
23481	abstain_everyday	3537	0
23482	lookup	1787	0
23483	lookup	4176	0
23484	calc	12459	0
23485	calc	5613	0
23486	calc	18010	0
23487	abstain_everyday	4103	0
23488	lookup	9601	0
23489	abstain_everyday	3353	0
23490	calc	20505	0
23491	calc	12154	0
23492	lookup	10302	0
23493	lookup	12587	0
23494	abstain_everyday	4683	0
23495	calc	379	0
23496	calc	10278	0
23497	calc	13202	0
23498	abstain_everyday	458	0
23499	calc	5308	0
23500	abstain_everyday	3365	0
23501	calc	8613	0
23502	lookup	10161	0
23503	lookup	4965	0
23504	abstain_everyday	3246	0
23505	calc	17884	0
23506	calc	14162	0
23507	lookup	9931	0
23508	abstain_everyday	3656	0
23509	calc	11866	0
23510	abstain_everyday	2677	0
23511	lookup	9867	0
23512	calc	18217	0
23513	calc	17716	0
23514	abstain_everyday	2467	0
23515	lookup	11506	0
23516	calc	8893	0
23517	lookup	8904	0
23518	abstain_everyday	5394	0
23519	lookup	6213	0
23520	calc	1474	0
23521	lookup	12610	0
23522	abstain_everyday	675	0
23523	lookup	2345	0
23524	lookup	943	0
23525	calc	5217	0
23526	lookup	7467	0
23527	calc	5798	0
23528	lookup	4235	0
23529	calc	18364	0
23530	abstain_everyday	3634	0
23531	calc	19184	0
23532	calc	12879	0
23533	calc	548	0
23534	calc	17172	0
23535	lookup	1208	0
23536	calc	5437	0
23537	lookup	3147	0
23538	lookup	10212	0
23539	abstain_everyday	4361	0
23540	calc	5547	0
23541	calc	15141	0
23542	abstain_everyday	551	0
23543	calc	5198	0
23544	calc	19123	1
23545	lookup	9177	0
23546	lookup	6150	0
23547	lookup	2368	0
23548	lookup	3150	0
23549	calc	20181	0
23550	calc	4518	0
23551	calc	16240	0
23552	calc	21010	0
23553	abstain_everyday	3383	0
23554	abstain_everyday	4733	0
23555	lookup	4599	0
23556	calc	11323	0
23557	calc	20242	0
23558	calc	12333	0
23559	calc	1031	0
23560	calc	7191	0
23561	calc	3136	0
23562	lookup	6558	0
23563	calc	16128	0
23564	abstain_everyday	4692	0
23565	calc	11504	0
23566	lookup	1243	0
23567	lookup	513	0
23568	lookup	7618	0
23569	calc	4169	0
23570	abstain_everyday	3346	0
23571	calc	9705	0
23572	calc	2275	0
23573	calc	18822	0
23574	calc	5625	0
23575	calc	9023	0
23576	calc	676	0
23577	lookup	1419	0
23578	calc	8162	0
23579	calc	8817	0
23580	calc	12175	0
23581	calc	7076	0
23582	calc	11232	0
23583	lookup	35	0
23584	lookup	22	0
23585	abstain_everyday	3055	0
23586	calc	8788	0
23587	lookup	11410	0
23588	calc	11438	1
23589	lookup	2017	0
23590	calc	992	0
23591	calc	2710	0
23592	calc	20712	0
23593	calc	6051	0
23594	abstain_everyday	4320	0
23595	calc	18630	0
23596	lookup	5127	0
23597	calc	2573	0
23598	lookup	80	0
23599	calc	172	1
23600	lookup	10644	0
23601	lookup	7788	0
23602	calc	2780	0
23603	lookup	9285	0
23604	calc	2280	0
23605	calc	3251	0
23606	abstain_everyday	4878	0
23607	calc	16357	0
23608	abstain_everyday	3843	0
23609	lookup	5968	0
23610	lookup	11234	0
23611	calc	6724	0
23612	abstain_everyday	4430	0
23613	calc	16065	0
23614	abstain_everyday	5741	0
23615	calc	17989	0
23616	calc	11667	0
23617	lookup	8809	0
23618	lookup	6350	0
23619	lookup	10518	0
23620	abstain_everyday	4962	0
23621	calc	12935	1
23622	lookup	6181	0
23623	calc	9598	0
23624	lookup	7028	0
23625	lookup	1734	0
23626	abstain_everyday	936	0
23627	calc	4312	1
23628	lookup	10829	0
23629	calc	1475	0
23630	lookup	3759	0
23631	lookup	7927	0
23632	lookup	10485	0
23633	lookup	2801	0
23634	calc	8101	0
23635	calc	722	0
23636	lookup	9246	0
23637	calc	8480	0
23638	lookup	2501	0
23639	calc	10896	0
23640	calc	13304	0
23641	calc	20974	0
23642	calc	3788	0
23643	calc	11008	0
23644	calc	2464	0
23645	lookup	5659	0
23646	calc	6700	0
23647	lookup	1922	0
23648	calc	20360	0
23649	abstain_everyday	665	0
23650	lookup	6383	0
23651	abstain_everyday	5250	0
23652	lookup	5160	0
23653	calc	589	1
23654	abstain_everyday	1117	0
23655	calc	1844	0
23656	calc	19535	0
23657	abstain_everyday	1921	0
23658	calc	6877	0
23659	calc	7331	0
23660	calc	15665	0
23661	calc	16044	0
23662	calc	5800	0
23663	calc	8389	0
23664	lookup	7837	0
23665	calc	11200	0
23666	calc	18625	0
23667	lookup	270	0
23668	calc	5178	0
23669	lookup	12477	0
23670	abstain_everyday	3322	0
23671	calc	9768	0
23672	calc	3052	0
23673	lookup	269	0
23674	calc	6710	0
23675	calc	9208	0
23676	abstain_everyday	5300	0
23677	calc	4891	0
23678	abstain_everyday	5287	0
23679	abstain_everyday	4031	0
23680	calc	11382	0
23681	abstain_everyday	4363	0
23682	abstain_everyday	4077	0
23683	lookup	3475	0
23684	calc	12996	0
23685	calc	12781	0
23686	lookup	9046	0
23687	abstain_everyday	316	0
23688	calc	7737	0
23689	lookup	12033	0
23690	lookup	9419	0
23691	lookup	11789	0
23692	calc	9018	0
23693	lookup	10425	0
23694	calc	5620	0
23695	lookup	5841	0
23696	calc	4675	0
23697	calc	5256	0
23698	abstain_everyday	997	0
23699	abstain_everyday	2959	0
23700	lookup	2725	0
23701	lookup	1701	0
23702	abstain_everyday	3523	0
23703	lookup	11844	0
23704	calc	19120	0
23705	lookup	787	0
23706	lookup	4320	0
23707	lookup	4151	0
23708	calc	3593	0
23709	lookup	10942	0
23710	calc	15869	0
23711	abstain_everyday	5421	0
23712	lookup	10955	0
23713	lookup	4438	0
23714	calc	14332	0
23715	lookup	6631	0
23716	abstain_everyday	2529	0
23717	calc	18821	0
23718	calc	12519	0
23719	calc	17356	0
23720	calc	9553	0
23721	calc	19967	0
23722	calc	6071	0
23723	lookup	7765	0
23724	lookup	4196	0
23725	lookup	5395	0
23726	calc	6391	0
23727	abstain_everyday	5551	0
23728	calc	14019	0
23729	abstain_everyday	1908	0
23730	lookup	6095	0
23731	lookup	732	0
23732	calc	6748	0
23733	lookup	5323	0
23734	lookup	11985	0
23735	lookup	3817	0
23736	lookup	3463	0
23737	calc	19121	1
23738	calc	1674	0
23739	lookup	6468	0
23740	lookup	1982	0
23741	calc	5103	1
23742	lookup	5373	0
23743	abstain_everyday	1087	0
23744	abstain_everyday	4505	0
23745	lookup	11274	0
23746	calc	18188	0
23747	calc	14117	0
23748	lookup	2039	0
23749	calc	14825	0
23750	calc	9050	0
23751	abstain_everyday	4679	0
23752	abstain_everyday	2120	0
23753	calc	8093	0
23754	calc	12974	0
23755	lookup	9091	0
23756	abstain_everyday	927	0
23757	lookup	2459	0
23758	calc	19096	0
23759	abstain_everyday	2246	0
23760	abstain_everyday	855	0
23761	calc	19195	0
23762	calc	11119	0
23763	abstain_everyday	1411	0
23764	abstain_everyday	5659	0
23765	calc	20931	0
23766	abstain_everyday	3381	0
23767	calc	12904	0
23768	abstain_everyday	2163	0
23769	lookup	8519	0
23770	calc	10059	0
23771	calc	9835	0
23772	calc	6623	1
23773	calc	1598	0
23774	abstain_everyday	3300	0
23775	calc	14422	0
23776	abstain_everyday	3027	0
23777	lookup	6254	0
23778	lookup	9730	0
23779	lookup	11483	0
23780	abstain_everyday	1238	0
23781	lookup	3701	0
23782	calc	15015	0
23783	calc	9258	0
23784	lookup	11476	0
23785	calc	9151	0
23786	abstain_everyday	1813	0
23787	calc	2904	0
23788	calc	16811	0
23789	lookup	12258	0
23790	abstain_everyday	4015	0
23791	calc	7593	0
23792	calc	11254	0
23793	calc	428	0
23794	lookup	11792	0
23795	lookup	543	0
23796	lookup	7104	0
23797	calc	4742	0
23798	lookup	10897	0
23799	lookup	7186	0
23800	calc	4036	0
23801	abstain_everyday	8	0
23802	lookup	12519	0
23803	abstain_everyday	1924	0
23804	calc	19348	1
23805	calc	5849	0
23806	lookup	7166	0
23807	calc	15045	0
23808	calc	936	0
23809	calc	18852	0
23810	calc	3655	0
23811	calc	11619	0
23812	calc	12119	0
23813	abstain_everyday	2859	0
23814	calc	13061	0
23815	calc	14564	0
23816	calc	15297	0
23817	abstain_everyday	5426	0
23818	calc	16699	0
23819	lookup	722	0
23820	calc	2007	0
23821	calc	15565	1
23822	calc	20597	0
23823	calc	14926	0
23824	calc	11414	0
23825	calc	12962	0
23826	abstain_everyday	5382	0
23827	calc	18780	0
23828	calc	175	0
23829	lookup	926	0
23830	abstain_everyday	47	0
23831	calc	12055	0
23832	calc	12380	0
23833	abstain_everyday	2728	0
23834	lookup	6707	0
23835	calc	18484	0
23836	calc	1802	0
23837	calc	11957	1
23838	abstain_everyday	701	0
23839	calc	780	0
23840	calc	17834	0
23841	calc	19697	0
23842	lookup	5138	0
23843	calc	4864	0
23844	calc	8349	0
23845	lookup	5765	0
23846	calc	20907	0
23847	abstain_everyday	5526	0
23848	calc	10261	0
23849	lookup	8578	0
23850	calc	16339	0
23851	calc	15442	0
23852	lookup	6873	0
23853	abstain_everyday	529	0
23854	abstain_everyday	2094	0
23855	lookup	4316	0
23856	calc	1763	0
23857	calc	12296	0
23858	calc	16069	0
23859	lookup	8729	0
23860	lookup	334	0
23861	lookup	2366	0
23862	calc	14639	0
23863	abstain_everyday	2748	0
23864	abstain_everyday	1197	0
23865	lookup	2082	0
23866	calc	12074	0
23867	lookup	6562	0
23868	lookup	9108	0
23869	abstain_everyday	1620	0
23870	abstain_everyday	2601	0
23871	calc	7784	0
23872	lookup	769	0
23873	abstain_everyday	1651	0
23874	calc	17352	1
23875	calc	18996	0
23876	lookup	1040	0
23877	calc	20667	0
23878	calc	10621	0
23879	calc	13596	0
23880	calc	15623	0
23881	lookup	6436	0
23882	lookup	7169	0
23883	calc	6101	0
23884	lookup	11785	0
23885	lookup	0	0
23886	lookup	12170	0
23887	calc	15388	0
23888	calc	6370	0
23889	calc	12258	0
23890	abstain_everyday	177	0
23891	calc	3752	0
23892	calc	17236	0
23893	calc	16115	0
23894	calc	4385	0
23895	calc	10598	0
23896	lookup	11598	0
23897	lookup	11755	0
23898	lookup	6007	0
23899	calc	87	0
23900	calc	5327	1
23901	calc	10404	0
23902	calc	11169	0
23903	lookup	1851	0
23904	calc	9447	0
23905	calc	18255	0
23906	calc	1952	0
23907	calc	19592	0
23908	calc	15055	0
23909	calc	14417	0
23910	lookup	144	0
23911	abstain_everyday	1713	0
23912	calc	8121	0
23913	abstain_everyday	442	0
23914	calc	15534	0
23915	calc	1434	0
23916	lookup	10222	0
23917	abstain_everyday	3392	0
23918	lookup	6992	0
23919	abstain_everyday	5377	0
23920	calc	1287	0
23921	calc	8981	0
23922	calc	5981	0
23923	lookup	235	0
23924	calc	4751	0
23925	calc	5965	0
23926	calc	20174	0
23927	abstain_everyday	4307	0
23928	calc	3443	0
23929	calc	13465	0
23930	abstain_everyday	3098	0
23931	lookup	4862	0
23932	calc	17631	0
23933	lookup	7165	0
23934	lookup	244	0
23935	lookup	8735	0
23936	calc	14936	0
23937	calc	951	1
23938	calc	15948	0
23939	lookup	6951	0
23940	lookup	3334	0
23941	abstain_everyday	2076	0
23942	abstain_everyday	2722	0
23943	calc	9082	0
23944	lookup	8169	0
23945	calc	11449	0
23946	abstain_everyday	5401	0
23947	calc	11309	0
23948	lookup	5000	0
23949	calc	8727	0
23950	calc	1406	0
23951	abstain_everyday	444	0
23952	calc	8970	0
23953	lookup	7380	0
23954	abstain_everyday	4993	0
23955	calc	3846	0
23956	calc	7148	1
23957	calc	11355	0
23958	calc	15794	0
23959	lookup	1207	0
23960	lookup	7429	0
23961	calc	16381	0
23962	calc	18850	0
23963	lookup	4995	0
23964	calc	10283	0
23965	lookup	2871	0
23966	lookup	3383	0
23967	lookup	4820	0
23968	calc	17783	0
23969	calc	16596	0
23970	abstain_everyday	5329	0
23971	calc	17839	0
23972	lookup	757	0
23973	calc	162	0
23974	calc	1243	0
23975	lookup	4478	0
23976	lookup	12741	0
23977	calc	12998	0
23978	calc	4643	0
23979	calc	12426	0
23980	lookup	11280	0
23981	calc	20820	0
23982	abstain_everyday	5470	0
23983	calc	9108	0
23984	lookup	8813	0
23985	lookup	407	0
23986	lookup	1860	0
23987	calc	13229	0
23988	calc	15528	0
23989	calc	6588	0
23990	calc	17318	1
23991	lookup	2547	0
23992	calc	3813	0
23993	lookup	10457	0
23994	calc	10710	0
23995	calc	19172	0
23996	lookup	3319	0
23997	calc	7333	0
23998	calc	1099	0
23999	calc	5342	0
24000	abstain_everyday	5523	0
24001	calc	2221	0
24002	abstain_everyday	546	0
24003	calc	7963	0
24004	calc	4943	0
24005	calc	3574	0
24006	calc	3873	0
24007	calc	12606	0
24008	calc	3981	0
24009	calc	2381	0
24010	abstain_everyday	2008	0
24011	calc	12728	0
24012	calc	11851	0
24013	calc	9369	0
24014	abstain_everyday	3973	0
24015	lookup	2052	0
24016	lookup	3603	0
24017	calc	5156	0
24018	calc	8003	1
24019	lookup	11926	0
24020	calc	8465	0
24021	lookup	4301	0
24022	abstain_everyday	2136	0
24023	lookup	9077	0
24024	calc	2796	0
24025	calc	16995	0
24026	lookup	11808	0
24027	lookup	8025	0
24028	abstain_everyday	3265	0
24029	calc	19462	0
24030	calc	9635	0
24031	calc	16497	0
24032	calc	10070	0
24033	calc	332	0
24034	calc	8358	0
24035	lookup	12191	0
24036	calc	19069	0
24037	calc	14537	0
24038	calc	9067	0
24039	calc	11606	0
24040	calc	11226	0
24041	lookup	175	0
24042	lookup	7589	0
24043	abstain_everyday	3407	0
24044	lookup	10971	0
24045	abstain_everyday	5312	0
24046	calc	20536	0
24047	calc	20097	0
24048	calc	11926	0
24049	lookup	6152	0
24050	calc	11222	0
24051	abstain_everyday	4389	0
24052	lookup	8542	0
24053	calc	14944	0
24054	lookup	8419	0
24055	calc	20286	0
24056	abstain_everyday	5838	0
24057	abstain_everyday	3354	0
24058	abstain_everyday	2366	0
24059	lookup	3849	0
24060	abstain_everyday	4110	0
24061	abstain_everyday	2664	0
24062	calc	13096	0
24063	lookup	223	0
24064	calc	13397	0
24065	calc	3111	0
24066	calc	821	0
24067	abstain_everyday	364	0
24068	lookup	3327	0
24069	lookup	1216	0
24070	abstain_everyday	1277	0
24071	calc	8461	1
24072	lookup	9279	0
24073	calc	16088	0
24074	lookup	12208	0
24075	calc	4094	0
24076	calc	17801	0
24077	calc	5910	0
24078	calc	999	0
24079	calc	19214	0
24080	calc	14961	0
24081	calc	6373	0
24082	lookup	4488	0
24083	calc	3035	0
24084	abstain_everyday	239	0
24085	lookup	10043	0
24086	calc	826	0
24087	lookup	5739	0
24088	lookup	5212	0
24089	lookup	10977	0
24090	calc	14692	0
24091	lookup	6538	0
24092	lookup	2992	0
24093	calc	3062	0
24094	calc	3298	0
24095	abstain_everyday	1119	0
24096	lookup	728	0
24097	lookup	6990	0
24098	lookup	4523	0
24099	lookup	11047	0
24100	lookup	1083	0
24101	abstain_everyday	4765	0
24102	lookup	10678	0
24103	calc	12702	0
24104	calc	8184	0
24105	lookup	10872	0
24106	lookup	5238	0
24107	lookup	7116	0
24108	calc	2782	0
24109	calc	3134	0
24110	lookup	11599	0
24111	calc	4000	0
24112	lookup	10592	0
24113	lookup	693	0
24114	lookup	6675	0
24115	calc	4134	0
24116	lookup	729	0
24117	lookup	126	0
24118	calc	4786	0
24119	calc	11174	0
24120	calc	18766	0
24121	lookup	3007	0
24122	calc	14125	0
24123	calc	16942	0
24124	lookup	7921	0
24125	lookup	12380	0
24126	lookup	5301	0
24127	calc	15072	0
24128	lookup	5139	0
24129	calc	7803	0
24130	calc	5228	0
24131	calc	19875	0
24132	calc	8444	0
24133	calc	8120	0
24134	calc	15467	0
24135	lookup	12671	0
24136	lookup	2196	0
24137	calc	18856	0
24138	calc	12085	0
24139	lookup	1204	0
24140	calc	10551	0
24141	calc	3974	0
24142	abstain_everyday	2593	0
24143	lookup	9514	0
24144	calc	15453	0
24145	calc	7703	0
24146	calc	18362	0
24147	calc	15363	0
24148	calc	15703	0
24149	calc	9952	0
24150	lookup	7639	0
24151	calc	1937	0
24152	lookup	2133	0
24153	calc	20968	0
24154	calc	1593	0
24155	calc	6441	0
24156	lookup	261	0
24157	abstain_everyday	3179	0
24158	calc	9302	0
24159	calc	17443	0
24160	calc	9515	0
24161	calc	652	0
24162	lookup	5153	0
24163	calc	7217	0
24164	abstain_everyday	1536	0
24165	abstain_everyday	4674	0
24166	lookup	4485	0
24167	calc	17647	1
24168	abstain_everyday	5761	0
24169	lookup	12384	0
24170	lookup	6144	0
24171	calc	7876	0
24172	abstain_everyday	5309	0
24173	abstain_everyday	4475	0
24174	lookup	5497	0
24175	abstain_everyday	4262	0
24176	lookup	7607	0
24177	abstain_everyday	3725	0
24178	abstain_everyday	1513	0
24179	abstain_everyday	4387	0
24180	calc	6262	0
24181	calc	7983	0
24182	abstain_everyday	3826	0
24183	abstain_everyday	1648	0
24184	abstain_everyday	3411	0
24185	lookup	12909	0
24186	calc	18764	0
24187	lookup	960	0
24188	calc	19266	0
24189	calc	964	0
24190	calc	14714	0
24191	abstain_everyday	1737	0
24192	calc	13873	0
24193	calc	5033	0
24194	calc	9669	0
24195	lookup	9552	0
24196	abstain_everyday	4064	0
24197	calc	5654	0
24198	calc	4785	1
24199	abstain_everyday	5014	0
24200	lookup	6456	0
24201	lookup	2619	0
24202	calc	6804	0
24203	abstain_everyday	5122	0
24204	calc	7122	0
24205	lookup	3852	0
24206	calc	6848	0
24207	calc	8899	0
24208	calc	17847	0
24209	lookup	11817	0
24210	abstain_everyday	520	0
24211	calc	9006	0
24212	calc	20029	0
24213	lookup	2046	0
24214	calc	2232	0
24215	lookup	2661	0
24216	lookup	11929	0
24217	abstain_everyday	5184	0
24218	calc	4669	0
24219	lookup	11294	0
24220	calc	2585	0
24221	calc	2784	0
24222	lookup	8815	0
24223	abstain_everyday	2375	0
24224	lookup	8030	0
24225	lookup	4905	0
24226	calc	11085	0
24227	lookup	8646	0
24228	calc	11932	0
24229	abstain_everyday	828	0
24230	calc	5272	0
24231	calc	10733	0
24232	lookup	7545	0
24233	calc	7141	0
24234	lookup	11716	0
24235	calc	708	0
24236	calc	10165	0
24237	abstain_everyday	3506	0
24238	abstain_everyday	1595	0
24239	calc	1984	0
24240	lookup	8515	0
24241	calc	2962	0
24242	calc	9254	0
24243	calc	20973	0
24244	calc	7753	0
24245	calc	8876	0
24246	calc	11090	0
24247	calc	1848	1
24248	calc	6481	0
24249	abstain_everyday	5852	0
24250	lookup	1883	0
24251	calc	14577	0
24252	abstain_everyday	1366	0
24253	lookup	12908	0
24254	calc	793	0
24255	calc	1442	0
24256	calc	17435	1
24257	calc	8100	0
24258	lookup	1264	0
24259	calc	15712	0
24260	lookup	10072	0
24261	calc	17487	1
24262	lookup	1414	0
24263	calc	5796	0
24264	calc	16472	0
24265	calc	15997	0
24266	lookup	9659	0
24267	calc	7252	0
24268	calc	12388	0
24269	lookup	1876	0
24270	calc	5325	0
24271	lookup	4085	0
24272	calc	4455	0
24273	lookup	1825	0
24274	lookup	1313	0
24275	abstain_everyday	477	0
24276	calc	14556	0
24277	abstain_everyday	2215	0
24278	lookup	8446	0
24279	abstain_everyday	5270	0
24280	calc	13017	0
24281	lookup	2509	0
24282	calc	16483	0
24283	calc	10893	0
24284	lookup	10564	0
24285	lookup	2443	0
24286	calc	4418	0
24287	lookup	6981	0
24288	lookup	11671	0
24289	lookup	2552	0
24290	lookup	2157	0
24291	lookup	6217	0
24292	lookup	5419	0
24293	calc	9412	0
24294	calc	19301	0
24295	abstain_everyday	1926	0
24296	calc	6139	1
24297	lookup	330	0
24298	calc	12584	0
24299	abstain_everyday	2955	0
24300	calc	20764	0
24301	calc	4015	0
24302	lookup	7782	0
24303	calc	13961	0
24304	calc	11930	0
24305	calc	12492	0
24306	lookup	12377	0
24307	calc	7600	0
24308	calc	8615	0
24309	lookup	5597	0
24310	lookup	10348	0
24311	calc	11830	0
24312	abstain_everyday	5751	0
24313	calc	10459	0
24314	lookup	10287	0
24315	calc	3038	0
24316	calc	20558	0
24317	lookup	3864	0
24318	lookup	6376	0
24319	lookup	7642	0
24320	calc	20300	0
24321	calc	6904	0
24322	lookup	502	0
24323	calc	2552	0
24324	calc	10848	0
24325	calc	15753	0
24326	calc	4993	0
24327	calc	4209	0
24328	calc	20214	0
24329	lookup	5375	0
24330	lookup	12639	0
24331	abstain_everyday	1265	0
24332	calc	13531	0
24333	abstain_everyday	5305	0
24334	calc	1972	0
24335	lookup	11445	0
24336	calc	4240	0
24337	calc	851	0
24338	lookup	3769	0
24339	calc	8677	0
24340	lookup	5269	0
24341	calc	6667	0
24342	calc	15701	0
24343	lookup	9529	0
24344	calc	12757	0
24345	lookup	961	0
24346	abstain_everyday	3393	0
24347	lookup	2953	0
24348	calc	9193	0
24349	lookup	10718	0
24350	calc	295	0
24351	calc	12141	0
24352	abstain_everyday	2203	0
24353	calc	17428	0
24354	calc	20152	0
24355	abstain_everyday	4574	0
24356	abstain_everyday	5732	0
24357	calc	290	0
24358	lookup	671	0
24359	calc	20687	0
24360	lookup	9913	0
24361	calc	7278	0
24362	calc	2037	0
24363	lookup	253	0
24364	calc	1169	0
24365	lookup	7011	0
24366	calc	5213	0
24367	calc	13702	0
24368	abstain_everyday	5731	0
24369	calc	2642	0
24370	calc	17984	0
24371	calc	16969	0
24372	calc	16675	0
24373	abstain_everyday	4582	0
24374	lookup	3822	0
24375	lookup	12637	0
24376	lookup	4625	0
24377	abstain_everyday	5335	0
24378	abstain_everyday	5242	0
24379	lookup	272	0
24380	lookup	11964	0
24381	calc	8507	0
24382	lookup	10254	0
24383	lookup	6230	0
24384	abstain_everyday	5103	0
24385	calc	16280	0
24386	calc	17900	0
24387	calc	7825	1
24388	calc	6271	0
24389	lookup	115	0
24390	abstain_everyday	4334	0
24391	abstain_everyday	770	0
24392	lookup	6103	0
24393	calc	16704	0
24394	calc	4613	0
24395	calc	5290	1
24396	calc	6080	0
24397	lookup	2958	0
24398	calc	3581	0
24399	calc	4922	0
24400	calc	7211	0
24401	calc	16226	0
24402	calc	15412	0
24403	calc	14183	0
24404	lookup	6826	0
24405	calc	1122	0
24406	calc	11472	0
24407	calc	5393	0
24408	abstain_everyday	4399	0
24409	lookup	2230	0
24410	calc	20256	0
24411	abstain_everyday	5105	0
24412	lookup	2956	0
24413	calc	3849	0
24414	lookup	12209	0
24415	lookup	1801	0
24416	lookup	976	0
24417	abstain_everyday	2177	0
24418	lookup	8899	0
24419	calc	19784	0
24420	lookup	2457	0
24421	calc	13134	0
24422	calc	10718	0
24423	lookup	12606	0
24424	calc	15071	0
24425	lookup	4555	0
24426	calc	17441	0
24427	calc	8387	0
24428	lookup	3788	0
24429	lookup	7442	0
24430	abstain_everyday	2820	0
24431	calc	5455	0
24432	lookup	11511	0
24433	calc	850	0
24434	calc	9687	0
24435	calc	20163	0
24436	lookup	4500	0
24437	calc	12414	0
24438	calc	10742	0
24439	lookup	9642	0
24440	calc	12427	0
24441	abstain_everyday	3504	0
24442	calc	5016	0
24443	lookup	7919	0
24444	calc	17161	0
24445	lookup	6114	0
24446	lookup	3630	0
24447	calc	7401	0
24448	calc	18080	0
24449	abstain_everyday	3759	0
24450	calc	13746	0
24451	lookup	4829	0
24452	calc	14236	0
24453	calc	16853	0
24454	lookup	616	0
24455	calc	6048	0
24456	lookup	6602	0
24457	calc	8865	0
24458	abstain_everyday	5322	0
24459	abstain_everyday	4196	0
24460	lookup	5066	0
24461	calc	12199	0
24462	calc	11563	0
24463	abstain_everyday	1829	0
24464	calc	5785	0
24465	calc	20217	0
24466	lookup	1826	0
24467	abstain_everyday	48	0
24468	abstain_everyday	5796	0
24469	calc	19847	0
24470	calc	17915	0
24471	lookup	10338	0
24472	calc	14178	0
24473	lookup	5067	0
24474	calc	20305	0
24475	calc	13002	0
24476	calc	8721	0
24477	lookup	11211	0
24478	lookup	3932	0
24479	calc	1719	0
24480	calc	1344	0
24481	calc	20835	0
24482	calc	19869	0
24483	calc	8938	0
24484	lookup	3936	0
24485	calc	16253	0
24486	calc	3295	0
24487	lookup	4216	0
24488	lookup	2972	0
24489	calc	11720	0
24490	lookup	6169	0
24491	calc	9467	0
24492	lookup	11917	0
24493	calc	3384	0
24494	lookup	4774	0
24495	calc	2758	0
24496	lookup	1306	0
24497	calc	16691	0
24498	calc	16924	0
24499	lookup	9827	0
24500	calc	11049	0
24501	calc	8628	0
24502	calc	16003	0
24503	lookup	1064	0
24504	calc	16477	0
24505	abstain_everyday	593	0
24506	calc	15843	0
24507	calc	7565	0
24508	calc	3908	0
24509	abstain_everyday	3726	0
24510	lookup	7155	0
24511	calc	1361	0
24512	abstain_everyday	5736	0
24513	calc	20398	0
24514	lookup	7948	0
24515	calc	15798	0
24516	lookup	11106	0
24517	calc	19702	0
24518	calc	6918	0
24519	calc	14761	1
24520	calc	18259	0
24521	lookup	2092	0
24522	calc	17599	0
24523	calc	2212	0
24524	calc	8747	0
24525	abstain_everyday	5363	0
24526	calc	19591	0
24527	calc	14907	0
24528	lookup	8163	0
24529	calc	11063	1
24530	calc	5774	0
24531	calc	1755	0
24532	calc	744	0
24533	abstain_everyday	4567	0
24534	lookup	9063	0
24535	calc	16678	0
24536	lookup	11521	0
24537	lookup	4272	0
24538	calc	10662	0
24539	abstain_everyday	2001	0
24540	lookup	2090	0
24541	calc	745	0
24542	calc	15091	0
24543	calc	6491	0
24544	lookup	2	0
24545	lookup	6708	0
24546	calc	13454	0
24547	lookup	8767	0
24548	calc	3650	0
24549	lookup	11150	0
24550	lookup	9228	0
24551	calc	2795	0
24552	calc	14078	0
24553	lookup	1334	0
24554	calc	5856	0
24555	lookup	3470	0
24556	lookup	8011	0
24557	abstain_everyday	2081	0
24558	calc	9566	0
24559	lookup	10688	0
24560	calc	1852	0
24561	lookup	6158	0
24562	calc	14239	0
24563	abstain_everyday	2408	0
24564	calc	19314	0
24565	lookup	5184	0
24566	calc	20382	0
24567	lookup	11486	0
24568	lookup	8997	0
24569	lookup	5701	0
24570	calc	11131	0
24571	lookup	12404	0
24572	calc	9051	0
24573	calc	4623	0
24574	lookup	4342	0
24575	lookup	12110	0
24576	abstain_everyday	5475	0
24577	abstain_everyday	3520	0
24578	calc	18863	1
24579	lookup	3289	0
24580	lookup	8104	0
24581	abstain_everyday	5717	0
24582	lookup	12193	0
24583	lookup	7139	0
24584	abstain_everyday	2673	0
24585	abstain_everyday	5794	0
24586	calc	3173	0
24587	abstain_everyday	4423	0
24588	calc	18451	0
24589	abstain_everyday	619	0
24590	abstain_everyday	1835	0
24591	calc	1648	0
24592	calc	13045	0
24593	lookup	8506	0
24594	calc	1877	0
24595	lookup	6610	0
24596	lookup	403	0
24597	calc	3712	0
24598	calc	12617	0
24599	calc	8004	0
24600	calc	1540	0
24601	calc	20642	0
24602	calc	11184	0
24603	calc	7162	0
24604	lookup	7048	0
24605	lookup	12911	0
24606	calc	17807	0
24607	calc	3373	0
24608	calc	2996	0
24609	lookup	3691	0
24610	calc	14451	0
24611	lookup	9183	0
24612	abstain_everyday	703	0
24613	abstain_everyday	3550	0
24614	calc	1006	0
24615	calc	7180	0
24616	calc	13417	0
24617	calc	19039	0
24618	abstain_everyday	5420	0
24619	abstain_everyday	2818	0
24620	calc	11934	0
24621	calc	5552	0
24622	abstain_everyday	666	0
24623	lookup	3030	0
24624	calc	11501	1
24625	calc	3167	0
24626	calc	1675	0
24627	calc	11094	0
24628	lookup	10889	0
24629	lookup	5712	0
24630	lookup	8281	0
24631	calc	8717	0
24632	calc	18394	0
24633	calc	4515	0
24634	abstain_everyday	1058	0
24635	calc	9771	0
24636	calc	20612	0
24637	lookup	6843	0
24638	calc	11899	0
24639	abstain_everyday	756	0
24640	calc	18564	0
24641	calc	11225	0
24642	lookup	1649	0
24643	abstain_everyday	1121	0
24644	lookup	9657	0
24645	calc	1992	0
24646	lookup	4408	0
24647	calc	7324	0
24648	calc	2775	0
24649	calc	2514	0
24650	abstain_everyday	4901	0
24651	lookup	6886	0
24652	calc	3921	0
24653	lookup	8549	0
24654	lookup	2855	0
24655	calc	3649	0
24656	calc	9021	0
24657	calc	5585	0
24658	calc	11579	0
24659	calc	12367	0
24660	calc	5795	0
24661	lookup	11042	0
24662	calc	19699	0
24663	calc	3140	0
24664	lookup	6273	0
24665	lookup	7053	0
24666	calc	5558	0
24667	lookup	9864	0
24668	abstain_everyday	2409	0
24669	calc	11143	0
24670	calc	184	0
24671	calc	2144	0
24672	lookup	9600	0
24673	calc	2735	0
24674	calc	8823	0
24675	calc	15007	0
24676	lookup	1409	0
24677	calc	20719	0
24678	calc	15589	0
24679	lookup	8168	0
24680	calc	2011	0
24681	abstain_everyday	4274	0
24682	calc	4779	0
24683	lookup	2503	0
24684	lookup	252	0
24685	abstain_everyday	3069	0
24686	calc	7503	0
24687	abstain_everyday	4226	0
24688	calc	5479	0
24689	lookup	12758	0
24690	calc	15792	0
24691	calc	14305	0
24692	calc	16156	0
24693	calc	19617	0
24694	lookup	8558	0
24695	calc	8062	0
24696	abstain_everyday	3983	0
24697	calc	13816	0
24698	calc	18899	1
24699	calc	10239	0
24700	calc	7152	0
24701	calc	5078	0
24702	calc	16370	0
24703	lookup	11268	0
24704	calc	8945	0
24705	lookup	6999	0
24706	lookup	4783	0
24707	calc	16888	0
24708	calc	20560	0
24709	calc	6305	0
24710	calc	17047	0
24711	lookup	2717	0
24712	calc	21007	0
24713	lookup	12251	0
24714	lookup	12871	0
24715	calc	13563	0
24716	calc	5769	0
24717	calc	17682	0
24718	calc	18957	0
24719	lookup	12126	0
24720	lookup	1819	0
24721	lookup	9718	0
24722	lookup	7622	0
24723	calc	13763	0
24724	calc	18465	0
24725	lookup	5567	0
24726	calc	18718	0
24727	calc	17684	0
24728	lookup	6257	0
24729	calc	20134	0
24730	calc	7088	0
24731	lookup	2504	0
24732	calc	16734	0
24733	calc	523	0
24734	calc	13082	0
24735	calc	3485	0
24736	calc	15206	0
24737	calc	9759	0
24738	calc	17696	0
24739	calc	17115	0
24740	abstain_everyday	1964	0
24741	lookup	1214	0
24742	calc	4097	0
24743	abstain_everyday	4287	0
24744	calc	18192	0
24745	calc	12102	0
24746	calc	4877	0
24747	calc	13516	0
24748	lookup	5221	0
24749	calc	20240	0
24750	calc	9449	0
24751	calc	14157	0
24752	calc	8866	0
24753	abstain_everyday	1757	0
24754	calc	15258	0
24755	abstain_everyday	4123	0
24756	calc	20162	0
24757	calc	13272	0
24758	calc	4292	0
24759	lookup	7018	0
24760	abstain_everyday	605	0
24761	abstain_everyday	3425	0
24762	calc	17780	0
24763	calc	10991	0
24764	calc	10007	0
24765	lookup	1028	0
24766	calc	14798	0
24767	calc	9823	0
24768	calc	15759	0
24769	calc	5235	1
24770	calc	17353	0
24771	abstain_everyday	3908	0
24772	calc	17634	0
24773	lookup	5342	0
24774	calc	3982	1
24775	calc	4708	0
24776	calc	19330	0
24777	calc	12997	0
24778	calc	6653	0
24779	lookup	9675	0
24780	calc	15148	0
24781	calc	7488	0
24782	calc	13808	0
24783	calc	16634	0
24784	calc	20570	0
24785	lookup	5239	0
24786	calc	19043	0
24787	calc	3812	0
24788	lookup	263	0
24789	calc	20233	0
24790	calc	9314	0
24791	lookup	7992	0
24792	calc	11900	0
24793	calc	2085	0
24794	calc	13207	0
24795	calc	13800	0
24796	lookup	12500	0
24797	lookup	10587	0
24798	calc	6487	0
24799	abstain_everyday	3859	0
24800	calc	8288	0
24801	calc	16045	0
24802	abstain_everyday	3006	0
24803	calc	16988	1
24804	abstain_everyday	3531	0
24805	calc	6945	0
24806	calc	1501	0
24807	lookup	2425	0
24808	calc	16814	0
24809	calc	10111	0
24810	calc	5704	0
24811	lookup	8406	0
24812	calc	6488	0
24813	lookup	7103	0
24814	calc	17337	0
24815	calc	20670	0
24816	lookup	8346	0
24817	lookup	8424	0
24818	lookup	8089	0
24819	abstain_everyday	832	0
24820	calc	11584	0
24821	lookup	5673	0
24822	calc	5733	0
24823	calc	10922	0
24824	calc	17169	0
24825	calc	19560	0
24826	lookup	6394	0
24827	calc	4498	0
24828	calc	18402	0
24829	lookup	1031	0
24830	lookup	2415	0
24831	lookup	4882	0
24832	calc	19634	0
24833	calc	13474	0
24834	calc	17903	0
24835	abstain_everyday	1556	0
24836	lookup	3103	0
24837	calc	9724	0
24838	calc	14084	0
24839	calc	16695	0
24840	calc	11591	0
24841	abstain_everyday	2775	0
24842	calc	2594	0
24843	lookup	1593	0
24844	lookup	11407	0
24845	calc	12266	0
24846	lookup	12026	0
24847	lookup	208	0
24848	calc	5580	0
24849	calc	6508	0
24850	lookup	4659	0
24851	lookup	32	0
24852	calc	12233	0
24853	calc	17805	0
24854	calc	20457	0
24855	calc	20714	0
24856	calc	6209	0
24857	abstain_everyday	4778	0
24858	lookup	5728	0
24859	calc	1086	0
24860	abstain_everyday	4065	0
24861	calc	11727	0
24862	calc	1258	0
24863	abstain_everyday	1416	0
24864	calc	1734	0
24865	lookup	5258	0
24866	calc	6781	1
24867	abstain_everyday	2	0
24868	lookup	8526	0
24869	calc	8919	1
24870	calc	8144	0
24871	lookup	11729	0
24872	calc	14568	0
24873	lookup	10795	0
24874	abstain_everyday	3208	0
24875	abstain_everyday	5064	0
24876	calc	14496	0
24877	lookup	9620	0
24878	lookup	5696	0
24879	lookup	8814	0
24880	lookup	3914	0
24881	calc	19431	0
24882	abstain_everyday	5430	0
24883	lookup	1817	0
24884	lookup	11136	0
24885	lookup	12571	0
24886	abstain_everyday	996	0
24887	calc	15512	0
24888	calc	3231	0
24889	lookup	227	0
24890	lookup	9300	0
24891	lookup	295	0
24892	lookup	3429	0
24893	lookup	56	0
24894	calc	2707	0
24895	calc	3641	0
24896	calc	1961	0
24897	lookup	11126	0
24898	abstain_everyday	4987	0
24899	lookup	6214	0
24900	calc	13459	0
24901	lookup	2897	0
24902	lookup	5525	0
24903	lookup	5109	0
24904	calc	16918	0
24905	lookup	678	0
24906	lookup	7811	0
24907	abstain_everyday	3344	0
24908	lookup	1062	0
24909	abstain_everyday	4927	0
24910	calc	6990	0
24911	abstain_everyday	3811	0
24912	abstain_everyday	1368	0
24913	abstain_everyday	2271	0
24914	calc	11896	1
24915	lookup	5185	0
24916	lookup	9608	0
24917	abstain_everyday	1784	0
24918	lookup	4072	0
24919	lookup	6522	0
24920	calc	6690	0
24921	calc	16469	0
24922	calc	2721	0
24923	lookup	4157	0
24924	lookup	4487	0
24925	calc	4679	0
24926	calc	2351	0
24927	calc	13014	0
24928	calc	15053	0
24929	lookup	9633	0
24930	lookup	2439	0
24931	lookup	5054	0
24932	calc	18283	0
24933	calc	15517	0
24934	calc	19453	0
24935	calc	2177	0
24936	calc	18186	0
24937	calc	12784	0
24938	calc	17265	0
24939	calc	5497	0
24940	abstain_everyday	368	0
24941	lookup	10675	0
24942	calc	20709	0
24943	lookup	542	0
24944	calc	17476	0
24945	lookup	1406	0
24946	lookup	8165	0
24947	calc	6335	0
24948	lookup	5996	0
24949	calc	5860	0
24950	calc	10604	0
24951	abstain_everyday	2649	0
24952	calc	3844	0
24953	abstain_everyday	2717	0
24954	abstain_everyday	4132	0
24955	lookup	11366	0
24956	lookup	3525	0
24957	lookup	3317	0
24958	abstain_everyday	1175	0
24959	lookup	4270	0
24960	abstain_everyday	3494	0
24961	lookup	873	0
24962	calc	10422	0
24963	calc	9575	0
24964	lookup	12849	0
24965	calc	19488	0
24966	calc	19351	0
24967	abstain_everyday	4084	0
24968	calc	10016	0
24969	lookup	4066	0
24970	abstain_everyday	3548	0
24971	lookup	5535	0
24972	calc	10094	0
24973	abstain_everyday	4922	0
24974	abstain_everyday	3918	0
24975	lookup	12806	0
24976	calc	10645	1
24977	abstain_everyday	5154	0
24978	abstain_everyday	1562	0
24979	calc	15900	0
24980	lookup	10534	0
24981	calc	4639	0
24982	lookup	3232	0
24983	calc	20124	0
24984	abstain_everyday	1032	0
24985	lookup	483	0
24986	calc	18375	0
24987	calc	15876	0
24988	calc	12602	0
24989	calc	1999	0
24990	abstain_everyday	3218	0
24991	abstain_everyday	2655	0
24992	lookup	758	0
24993	calc	10143	0
24994	lookup	8037	0
24995	abstain_everyday	335	0
24996	calc	12770	0
24997	calc	19934	0
24998	calc	14224	0
24999	lookup	2310	0
25000	lookup	8369	0
25001	lookup	10012	0
25002	abstain_everyday	1236	0
25003	calc	11948	0
25004	lookup	5135	0
25005	lookup	9360	0
25006	calc	2587	0
25007	lookup	6825	0
25008	calc	6197	0
25009	lookup	2175	0
25010	calc	9190	0
25011	calc	21062	0
25012	lookup	3866	0
25013	calc	16618	0
25014	lookup	10108	0
25015	lookup	12280	0
25016	calc	4465	0
25017	lookup	12433	0
25018	calc	4286	0
25019	abstain_everyday	200	0
25020	calc	20040	0
25021	calc	7090	0
25022	calc	10702	0
25023	abstain_everyday	5643	0
25024	lookup	5862	0
25025	lookup	6445	0
25026	lookup	11233	0
25027	calc	16777	0
25028	lookup	8648	0
25029	abstain_everyday	682	0
25030	lookup	753	0
25031	abstain_everyday	5484	0
25032	abstain_everyday	166	0
25033	calc	11028	0
25034	lookup	4371	0
25035	calc	4968	0
25036	calc	6416	0
25037	lookup	186	0
25038	calc	1905	0
25039	lookup	12421	0
25040	calc	15550	0
25041	calc	13342	0
25042	calc	13632	0
25043	lookup	1503	0
25044	calc	9584	0
25045	calc	33	0
25046	calc	15432	0
25047	calc	19757	0
25048	abstain_everyday	3565	0
25049	abstain_everyday	2149	0
25050	lookup	8870	0
25051	calc	10635	0
25052	calc	9834	0
25053	calc	2574	0
25054	abstain_everyday	871	0
25055	lookup	1430	0
25056	abstain_everyday	2842	0
25057	lookup	8136	0
25058	calc	10144	0
25059	lookup	3730	0
25060	calc	20655	0
25061	calc	13912	0
25062	lookup	441	0
25063	lookup	6621	0
25064	lookup	1950	0
25065	calc	6767	0
25066	calc	16116	0
25067	calc	7255	0
25068	lookup	11074	0
25069	calc	15227	0
25070	abstain_everyday	1306	0
25071	calc	10508	0
25072	lookup	10715	0
25073	calc	2815	0
25074	abstain_everyday	4481	0
25075	lookup	9703	0
25076	calc	815	0
25077	calc	7866	0
25078	lookup	2099	0
25079	lookup	12590	0
25080	lookup	2578	0
25081	calc	1925	1
25082	calc	19801	0
25083	abstain_everyday	3817	0
25084	calc	9844	0
25085	lookup	5870	0
25086	abstain_everyday	5727	0
25087	abstain_everyday	4148	0
25088	abstain_everyday	261	0
25089	abstain_everyday	4932	0
25090	lookup	10527	0
25091	abstain_everyday	4372	0
25092	lookup	1990	0
25093	lookup	2402	0
25094	lookup	8682	0
25095	calc	5750	0
25096	abstain_everyday	985	0
25097	calc	15439	0
25098	calc	6861	0
25099	calc	10593	1
25100	lookup	6057	0
25101	calc	19501	0
25102	lookup	9423	0
25103	calc	5467	0
25104	calc	18745	0
25105	abstain_everyday	5195	0
25106	lookup	9392	0
25107	lookup	3372	0
25108	calc	4640	0
25109	lookup	9752	0
25110	calc	653	0
25111	calc	1055	0
25112	lookup	986	0
25113	lookup	6971	0
25114	calc	15811	0
25115	calc	11764	0
25116	lookup	2668	0
25117	calc	9672	0
25118	calc	20485	0
25119	lookup	3188	0
25120	abstain_everyday	5207	0
25121	calc	18613	1
25122	calc	18586	0
25123	calc	16778	0
25124	calc	5460	0
25125	calc	17776	0
25126	calc	11227	0
25127	calc	17427	0
25128	calc	20615	0
25129	calc	4837	0
25130	calc	718	0
25131	calc	11025	0
25132	calc	20195	0
25133	abstain_everyday	4090	0
25134	abstain_everyday	2383	0
25135	abstain_everyday	1960	0
25136	lookup	12173	0
25137	calc	7994	0
25138	calc	7821	0
25139	calc	9673	0
25140	lookup	46	0
25141	abstain_everyday	2921	0
25142	calc	9751	0
25143	calc	4473	0
25144	abstain_everyday	393	0
25145	lookup	1681	0
25146	calc	138	0
25147	calc	14727	0
25148	lookup	1073	0
25149	calc	10177	0
25150	calc	12421	0
25151	lookup	5462	0
25152	lookup	8268	0
25153	calc	11471	0
25154	calc	7554	0
25155	abstain_everyday	3695	0
25156	abstain_everyday	196	0
25157	calc	18044	0
25158	calc	399	0
25159	calc	19760	0
25160	calc	7527	0
25161	calc	834	0
25162	calc	12438	0
25163	calc	12020	0
25164	calc	7595	0
25165	lookup	4031	0
25166	calc	15011	0
25167	lookup	2963	0
25168	calc	20434	0
25169	abstain_everyday	1684	0
25170	calc	18199	0
25171	calc	16891	0
25172	calc	13984	0
25173	lookup	7898	0
25174	calc	3397	0
25175	calc	17689	0
25176	lookup	12804	0
25177	calc	7494	0
25178	lookup	755	0
25179	abstain_everyday	2393	0
25180	calc	2858	0
25181	calc	8967	0
25182	lookup	11974	0
25183	calc	4482	0
25184	calc	9737	0
25185	abstain_everyday	1436	0
25186	lookup	11298	0
25187	calc	20122	0
25188	calc	13610	0
25189	calc	2470	0
25190	calc	20544	0
25191	calc	5641	0
25192	calc	20741	0
25193	lookup	11575	0
25194	calc	13975	0
25195	lookup	10956	0
25196	calc	7026	0
25197	calc	8834	0
25198	lookup	12872	0
25199	abstain_everyday	1409	0
25200	calc	10257	0
25201	lookup	10608	0
25202	calc	6297	0
25203	calc	4163	0
25204	calc	15020	0
25205	calc	10044	1
25206	lookup	2974	0
25207	calc	13642	0
25208	calc	13394	0
25209	calc	3221	0
25210	calc	19209	0
25211	calc	10860	0
25212	calc	8006	0
25213	calc	16484	0
25214	calc	13181	0
25215	calc	8775	0
25216	calc	16906	0
25217	abstain_everyday	3827	0
25218	calc	17642	0
25219	calc	4921	1
25220	abstain_everyday	2123	0
25221	lookup	11991	0
25222	lookup	5869	0
25223	calc	18035	0
25224	lookup	2348	0
25225	abstain_everyday	4859	0
25226	calc	3953	0
25227	lookup	413	0
25228	lookup	7706	0
25229	abstain_everyday	5841	0
25230	lookup	4962	0
25231	calc	16455	0
25232	abstain_everyday	3863	0
25233	abstain_everyday	4917	0
25234	calc	14598	0
25235	calc	12919	0
25236	lookup	5640	0
25237	calc	1971	0
25238	calc	18131	0
25239	lookup	10498	0
25240	lookup	2685	0
25241	lookup	690	0
25242	lookup	7960	0
25243	calc	7941	0
25244	calc	13812	0
25245	calc	18315	0
25246	lookup	1748	0
25247	calc	10703	1
25248	calc	9980	0
25249	abstain_everyday	1498	0
25250	calc	4283	0
25251	calc	10916	0
25252	lookup	3983	0
25253	calc	730	0
25254	lookup	11323	0
25255	abstain_everyday	2610	0
25256	lookup	9417	0
25257	calc	20772	0
25258	abstain_everyday	124	0
25259	abstain_everyday	3139	0
25260	calc	2028	0
25261	lookup	6364	0
25262	calc	4043	0
25263	lookup	8373	0
25264	calc	20296	0
25265	calc	15217	0
25266	abstain_everyday	733	0
25267	lookup	10405	0
25268	calc	19510	0
25269	calc	4025	0
25270	lookup	11398	0
25271	calc	1529	0
25272	calc	3442	0
25273	calc	12876	0
25274	abstain_everyday	3435	0
25275	lookup	3727	0
25276	calc	11497	0
25277	calc	14043	0
25278	calc	4662	0
25279	abstain_everyday	2449	0
25280	calc	2040	1
25281	lookup	10356	0
25282	calc	1722	0
25283	calc	7507	0
25284	calc	628	0
25285	lookup	2472	0
25286	calc	16006	0
25287	abstain_everyday	2839	0
25288	lookup	2983	0
25289	calc	16100	0
25290	lookup	9969	0
25291	calc	20681	0
25292	lookup	6408	0
25293	calc	5443	0
25294	calc	24	0
25295	calc	1216	0
25296	calc	7103	0
25297	lookup	1046	0
25298	calc	20084	0
25299	calc	9595	0
25300	lookup	3340	0
25301	lookup	6157	0
25302	calc	5043	0
25303	calc	798	1
25304	calc	17301	0
25305	calc	18207	0
25306	abstain_everyday	1840	0
25307	calc	12920	0
25308	calc	4951	0
25309	calc	15861	0
25310	lookup	9671	0
25311	lookup	2767	0
25312	lookup	5973	0
25313	abstain_everyday	2996	0
25314	abstain_everyday	5800	0
25315	calc	5944	0
25316	calc	14240	0
25317	lookup	8254	0
25318	calc	7655	0
25319	calc	1270	0
25320	calc	11996	0
25321	calc	15333	0
25322	lookup	7680	0
25323	calc	16229	0
25324	lookup	1970	0
25325	calc	2267	0
25326	lookup	6159	0
25327	lookup	11244	0
25328	calc	7738	0
25329	calc	9867	0
25330	abstain_everyday	3155	0
25331	lookup	2875	0
25332	calc	1793	0
25333	abstain_everyday	3421	0
25334	calc	1454	1
25335	abstain_everyday	2956	0
25336	calc	978	0
25337	calc	13730	0
25338	abstain_everyday	3464	0
25339	calc	11869	0
25340	calc	1769	0
25341	lookup	8271	0
25342	calc	880	0
25343	lookup	360	0
25344	calc	12151	0
25345	calc	8773	0
25346	calc	11096	0
25347	calc	3971	0
25348	calc	533	0
25349	abstain_everyday	5130	0
25350	calc	4949	0
25351	calc	11341	0
25352	lookup	2553	0
25353	calc	2279	0
25354	calc	20715	0
25355	abstain_everyday	2544	0
25356	calc	4649	0
25357	lookup	335	0
25358	abstain_everyday	3633	0
25359	lookup	7610	0
25360	lookup	3	0
25361	calc	2959	0
25362	calc	3625	0
25363	calc	17996	0
25364	lookup	9559	0
25365	calc	2403	0
25366	lookup	3345	0
25367	calc	14817	0
25368	calc	6196	0
25369	lookup	10001	0
25370	abstain_everyday	2159	0
25371	abstain_everyday	555	0
25372	calc	6522	0
25373	lookup	12130	0
25374	lookup	155	0
25375	lookup	12630	0
25376	abstain_everyday	2450	0
25377	abstain_everyday	369	0
25378	lookup	6204	0
25379	lookup	11185	0
25380	calc	4546	0
25381	lookup	4541	0
25382	calc	17707	1
25383	calc	19957	0
25384	calc	1014	0
25385	lookup	7210	0
25386	calc	16722	0
25387	calc	11417	0
25388	calc	696	0
25389	lookup	9028	0
25390	abstain_everyday	4543	0
25391	lookup	2522	0
25392	calc	19154	0
25393	calc	19240	0
25394	lookup	9562	0
25395	calc	4545	0
25396	lookup	994	0
25397	abstain_everyday	4909	0
25398	lookup	4770	0
25399	calc	7891	0
25400	lookup	170	0
25401	lookup	8872	0
25402	calc	19595	1
25403	calc	8042	1
25404	lookup	11305	0
25405	calc	14971	0
25406	calc	16723	0
25407	calc	19582	0
25408	lookup	2884	0
25409	lookup	8128	0
25410	abstain_everyday	5752	0
25411	calc	16283	0
25412	abstain_everyday	4384	0
25413	calc	18632	0
25414	lookup	12402	0
25415	calc	2843	0
25416	calc	6376	0
25417	lookup	4414	0
25418	calc	7443	0
25419	calc	9897	0
25420	lookup	12355	0
25421	calc	2077	0
25422	calc	8622	0
25423	lookup	3001	0
25424	lookup	12337	0
25425	calc	4717	0
25426	abstain_everyday	4492	0
25427	calc	3690	0
25428	lookup	315	0
25429	lookup	3551	0
25430	calc	9196	0
25431	calc	5720	0
25432	calc	16749	0
25433	calc	12073	0
25434	calc	15403	0
25435	calc	3152	0
25436	calc	10108	0
25437	calc	7406	0
25438	calc	2509	0
25439	abstain_everyday	5563	0
25440	calc	9538	0
25441	calc	1273	0
25442	lookup	1889	0
25443	abstain_everyday	2269	0
25444	lookup	2080	0
25445	lookup	10905	0
25446	abstain_everyday	2958	0
25447	calc	12966	0
25448	lookup	109	0
25449	abstain_everyday	4386	0
25450	calc	14395	0
25451	lookup	3714	0
25452	lookup	9089	0
25453	calc	20095	0
25454	calc	13261	0
25455	calc	9863	0
25456	calc	9009	0
25457	calc	15191	0
25458	lookup	5630	0
25459	abstain_everyday	5311	0
25460	abstain_everyday	292	0
25461	lookup	3985	0
25462	lookup	10904	0
25463	lookup	117	0
25464	lookup	1116	0
25465	lookup	1571	0
25466	abstain_everyday	1449	0
25467	abstain_everyday	3535	0
25468	calc	10643	0
25469	lookup	6532	0
25470	calc	20664	0
25471	lookup	4736	0
25472	lookup	1109	0
25473	calc	3685	0
25474	abstain_everyday	1905	0
25475	abstain_everyday	2805	0
25476	calc	13105	0
25477	calc	9843	0
25478	lookup	1099	0
25479	calc	13729	0
25480	abstain_everyday	3468	0
25481	lookup	9947	0
25482	abstain_everyday	4396	0
25483	calc	4813	0
25484	abstain_everyday	4205	0
25485	calc	14253	0
25486	calc	7274	0
25487	lookup	9198	0
25488	calc	3407	0
25489	calc	10610	0
25490	calc	1870	0
25491	calc	5187	0
25492	calc	11003	0
25493	lookup	12936	0
25494	lookup	6606	0
25495	calc	12664	0
25496	calc	14219	1
25497	lookup	1686	0
25498	abstain_everyday	1854	0
25499	abstain_everyday	357	0
25500	calc	10190	0
25501	calc	15555	0
25502	calc	17899	0
25503	calc	18652	0
25504	abstain_everyday	4951	0
25505	lookup	11978	0
25506	calc	18028	0
25507	calc	17822	0
25508	lookup	12512	0
25509	lookup	10862	0
25510	abstain_everyday	2030	0
25511	lookup	5460	0
25512	lookup	6244	0
25513	lookup	4509	0
25514	lookup	12410	0
25515	lookup	12393	0
25516	calc	5100	1
25517	calc	15048	0
25518	calc	19463	0
25519	abstain_everyday	4986	0
25520	lookup	2615	0
25521	lookup	9900	0
25522	lookup	5964	0
25523	lookup	5076	0
25524	calc	5428	0
25525	calc	13300	0
25526	lookup	5359	0
25527	calc	8552	0
25528	calc	4265	0
25529	lookup	2456	0
25530	calc	12638	0
25531	lookup	11377	0
25532	calc	15359	0
25533	lookup	10710	0
25534	calc	19845	0
25535	abstain_everyday	231	0
25536	lookup	1232	0
25537	abstain_everyday	7	0
25538	calc	19464	1
25539	calc	1301	0
25540	calc	10777	0
25541	lookup	12535	0
25542	calc	9413	0
25543	calc	19698	0
25544	calc	19000	0
25545	abstain_everyday	2619	0
25546	lookup	10696	0
25547	lookup	9684	0
25548	calc	2999	0
25549	calc	16809	0
25550	abstain_everyday	3575	0
25551	lookup	11783	0
25552	abstain_everyday	861	0
25553	calc	1334	0
25554	calc	6647	1
25555	lookup	12864	0
25556	calc	7117	0
25557	calc	18714	0
25558	calc	13420	0
25559	calc	8380	0
25560	calc	11038	0
25561	abstain_everyday	684	0
25562	calc	18231	0
25563	calc	12364	0
25564	lookup	11058	0
25565	lookup	7038	0
25566	lookup	10335	0
25567	abstain_everyday	2521	0
25568	calc	3254	0
25569	lookup	11375	0
25570	calc	17892	0
25571	abstain_everyday	3766	0
25572	calc	7915	0
25573	calc	9329	0
25574	lookup	2248	0
25575	calc	10448	0
25576	abstain_everyday	4149	0
25577	calc	8943	0
25578	abstain_everyday	840	0
25579	lookup	4136	0
25580	lookup	2584	0
25581	lookup	9377	0
25582	abstain_everyday	4868	0
25583	lookup	4598	0
25584	calc	15927	0
25585	calc	2241	0
25586	lookup	12693	0
25587	calc	15336	0
25588	lookup	2813	0
25589	lookup	8607	0
25590	abstain_everyday	2453	0
25591	abstain_everyday	5795	0
25592	calc	9488	0
25593	calc	18991	1
25594	lookup	7393	0
25595	calc	15392	0
25596	abstain_everyday	806	0
25597	abstain_everyday	3290	0
25598	lookup	3658	0
25599	calc	1058	0
25600	calc	8822	0
25601	calc	9558	0
25602	calc	17769	0
25603	lookup	6730	0
25604	calc	12618	1
25605	lookup	3790	0
25606	abstain_everyday	1779	0
25607	abstain_everyday	4114	0
25608	calc	17539	0
25609	abstain_everyday	4847	0
25610	calc	8151	0
25611	lookup	4465	0
25612	abstain_everyday	3390	0
25613	lookup	149	0
25614	calc	5422	0
25615	calc	19060	0
25616	calc	9996	0
25617	lookup	2892	0
25618	lookup	12779	0
25619	lookup	2356	0
25620	calc	10123	0
25621	calc	11710	0
25622	calc	19189	0
25623	abstain_everyday	5084	0
25624	calc	19376	0
25625	lookup	6892	0
25626	lookup	756	0
25627	abstain_everyday	2615	0
25628	calc	8021	0
25629	calc	17816	0
25630	lookup	8203	0
25631	calc	11253	0
25632	calc	14223	0
25633	lookup	6767	0
25634	lookup	5314	0
25635	abstain_everyday	1495	0
25636	calc	1019	0
25637	abstain_everyday	3324	0
25638	calc	9680	0
25639	calc	8484	0
25640	calc	6232	0
25641	calc	13083	0
25642	calc	19752	0
25643	lookup	10873	0
25644	abstain_everyday	2451	0
25645	calc	13681	0
25646	lookup	3612	0
25647	abstain_everyday	4999	0
25648	calc	7304	0
25649	calc	8161	0
25650	calc	18300	0
25651	lookup	12205	0
25652	abstain_everyday	149	0
25653	lookup	9527	0
25654	calc	16004	0
25655	calc	19206	0
25656	calc	16810	0
25657	abstain_everyday	4561	0
25658	lookup	5938	0
25659	abstain_everyday	573	0
25660	lookup	7493	0
25661	lookup	3388	0
25662	calc	18728	0
25663	abstain_everyday	3188	0
25664	calc	13789	0
25665	calc	16039	0
25666	lookup	11961	0
25667	calc	15326	0
25668	lookup	2386	0
25669	abstain_everyday	5650	0
25670	lookup	10646	0
25671	abstain_everyday	193	0
25672	calc	13639	0
25673	lookup	12264	0
25674	calc	5536	0
25675	calc	5563	0
25676	lookup	2729	0
25677	calc	3676	0
25678	abstain_everyday	3487	0
25679	lookup	7067	0
25680	calc	8839	1
25681	calc	303	0
25682	lookup	11556	0
25683	calc	1042	0
25684	abstain_everyday	4749	0
25685	abstain_everyday	4336	0
25686	abstain_everyday	5063	0
25687	lookup	7684	0
25688	calc	10183	0
25689	calc	14758	0
25690	lookup	3956	0
25691	calc	4372	0
25692	lookup	7806	0
25693	lookup	6679	0
25694	calc	12157	0
25695	lookup	9695	0
25696	calc	11482	0
25697	calc	20020	1
25698	abstain_everyday	4398	0
25699	lookup	8127	0
25700	abstain_everyday	5037	0
25701	calc	16037	0
25702	lookup	5118	0
25703	calc	20252	0
25704	calc	4353	0
25705	lookup	10736	0
25706	calc	12965	0
25707	lookup	4191	0
25708	lookup	2225	0
25709	calc	12890	0
25710	calc	15185	0
25711	calc	7964	0
25712	calc	6859	0
25713	calc	411	0
25714	calc	6994	0
25715	lookup	2353	0
25716	lookup	2107	0
25717	calc	12819	0
25718	calc	5949	1
25719	lookup	4205	0
25720	abstain_everyday	5738	0
25721	calc	9140	0
25722	lookup	7971	0
25723	lookup	2166	0
25724	abstain_everyday	2808	0
25725	calc	20080	0
25726	calc	7481	0
25727	calc	17027	0
25728	calc	1048	0
25729	lookup	4349	0
25730	calc	4053	1
25731	calc	15250	0
25732	calc	17431	0
25733	lookup	11428	0
25734	calc	11997	1
25735	abstain_everyday	5827	0
25736	calc	7966	0
25737	lookup	12502	0
25738	lookup	8351	0
25739	calc	8079	0
25740	calc	6860	0
25741	lookup	11846	0
25742	calc	20768	0
25743	calc	14812	0
25744	calc	19163	0
25745	calc	6432	0
25746	abstain_everyday	4349	0
25747	lookup	6539	0
25748	lookup	866	0
25749	lookup	9358	0
25750	abstain_everyday	869	0
25751	calc	15282	1
25752	calc	10726	0
25753	lookup	3755	0
25754	calc	18958	0
25755	abstain_everyday	5627	0
25756	calc	522	0
25757	calc	6627	0
25758	abstain_everyday	3608	0
25759	lookup	5512	0
25760	abstain_everyday	5277	0
25761	calc	14857	0
25762	lookup	3868	0
25763	lookup	10932	0
25764	lookup	4999	0
25765	lookup	4050	0
25766	calc	12243	0
25767	calc	2448	0
25768	calc	3375	0
25769	calc	4082	0
25770	calc	6722	1
25771	abstain_everyday	2625	0
25772	calc	10206	0
25773	calc	2116	0
25774	calc	8402	0
25775	calc	750	0
25776	lookup	11391	0
25777	calc	10280	0
25778	calc	9348	0
25779	abstain_everyday	5155	0
25780	calc	2453	0
25781	calc	16216	0
25782	lookup	4507	0
25783	calc	16780	0
25784	lookup	5201	0
25785	calc	7913	0
25786	calc	4293	0
25787	calc	4441	0
25788	calc	8986	0
25789	calc	5260	0
25790	abstain_everyday	2465	0
25791	abstain_everyday	2864	0
25792	calc	10602	0
25793	lookup	9724	0
25794	calc	11510	0
25795	lookup	5324	0
25796	calc	17824	0
25797	lookup	7747	0
25798	lookup	6365	0
25799	lookup	1746	0
25800	lookup	10780	0
25801	lookup	12704	0
25802	abstain_everyday	5680	0
25803	calc	15178	0
25804	lookup	7826	0
25805	calc	3069	0
25806	calc	21029	0
25807	calc	6794	1
25808	abstain_everyday	824	0
25809	calc	16099	1
25810	lookup	1384	0
25811	calc	15352	1
25812	calc	153	0
25813	lookup	1388	0
25814	calc	5315	0
25815	abstain_everyday	1476	0
25816	lookup	12455	0
25817	calc	16854	0
25818	lookup	140	0
25819	lookup	12276	0
25820	calc	16312	0
25821	lookup	3806	0
25822	calc	18183	0
25823	calc	16162	0
25824	calc	6655	0
25825	calc	12495	0
25826	lookup	10480	0
25827	calc	20659	0
25828	lookup	1400	0
25829	lookup	4493	0
25830	lookup	11111	0
25831	lookup	10509	0
25832	abstain_everyday	788	0
25833	lookup	11669	0
25834	lookup	6324	0
25835	calc	13612	0
25836	lookup	12814	0
25837	abstain_everyday	575	0
25838	calc	702	0
25839	calc	20200	0
25840	calc	3545	0
25841	calc	5032	0
25842	abstain_everyday	153	0
25843	lookup	5624	0
25844	calc	17661	0
25845	calc	6483	0
25846	calc	451	0
25847	calc	14133	0
25848	calc	17394	0
25849	calc	19088	0
25850	abstain_everyday	3036	0
25851	lookup	5416	0
25852	calc	7779	0
25853	calc	2715	0
25854	lookup	12448	0
25855	lookup	1877	0
25856	calc	3697	0
25857	lookup	9094	0
25858	lookup	11714	0
25859	lookup	11636	0
25860	calc	14837	0
25861	calc	12216	0
25862	calc	8514	0
25863	calc	15174	0
25864	abstain_everyday	1931	0
25865	lookup	2244	0
25866	calc	7962	0
25867	calc	5077	0
25868	calc	2755	0
25869	calc	18461	0
25870	calc	11945	0
25871	calc	3869	0
25872	calc	17346	0
25873	calc	11027	0
25874	calc	13587	0
25875	abstain_everyday	2057	0
25876	lookup	5806	0
25877	calc	9551	0
25878	calc	19369	0
25879	calc	6813	0
25880	calc	7594	0
25881	calc	14288	0
25882	calc	4065	0
25883	calc	7022	0
25884	lookup	7208	0
25885	calc	13220	0
25886	calc	14267	0
25887	abstain_everyday	5472	0
25888	abstain_everyday	1504	0
25889	lookup	6146	0
25890	calc	15773	0
25891	lookup	3547	0
25892	calc	19155	0
25893	calc	16085	0
25894	calc	20028	0
25895	lookup	10878	0
25896	calc	2674	0
25897	calc	4655	0
25898	lookup	10848	0
25899	calc	14274	0
25900	lookup	9674	0
25901	abstain_everyday	3062	0
25902	abstain_everyday	3778	0
25903	calc	18919	0
25904	lookup	1682	0
25905	abstain_everyday	456	0
25906	lookup	176	0
25907	calc	20574	0
25908	calc	2236	0
25909	calc	14110	0
25910	abstain_everyday	1883	0
25911	lookup	1376	0
25912	lookup	9272	0
25913	lookup	11195	0
25914	abstain_everyday	5361	0
25915	lookup	4513	0
25916	calc	18860	0
25917	calc	10075	0
25918	lookup	3359	0
25919	calc	8009	0
25920	calc	13100	1
25921	abstain_everyday	2358	0
25922	lookup	7068	0
25923	calc	1631	0
25924	calc	8816	0
25925	abstain_everyday	2563	0
25926	lookup	12270	0
25927	calc	18724	0
25928	calc	14330	0
25929	abstain_everyday	4	0
25930	lookup	2577	0
25931	calc	42	0
25932	calc	15180	0
25933	lookup	11114	0
25934	lookup	6958	0
25935	lookup	4772	0
25936	calc	4457	1
25937	calc	14050	0
25938	calc	6815	0
25939	calc	3214	0
25940	calc	11984	0
25941	calc	9910	0
25942	lookup	12263	0
25943	lookup	8807	0
25944	calc	124	0
25945	abstain_everyday	1801	0
25946	calc	6826	0
25947	calc	6295	0
25948	abstain_everyday	3375	0
25949	lookup	10296	0
25950	lookup	9102	0
25951	abstain_everyday	5234	0
25952	lookup	10906	0
25953	calc	15889	0
25954	lookup	748	0
25955	lookup	7002	0
25956	lookup	6907	0
25957	calc	910	1
25958	lookup	2264	0
25959	calc	20393	0
25960	lookup	4668	0
25961	calc	14103	0
25962	lookup	6918	0
25963	calc	10907	0
25964	calc	1076	0
25965	calc	10170	0
25966	abstain_everyday	2954	0
25967	calc	1656	0
25968	abstain_everyday	2428	0
25969	calc	19553	0
25970	lookup	11344	0
25971	lookup	6848	0
25972	calc	18141	0
25973	lookup	11777	0
25974	lookup	11389	0
25975	calc	19986	0
25976	calc	11564	0
25977	calc	2465	0
25978	calc	20276	0
25979	calc	18408	0
25980	lookup	5946	0
25981	abstain_everyday	4833	0
25982	calc	5971	0
25983	abstain_everyday	2970	0
25984	calc	8304	0
25985	abstain_everyday	1762	0
25986	calc	3481	0
25987	abstain_everyday	5245	0
25988	calc	9090	0
25989	abstain_everyday	612	0
25990	lookup	8999	0
25991	lookup	8258	0
25992	abstain_everyday	3794	0
25993	calc	6269	0
25994	lookup	5881	0
25995	calc	17151	0
25996	lookup	4542	0
25997	calc	12143	0
25998	abstain_everyday	5321	0
25999	calc	14796	0
26000	calc	9247	0
26001	calc	17755	0
26002	calc	5312	0
26003	calc	12118	0
26004	abstain_everyday	2860	0
26005	calc	19693	0
26006	abstain_everyday	3806	0
26007	lookup	7916	0
26008	abstain_everyday	740	0
26009	calc	1324	0
26010	calc	16443	0
26011	calc	10747	1
26012	lookup	9540	0
26013	calc	10990	0
26014	lookup	12015	0
26015	calc	8269	0
26016	calc	4195	0
26017	calc	2652	0
26018	lookup	4036	0
26019	calc	18534	0
26020	calc	17462	0
26021	calc	3549	0
26022	calc	10335	0
26023	lookup	11641	0
26024	lookup	5214	0
26025	calc	871	0
26026	calc	5801	0
26027	calc	13960	0
26028	lookup	1472	0
26029	calc	12359	0
26030	abstain_everyday	5029	0
26031	calc	12957	0
26032	lookup	12153	0
26033	calc	8485	0
26034	lookup	5270	0
26035	lookup	10641	0
26036	calc	17071	0
26037	calc	19864	0
26038	abstain_everyday	4753	0
26039	lookup	9937	0
26040	calc	13091	0
26041	lookup	414	0
26042	lookup	4879	0
26043	lookup	5058	0
26044	lookup	6194	0
26045	abstain_everyday	5493	0
26046	lookup	8414	0
26047	calc	14621	0
26048	calc	17499	0
26049	calc	6997	0
26050	calc	4861	0
26051	calc	14070	0
26052	calc	8213	0
26053	calc	17829	0
26054	lookup	2906	0
26055	lookup	11379	0
26056	abstain_everyday	5846	0
26057	calc	17365	0
26058	calc	1089	0
26059	abstain_everyday	3747	0
26060	lookup	11692	0
26061	lookup	10009	0
26062	calc	20937	0
26063	calc	10767	0
26064	lookup	4375	0
26065	abstain_everyday	2150	0
26066	calc	3234	0
26067	calc	10202	0
26068	lookup	12467	0
26069	calc	13671	0
26070	calc	15535	0
26071	calc	5387	0
26072	calc	18505	0
26073	calc	20455	0
26074	lookup	2047	0
26075	lookup	4005	0
26076	calc	10820	0
26077	calc	7692	0
26078	calc	18054	0
26079	lookup	4635	0
26080	calc	17757	0
26081	calc	18209	0
26082	calc	19101	0
26083	calc	979	0
26084	abstain_everyday	2627	0
26085	calc	2934	0
26086	calc	2513	0
26087	lookup	11146	0
26088	calc	2475	0
26089	lookup	8052	0
26090	lookup	6686	0
26091	lookup	3278	0
26092	calc	3364	0
26093	abstain_everyday	5213	0
26094	calc	16084	0
26095	lookup	3423	0
26096	abstain_everyday	1756	0
26097	abstain_everyday	850	0
26098	lookup	3583	0
26099	abstain_everyday	1437	0
26100	calc	20919	0
26101	calc	11074	0
26102	calc	5881	0
26103	abstain_everyday	1270	0
26104	lookup	11118	0
26105	calc	20797	0
26106	calc	18483	0
26107	abstain_everyday	1847	0
26108	calc	14197	0
26109	calc	19871	0
26110	lookup	869	0
26111	abstain_everyday	1245	0
26112	lookup	5662	0
26113	calc	9822	0
26114	calc	14225	0
26115	abstain_everyday	3259	0
26116	abstain_everyday	3733	0
26117	lookup	7277	0
26118	calc	3046	0
26119	calc	12054	0
26120	lookup	3916	0
26121	calc	8489	0
26122	lookup	8678	0
26123	calc	6482	0
26124	lookup	6201	0
26125	calc	14939	0
26126	lookup	9110	0
26127	calc	5617	0
26128	abstain_everyday	3645	0
26129	calc	11766	0
26130	calc	6017	0
26131	lookup	5513	0
26132	lookup	4825	0
26133	calc	9974	0
26134	calc	1733	0
26135	lookup	12106	0
26136	lookup	897	0
26137	lookup	11505	0
26138	lookup	11487	0
26139	calc	7234	0
26140	calc	20006	0
26141	lookup	7233	0
26142	calc	11879	0
26143	abstain_everyday	4508	0
26144	lookup	11681	0
26145	calc	16498	0
26146	calc	13875	0
26147	lookup	2013	0
26148	lookup	11041	0
26149	calc	2018	0
26150	lookup	3151	0
26151	abstain_everyday	4911	0
26152	lookup	1101	0
26153	abstain_everyday	2285	0
26154	calc	13345	0
26155	calc	10853	0
26156	calc	6228	0
26157	calc	562	0
26158	lookup	6502	0
26159	calc	17295	0
26160	calc	13118	0
26161	abstain_everyday	4420	0
26162	calc	1839	0
26163	lookup	67	0
26164	calc	3460	0
26165	abstain_everyday	5623	0
26166	calc	20679	0
26167	abstain_everyday	1096	0
26168	calc	17842	0
26169	calc	17867	0
26170	calc	10073	0
26171	abstain_everyday	5031	0
26172	lookup	9269	0
26173	calc	9004	0
26174	lookup	11833	0
26175	lookup	6852	0
26176	calc	2582	0
26177	calc	18582	0
26178	abstain_everyday	3729	0
26179	calc	15069	0
26180	lookup	8935	0
26181	abstain_everyday	4211	0
26182	calc	13598	0
26183	calc	2147	0
26184	calc	17155	0
26185	abstain_everyday	2811	0
26186	calc	18927	0
26187	calc	13185	0
26188	calc	12723	0
26189	abstain_everyday	3363	0
26190	calc	8125	0
26191	abstain_everyday	1991	0
26192	lookup	1462	0
26193	lookup	11931	0
26194	lookup	5163	0
26195	lookup	1048	0
26196	calc	16542	0
26197	calc	13644	0
26198	calc	5348	0
26199	calc	9903	0
26200	calc	10548	0
26201	calc	11440	0
26202	calc	15079	0
26203	lookup	2978	0
26204	lookup	10052	0
26205	lookup	2568	0
26206	calc	17860	0
26207	calc	18891	0
26208	abstain_everyday	1718	0
26209	calc	20366	0
26210	calc	11846	0
26211	abstain_everyday	472	0
26212	calc	18876	0
26213	abstain_everyday	2040	0
26214	lookup	7846	0
26215	calc	20212	0
26216	calc	19691	0
26217	lookup	9170	0
26218	calc	5870	0
26219	abstain_everyday	2079	0
26220	lookup	6762	0
26221	lookup	8362	0
26222	calc	8138	0
26223	lookup	10814	0
26224	lookup	6419	0
26225	calc	11717	0
26226	calc	2219	0
26227	lookup	11187	0
26228	calc	1438	0
26229	calc	10394	0
26230	lookup	11908	0
26231	calc	2812	0
26232	calc	6542	0
26233	calc	8002	0
26234	abstain_everyday	3311	0
26235	lookup	8132	0
26236	calc	12348	1
26237	lookup	1378	0
26238	calc	20622	0
26239	calc	18937	0
26240	abstain_everyday	2429	0
26241	calc	19751	0
26242	calc	19034	0
26243	calc	5352	0
26244	calc	1967	0
26245	calc	3104	0
26246	lookup	3314	0
26247	calc	93	0
26248	lookup	6573	0
26249	lookup	260	0
26250	lookup	2069	0
26251	abstain_everyday	1078	0
26252	calc	20586	0
26253	lookup	7707	0
26254	calc	8934	0
26255	abstain_everyday	3631	0
26256	calc	21021	0
26257	abstain_everyday	3593	0
26258	calc	4871	0
26259	lookup	10680	0
26260	lookup	8437	0
26261	abstain_everyday	3628	0
26262	abstain_everyday	1826	0
26263	abstain_everyday	4796	0
26264	lookup	9346	0
26265	abstain_everyday	4790	0
26266	calc	5901	0
26267	calc	10332	0
26268	lookup	3117	0
26269	calc	7940	0
26270	lookup	3339	0
26271	lookup	4557	0
26272	calc	4278	0
26273	lookup	2968	0
26274	calc	13234	0
26275	calc	14783	0
26276	calc	9842	0
26277	calc	10636	0
26278	calc	15921	0
26279	calc	324	0
26280	calc	12837	0
26281	abstain_everyday	1849	0
26282	calc	1039	0
26283	calc	14911	0
26284	lookup	12676	0
26285	calc	7811	0
26286	lookup	418	0
26287	lookup	7612	0
26288	abstain_everyday	2378	0
26289	calc	6260	0
26290	calc	1812	0
26291	calc	15474	0
26292	lookup	4107	0
26293	calc	2036	0
26294	calc	2752	0
26295	lookup	9677	0
26296	calc	5022	0
26297	lookup	10182	0
26298	calc	456	0
26299	abstain_everyday	427	0
26300	calc	8670	0
26301	abstain_everyday	464	0
26302	abstain_everyday	4511	0
26303	calc	17054	0
26304	calc	16981	0
26305	calc	19834	0
26306	calc	16269	0
26307	abstain_everyday	1782	0
26308	abstain_everyday	2098	0
26309	calc	4838	0
26310	lookup	8234	0
26311	lookup	12107	0
26312	calc	1304	0
26313	calc	18193	0
26314	calc	16955	0
26315	calc	1842	0
26316	calc	4602	0
26317	lookup	692	0
26318	calc	8017	0
26319	calc	18522	0
26320	abstain_everyday	3380	0
26321	lookup	9156	0
26322	abstain_everyday	3194	0
26323	calc	9854	1
26324	lookup	4324	0
26325	calc	6214	0
26326	calc	16766	0
26327	calc	5496	0
26328	abstain_everyday	4324	0
26329	calc	5913	0
26330	lookup	1473	0
26331	lookup	3794	0
26332	calc	17528	0
26333	calc	7343	0
26334	calc	4138	0
26335	calc	7377	0
26336	abstain_everyday	3277	0
26337	abstain_everyday	3788	0
26338	lookup	5669	0
26339	calc	8740	0
26340	calc	19598	0
26341	lookup	12935	0
26342	calc	2927	0
26343	calc	11910	0
26344	calc	15648	0
26345	calc	19651	0
26346	calc	19216	0
26347	calc	9664	0
26348	calc	916	0
26349	lookup	4849	0
26350	lookup	5228	0
26351	lookup	11009	0
26352	lookup	4317	0
26353	calc	2665	0
26354	abstain_everyday	856	0
26355	lookup	113	0
26356	lookup	3738	0
26357	calc	11188	0
26358	lookup	11470	0
26359	calc	3848	0
26360	abstain_everyday	1670	0
26361	abstain_everyday	2910	0
26362	lookup	3785	0
26363	calc	1573	0
26364	calc	2247	0
26365	lookup	10011	0
26366	lookup	5455	0
26367	calc	20634	0
26368	calc	2807	0
26369	calc	7714	0
26370	calc	11924	0
26371	lookup	6866	0
26372	calc	5823	0
26373	lookup	8926	0
26374	abstain_everyday	4146	0
26375	calc	19291	0
26376	calc	4653	0
26377	abstain_everyday	1526	0
26378	calc	5099	0
26379	calc	16449	0
26380	calc	5432	0
26381	lookup	5187	0
26382	calc	8048	0
26383	abstain_everyday	142	0
26384	abstain_everyday	99	0
26385	calc	17470	0
26386	calc	10584	0
26387	calc	2430	1
26388	calc	2143	0
26389	calc	18762	1
26390	lookup	8001	0
26391	lookup	814	0
26392	abstain_everyday	4429	0
26393	lookup	7361	0
26394	abstain_everyday	1839	0
26395	abstain_everyday	5106	0
26396	lookup	7411	0
26397	lookup	10259	0
26398	abstain_everyday	154	0
26399	calc	1149	0
26400	calc	16322	0
26401	lookup	12245	0
26402	lookup	2993	0
26403	lookup	1547	0
26404	lookup	10277	0
26405	lookup	246	0
26406	calc	18225	0
26407	abstain_everyday	2791	0
26408	calc	11925	0
26409	lookup	1657	0
26410	calc	4297	1
26411	abstain_everyday	1080	0
26412	calc	20190	0
26413	abstain_everyday	2279	0
26414	calc	14648	0
26415	calc	935	0
26416	calc	2197	0
26417	calc	18344	0
26418	calc	6534	0
26419	abstain_everyday	3358	0
26420	calc	21027	0
26421	lookup	4218	0
26422	calc	8330	0
26423	calc	18515	0
26424	lookup	10280	0
26425	calc	11455	0
26426	lookup	8694	0
26427	calc	986	0
26428	calc	13028	0
26429	abstain_everyday	2056	0
26430	calc	1953	1
26431	calc	5227	0
26432	abstain_everyday	2251	0
26433	calc	9327	1
26434	calc	16605	0
26435	lookup	4258	0
26436	lookup	10896	0
26437	lookup	11455	0
26438	calc	8516	0
26439	calc	8073	0
26440	lookup	4718	0
26441	calc	6586	0
26442	lookup	9451	0
26443	lookup	2403	0
26444	lookup	6856	0
26445	abstain_everyday	2854	0
26446	calc	5597	0
26447	calc	15965	0
26448	abstain_everyday	504	0
26449	calc	11331	0
26450	calc	3335	0
26451	lookup	8481	0
26452	calc	4325	0
26453	calc	8215	0
26454	lookup	12922	0
26455	lookup	3160	0
26456	lookup	3739	0
26457	calc	6600	1
26458	lookup	7499	0
26459	calc	11742	0
26460	lookup	2867	0
26461	lookup	6282	0
26462	calc	10844	0
26463	lookup	1739	0
26464	calc	9509	0
26465	lookup	515	0
26466	calc	14097	0
26467	abstain_everyday	4272	0
26468	lookup	4023	0
26469	calc	17553	0
26470	lookup	9711	0
26471	calc	8555	0
26472	calc	19887	0
26473	calc	8492	0
26474	abstain_everyday	2617	0
26475	lookup	4582	0
26476	calc	8794	0
26477	lookup	10765	0
26478	abstain_everyday	2039	0
26479	calc	9238	0
26480	calc	20145	0
26481	lookup	6674	0
26482	calc	2961	0
26483	lookup	6382	0
26484	lookup	7532	0
26485	calc	19753	1
26486	calc	20067	0
26487	calc	5301	0
26488	calc	17116	0
26489	calc	20488	0
26490	lookup	11345	0
26491	calc	6200	0
26492	calc	6757	0
26493	calc	218	0
26494	calc	7568	0
26495	calc	5830	0
26496	abstain_everyday	494	0
26497	abstain_everyday	4500	0
26498	calc	12543	0
26499	lookup	9201	0
26500	lookup	11239	0
26501	lookup	8061	0
26502	lookup	12460	0
26503	lookup	5849	0
26504	lookup	11979	0
26505	calc	304	0
26506	calc	6159	0
26507	abstain_everyday	432	0
26508	calc	18077	0
26509	calc	12293	1
26510	calc	9379	0
26511	lookup	9639	0
26512	calc	2586	0
26513	calc	17513	0
26514	calc	1849	0
26515	calc	10000	0
26516	calc	7638	0
26517	calc	3307	0
26518	lookup	10171	0
26519	lookup	2256	0
26520	lookup	6249	0
26521	calc	15114	0
26522	lookup	12689	0
26523	calc	15523	0
26524	lookup	439	0
26525	calc	10329	0
26526	calc	15096	0
26527	calc	6364	0
26528	calc	4142	0
26529	calc	16008	0
26530	calc	7009	0
26531	calc	503	0
26532	lookup	8208	0
26533	abstain_everyday	5780	0
26534	calc	23	0
26535	lookup	8151	0
26536	calc	7756	0
26537	abstain_everyday	5829	0
26538	calc	16513	0
26539	calc	20538	0
26540	lookup	6446	0
26541	calc	6289	0
26542	lookup	8635	0
26543	lookup	11119	0
26544	lookup	8749	0
26545	lookup	4872	0
26546	abstain_everyday	491	0
26547	lookup	10562	0
26548	calc	15584	0
26549	calc	1679	0
26550	calc	19258	0
26551	lookup	9970	0
26552	calc	8422	0
26553	calc	1382	0
26554	calc	18981	0
26555	abstain_everyday	2226	0
26556	lookup	7107	0
26557	abstain_everyday	3077	0
26558	lookup	9045	0
26559	lookup	1029	0
26560	calc	16676	0
26561	calc	20669	0
26562	abstain_everyday	445	0
26563	abstain_everyday	269	0
26564	lookup	7889	0
26565	calc	9596	0
26566	lookup	7460	0
26567	calc	9536	0
26568	calc	11343	0
26569	calc	11005	0
26570	calc	13166	0
26571	lookup	2445	0
26572	lookup	3087	0
26573	calc	20695	0
26574	abstain_everyday	3760	0
26575	lookup	3005	0
26576	calc	18797	0
26577	calc	4961	0
26578	lookup	294	0
26579	calc	3130	0
26580	calc	260	0
26581	calc	5430	0
26582	calc	19870	0
26583	lookup	10672	0
26584	calc	10240	0
26585	lookup	6998	0
26586	abstain_everyday	1050	0
26587	calc	14457	1
26588	lookup	6356	0
26589	calc	10683	0
26590	lookup	8975	0
26591	calc	20108	0
26592	calc	17164	0
26593	calc	15600	0
26594	abstain_everyday	2021	0
26595	lookup	11600	0
26596	lookup	1623	0
26597	abstain_everyday	3302	0
26598	calc	10461	0
26599	calc	11239	1
26600	calc	9712	0
26601	lookup	6141	0
26602	lookup	11836	0
26603	lookup	4986	0
26604	calc	16529	0
26605	abstain_everyday	3072	0
26606	calc	749	0
26607	calc	9647	0
26608	calc	4756	0
26609	calc	14814	0
26610	calc	1667	0
26611	calc	5814	0
26612	lookup	8847	0
26613	calc	11319	0
26614	calc	16067	0
26615	calc	5212	0
26616	calc	10648	0
26617	lookup	8182	0
26618	calc	16800	0
26619	lookup	12198	0
26620	lookup	4201	0
26621	calc	17101	0
26622	calc	15726	0
26623	abstain_everyday	4238	0
26624	abstain_everyday	3178	0
26625	calc	6325	0
26626	abstain_everyday	667	0
26627	calc	20098	0
26628	calc	19059	0
26629	abstain_everyday	2489	0
26630	lookup	12135	0
26631	lookup	6186	0
26632	calc	11785	0
26633	abstain_everyday	2565	0
26634	calc	8366	0
26635	calc	2413	0
26636	lookup	2588	0
26637	lookup	4402	0
26638	lookup	481	0
26639	lookup	5883	0
26640	abstain_everyday	443	0
26641	calc	2786	0
26642	abstain_everyday	2702	0
26643	lookup	11975	0
26644	calc	6562	0
26645	calc	12833	0
26646	calc	10832	0
26647	lookup	3442	0
26648	calc	10428	0
26649	lookup	11539	0
26650	calc	5226	0
26651	calc	6711	0
26652	lookup	1811	0
26653	lookup	5283	0
26654	abstain_everyday	512	0
26655	abstain_everyday	5653	0
26656	lookup	3659	0
26657	calc	12801	0
26658	abstain_everyday	3111	0
26659	calc	4687	0
26660	lookup	9570	0
26661	calc	18224	0
26662	calc	19072	0
26663	calc	3184	0
26664	abstain_everyday	842	0
26665	calc	919	0
26666	abstain_everyday	3952	0
26667	calc	8500	0
26668	calc	19031	0
26669	calc	13689	0
26670	calc	14298	1
26671	lookup	11811	0
26672	lookup	5424	0
26673	calc	10268	0
26674	calc	7619	0
26675	calc	15492	0
26676	lookup	12928	0
26677	calc	4255	0
26678	lookup	9468	0
26679	calc	7291	0
26680	calc	8776	0
26681	calc	18220	0
26682	calc	6820	0
26683	lookup	3309	0
26684	abstain_everyday	1904	0
26685	lookup	11883	0
26686	abstain_everyday	2931	0
26687	calc	4047	0
26688	calc	13382	0
26689	calc	14774	0
26690	abstain_everyday	2435	0
26691	lookup	5898	0
26692	lookup	9640	0
26693	lookup	6628	0
26694	lookup	91	0
26695	abstain_everyday	3916	0
26696	calc	17921	0
26697	calc	2063	0
26698	lookup	2103	0
26699	calc	5623	0
26700	calc	16772	0
26701	lookup	8467	0
26702	calc	2228	1
26703	lookup	12566	0
26704	calc	1234	1
26705	lookup	8272	0
26706	abstain_everyday	102	0
26707	lookup	4911	0
26708	calc	16757	0
26709	calc	7189	1
26710	lookup	3418	0
26711	lookup	9555	0
26712	calc	18665	0
26713	calc	19430	0
26714	calc	12025	0
26715	calc	9295	0
26716	abstain_everyday	4058	0
26717	lookup	12613	0
26718	lookup	2170	0
26719	abstain_everyday	3614	0
26720	lookup	3511	0
26721	calc	4305	0
26722	abstain_everyday	2085	0
26723	calc	13980	0
26724	abstain_everyday	3699	0
26725	lookup	8758	0
26726	lookup	49	0
26727	lookup	1962	0
26728	calc	1799	0
26729	calc	7498	1
26730	lookup	12690	0
26731	lookup	10005	0
26732	lookup	8301	0
26733	lookup	4971	0
26734	lookup	6451	0
26735	calc	17340	0
26736	calc	16829	0
26737	lookup	7117	0
26738	lookup	8382	0
26739	lookup	6654	0
26740	lookup	6658	0
26741	calc	8962	0
26742	calc	12782	0
26743	lookup	4133	0
26744	calc	10949	0
26745	lookup	1111	0
26746	calc	10826	0
26747	calc	18101	0
26748	calc	6514	0
26749	abstain_everyday	4536	0
26750	calc	8436	0
26751	calc	305	0
26752	calc	3284	0
26753	abstain_everyday	705	0
26754	calc	17405	0
26755	abstain_everyday	4694	0
26756	calc	1346	0
26757	calc	15418	0
26758	calc	18399	0
26759	lookup	1053	0
26760	calc	4279	0
26761	lookup	561	0
26762	abstain_everyday	559	0
26763	abstain_everyday	2362	0
26764	abstain_everyday	5809	0
26765	calc	10773	0
26766	calc	12425	0
26767	calc	16652	0
26768	calc	5128	0
26769	lookup	10202	0
26770	calc	19824	0
26771	calc	8207	0
26772	lookup	10321	0
26773	lookup	5007	0
26774	lookup	11164	0
26775	lookup	522	0
26776	abstain_everyday	3374	0
26777	calc	11268	0
26778	lookup	2263	0
26779	lookup	4777	0
26780	calc	19296	0
26781	calc	19128	1
26782	calc	11276	0
26783	calc	7151	0
26784	calc	13982	0
26785	lookup	10997	0
26786	calc	12043	0
26787	abstain_everyday	3426	0
26788	calc	7709	0
26789	lookup	8217	0
26790	lookup	544	0
26791	abstain_everyday	53	0
26792	lookup	3722	0
26793	calc	18025	0
26794	lookup	11141	0
26795	lookup	1188	0
26796	calc	16725	1
26797	calc	16502	0
26798	lookup	9118	0
26799	lookup	9331	0
26800	calc	14923	0
26801	abstain_everyday	14	0
26802	calc	471	0
26803	lookup	10309	0
26804	lookup	3506	0
26805	abstain_everyday	141	0
26806	calc	18494	0
26807	abstain_everyday	2530	0
26808	abstain_everyday	4100	0
26809	calc	20832	0
26810	calc	17444	0
26811	calc	8201	0
26812	lookup	11328	0
26813	lookup	7896	0
26814	abstain_everyday	1464	0
26815	abstain_everyday	5718	0
26816	lookup	7986	0
26817	abstain_everyday	2668	0
26818	calc	8792	0
26819	lookup	8900	0
26820	calc	18553	0
26821	calc	1163	0
26822	calc	17618	0
26823	lookup	2486	0
26824	calc	4411	0
26825	abstain_everyday	5596	0
26826	calc	5776	0
26827	lookup	5042	0
26828	calc	5979	0
26829	calc	20082	0
26830	lookup	7333	0
26831	abstain_everyday	5728	0
26832	calc	3144	0
26833	lookup	4681	0
26834	calc	12041	0
26835	calc	12072	0
26836	calc	9776	0
26837	calc	728	0
26838	lookup	5805	0
26839	abstain_everyday	1940	0
26840	lookup	4945	0
26841	lookup	5947	0
26842	calc	13213	0
26843	lookup	9528	0
26844	lookup	2372	0
26845	lookup	4281	0
26846	calc	5728	0
26847	lookup	5730	0
26848	lookup	164	0
26849	abstain_everyday	5837	0
26850	calc	13101	0
26851	abstain_everyday	1697	0
26852	calc	1589	0
26853	abstain_everyday	1489	0
26854	abstain_everyday	3450	0
26855	lookup	4644	0
26856	calc	8007	0
26857	lookup	10086	0
26858	lookup	12684	0
26859	calc	4696	0
26860	calc	11473	0
26861	calc	14745	0
26862	lookup	2843	0
26863	calc	19373	0
26864	lookup	10428	0
26865	calc	7540	0
26866	calc	1242	0
26867	calc	18358	0
26868	calc	17039	0
26869	calc	2023	0
26870	lookup	8757	0
26871	calc	773	0
26872	calc	5296	0
26873	abstain_everyday	3774	0
26874	calc	14233	0
26875	calc	11637	0
26876	lookup	5740	0
26877	lookup	12224	0
26878	calc	12303	0
26879	calc	12308	0
26880	calc	16910	0
26881	lookup	8550	0
26882	lookup	298	0
26883	calc	12319	0
26884	lookup	688	0
26885	lookup	2254	0
26886	calc	3301	0
26887	calc	16606	0
26888	lookup	8131	0
26889	calc	2550	0
26890	calc	983	0
26891	calc	8424	0
26892	lookup	1785	0
26893	lookup	4092	0
26894	lookup	8520	0
26895	lookup	2779	0
26896	calc	8065	0
26897	calc	7247	0
26898	lookup	7550	0
26899	calc	12063	0
26900	calc	6733	0
26901	calc	13566	0
26902	lookup	10870	0
26903	lookup	3991	0
26904	calc	13580	0
26905	calc	6226	0
26906	calc	12409	0
26907	calc	5410	0
26908	lookup	10613	0
26909	lookup	6965	0
26910	calc	13838	0
26911	lookup	9826	0
26912	lookup	3634	0
26913	calc	19368	0
26914	calc	1056	0
26915	lookup	10538	0
26916	abstain_everyday	2374	0
26917	calc	20916	0
26918	calc	9265	0
26919	calc	4636	0
26920	calc	19428	0
26921	abstain_everyday	3765	0
26922	abstain_everyday	3984	0
26923	lookup	2791	0
26924	calc	13901	0
26925	calc	10294	0
26926	calc	20770	0
26927	abstain_everyday	4934	0
26928	lookup	3144	0
26929	calc	18136	0
26930	abstain_everyday	2608	0
26931	calc	5321	0
26932	abstain_everyday	5358	0
26933	calc	20900	0
26934	calc	8804	0
26935	calc	12147	0
26936	calc	15271	0
26937	abstain_everyday	2734	0
26938	calc	7640	0
26939	abstain_everyday	4748	0
26940	calc	7318	0
26941	lookup	9843	0
26942	abstain_everyday	327	0
26943	calc	17577	0
26944	calc	10244	0
26945	abstain_everyday	4034	0
26946	lookup	8701	0
26947	calc	6219	0
26948	calc	10467	0
26949	calc	20977	0
26950	calc	1878	0
26951	lookup	2176	0
26952	abstain_everyday	4585	0
26953	abstain_everyday	4740	0
26954	calc	9893	1
26955	lookup	12407	0
26956	calc	5927	0
26957	calc	15300	0
26958	lookup	5316	0
26959	abstain_everyday	5165	0
26960	calc	4257	0
26961	calc	4446	0
26962	lookup	9545	0
26963	lookup	6250	0
26964	calc	13293	0
26965	calc	12807	0
26966	calc	311	0
26967	lookup	8183	0
26968	lookup	2784	0
26969	lookup	8499	0
26970	lookup	3984	0
26971	lookup	2437	0
26972	lookup	385	0
26973	calc	17937	0
26974	calc	7195	0
26975	calc	14077	0
26976	calc	18900	0
26977	calc	16111	0
26978	lookup	3226	0
26979	lookup	8017	0
26980	lookup	8359	0
26981	calc	19670	0
26982	lookup	4047	0
26983	abstain_everyday	257	0
26984	calc	7346	0
26985	lookup	10271	0
26986	lookup	1904	0
26987	calc	18387	1
26988	lookup	718	0
26989	lookup	6019	0
26990	calc	8724	0
26991	calc	205	0
26992	lookup	7998	0
26993	calc	7986	0
26994	lookup	2292	0
26995	calc	13769	0
26996	calc	5802	0
26997	calc	16345	0
26998	abstain_everyday	2377	0
26999	calc	3150	0
27000	abstain_everyday	4636	0
27001	lookup	5733	0
27002	calc	10861	0
27003	calc	1335	0
27004	calc	5592	0
27005	calc	7805	0
27006	lookup	6178	0
27007	calc	582	0
27008	calc	7875	0
27009	lookup	10441	0
27010	abstain_everyday	4770	0
27011	abstain_everyday	307	0
27012	calc	11348	0
27013	calc	16103	0
27014	lookup	9646	0
27015	calc	11476	0
27016	calc	8098	0
27017	calc	5609	0
27018	lookup	10453	0
27019	abstain_everyday	4169	0
27020	lookup	6326	0
27021	abstain_everyday	3674	0
27022	abstain_everyday	5423	0
27023	calc	5268	0
27024	abstain_everyday	2359	0
27025	abstain_everyday	4171	0
27026	lookup	10404	0
27027	lookup	10500	0
27028	lookup	206	0
27029	calc	9109	0
27030	lookup	3777	0
27031	calc	12401	0
27032	calc	5478	0
27033	calc	3172	0
27034	calc	1306	0
27035	abstain_everyday	3125	0
27036	lookup	11948	0
27037	lookup	2147	0
27038	calc	10939	0
27039	calc	11577	0
27040	calc	6467	0
27041	calc	1205	0
27042	lookup	9114	0
27043	calc	6220	0
27044	calc	10810	0
27045	calc	11329	0
27046	lookup	2359	0
27047	lookup	10016	0
27048	calc	11061	0
27049	lookup	1088	0
27050	lookup	10117	0
27051	calc	19102	0
27052	calc	15056	0
27053	calc	4510	1
27054	calc	14449	0
27055	lookup	2278	0
27056	calc	11000	0
27057	calc	5510	0
27058	lookup	3274	0
27059	calc	15356	0
27060	lookup	2948	0
27061	lookup	7554	0
27062	calc	1614	0
27063	calc	15456	0
27064	calc	6280	0
27065	lookup	8530	0
27066	calc	1445	0
27067	lookup	7296	0
27068	calc	15311	0
27069	calc	3127	0
27070	calc	2804	0
27071	lookup	7235	0
27072	abstain_everyday	2962	0
27073	calc	15098	0
27074	calc	5442	0
27075	lookup	8323	0
27076	lookup	12399	0
27077	abstain_everyday	1800	0
27078	calc	21025	0
27079	abstain_everyday	5588	0
27080	calc	18864	0
27081	lookup	5538	0
27082	abstain_everyday	5125	0
27083	lookup	2126	0
27084	lookup	1952	0
27085	calc	14226	0
27086	lookup	3643	0
27087	calc	8279	0
27088	lookup	10075	0
27089	lookup	6185	0
27090	calc	5890	0
27091	abstain_everyday	5283	0
27092	abstain_everyday	946	0
27093	abstain_everyday	2330	0
27094	lookup	4237	0
27095	lookup	9967	0
27096	abstain_everyday	2561	0
27097	lookup	7627	0
27098	calc	144	0
27099	calc	827	0
27100	calc	18187	0
27101	calc	12051	0
27102	calc	6279	0
27103	calc	1617	0
27104	calc	12667	0
27105	calc	19737	0
27106	calc	18393	0
27107	lookup	10875	0
27108	calc	18091	0
27109	calc	15679	0
27110	calc	19235	0
27111	calc	16390	0
27112	lookup	2825	0
27113	calc	7345	0
27114	lookup	5570	0
27115	lookup	5044	0
27116	lookup	9643	0
27117	calc	12004	0
27118	abstain_everyday	3308	0
27119	lookup	10927	0
27120	lookup	296	0
27121	calc	7327	0
27122	calc	16752	0
27123	lookup	6931	0
27124	lookup	2814	0
27125	calc	19947	0
27126	calc	1731	0
27127	lookup	4150	0
27128	lookup	10928	0
27129	lookup	6287	0
27130	lookup	11603	0
27131	calc	2285	0
27132	abstain_everyday	3150	0
27133	lookup	198	0
27134	abstain_everyday	3320	0
27135	lookup	1714	0
27136	lookup	10618	0
27137	lookup	3402	0
27138	calc	8041	1
27139	lookup	5695	0
27140	calc	61	0
27141	lookup	6519	0
27142	abstain_everyday	3153	0
27143	calc	11107	0
27144	lookup	10327	0
27145	calc	4220	0
27146	calc	3959	0
27147	calc	18221	0
27148	calc	9096	1
27149	abstain_everyday	3917	0
27150	abstain_everyday	3398	0
27151	lookup	12394	0
27152	calc	16016	0
27153	lookup	2840	0
27154	abstain_everyday	2329	0
27155	lookup	2818	0
27156	calc	19722	0
27157	lookup	494	0
27158	calc	18433	0
27159	calc	5577	0
27160	abstain_everyday	4604	0
27161	abstain_everyday	4176	0
27162	lookup	11523	0
27163	calc	1172	0
27164	calc	14846	0
27165	calc	19580	0
27166	calc	19521	0
27167	calc	7143	0
27168	calc	10236	0
27169	calc	5548	0
27170	calc	9062	0
27171	calc	1226	0
27172	calc	1904	0
27173	lookup	2812	0
27174	lookup	1451	0
27175	lookup	11911	0
27176	calc	13683	0
27177	lookup	9961	0
27178	calc	13574	0
27179	calc	15076	0
27180	abstain_everyday	2174	0
27181	abstain_everyday	439	0
27182	calc	17270	0
27183	calc	15546	0
27184	calc	13589	0
27185	calc	14432	0
27186	calc	2951	0
27187	abstain_everyday	1351	0
27188	calc	3123	0
27189	lookup	8176	0
27190	lookup	8748	0
27191	lookup	8464	0
27192	calc	2450	0
27193	lookup	9992	0
27194	calc	3895	0
27195	calc	8411	0
27196	calc	1456	0
27197	calc	346	0
27198	lookup	3947	0
27199	lookup	4119	0
27200	lookup	1087	0
27201	lookup	11869	0
27202	lookup	8816	0
27203	calc	13468	0
27204	calc	19413	0
27205	abstain_everyday	4219	0
27206	lookup	9530	0
27207	calc	9700	0
27208	calc	14651	0
27209	lookup	5179	0
27210	calc	4788	0
27211	lookup	3167	0
27212	calc	1549	0
27213	lookup	5387	0
27214	calc	6480	0
27215	abstain_everyday	5058	0
27216	abstain_everyday	3158	0
27217	calc	2057	0
27218	abstain_everyday	467	0
27219	lookup	7615	0
27220	lookup	5940	0
27221	calc	15084	0
27222	calc	13152	0
27223	lookup	9348	0
27224	lookup	3371	0
27225	calc	13835	0
27226	calc	4378	0
27227	lookup	2480	0
27228	lookup	10586	0
27229	calc	20588	0
27230	calc	20254	0
27231	calc	3904	1
27232	lookup	4225	0
27233	calc	20091	0
27234	calc	20467	0
27235	lookup	8255	0
27236	lookup	349	0
27237	calc	6875	0
27238	calc	19105	0
27239	lookup	1788	0
27240	calc	14771	0
27241	lookup	10094	0
27242	calc	18733	0
27243	calc	6010	0
27244	calc	12698	0
27245	abstain_everyday	127	0
27246	lookup	11813	0
27247	calc	1827	0
27248	calc	9881	0
27249	calc	13161	0
27250	lookup	2370	0
27251	calc	13005	0
27252	calc	5038	0
27253	calc	15374	0
27254	abstain_everyday	294	0
27255	lookup	4464	0
27256	abstain_everyday	2492	0
27257	calc	7730	0
27258	abstain_everyday	470	0
27259	calc	14605	0
27260	calc	10869	0
27261	calc	13280	0
27262	lookup	5213	0
27263	abstain_everyday	270	0
27264	calc	10200	0
27265	lookup	5397	0
27266	calc	14174	0
27267	lookup	10617	0
27268	abstain_everyday	2874	0
27269	calc	14333	0
27270	calc	11952	0
27271	calc	19960	0
27272	abstain_everyday	108	0
27273	lookup	6149	0
27274	calc	4310	0
27275	calc	5930	0
27276	calc	13013	0
27277	abstain_everyday	1307	0
27278	lookup	10948	0
27279	abstain_everyday	5681	0
27280	lookup	7843	0
27281	calc	5998	0
27282	lookup	3669	0
27283	calc	4407	0
27284	lookup	2733	0
27285	calc	11744	0
27286	calc	18903	0
27287	calc	18994	0
27288	calc	14535	0
27289	abstain_everyday	3570	0
27290	calc	7316	0
27291	calc	7432	0
27292	lookup	232	0
27293	lookup	5846	0
27294	lookup	8119	0
27295	lookup	3486	0
27296	lookup	9658	0
27297	lookup	9330	0
27298	lookup	10342	0
27299	calc	11642	0
27300	calc	2577	0
27301	calc	11500	0
27302	calc	20661	0
27303	lookup	6939	0
27304	abstain_everyday	3063	0
27305	lookup	12022	0
27306	calc	7435	0
27307	calc	18887	0
27308	lookup	9250	0
27309	calc	9053	0
27310	abstain_everyday	4857	0
27311	lookup	5021	0
27312	lookup	5922	0
27313	calc	6384	0
27314	calc	6511	0
27315	lookup	724	0
27316	calc	18210	0
27317	lookup	853	0
27318	lookup	5211	0
27319	calc	3504	0
27320	calc	12982	0
27321	abstain_everyday	3574	0
27322	calc	9861	0
27323	abstain_everyday	4397	0
27324	calc	5356	0
27325	lookup	8248	0
27326	calc	19894	1
27327	calc	16346	1
27328	abstain_everyday	1767	0
27329	lookup	1829	0
27330	lookup	5241	0
27331	calc	11271	0
27332	calc	1072	0
27333	lookup	11130	0
27334	calc	17190	0
27335	calc	4574	0
27336	lookup	3484	0
27337	abstain_everyday	284	0
27338	abstain_everyday	4411	0
27339	abstain_everyday	5814	0
27340	lookup	2692	0
27341	calc	5358	0
27342	abstain_everyday	1391	0
27343	lookup	6457	0
27344	abstain_everyday	799	0
27345	calc	15580	0
27346	lookup	4724	0
27347	calc	15527	0
27348	lookup	8267	0
27349	calc	14643	0
27350	calc	14141	0
27351	calc	11943	0
27352	lookup	3978	0
27353	calc	1735	0
27354	calc	20823	0
27355	calc	40	0
27356	calc	1085	0
27357	calc	15542	0
27358	calc	3945	0
27359	calc	11491	0
27360	abstain_everyday	984	0
27361	calc	10307	0
27362	lookup	9841	0
27363	calc	7921	0
27364	abstain_everyday	4716	0
27365	calc	10576	0
27366	lookup	12893	0
27367	abstain_everyday	1956	0
27368	calc	20645	0
27369	calc	7984	0
27370	calc	7636	1
27371	calc	907	0
27372	calc	44	0
27373	calc	12411	0
27374	calc	7192	0
27375	calc	5607	0
27376	calc	2463	0
27377	lookup	2823	0
27378	lookup	6431	0
27379	calc	19328	0
27380	calc	4936	0
27381	lookup	9434	0
27382	calc	6704	0
27383	calc	5694	0
27384	lookup	516	0
27385	lookup	1347	0
27386	calc	7315	0
27387	abstain_everyday	911	0
27388	lookup	3122	0
27389	calc	7510	0
27390	abstain_everyday	2594	0
27391	lookup	8082	0
27392	lookup	12302	0
27393	abstain_everyday	5581	0
27394	calc	10522	0
27395	lookup	10514	0
27396	lookup	2153	0
27397	calc	17836	0
27398	lookup	12328	0
27399	calc	4289	0
27400	calc	13857	0
27401	calc	10851	0
27402	abstain_everyday	89	0
27403	lookup	6246	0
27404	abstain_everyday	2792	0
27405	lookup	8498	0
27406	lookup	6567	0
27407	calc	15259	0
27408	lookup	4421	0
27409	calc	14834	0
27410	abstain_everyday	2095	0
27411	calc	11260	0
27412	lookup	4429	0
27413	lookup	7760	0
27414	calc	16219	1
27415	calc	4752	0
27416	calc	14118	0
27417	calc	370	0
27418	calc	14808	0
27419	calc	12014	0
27420	calc	14968	0
27421	calc	16110	0
27422	lookup	7849	0
27423	lookup	7686	0
27424	lookup	5318	0
27425	abstain_everyday	33	0
27426	calc	13477	0
27427	calc	2822	0
27428	lookup	6985	0
27429	lookup	1461	0
27430	calc	15256	0
27431	calc	8114	0
27432	abstain_everyday	440	0
27433	abstain_everyday	4328	0
27434	calc	7098	1
27435	calc	1105	1
27436	lookup	11720	0
27437	calc	14022	0
27438	lookup	10349	0
27439	calc	6307	0
27440	abstain_everyday	208	0
27441	calc	15841	1
27442	calc	16297	1
27443	abstain_everyday	4183	0
27444	calc	18567	0
27445	calc	8566	0
27446	calc	21013	0
27447	calc	11204	0
27448	calc	15397	0
27449	lookup	408	0
27450	lookup	3889	0
27451	lookup	3124	0
27452	lookup	11475	0
27453	calc	17833	0
27454	calc	12067	0
27455	calc	18659	0
27456	calc	14790	0
27457	lookup	7463	0
27458	calc	17188	0
27459	lookup	9719	0
27460	calc	19982	0
27461	calc	11075	1
27462	lookup	10178	0
27463	abstain_everyday	616	0
27464	lookup	1141	0
27465	lookup	7452	0
27466	calc	17796	0
27467	calc	15834	0
27468	calc	11088	0
27469	calc	2725	0
27470	lookup	1396	0
27471	calc	19732	0
27472	lookup	10996	0
27473	lookup	5459	0
27474	lookup	862	0
27475	lookup	12755	0
27476	calc	816	0
27477	calc	8864	0
27478	abstain_everyday	4713	0
27479	calc	12873	0
27480	lookup	6563	0
27481	lookup	11072	0
27482	lookup	7474	0
27483	abstain_everyday	342	0
27484	calc	8322	0
27485	lookup	6557	0
27486	abstain_everyday	4838	0
27487	abstain_everyday	3090	0
27488	abstain_everyday	4589	0
27489	calc	14891	0
27490	calc	13201	1
27491	lookup	10122	0
27492	calc	17373	0
27493	lookup	2481	0
27494	lookup	812	0
27495	calc	19717	0
27496	lookup	6391	0
27497	lookup	8471	0
27498	lookup	12471	0
27499	calc	14706	0
27500	lookup	10852	0
27501	lookup	9258	0
27502	lookup	3110	0
27503	calc	4811	0
27504	calc	7190	0
27505	calc	6513	0
27506	calc	14159	0
27507	lookup	7121	0
27508	lookup	9425	0
27509	lookup	8282	0
27510	lookup	11388	0
27511	abstain_everyday	3342	0
27512	abstain_everyday	4206	0
27513	calc	14838	0
27514	lookup	8577	0
27515	lookup	6728	0
27516	lookup	7391	0
27517	lookup	11016	0
27518	calc	4064	0
27519	calc	16453	0
27520	lookup	8113	0
27521	lookup	9026	0
27522	lookup	2938	0
27523	calc	3985	0
27524	abstain_everyday	479	0
27525	lookup	11110	0
27526	abstain_everyday	2740	0
27527	lookup	12561	0
27528	lookup	8764	0
27529	calc	3603	0
27530	abstain_everyday	4885	0
27531	lookup	4510	0
27532	calc	20034	0
27533	calc	12047	0
27534	calc	17087	0
27535	calc	9612	1
27536	calc	20306	0
27537	calc	10449	0
27538	calc	8733	0
27539	calc	20546	1
27540	calc	17556	0
27541	abstain_everyday	1499	0
27542	calc	10088	0
27543	calc	18802	0
27544	lookup	4908	0
27545	lookup	3428	0
27546	calc	16849	0
27547	abstain_everyday	349	0
27548	abstain_everyday	4251	0
27549	lookup	8912	0
27550	lookup	9033	0
27551	abstain_everyday	400	0
27552	calc	3882	0
27553	calc	10732	0
27554	lookup	3044	0
27555	abstain_everyday	5173	0
27556	lookup	6266	0
27557	abstain_everyday	143	0
27558	abstain_everyday	558	0
27559	calc	20170	0
27560	abstain_everyday	3776	0
27561	calc	15657	0
27562	lookup	1149	0
27563	calc	2466	0
27564	calc	15636	0
27565	calc	9688	0
27566	lookup	5609	0
27567	calc	13443	0
27568	calc	2363	0
27569	lookup	4754	0
27570	lookup	6116	0
27571	calc	13265	0
27572	lookup	12389	0
27573	abstain_everyday	3598	0
27574	calc	7476	0
27575	calc	19994	0
27576	lookup	12211	0
27577	calc	2328	0
27578	abstain_everyday	4912	0
27579	lookup	5800	0
27580	abstain_everyday	422	0
27581	lookup	614	0
27582	calc	18666	0
27583	calc	10786	0
27584	calc	13957	0
27585	abstain_everyday	4652	0
27586	lookup	5475	0
27587	calc	14927	0
27588	lookup	3362	0
27589	calc	12030	1
27590	calc	9477	0
27591	calc	16666	0
27592	abstain_everyday	2364	0
27593	abstain_everyday	5594	0
27594	calc	11829	0
27595	calc	13322	0
27596	abstain_everyday	1881	0
27597	calc	17474	0
27598	calc	20249	0
27599	calc	5314	0
27600	calc	7177	0
27601	calc	12818	0
27602	calc	7073	0
27603	lookup	6901	0
27604	abstain_everyday	1771	0
27605	calc	8221	0
27606	abstain_everyday	2487	0
27607	calc	4516	0
27608	calc	19621	0
27609	abstain_everyday	3955	0
27610	calc	8697	0
27611	abstain_everyday	2219	0
27612	lookup	6684	0
27613	lookup	7214	0
27614	abstain_everyday	4319	0
27615	abstain_everyday	4613	0
27616	calc	11834	0
27617	calc	15521	0
27618	calc	2188	0
27619	calc	573	0
27620	lookup	3842	0
27621	lookup	7263	0
27622	calc	17718	0
27623	calc	8522	0
27624	lookup	12913	0
27625	calc	19345	1
27626	calc	5655	0
27627	lookup	12506	0
27628	abstain_everyday	2638	0
27629	abstain_everyday	2069	0
27630	lookup	10054	0
27631	calc	6536	0
27632	calc	16828	0
27633	abstain_everyday	1827	0
27634	lookup	8064	0
27635	lookup	9473	0
27636	lookup	1705	0
27637	calc	4494	0
27638	calc	1612	0
27639	lookup	1034	0
27640	calc	11001	0
27641	calc	2811	0
27642	calc	1713	0
27643	abstain_everyday	1872	0
27644	calc	15481	0
27645	calc	3215	0
27646	calc	3613	0
27647	calc	12382	0
27648	calc	14959	0
27649	calc	2235	0
27650	calc	17857	0
27651	abstain_everyday	4164	0
27652	lookup	4982	0
27653	lookup	1661	0
27654	calc	761	0
27655	lookup	2119	0
27656	abstain_everyday	2038	0
27657	calc	8309	0
27658	calc	16033	0
27659	abstain_everyday	3012	0
27660	calc	8789	0
27661	abstain_everyday	4634	0
27662	abstain_everyday	3578	0
27663	calc	20284	0
27664	calc	13805	0
27665	calc	3868	1
27666	calc	12940	0
27667	calc	20153	0
27668	lookup	6199	0
27669	lookup	2571	0
27670	lookup	9040	0
27671	abstain_everyday	3672	0
27672	calc	12735	0
27673	lookup	1664	0
27674	lookup	11463	0
27675	calc	12971	0
27676	calc	16760	0
27677	calc	7599	0
27678	lookup	5361	0
27679	calc	9282	0
27680	lookup	7526	0
27681	calc	8619	1
27682	calc	20027	0
27683	calc	11873	0
27684	calc	18641	0
27685	calc	4145	0
27686	calc	8286	0
27687	calc	8203	0
27688	abstain_everyday	3309	0
27689	calc	17286	0
27690	lookup	10391	0
27691	calc	6879	0
27692	lookup	708	0
27693	lookup	2352	0
27694	lookup	12042	0
27695	abstain_everyday	2622	0
27696	calc	14279	1
27697	calc	7366	0
27698	abstain_everyday	4812	0
27699	calc	20723	0
27700	lookup	1517	0
27701	calc	16670	0
27702	lookup	3803	0
27703	calc	11	0
27704	lookup	8548	0
27705	calc	12405	0
27706	calc	13987	0
27707	abstain_everyday	4160	0
27708	calc	17269	1
27709	calc	1780	1
27710	calc	3020	0
27711	lookup	9311	0
27712	calc	10668	0
27713	calc	19367	1
27714	lookup	2056	0
27715	abstain_everyday	4258	0
27716	calc	1618	0
27717	calc	17191	0
27718	calc	3011	0
27719	calc	19711	0
27720	lookup	7472	0
27721	calc	3472	0
27722	lookup	2664	0
27723	abstain_everyday	4479	0
27724	abstain_everyday	5629	0
27725	abstain_everyday	3588	0
27726	abstain_everyday	2766	0
27727	calc	16553	1
27728	calc	7010	0
27729	lookup	12508	0
27730	calc	13686	0
27731	abstain_everyday	4166	0
27732	calc	13601	1
27733	lookup	2995	0
27734	calc	15742	0
27735	lookup	10093	0
27736	calc	10265	0
27737	calc	3691	0
27738	lookup	846	0
27739	calc	16114	0
27740	abstain_everyday	1179	0
27741	calc	2393	0
27742	calc	20051	0
27743	calc	11890	0
27744	abstain_everyday	5649	0
27745	lookup	2580	0
27746	lookup	3246	0
27747	calc	4817	0
27748	calc	9818	0
27749	calc	20418	0
27750	abstain_everyday	3491	0
27751	calc	11854	0
27752	calc	3273	0
27753	abstain_everyday	1959	0
27754	calc	961	1
27755	lookup	10174	0
27756	calc	6609	0
27757	calc	7727	0
27758	calc	20822	0
27759	calc	12027	0
27760	calc	6929	0
27761	calc	19608	0
27762	lookup	7161	0
27763	calc	18133	0
27764	abstain_everyday	4691	0
27765	calc	9740	0
27766	calc	14393	0
27767	calc	1855	0
27768	lookup	9891	0
27769	lookup	11657	0
27770	abstain_everyday	3564	0
27771	abstain_everyday	5152	0
27772	lookup	7447	0
27773	calc	7004	0
27774	lookup	7669	0
27775	abstain_everyday	647	0
27776	calc	10180	0
27777	lookup	3042	0
27778	calc	3714	0
27779	calc	21031	0
27780	lookup	4315	0
27781	calc	12162	0
27782	calc	1890	0
27783	lookup	12117	0
27784	calc	14089	0
27785	calc	12091	0
27786	lookup	11457	0
27787	lookup	1542	0
27788	calc	12416	1
27789	abstain_everyday	5007	0
27790	calc	5131	0
27791	abstain_everyday	741	0
27792	calc	1007	0
27793	lookup	11048	0
27794	lookup	3174	0
27795	abstain_everyday	5006	0
27796	abstain_everyday	3822	0
27797	calc	11998	0
27798	calc	13561	0
27799	lookup	9859	0
27800	lookup	6012	0
27801	abstain_everyday	3797	0
27802	calc	14128	0
27803	lookup	3500	0
27804	calc	10375	0
27805	calc	20591	0
27806	calc	20166	0
27807	lookup	5979	0
27808	calc	3003	0
27809	calc	4493	0
27810	lookup	3094	0
27811	calc	14751	0
27812	lookup	3971	0
27813	lookup	1934	0
27814	abstain_everyday	1791	0
27815	lookup	12832	0
27816	calc	18924	0
27817	lookup	12200	0
27818	calc	14780	0
27819	abstain_everyday	3541	0
27820	lookup	9211	0
27821	lookup	165	0
27822	lookup	7609	0
27823	lookup	5436	0
27824	lookup	514	0
27825	lookup	10603	0
27826	lookup	8517	0
27827	calc	11847	0
27828	calc	19709	0
27829	calc	8969	0
27830	calc	1776	0
27831	calc	10208	0
27832	calc	11858	0
27833	calc	5427	0
27834	lookup	6798	0
27835	calc	9429	0
27836	calc	6476	0
27837	calc	19841	0
27838	calc	11296	0
27839	calc	7369	0
27840	calc	18398	0
27841	lookup	9225	0
27842	calc	1921	0
27843	abstain_everyday	2642	0
27844	calc	7396	1
27845	lookup	8993	0
27846	calc	16742	0
27847	calc	1994	0
27848	calc	8180	1
27849	lookup	5020	0
27850	abstain_everyday	1156	0
27851	lookup	4994	0
27852	lookup	851	0
27853	lookup	10619	0
27854	calc	12921	0
27855	lookup	12136	0
27856	lookup	2662	0
27857	abstain_everyday	308	0
27858	lookup	7996	0
27859	abstain_everyday	3790	0
27860	calc	1911	0
27861	lookup	11174	0
27862	lookup	1474	0
27863	calc	6919	0
27864	abstain_everyday	2900	0
27865	calc	769	0
27866	calc	1607	0
27867	calc	9270	0
27868	calc	10845	0
27869	lookup	3086	0
27870	lookup	4473	0
27871	abstain_everyday	4247	0
27872	calc	12676	0
27873	calc	5048	0
27874	calc	20203	1
27875	calc	11051	0
27876	lookup	7753	0
27877	abstain_everyday	3197	0
27878	lookup	9488	0
27879	calc	11013	0
27880	calc	20951	0
27881	calc	16715	0
27882	calc	8354	0
27883	lookup	11380	0
27884	lookup	3092	0
27885	lookup	6416	0
27886	calc	15750	0
27887	calc	5175	0
27888	calc	14847	0
27889	abstain_everyday	2108	0
27890	abstain_everyday	3314	0
27891	lookup	6054	0
27892	calc	2851	0
27893	lookup	4102	0
27894	calc	3450	0
27895	lookup	5303	0
27896	lookup	9466	0
27897	calc	6657	1
27898	lookup	11314	0
27899	calc	16246	0
27900	calc	2003	0
27901	lookup	7082	0
27902	calc	14290	0
27903	calc	18961	0
27904	calc	17486	0
27905	lookup	4228	0
27906	abstain_everyday	1258	0
27907	calc	16285	0
27908	calc	18000	0
27909	lookup	8147	0
27910	calc	18819	0
27911	calc	1176	1
27912	calc	4175	0
27913	calc	8128	0
27914	lookup	5328	0
27915	lookup	6552	0
27916	calc	2627	0
27917	calc	674	0
27918	calc	2125	0
27919	calc	905	0
27920	calc	3209	0
27921	calc	8754	0
27922	calc	12152	0
27923	lookup	2544	0
27924	calc	9455	0
27925	calc	15239	0
27926	lookup	3962	0
27927	calc	237	0
27928	abstain_everyday	4233	0
27929	calc	7541	1
27930	calc	5023	0
27931	lookup	3248	0
27932	lookup	4154	0
27933	calc	15004	0
27934	calc	1430	0
27935	lookup	2009	0
27936	calc	8922	0
27937	calc	8932	0
27938	lookup	2752	0
27939	lookup	2941	0
27940	lookup	12382	0
27941	calc	7197	0
27942	lookup	7382	0
27943	abstain_everyday	5094	0
27944	calc	4771	0
27945	calc	2284	0
27946	lookup	6099	0
27947	calc	18648	0
27948	calc	8016	0
27949	calc	18174	0
27950	calc	11697	0
27951	lookup	7428	0
27952	abstain_everyday	3566	0
27953	lookup	2181	0
27954	lookup	5444	0
27955	lookup	1521	0
27956	calc	1525	0
27957	abstain_everyday	1935	0
27958	calc	10367	1
27959	abstain_everyday	3904	0
27960	abstain_everyday	1239	0
27961	abstain_everyday	1242	0
27962	lookup	12898	0
27963	calc	14339	0
27964	lookup	5654	0
27965	lookup	9277	0
27966	lookup	8568	0
27967	lookup	11293	0
27968	lookup	1901	0
27969	lookup	10777	0
27970	lookup	4277	0
27971	lookup	2333	0
27972	lookup	1764	0
27973	lookup	6243	0
27974	calc	6003	0
27975	calc	4190	0
27976	lookup	2817	0
27977	calc	16741	0
27978	calc	2671	0
27979	lookup	5796	0
27980	calc	9951	0
27981	lookup	7875	0
27982	calc	7361	0
27983	abstain_everyday	5790	0
27984	calc	13652	0
27985	abstain_everyday	1493	0
27986	lookup	5306	0
27987	calc	554	0
27988	lookup	6452	0
27989	lookup	7626	0
27990	abstain_everyday	3084	0
27991	lookup	9011	0
27992	calc	20514	0
27993	lookup	6824	0
27994	lookup	12746	0
27995	lookup	12331	0
27996	lookup	3640	0
27997	lookup	6969	0
27998	calc	18122	0
27999	abstain_everyday	2087	0
28000	lookup	5649	0
28001	calc	9036	0
28002	calc	16174	0
28003	calc	19229	0
28004	lookup	10849	0
28005	lookup	4467	0
28006	lookup	7567	0
28007	abstain_everyday	423	0
28008	calc	7412	0
28009	calc	13238	0
28010	calc	12541	1
28011	calc	14813	0
28012	lookup	11082	0
28013	lookup	6970	0
28014	calc	11164	0
28015	abstain_everyday	4112	0
28016	calc	20022	0
28017	calc	18955	0
28018	calc	550	0
28019	calc	16973	0
28020	lookup	11995	0
28021	lookup	2224	0
28022	lookup	3369	0
28023	calc	3759	0
28024	calc	4849	0
28025	calc	6960	0
28026	calc	12083	0
28027	calc	20133	0
28028	calc	16433	0
28029	calc	3420	0
28030	abstain_everyday	418	0
28031	lookup	86	0
28032	lookup	9364	0
28033	calc	12887	0
28034	calc	5471	0
28035	lookup	10599	0
28036	calc	4111	0
28037	calc	5846	0
28038	calc	12730	0
28039	lookup	2971	0
28040	calc	9105	0
28041	calc	16127	0
28042	lookup	700	0
28043	calc	19492	0
28044	calc	5648	0
28045	calc	10617	0
28046	lookup	7383	0
28047	calc	9609	0
28048	calc	7859	0
28049	abstain_everyday	5517	0
28050	lookup	8746	0
28051	abstain_everyday	4042	0
28052	calc	7731	0
28053	lookup	6938	0
28054	lookup	6320	0
28055	lookup	4858	0
28056	calc	19362	0
28057	calc	4591	0
28058	abstain_everyday	853	0
28059	lookup	10029	0
28060	calc	17596	0
28061	abstain_everyday	3845	0
28062	calc	6981	0
28063	lookup	10413	0
28064	lookup	4012	0
28065	calc	13853	0
28066	lookup	3481	0
28067	lookup	4053	0
28068	abstain_everyday	1076	0
28069	lookup	2658	0
28070	calc	8897	1
28071	abstain_everyday	2227	0
28072	abstain_everyday	4655	0
28073	calc	14781	0
28074	lookup	7997	0
28075	abstain_everyday	2385	0
28076	lookup	10626	0
28077	abstain_everyday	5221	0
28078	lookup	11857	0
28079	calc	10237	0
28080	abstain_everyday	2781	0
28081	calc	12576	0
28082	abstain_everyday	2124	0
28083	abstain_everyday	2158	0
28084	calc	8603	0
28085	lookup	4632	0
28086	calc	3224	0
28087	abstain_everyday	4388	0
28088	abstain_everyday	4210	0
28089	lookup	9994	0
28090	calc	6026	0
28091	calc	8641	0
28092	lookup	12061	0
28093	lookup	8084	0
28094	calc	16591	0
28095	calc	262	0
28096	calc	20290	0
28097	abstain_everyday	982	0
28098	calc	14320	0
28099	calc	12549	0
28100	lookup	10023	0
28101	abstain_everyday	52	0
28102	lookup	5757	0
28103	lookup	6588	0
28104	calc	15667	0
28105	calc	20010	0
28106	abstain_everyday	5559	0
28107	lookup	1591	0
28108	calc	5150	0
28109	calc	11874	0
28110	calc	19987	0
28111	calc	1689	0
28112	abstain_everyday	3082	0
28113	abstain_everyday	5442	0
28114	lookup	12279	0
28115	lookup	1523	0
28116	calc	20718	0
28117	lookup	5753	0
28118	abstain_everyday	5696	0
28119	lookup	7489	0
28120	lookup	3480	0
28121	lookup	8522	0
28122	lookup	3416	0
28123	calc	2521	0
28124	lookup	3951	0
28125	abstain_everyday	2856	0
28126	abstain_everyday	715	0
28127	calc	13621	0
28128	lookup	12807	0
28129	calc	9313	0
28130	calc	16333	0
28131	calc	11917	0
28132	calc	9756	1
28133	calc	3467	0
28134	calc	13573	0
28135	calc	20991	0
28136	calc	6533	0
28137	lookup	2816	0
28138	abstain_everyday	1073	0
28139	calc	7559	0
28140	lookup	11919	0
28141	calc	16379	0
28142	calc	250	0
28143	calc	16139	0
28144	abstain_everyday	5340	0
28145	lookup	11267	0
28146	calc	4907	0
28147	calc	14398	0
28148	lookup	1261	0
28149	calc	13783	0
28150	calc	2123	0
28151	calc	20584	0
28152	calc	8274	0
28153	abstain_everyday	206	0
28154	lookup	3875	0
28155	calc	3969	0
28156	calc	19891	0
28157	calc	11220	0
28158	lookup	8581	0
28159	abstain_everyday	2371	0
28160	calc	20563	0
28161	calc	17723	0
28162	lookup	12716	0
28163	calc	19108	0
28164	lookup	12	0
28165	lookup	10466	0
28166	calc	19028	0
28167	lookup	3439	0
28168	lookup	9525	0
28169	calc	3730	0
28170	lookup	6689	0
28171	lookup	8832	0
28172	calc	9098	0
28173	lookup	5310	0
28174	abstain_everyday	80	0
28175	lookup	3064	0
28176	calc	12550	0
28177	calc	7310	0
28178	lookup	5103	0
28179	abstain_everyday	5693	0
28180	lookup	2755	0
28181	calc	8094	0
28182	calc	20682	0
28183	abstain_everyday	1852	0
28184	lookup	10068	0
28185	calc	7228	0
28186	abstain_everyday	4815	0
28187	abstain_everyday	1371	0
28188	abstain_everyday	804	0
28189	calc	10056	0
28190	calc	3025	0
28191	calc	10121	0
28192	lookup	7475	0
28193	lookup	6898	0
28194	abstain_everyday	3894	0
28195	calc	10221	0
28196	lookup	7595	0
28197	lookup	10124	0
28198	abstain_everyday	4023	0
28199	lookup	4967	0
28200	calc	6500	1
28201	lookup	10013	0
28202	abstain_everyday	5411	0
28203	lookup	5689	0
28204	calc	13256	0
28205	lookup	3646	0
28206	calc	11582	0
28207	calc	4357	0
28208	abstain_everyday	1441	0
28209	abstain_everyday	2602	0
28210	calc	17640	0
28211	lookup	10253	0
28212	lookup	7473	0
28213	abstain_everyday	5447	0
28214	calc	12746	0
28215	lookup	8543	0
28216	calc	12517	0
28217	abstain_everyday	802	0
28218	lookup	924	0
28219	calc	3057	0
28220	calc	13018	0
28221	calc	19167	0
28222	lookup	12101	0
28223	lookup	3373	0
28224	abstain_everyday	1660	0
28225	calc	16600	0
28226	lookup	8456	0
28227	calc	4040	0
28228	calc	6752	0
28229	lookup	10324	0
28230	calc	11368	0
28231	lookup	1160	0
28232	lookup	2226	0
28233	abstain_everyday	4731	0
28234	abstain_everyday	3298	0
28235	calc	4368	0
28236	calc	13007	0
28237	calc	13840	0
28238	lookup	2365	0
28239	calc	20800	0
28240	lookup	1856	0
28241	calc	9638	0
28242	lookup	4219	0
28243	abstain_everyday	949	0
28244	abstain_everyday	1792	0
28245	lookup	10546	0
28246	calc	13877	0
28247	calc	1894	0
28248	calc	1278	0
28249	lookup	6760	0
28250	lookup	8449	0
28251	calc	15274	0
28252	lookup	10279	0
28253	calc	10784	0
28254	calc	4079	0
28255	calc	7300	0
28256	calc	9507	0
28257	lookup	166	0
28258	calc	13214	1
28259	lookup	2379	0
28260	calc	7100	0
28261	lookup	8155	0
28262	lookup	7568	0
28263	lookup	8553	0
28264	lookup	5414	0
28265	abstain_everyday	1443	0
28266	calc	7355	0
28267	calc	2499	0
28268	abstain_everyday	296	0
28269	lookup	7801	0
28270	calc	9484	0
28271	lookup	12017	0
28272	calc	12431	0
28273	calc	3771	0
28274	lookup	904	0
28275	calc	6900	0
28276	lookup	8643	0
28277	calc	18763	0
28278	lookup	4190	0
28279	lookup	2482	0
28280	calc	17480	0
28281	calc	18731	0
28282	calc	13303	0
28283	abstain_everyday	3704	0
28284	lookup	9241	0
28285	calc	13663	0
28286	calc	4697	0
28287	calc	2052	0
28288	lookup	989	0
28289	lookup	594	0
28290	lookup	1151	0
28291	lookup	9214	0
28292	lookup	552	0
28293	calc	1497	0
28294	lookup	8929	0
28295	lookup	7976	0
28296	lookup	5582	0
28297	lookup	6429	0
28298	lookup	271	0
28299	lookup	1910	0
28300	calc	7815	0
28301	lookup	2151	0
28302	calc	15046	0
28303	lookup	7479	0
28304	lookup	1270	0
28305	calc	4581	0
28306	calc	5724	0
28307	calc	18218	1
28308	calc	5134	0
28309	calc	12158	0
28310	abstain_everyday	3711	0
28311	calc	4350	0
28312	lookup	9036	0
28313	lookup	11461	0
28314	calc	1503	0
28315	calc	15896	0
28316	calc	12186	0
28317	calc	7961	0
28318	calc	18132	0
28319	calc	8642	0
28320	calc	4034	0
28321	calc	17322	0
28322	calc	1227	0
28323	abstain_everyday	4343	0
28324	abstain_everyday	1459	0
28325	calc	7672	0
28326	calc	12924	0
28327	abstain_everyday	5670	0
28328	lookup	8584	0
28329	calc	17325	0
28330	lookup	2890	0
28331	calc	11916	0
28332	calc	20172	0
28333	calc	6292	0
28334	calc	12648	0
28335	abstain_everyday	4442	0
28336	lookup	4367	0
28337	lookup	6997	0
28338	calc	8166	0
28339	calc	13595	0
28340	calc	18440	0
28341	calc	11999	0
28342	abstain_everyday	640	0
28343	calc	8802	0
28344	calc	17290	0
28345	calc	700	0
28346	calc	4926	1
28347	abstain_everyday	4339	0
28348	calc	7683	0
28349	calc	10487	0
28350	lookup	6302	0
28351	calc	2030	0
28352	calc	10361	0
28353	calc	4044	0
28354	abstain_everyday	1356	0
28355	calc	3598	0
28356	calc	7222	0
28357	abstain_everyday	767	0
28358	calc	13107	0
28359	calc	12633	0
28360	abstain_everyday	178	0
28361	lookup	6294	0
28362	lookup	288	0
28363	calc	6350	0
28364	lookup	10885	0
28365	calc	5400	0
28366	calc	15818	0
28367	lookup	11739	0
28368	lookup	881	0
28369	calc	15176	0
28370	calc	17639	0
28371	lookup	2028	0
28372	lookup	10616	0
28373	calc	9194	0
28374	calc	19066	0
28375	lookup	1559	0
28376	lookup	9222	0
28377	abstain_everyday	2205	0
28378	calc	8883	0
28379	calc	15342	0
28380	calc	11346	0
28381	calc	10227	0
28382	calc	8494	0
28383	lookup	258	0
28384	abstain_everyday	2869	0
28385	lookup	8056	0
28386	lookup	605	0
28387	lookup	1457	0
28388	lookup	8911	0
28389	calc	3028	0
28390	abstain_everyday	83	0
28391	calc	18542	0
28392	calc	18959	0
28393	lookup	6059	0
28394	calc	12361	0
28395	lookup	6212	0
28396	calc	4869	0
28397	lookup	1341	0
28398	calc	12413	0
28399	calc	2827	0
28400	lookup	10260	0
28401	lookup	2870	0
28402	calc	6468	0
28403	lookup	2631	0
28404	calc	1531	0
28405	calc	19370	1
28406	lookup	2171	0
28407	calc	7275	0
28408	calc	15943	0
28409	abstain_everyday	5515	0
28410	calc	13142	0
28411	lookup	286	0
28412	abstain_everyday	4422	0
28413	abstain_everyday	4821	0
28414	abstain_everyday	2517	0
28415	lookup	5091	0
28416	abstain_everyday	1746	0
28417	lookup	8970	0
28418	lookup	3321	0
28419	lookup	197	0
28420	abstain_everyday	5427	0
28421	calc	18485	0
28422	lookup	6125	0
28423	calc	13874	1
28424	lookup	10925	0
28425	calc	6409	0
28426	lookup	9131	0
28427	abstain_everyday	4754	0
28428	abstain_everyday	1582	0
28429	calc	10458	0
28430	calc	13905	0
28431	lookup	5991	0
28432	calc	16710	0
28433	calc	11860	0
28434	lookup	2959	0
28435	abstain_everyday	1710	0
28436	lookup	4387	0
28437	lookup	6770	0
28438	lookup	2005	0
28439	lookup	8796	0
28440	calc	2114	0
28441	abstain_everyday	914	0
28442	abstain_everyday	181	0
28443	lookup	2159	0
28444	calc	20063	0
28445	lookup	8852	0
28446	lookup	7619	0
28447	calc	6998	0
28448	lookup	975	0
28449	calc	1374	0
28450	lookup	11557	0
28451	calc	1851	0
28452	lookup	739	0
28453	lookup	9405	0
28454	abstain_everyday	3195	0
28455	calc	128	0
28456	abstain_everyday	4079	0
28457	calc	20921	0
28458	calc	15547	0
28459	lookup	5251	0
28460	calc	14707	0
28461	abstain_everyday	4028	0
28462	lookup	4284	0
28463	calc	14935	0
28464	calc	12614	0
28465	calc	15434	0
28466	lookup	9786	0
28467	abstain_everyday	1528	0
28468	calc	17649	0
28469	abstain_everyday	1171	0
28470	calc	4340	0
28471	calc	3328	0
28472	lookup	8460	0
28473	lookup	11049	0
28474	lookup	8035	0
28475	calc	10739	0
28476	lookup	10843	0
28477	lookup	1465	0
28478	calc	7096	0
28479	abstain_everyday	373	0
28480	lookup	1919	0
28481	lookup	12751	0
28482	abstain_everyday	2183	0
28483	abstain_everyday	763	0
28484	lookup	9687	0
28485	lookup	143	0
28486	calc	11461	0
28487	abstain_everyday	5787	0
28488	calc	18360	0
28489	calc	3174	0
28490	calc	1038	0
28491	calc	19010	0
28492	calc	17922	0
28493	calc	7452	0
28494	lookup	6359	0
28495	calc	17991	0
28496	lookup	11462	0
28497	abstain_everyday	4852	0
28498	abstain_everyday	5886	0
28499	lookup	1967	0
28500	calc	18472	0
28501	lookup	6021	0
28502	lookup	5384	0
28503	calc	19181	0
28504	calc	20517	0
28505	abstain_everyday	2524	0
28506	calc	11609	0
28507	calc	7323	0
28508	lookup	12167	0
28509	lookup	10743	0
28510	lookup	11175	0
28511	lookup	3945	0
28512	calc	7952	0
28513	calc	16196	0
28514	calc	765	0
28515	calc	20944	0
28516	abstain_everyday	2662	0
28517	calc	3820	0
28518	abstain_everyday	2613	0
28519	lookup	6367	0
28520	calc	14661	0
28521	calc	8702	0
28522	lookup	12721	0
28523	lookup	1162	0
28524	abstain_everyday	1490	0
28525	calc	17126	0
28526	abstain_everyday	2908	0
28527	lookup	7119	0
28528	abstain_everyday	5844	0
28529	lookup	3610	0
28530	calc	3415	0
28531	lookup	10809	0
28532	calc	19541	1
28533	lookup	1044	0
28534	calc	16489	0
28535	abstain_everyday	22	0
28536	calc	757	0
28537	lookup	10651	0
28538	calc	1253	0
28539	calc	12970	0
28540	calc	10780	0
28541	calc	4273	0
28542	lookup	12862	0
28543	calc	256	0
28544	calc	4424	0
28545	calc	10324	0
28546	calc	13434	0
28547	calc	19312	0
28548	abstain_everyday	600	0
28549	calc	12284	0
28550	calc	3543	0
28551	calc	7046	0
28552	calc	18087	0
28553	calc	6471	0
28554	abstain_everyday	2798	0
28555	lookup	12558	0
28556	calc	18705	0
28557	lookup	4403	0
28558	lookup	9321	0
28559	calc	3506	0
28560	calc	10068	1
28561	calc	18030	0
28562	lookup	6911	0
28563	lookup	8788	0
28564	calc	1938	0
28565	abstain_everyday	5501	0
28566	lookup	7716	0
28567	calc	15570	0
28568	calc	19813	0
28569	lookup	12664	0
28570	calc	8592	0
28571	lookup	1022	0
28572	calc	4967	0
28573	lookup	2510	0
28574	abstain_everyday	2761	0
28575	lookup	10556	0
28576	abstain_everyday	1289	0
28577	lookup	7319	0
28578	calc	6443	0
28579	lookup	3009	0
28580	calc	12975	0
28581	calc	9630	1
28582	lookup	1065	0
28583	calc	3920	0
28584	lookup	7316	0
28585	lookup	3066	0
28586	abstain_everyday	2584	0
28587	calc	7000	0
28588	calc	1211	0
28589	calc	9752	0
28590	calc	564	0
28591	calc	918	0
28592	lookup	4480	0
28593	calc	1881	0
28594	calc	20844	0
28595	calc	11988	0
28596	calc	12125	0
28597	calc	8112	0
28598	calc	11458	0
28599	calc	17000	0
28600	lookup	5531	0
28601	calc	14408	0
28602	calc	17762	0
28603	lookup	459	0
28604	lookup	12757	0
28605	lookup	12737	0
28606	calc	14888	0
28607	calc	11897	0
28608	abstain_everyday	5227	0
28609	lookup	4921	0
28610	calc	20868	0
28611	lookup	4329	0
28612	calc	9118	0
28613	lookup	7644	0
28614	calc	733	0
28615	calc	11448	0
28616	lookup	11300	0
28617	calc	12275	0
28618	calc	11371	0
28619	lookup	3920	0
28620	calc	19669	0
28621	calc	7708	0
28622	calc	452	0
28623	lookup	12554	0
28624	calc	9999	1
28625	calc	17327	0
28626	calc	6	0
28627	calc	14906	0
28628	calc	17463	0
28629	abstain_everyday	4939	0
28630	calc	12554	0
28631	lookup	9842	0
28632	lookup	3102	0
28633	lookup	8882	0
28634	calc	12696	0
28635	calc	12115	0
28636	calc	7853	0
28637	calc	16249	0
28638	calc	3535	0
28639	calc	2410	0
28640	abstain_everyday	986	0
28641	lookup	7506	0
28642	calc	1332	0
28643	calc	15741	0
28644	calc	3067	0
28645	calc	2537	0
28646	abstain_everyday	532	0
28647	calc	18017	0
28648	abstain_everyday	2847	0
28649	calc	7463	0
28650	calc	1210	0
28651	calc	15858	0
28652	calc	17619	0
28653	calc	137	0
28654	calc	1896	0
28655	calc	4155	0
28656	lookup	4043	0
28657	calc	13970	0
28658	calc	590	0
28659	calc	15641	0
28660	lookup	10252	0
28661	calc	3560	0
28662	lookup	11913	0
28663	calc	16972	0
28664	abstain_everyday	1517	0
28665	calc	18244	0
28666	lookup	10949	0
28667	lookup	3857	0
28668	lookup	8228	0
28669	abstain_everyday	4466	0
28670	calc	17380	0
28671	abstain_everyday	525	0
28672	lookup	2222	0
28673	lookup	4942	0
28674	calc	17310	0
28675	calc	219	0
28676	calc	12558	0
28677	lookup	3315	0
28678	lookup	10589	0
28679	calc	8575	0
28680	calc	1153	0
28681	lookup	492	0
28682	lookup	10540	0
28683	calc	9732	0
28684	lookup	6360	0
28685	calc	1271	0
28686	lookup	11329	0
28687	lookup	553	0
28688	calc	19705	0
28689	lookup	2191	0
28690	lookup	7500	0
28691	calc	361	0
28692	calc	11353	0
28693	lookup	2954	0
28694	abstain_everyday	264	0
28695	lookup	3090	0
28696	abstain_everyday	3941	0
28697	lookup	1969	0
28698	calc	3192	0
28699	lookup	9901	0
28700	lookup	180	0
28701	calc	14266	0
28702	lookup	464	0
28703	lookup	9660	0
28704	calc	20665	0
28705	lookup	10865	0
28706	lookup	4135	0
28707	calc	19721	0
28708	lookup	8122	0
28709	lookup	4269	0
28710	calc	11828	0
28711	calc	10078	0
28712	calc	21035	0
28713	lookup	9496	0
28714	lookup	4664	0
28715	calc	3097	0
28716	abstain_everyday	4499	0
28717	lookup	629	0
28718	calc	13711	0
28719	calc	2031	0
28720	abstain_everyday	4865	0
28721	lookup	2125	0
28722	calc	3646	0
28723	calc	7621	0
28724	abstain_everyday	511	0
28725	calc	10915	0
28726	lookup	568	0
28727	calc	14880	0
28728	lookup	11265	0
28729	calc	18341	0
28730	calc	2229	0
28731	calc	2526	0
28732	calc	19480	0
28733	lookup	3414	0
28734	abstain_everyday	1125	0
28735	calc	6566	1
28736	lookup	1	0
28737	calc	6146	0
28738	calc	2472	0
28739	calc	16775	0
28740	abstain_everyday	161	0
28741	calc	18116	0
28742	lookup	10433	0
28743	abstain_everyday	2488	0
28744	abstain_everyday	2773	0
28745	lookup	12392	0
28746	calc	10727	1
28747	calc	5123	0
28748	lookup	5261	0
28749	calc	9593	0
28750	lookup	5471	0
28751	lookup	363	0
28752	lookup	9840	0
28753	calc	7675	0
28754	lookup	10552	0
28755	calc	3739	0
28756	lookup	2108	0
28757	abstain_everyday	1984	0
28758	calc	3624	0
28759	abstain_everyday	3301	0
28760	abstain_everyday	3746	0
28761	calc	10171	0
28762	calc	4490	0
28763	calc	2026	1
28764	calc	19896	0
28765	lookup	3995	0
28766	lookup	4162	0
28767	abstain_everyday	5745	0
28768	lookup	4766	0
28769	calc	18511	0
28770	calc	1368	0
28771	lookup	6403	0
28772	abstain_everyday	4019	0
28773	calc	9684	0
28774	abstain_everyday	648	0
28775	calc	16636	0
28776	abstain_everyday	2007	0
28777	calc	2253	0
28778	calc	1212	0
28779	calc	2613	0
28780	calc	16334	0
28781	lookup	11544	0
28782	calc	14	0
28783	calc	8924	0
28784	lookup	3781	0
28785	lookup	10516	0
28786	lookup	10767	0
28787	abstain_everyday	3820	0
28788	lookup	12821	0
28789	calc	1968	0
28790	lookup	5842	0
28791	calc	5247	0
28792	calc	1920	0
28793	calc	12678	1
28794	lookup	533	0
28795	abstain_everyday	2282	0
28796	calc	17886	0
28797	calc	11490	0
28798	calc	7574	0
28799	calc	6672	0
28800	lookup	1247	0
28801	calc	17500	0
28802	abstain_everyday	3367	0
28803	calc	16894	0
28804	lookup	3774	0
28805	calc	9786	0
28806	calc	19915	0
28807	calc	18894	0
28808	calc	5539	0
28809	lookup	7406	0
28810	lookup	11823	0
28811	calc	6549	0
28812	lookup	7450	0
28813	calc	20694	0
28814	lookup	12341	0
28815	calc	14210	0
28816	calc	20425	0
28817	lookup	526	0
28818	calc	5372	0
28819	lookup	4654	0
28820	abstain_everyday	2438	0
28821	calc	18558	0
28822	calc	16470	1
28823	abstain_everyday	851	0
28824	calc	5111	0
28825	calc	4080	0
28826	abstain_everyday	5473	0
28827	abstain_everyday	3885	0
28828	calc	17383	0
28829	lookup	3950	0
28830	lookup	6763	0
28831	lookup	3853	0
28832	calc	14152	0
28833	lookup	8387	0
28834	abstain_everyday	2221	0
28835	calc	19461	0
28836	calc	12023	0
28837	calc	15887	0
28838	calc	14680	0
28839	calc	17120	0
28840	calc	20875	0
28841	lookup	12516	0
28842	calc	7849	0
28843	calc	7868	0
28844	calc	13735	0
28845	abstain_everyday	5662	0
28846	calc	20547	0
28847	lookup	4318	0
28848	calc	4083	0
28849	calc	4537	0
28850	calc	18934	0
28851	calc	19815	0
28852	abstain_everyday	1146	0
28853	calc	1498	0
28854	calc	16841	0
28855	lookup	45	0
28856	calc	20142	0
28857	calc	8326	0
28858	calc	7125	0
28859	lookup	9329	0
28860	lookup	9227	0
28861	calc	17179	0
28862	lookup	12369	0
28863	calc	1990	0
28864	lookup	8187	0
28865	calc	8102	0
28866	calc	529	0
28867	lookup	231	0
28868	lookup	7598	0
28869	abstain_everyday	4891	0
28870	calc	9954	0
28871	calc	3362	0
28872	calc	18380	0
28873	calc	4212	0
28874	calc	3678	0
28875	calc	11940	0
28876	lookup	10140	0
28877	calc	4585	0
28878	calc	14573	0
28879	lookup	4663	0
28880	calc	115	0
28881	lookup	5929	0
28882	calc	8561	0
28883	calc	3323	0
28884	lookup	9268	0
28885	lookup	4657	0
28886	calc	18046	0
28887	lookup	11933	0
28888	calc	4271	0
28889	calc	6095	0
28890	calc	18354	0
28891	lookup	12077	0
28892	lookup	10944	0
28893	abstain_everyday	3640	0
28894	lookup	697	0
28895	lookup	1886	0
28896	calc	9962	0
28897	lookup	1269	0
28898	lookup	12642	0
28899	lookup	6909	0
28900	calc	19320	0
28901	calc	2320	0
28902	abstain_everyday	1471	0
28903	calc	4578	0
28904	calc	20561	0
28905	calc	3476	0
28906	lookup	9925	0
28907	abstain_everyday	3387	0
28908	calc	16961	0
28909	calc	9624	0
28910	abstain_everyday	5546	0
28911	calc	14296	0
28912	abstain_everyday	2901	0
28913	calc	8877	0
28914	abstain_everyday	3045	0
28915	calc	12799	0
28916	calc	20998	0
28917	calc	6354	0
28918	calc	20017	0
28919	calc	4807	0
28920	lookup	5027	0
28921	abstain_everyday	5214	0
28922	calc	6664	0
28923	calc	11753	0
28924	calc	17872	0
28925	lookup	10937	0
28926	calc	2183	0
28927	calc	18389	0
28928	lookup	11690	0
28929	lookup	11550	0
28930	lookup	12274	0
28931	lookup	9283	0
28932	calc	19201	0
28933	calc	8662	0
28934	calc	14337	0
28935	abstain_everyday	4151	0
28936	calc	17227	0
28937	calc	8742	0
28938	calc	7782	0
28939	calc	2523	0
28940	calc	14217	0
28941	calc	19993	0
28942	lookup	644	0
28943	calc	17094	0
28944	lookup	11788	0
28945	calc	11372	0
28946	calc	11855	0
28947	calc	19674	0
28948	lookup	11597	0
28949	lookup	9449	0
28950	calc	19458	0
28951	calc	12321	0
28952	calc	14916	0
28953	abstain_everyday	2424	0
28954	calc	10890	0
28955	calc	4004	0
28956	lookup	1827	0
28957	calc	3386	0
28958	calc	17797	0
28959	lookup	5700	0
28960	calc	4144	0
28961	calc	3260	0
28962	calc	1390	0
28963	lookup	8865	0
28964	lookup	11786	0
28965	abstain_everyday	4331	0
28966	lookup	6310	0
28967	lookup	2275	0
28968	abstain_everyday	2072	0
28969	calc	3589	0
28970	calc	12628	0
28971	lookup	8659	0
28972	lookup	8167	0
28973	abstain_everyday	2862	0
28974	lookup	12688	0
28975	calc	11521	0
28976	calc	6116	0
28977	calc	17530	0
28978	abstain_everyday	4524	0
28979	lookup	10819	0
28980	calc	19744	0
28981	abstain_everyday	829	0
28982	abstain_everyday	2275	0
28983	calc	15662	0
28984	lookup	2850	0
28985	lookup	9008	0
28986	calc	1963	0
28987	abstain_everyday	3102	0
28988	lookup	11674	0
28989	calc	3322	0
28990	calc	16177	0
28991	lookup	3726	0
28992	calc	6961	0
28993	abstain_everyday	3280	0
28994	lookup	2484	0
28995	lookup	2569	0
28996	calc	16729	0
28997	lookup	5254	0
28998	calc	11875	0
28999	calc	3371	0
29000	calc	16921	0
29001	calc	9503	0
29002	lookup	1763	0
29003	calc	6320	0
29004	abstain_everyday	4559	0
29005	calc	17410	0
29006	calc	12501	0
29007	calc	2991	1
29008	calc	10528	0
29009	calc	20295	0
29010	calc	3874	0
29011	calc	8421	0
29012	abstain_everyday	3097	0
29013	calc	5382	0
29014	calc	1028	0
29015	lookup	4255	0
29016	calc	4641	0
29017	calc	15996	1
29018	lookup	11868	0
29019	lookup	8555	0
29020	calc	4014	0
29021	calc	2957	0
29022	calc	17263	0
29023	calc	15912	0
29024	calc	6473	0
29025	calc	3780	0
29026	calc	2349	0
29027	lookup	3783	0
29028	calc	609	0
29029	lookup	8095	0
29030	abstain_everyday	3074	0
29031	abstain_everyday	5237	0
29032	lookup	7198	0
29033	calc	8356	0
29034	calc	19949	0
29035	lookup	1173	0
29036	lookup	1870	0
29037	calc	17936	0
29038	calc	8399	0
29039	lookup	8908	0
29040	calc	5069	0
29041	lookup	4524	0
29042	calc	10887	0
29043	calc	18156	0
29044	abstain_everyday	3761	0
29045	abstain_everyday	2893	0
29046	calc	11773	0
29047	calc	18892	0
29048	calc	17203	1
29049	lookup	2068	0
29050	lookup	11628	0
29051	calc	3998	0
29052	lookup	4709	0
29053	calc	11832	0
29054	lookup	8044	0
29055	lookup	8868	0
29056	calc	4395	0
29057	calc	17250	0
29058	calc	18872	0
29059	calc	10133	0
29060	calc	8367	0
29061	calc	13883	0
29062	calc	14753	0
29063	calc	1139	0
29064	calc	6823	0
29065	calc	18346	0
29066	lookup	7594	0
29067	calc	2565	0
29068	calc	19437	0
29069	calc	215	0
29070	abstain_everyday	3336	0
29071	lookup	4339	0
29072	calc	16686	1
29073	calc	14244	0
29074	lookup	8201	0
29075	calc	1835	0
29076	abstain_everyday	2134	0
29077	calc	74	0
29078	lookup	9353	0
29079	calc	18726	0
29080	calc	469	0
29081	calc	17001	0
29082	calc	1682	1
29083	abstain_everyday	4130	0
29084	calc	19311	0
29085	lookup	3078	0
29086	abstain_everyday	4326	0
29087	calc	7685	0
29088	calc	3563	0
29089	abstain_everyday	310	0
29090	lookup	1463	0
29091	calc	18144	0
29092	lookup	10554	0
29093	calc	14442	0
29094	calc	3435	0
29095	calc	15776	0
29096	calc	10388	0
29097	lookup	12440	0
29098	calc	1371	0
29099	calc	10517	0
29100	lookup	2895	0
29101	abstain_everyday	4062	0
29102	calc	10483	0
29103	calc	10906	0
29104	calc	6235	0
29105	calc	15200	0
29106	calc	16997	0
29107	lookup	6947	0
29108	lookup	702	0
29109	calc	8345	0
29110	calc	15089	0
29111	lookup	8448	0
29112	calc	1229	0
29113	calc	8682	0
29114	lookup	7223	0
29115	abstain_everyday	4598	0
29116	calc	13924	0
29117	calc	7335	0
29118	lookup	8047	0
29119	calc	6510	0
29120	calc	2597	0
29121	calc	19146	0
29122	calc	16738	0
29123	calc	14151	0
29124	calc	19684	0
29125	abstain_everyday	5479	0
29126	calc	8858	0
29127	calc	8588	0
29128	lookup	4621	0
29129	lookup	9604	0
29130	calc	16858	0
29131	calc	12875	0
29132	lookup	1258	0
29133	lookup	9144	0
29134	calc	2606	0
29135	abstain_everyday	5315	0
29136	calc	17683	0
29137	calc	4760	0
29138	lookup	12817	0
29139	abstain_everyday	4284	0
29140	calc	8956	0
29141	calc	15219	0
29142	abstain_everyday	3808	0
29143	lookup	10452	0
29144	calc	14841	0
29145	lookup	6205	0
29146	calc	6986	0
29147	calc	11756	0
29148	calc	2695	0
29149	calc	8323	0
29150	calc	13471	0
29151	calc	10149	0
29152	lookup	9469	0
29153	lookup	5418	0
29154	lookup	5142	0
29155	calc	21049	0
29156	lookup	5059	0
29157	abstain_everyday	576	0
29158	calc	668	0
29159	calc	9917	0
29160	abstain_everyday	808	0
29161	calc	13817	0
29162	calc	2705	0
29163	calc	3987	0
29164	abstain_everyday	5770	0
29165	calc	16181	0
29166	calc	8654	0
29167	calc	13718	0
29168	calc	9040	0
29169	lookup	6373	0
29170	calc	10609	0
29171	lookup	710	0
29172	calc	12699	0
29173	calc	12514	0
29174	lookup	9775	0
29175	calc	10034	0
29176	abstain_everyday	545	0
29177	lookup	5409	0
29178	abstain_everyday	2572	0
29179	calc	9495	0
29180	calc	1312	0
29181	calc	11139	0
29182	lookup	11409	0
29183	abstain_everyday	4469	0
29184	lookup	7437	0
29185	lookup	4290	0
29186	lookup	4779	0
29187	calc	1775	0
29188	calc	9708	0
29189	lookup	11109	0
29190	abstain_everyday	618	0
29191	abstain_everyday	4415	0
29192	calc	6008	0
29193	calc	18829	0
29194	calc	9153	0
29195	abstain_everyday	5170	0
29196	abstain_everyday	5417	0
29197	lookup	5281	0
29198	calc	5233	0
29199	calc	425	0
29200	calc	3605	0
29201	lookup	11210	0
29202	calc	3330	0
29203	lookup	3458	0
29204	lookup	5596	0
29205	abstain_everyday	5211	0
29206	calc	17248	0
29207	calc	15193	0
29208	abstain_everyday	195	0
29209	abstain_everyday	3913	0
29210	calc	18073	0
29211	abstain_everyday	3813	0
29212	calc	14505	1
29213	calc	6233	0
29214	abstain_everyday	1252	0
29215	lookup	3536	0
29216	calc	4198	0
29217	abstain_everyday	5541	0
29218	calc	15643	0
29219	abstain_everyday	4548	0
29220	calc	20783	1
29221	lookup	3485	0
29222	calc	4427	0
29223	abstain_everyday	4525	0
29224	abstain_everyday	4685	0
29225	abstain_everyday	5111	0
29226	abstain_everyday	3552	0
29227	calc	12485	0
29228	lookup	7308	0
29229	calc	4850	0
29230	calc	606	0
29231	calc	13998	0
29232	calc	4859	0
29233	lookup	6968	0
29234	calc	11480	0
29235	calc	2386	0
29236	lookup	2104	0
29237	calc	19810	0
29238	calc	15252	0
29239	calc	9904	0
29240	lookup	4059	0
29241	calc	10628	0
29242	calc	9608	0
29243	abstain_everyday	755	0
29244	calc	149	1
29245	calc	689	0
29246	lookup	2421	0
29247	calc	13354	0
29248	calc	333	0
29249	lookup	9299	0
29250	lookup	7930	0
29251	calc	6419	0
29252	calc	1806	0
29253	calc	1059	0
29254	abstain_everyday	1665	0
29255	calc	15615	1
29256	lookup	4304	0
29257	calc	13374	0
29258	abstain_everyday	3134	0
29259	calc	9935	0
29260	calc	3903	0
29261	lookup	3293	0
29262	lookup	12432	0
29263	calc	10184	0
29264	calc	12117	0
29265	lookup	11709	0
29266	lookup	12920	0
29267	calc	18249	0
29268	lookup	12731	0
29269	calc	5485	0
29270	lookup	8583	0
29271	abstain_everyday	4837	0
29272	abstain_everyday	107	0
29273	lookup	3586	0
29274	abstain_everyday	4321	0
29275	lookup	10071	0
29276	lookup	10728	0
29277	lookup	9265	0
29278	lookup	8371	0
29279	abstain_everyday	1529	0
29280	calc	7500	0
29281	lookup	9747	0
29282	calc	8999	0
29283	calc	11478	0
29284	calc	16172	0
29285	abstain_everyday	3275	0
29286	calc	7869	1
29287	calc	754	0
29288	lookup	3933	0
29289	lookup	2427	0
29290	calc	1701	0
29291	lookup	3979	0
29292	calc	14903	1
29293	calc	10286	0
29294	calc	19636	0
29295	lookup	1242	0
29296	lookup	329	0
29297	abstain_everyday	5579	0
29298	abstain_everyday	4167	0
29299	calc	8460	0
29300	abstain_everyday	4351	0
29301	lookup	8950	0
29302	abstain_everyday	2989	0
29303	abstain_everyday	3724	0
29304	lookup	12880	0
29305	lookup	4130	0
29306	calc	7007	0
29307	calc	3750	0
29308	calc	16206	0
29309	calc	18882	0
29310	lookup	7838	0
29311	calc	470	0
29312	lookup	11651	0
29313	calc	14735	0
29314	abstain_everyday	5413	0
29315	lookup	7218	0
29316	calc	10800	1
29317	calc	4762	0
29318	abstain_everyday	3591	0
29319	calc	3256	0
29320	calc	25	0
29321	calc	4632	0
29322	abstain_everyday	4201	0
29323	calc	10585	0
29324	lookup	4469	0
29325	abstain_everyday	5070	0
29326	lookup	5600	0
29327	calc	17102	0
29328	lookup	10363	0
29329	lookup	9174	0
29330	lookup	9764	0
29331	calc	20895	0
29332	lookup	10876	0
29333	calc	5813	1
29334	calc	9101	0
29335	lookup	9873	0
29336	abstain_everyday	5231	0
29337	calc	5843	0
29338	calc	18018	0
29339	calc	11912	0
29340	calc	6093	0
29341	lookup	10581	0
29342	calc	20802	1
29343	calc	19442	0
29344	lookup	4841	0
29345	calc	18081	0
29346	calc	18997	0
29347	calc	6723	0
29348	abstain_everyday	2369	0
29349	lookup	4227	0
29350	calc	11057	0
29351	lookup	1299	0
29352	calc	3935	0
29353	lookup	8923	0
29354	calc	3227	0
29355	lookup	7944	0
29356	abstain_everyday	1742	0
29357	calc	6979	0
29358	calc	11949	0
29359	calc	15813	0
29360	calc	10751	0
29361	lookup	1505	0
29362	lookup	11712	0
29363	lookup	8869	0
29364	calc	6456	0
29365	calc	8989	0
29366	lookup	11922	0
29367	abstain_everyday	1423	0
29368	calc	13334	0
29369	calc	17479	1
29370	calc	19489	0
29371	calc	15957	0
29372	calc	19745	0
29373	calc	15066	0
29374	calc	10684	0
29375	calc	7342	0
29376	lookup	11343	0
29377	calc	14357	0
29378	lookup	5504	0
29379	calc	2169	0
29380	lookup	4558	0
29381	abstain_everyday	4174	0
29382	abstain_everyday	3332	0
29383	lookup	4953	0
29384	abstain_everyday	4265	0
29385	calc	16877	0
29386	lookup	6209	0
29387	calc	15675	0
29388	lookup	6779	0
29389	calc	19819	0
29390	lookup	2117	0
29391	abstain_everyday	4502	0
29392	calc	302	0
29393	calc	8256	0
29394	lookup	6093	0
29395	lookup	12875	0
29396	lookup	4266	0
29397	calc	9560	0
29398	calc	3515	0
29399	calc	227	0
29400	lookup	11425	0
29401	lookup	11934	0
29402	calc	2462	0
29403	calc	13519	0
29404	calc	1201	0
29405	lookup	9055	0
29406	lookup	8325	0
29407	calc	8974	0
29408	calc	12278	0
29409	calc	20920	0
29410	lookup	3440	0
29411	abstain_everyday	486	0
29412	calc	9300	0
29413	abstain_everyday	1147	0
29414	lookup	11219	0
29415	calc	13283	0
29416	lookup	10	0
29417	calc	6479	0
29418	calc	4057	0
29419	lookup	8430	0
29420	lookup	4211	0
29421	calc	17108	1
29422	lookup	8043	0
29423	lookup	5489	0
29424	calc	7562	0
29425	lookup	503	0
29426	calc	14040	0
29427	calc	12995	0
29428	lookup	7142	0
29429	calc	3706	0
29430	lookup	7498	0
29431	calc	511	0
29432	abstain_everyday	4066	0
29433	lookup	7420	0
29434	lookup	12434	0
29435	calc	15433	0
29436	lookup	474	0
29437	lookup	1693	0
29438	calc	11850	0
29439	calc	15470	0
29440	abstain_everyday	1543	0
29441	calc	7991	1
29442	calc	15140	1
29443	calc	9873	0
29444	calc	3240	0
29445	lookup	7715	0
29446	calc	15199	0
29447	lookup	10557	0
29448	calc	1885	0
29449	calc	870	0
29450	abstain_everyday	4540	0
29451	lookup	9539	0
29452	calc	8988	0
29453	calc	20777	0
29454	lookup	2965	0
29455	calc	5841	0
29456	lookup	8571	0
29457	abstain_everyday	5434	0
29458	lookup	11921	0
29459	calc	2068	0
29460	abstain_everyday	2626	0
29461	calc	10164	0
29462	lookup	2724	0
29463	calc	16876	0
29464	calc	21037	0
29465	lookup	10719	0
29466	calc	12404	0
29467	calc	16176	0
29468	calc	9801	0
29469	calc	1642	0
29470	calc	19809	0
29471	calc	17924	0
29472	lookup	10030	0
29473	calc	16288	0
29474	calc	8357	0
29475	abstain_everyday	5519	0
29476	calc	17266	0
29477	lookup	2469	0
29478	abstain_everyday	2436	0
29479	lookup	3300	0
29480	lookup	11319	0
29481	calc	16205	0
29482	lookup	6518	0
29483	abstain_everyday	4055	0
29484	lookup	6838	0
29485	calc	1261	0
29486	calc	16573	0
29487	calc	12294	0
29488	lookup	1731	0
29489	lookup	1176	0
29490	lookup	2394	0
29491	abstain_everyday	1325	0
29492	lookup	4267	0
29493	lookup	133	0
29494	lookup	5208	0
29495	calc	4132	0
29496	lookup	3348	0
29497	calc	14904	0
29498	lookup	8415	0
29499	lookup	8442	0
29500	calc	12813	0
29501	calc	9498	0
29502	abstain_everyday	1463	0
29503	lookup	6444	0
29504	calc	111	0
29505	abstain_everyday	2033	0
29506	lookup	5920	0
29507	lookup	2438	0
29508	lookup	10656	0
29509	abstain_everyday	1701	0
29510	calc	6982	0
29511	calc	7513	1
29512	calc	7644	0
29513	lookup	12612	0
29514	abstain_everyday	4556	0
29515	abstain_everyday	2448	0
29516	lookup	11533	0
29517	lookup	9502	0
29518	lookup	3632	0
29519	abstain_everyday	4406	0
29520	calc	8364	0
29521	lookup	5257	0
29522	calc	6675	0
29523	calc	7928	0
29524	lookup	6640	0
29525	calc	4478	0
29526	lookup	4816	0
29527	lookup	11773	0
29528	calc	12577	0
29529	calc	7671	0
29530	abstain_everyday	116	0
29531	calc	4268	0
29532	lookup	5787	0
29533	abstain_everyday	2052	0
29534	calc	3368	0
29535	lookup	8862	0
29536	lookup	6270	0
29537	abstain_everyday	4496	0
29538	calc	949	0
29539	lookup	3364	0
29540	abstain_everyday	5209	0
29541	lookup	5209	0
29542	calc	3329	0
29543	lookup	12934	0
29544	calc	2622	0
29545	calc	16343	0
29546	lookup	2270	0
29547	lookup	7168	0
29548	lookup	12573	0
29549	lookup	7247	0
29550	calc	11552	0
29551	calc	10197	0
29552	calc	656	0
29553	abstain_everyday	4129	0
29554	lookup	7730	0
29555	lookup	5547	0
29556	calc	4239	0
29557	calc	19897	0
29558	calc	18119	0
29559	lookup	1509	0
29560	calc	18318	0
29561	calc	16415	0
29562	abstain_everyday	4806	0
29563	calc	15919	0
29564	calc	2994	0
29565	calc	5729	0
29566	abstain_everyday	1386	0
29567	lookup	6827	0
29568	calc	6903	0
29569	calc	3754	0
29570	calc	20179	0
29571	calc	5815	0
29572	lookup	600	0
29573	calc	4003	1
29574	calc	1683	0
29575	lookup	11493	0
29576	abstain_everyday	2036	0
29577	calc	11761	0
29578	lookup	10106	0
29579	calc	2112	0
29580	lookup	11370	0
29581	calc	5783	0
29582	calc	18929	0
29583	calc	1040	0
29584	lookup	4560	0
29585	calc	4021	0
29586	lookup	6554	0
29587	calc	6492	0
29588	calc	6862	0
29589	calc	10222	0
29590	lookup	3505	0
29591	calc	14169	0
29592	calc	9125	0
29593	calc	11804	0
29594	calc	1204	0
29595	abstain_everyday	5316	0
29596	lookup	7531	0
29597	lookup	12139	0
29598	calc	14543	0
29599	calc	5267	0
29600	calc	2456	0
29601	abstain_everyday	5487	0
29602	calc	4157	1
29603	abstain_everyday	1365	0
29604	lookup	7727	0
29605	calc	18577	0
29606	calc	7848	0
29607	calc	14637	0
29608	lookup	4232	0
29609	calc	1879	0
29610	lookup	3641	0
29611	calc	9000	0
29612	calc	16866	0
29613	lookup	5195	0
29614	calc	6546	0
29615	calc	17595	0
29616	abstain_everyday	1596	0
29617	lookup	1417	0
29618	abstain_everyday	2817	0
29619	lookup	4988	0
29620	calc	16840	1
29621	lookup	2447	0
29622	calc	10756	0
29623	lookup	6197	0
29624	calc	8218	1
29625	calc	11921	1
29626	abstain_everyday	3840	0
29627	calc	4307	0
29628	calc	9513	0
29629	calc	956	0
29630	calc	5764	0
29631	abstain_everyday	1855	0
29632	lookup	11553	0
29633	calc	10080	0
29634	calc	5145	0
29635	calc	17765	0
29636	calc	5171	0
29637	lookup	4689	0
29638	lookup	10698	0
29639	calc	16495	0
29640	lookup	11566	0
29641	abstain_everyday	1644	0
29642	lookup	1867	0
29643	calc	13849	0
29644	calc	20369	0
29645	lookup	2162	0
29646	lookup	314	0
29647	calc	6543	0
29648	abstain_everyday	2967	0
29649	abstain_everyday	4994	0
29650	lookup	2810	0
29651	calc	13036	1
29652	calc	2395	0
29653	calc	18056	0
29654	abstain_everyday	3303	0
29655	calc	9604	0
29656	lookup	2675	0
29657	lookup	1035	0
29658	lookup	7163	0
29659	abstain_everyday	1999	0
29660	lookup	10834	0
29661	calc	19284	0
29662	calc	17768	0
29663	lookup	9609	0
29664	lookup	1446	0
29665	calc	9594	0
29666	calc	7835	0
29667	abstain_everyday	3385	0
29668	lookup	8839	0
29669	calc	17018	0
29670	lookup	5644	0
29671	lookup	10062	0
29672	abstain_everyday	588	0
29673	lookup	12860	0
29674	calc	4192	1
29675	calc	20744	0
29676	abstain_everyday	3625	0
29677	calc	19602	1
29678	calc	2374	0
29679	calc	20419	0
29680	lookup	7822	0
29681	calc	12611	0
29682	abstain_everyday	5600	0
29683	lookup	921	0
29684	lookup	7330	0
29685	calc	16435	0
29686	lookup	2071	0
29687	calc	596	0
29688	calc	7842	0
29689	abstain_everyday	2061	0
29690	abstain_everyday	1695	0
29691	calc	19803	0
29692	calc	20934	0
29693	calc	10962	0
29694	calc	20329	0
29695	calc	18512	0
29696	lookup	12480	0
29697	calc	14468	0
29698	lookup	2037	0
29699	calc	20219	0
29700	lookup	7395	0
29701	lookup	8140	0
29702	abstain_everyday	5703	0
29703	lookup	12801	0
29704	calc	19165	0
29705	abstain_everyday	5893	0
29706	calc	10313	0
29707	abstain_everyday	226	0
29708	calc	20864	0
29709	abstain_everyday	827	0
29710	abstain_everyday	5673	0
29711	lookup	3804	0
29712	calc	8515	0
29713	calc	10994	0
29714	abstain_everyday	2835	0
29715	lookup	2279	0
29716	lookup	10456	0
29717	abstain_everyday	4957	0
29718	lookup	1736	0
29719	calc	11274	1
29720	lookup	316	0
29721	lookup	951	0
29722	calc	16709	0
29723	calc	666	0
29724	calc	4715	0
29725	lookup	9759	0
29726	lookup	11128	0
29727	calc	14185	0
29728	lookup	4972	0
29729	calc	3116	0
29730	abstain_everyday	3297	0
29731	lookup	9702	0
29732	calc	12494	0
29733	calc	11810	0
29734	lookup	2575	0
29735	lookup	6497	0
29736	calc	14372	0
29737	abstain_everyday	2167	0
29738	calc	12703	0
29739	calc	10372	0
29740	calc	8778	0
29741	abstain_everyday	5383	0
29742	lookup	11384	0
29743	abstain_everyday	5466	0
29744	calc	8891	0
29745	abstain_everyday	3281	0
29746	lookup	9721	0
29747	lookup	2802	0
29748	calc	4412	0
29749	calc	15897	0
29750	calc	13974	0
29751	calc	11987	0
29752	calc	16957	0
29753	calc	15365	1
29754	calc	15613	0
29755	calc	2303	0
29756	abstain_everyday	5509	0
29757	calc	13847	0
29758	lookup	12583	0
29759	lookup	5878	0
29760	abstain_everyday	2778	0
29761	abstain_everyday	584	0
29762	calc	4808	1
29763	calc	14460	1
29764	calc	18204	0
29765	lookup	3993	0
29766	abstain_everyday	2152	0
29767	abstain_everyday	3664	0
29768	calc	4799	0
29769	lookup	1150	0
29770	calc	19529	0
29771	lookup	570	0
29772	calc	4091	0
29773	lookup	909	0
29774	calc	4276	0
29775	lookup	6036	0
29776	lookup	8940	0
29777	calc	5147	0
29778	calc	13388	0
29779	abstain_everyday	263	0
29780	calc	17041	0
29781	abstain_everyday	2750	0
29782	calc	1244	0
29783	lookup	8604	0
29784	lookup	7785	0
29785	calc	12882	0
29786	lookup	10803	0
29787	abstain_everyday	5276	0
29788	calc	20351	0
29789	abstain_everyday	4656	0
29790	lookup	3707	0
29791	lookup	4853	0
29792	lookup	7641	0
29793	calc	3698	0
29794	lookup	9534	0
29795	lookup	10825	0
29796	calc	16818	0
29797	lookup	3018	0
29798	lookup	10714	0
29799	lookup	9666	0
29800	lookup	3818	0
29801	calc	2706	0
29802	calc	292	0
29803	abstain_everyday	3373	0
29804	calc	14786	0
29805	calc	8609	0
29806	calc	9022	0
29807	lookup	5795	0
29808	lookup	1902	0
29809	lookup	8559	0
29810	calc	13282	0
29811	abstain_everyday	4039	0
29812	abstain_everyday	2391	0
29813	abstain_everyday	5870	0
29814	calc	5162	0
29815	calc	9796	0
29816	abstain_everyday	2335	0
29817	calc	12752	0
29818	lookup	2121	0
29819	calc	244	0
29820	calc	1257	0
29821	calc	19006	0
29822	lookup	5166	0
29823	lookup	12709	0
29824	calc	13532	0
29825	abstain_everyday	3004	0
29826	calc	11679	0
29827	lookup	5652	0
29828	abstain_everyday	56	0
29829	calc	3634	0
29830	lookup	5900	0
29831	abstain_everyday	4312	0
29832	calc	9571	0
29833	calc	4628	0
29834	calc	16011	0
29835	calc	1328	0
29836	calc	3816	0
29837	calc	15427	0
29838	calc	19901	0
29839	calc	3926	0
29840	lookup	12195	0
29841	lookup	137	0
29842	calc	13863	1
29843	calc	12465	0
29844	lookup	11660	0
29845	lookup	11078	0
29846	calc	12451	0
29847	calc	10788	1
29848	abstain_everyday	2484	0
29849	calc	236	0
29850	calc	12185	0
29851	calc	5885	0
29852	calc	2657	0
29853	calc	19297	0
29854	calc	13690	0
29855	calc	3041	0
29856	lookup	12203	0
29857	lookup	11611	0
29858	calc	14167	0
29859	calc	6203	0
29860	calc	16272	0
29861	lookup	1824	0
29862	calc	8996	0
29863	calc	4051	0
29864	abstain_everyday	2256	0
29865	abstain_everyday	468	0
29866	lookup	11484	0
29867	calc	20271	0
29868	abstain_everyday	1955	0
29869	abstain_everyday	2186	0
29870	calc	3071	0
29871	calc	9031	0
29872	lookup	9954	0
29873	calc	17207	0
29874	calc	4618	0
29875	calc	390	0
29876	calc	4783	0
29877	lookup	1394	0
29878	calc	16864	0
29879	calc	5151	0
29880	calc	16148	0
29881	abstain_everyday	626	0
29882	calc	3249	0
29883	calc	19571	0
29884	lookup	1130	0
29885	abstain_everyday	352	0
29886	lookup	4579	0
29887	calc	1574	1
29888	lookup	10267	0
29889	lookup	1263	0
29890	abstain_everyday	4404	0
29891	calc	8195	0
29892	calc	8493	0
29893	lookup	3863	0
29894	abstain_everyday	4672	0
29895	lookup	7298	0
29896	abstain_everyday	1104	0
29897	calc	2179	0
29898	calc	17512	0
29899	calc	17133	0
29900	abstain_everyday	5799	0
29901	lookup	7649	0
29902	abstain_everyday	786	0
29903	calc	13189	0
29904	lookup	8454	0
29905	calc	1981	0
29906	lookup	10783	0
29907	lookup	290	0
29908	lookup	6426	0
29909	lookup	6905	0
29910	abstain_everyday	1590	0
29911	calc	6420	0
29912	lookup	968	0
29913	calc	2345	0
29914	abstain_everyday	3470	0
29915	lookup	11648	0
29916	calc	4620	0
29917	lookup	5086	0
29918	calc	3831	0
29919	calc	20701	0
29920	lookup	11282	0
29921	calc	10685	0
29922	calc	7052	0
29923	calc	20880	0
29924	calc	2035	0
29925	abstain_everyday	5529	0
29926	lookup	130	0
29927	lookup	4539	0
29928	lookup	11037	0
29929	lookup	11206	0
29930	calc	10232	0
29931	abstain_everyday	4875	0
29932	calc	20788	0
29933	calc	7785	0
29934	lookup	5619	0
29935	lookup	10227	0
29936	calc	20287	0
29937	calc	19246	0
29938	calc	5344	0
29939	abstain_everyday	4365	0
29940	lookup	4707	0
29941	lookup	8983	0
29942	calc	19499	0
29943	lookup	9119	0
29944	calc	10812	0
29945	lookup	1757	0
29946	lookup	9996	0
29947	lookup	6937	0
29948	abstain_everyday	1023	0
29949	calc	14666	0
29950	calc	16184	0
29951	calc	1356	0
29952	calc	4965	0
29953	lookup	5496	0
29954	abstain_everyday	3288	0
29955	calc	15012	0
29956	calc	15729	0
29957	lookup	5400	0
29958	calc	15914	0
29959	calc	10471	0
29960	calc	5191	0
29961	calc	16471	0
29962	calc	2829	0
29963	abstain_everyday	2993	0
29964	lookup	9712	0
29965	lookup	3517	0
29966	lookup	2603	0
29967	lookup	7132	0
29968	calc	10425	0
29969	calc	16943	0
29970	calc	13065	1
29971	calc	4281	0
29972	calc	9677	0
29973	lookup	5336	0
29974	calc	12087	0
29975	calc	7700	0
29976	calc	12316	0
29977	lookup	7056	0
29978	calc	11548	0
29979	calc	814	1
29980	calc	19889	0
29981	calc	7426	0
29982	lookup	3320	0
29983	lookup	10019	0
29984	lookup	3882	0
29985	lookup	6330	0
29986	calc	11602	0
29987	calc	20812	0
29988	calc	13366	0
29989	calc	6769	0
29990	calc	18593	0
29991	abstain_everyday	2043	0
29992	calc	8468	0
29993	calc	6923	0
29994	lookup	4521	0
29995	lookup	12362	0
29996	calc	17184	0
29997	calc	6070	0
29998	calc	11400	0
29999	calc	20472	0
30000	lookup	9770	0
30001	calc	17979	0
30002	calc	11450	0
30003	lookup	1911	0
30004	abstain_everyday	1288	0
30005	calc	4302	0
30006	calc	622	0
30007	calc	685	0
30008	abstain_everyday	3750	0
30009	lookup	10717	0
30010	abstain_everyday	5843	0
30011	calc	18338	0
30012	lookup	9111	0
30013	calc	17537	0
30014	abstain_everyday	1027	0
30015	lookup	1611	0
30016	calc	10834	0
30017	abstain_everyday	5004	0
30018	abstain_everyday	5605	0
30019	calc	12601	0
30020	abstain_everyday	5746	0
30021	calc	3023	0
30022	calc	9632	0
30023	calc	7587	0
30024	lookup	828	0
30025	calc	11035	0
30026	abstain_everyday	1410	0
30027	lookup	3135	0
30028	calc	7326	0
30029	calc	19557	0
30030	abstain_everyday	1193	0
30031	calc	16392	0
30032	abstain_everyday	2834	0
30033	lookup	546	0
30034	lookup	9881	0
30035	lookup	8253	0
30036	abstain_everyday	1425	0
30037	calc	18250	0
30038	lookup	12121	0
30039	calc	18172	0
30040	calc	13888	0
30041	lookup	8209	0
30042	calc	18932	0
30043	calc	14910	0
30044	calc	10046	0
30045	abstain_everyday	3536	0
30046	abstain_everyday	972	0
30047	calc	7894	0
30048	calc	5386	0
30049	lookup	10235	0
30050	calc	16106	0
30051	lookup	9467	0
30052	lookup	6177	0
30053	lookup	9157	0
30054	calc	10429	0
30055	calc	9235	0
30056	calc	9176	0
30057	abstain_everyday	2779	0
30058	abstain_everyday	4603	0
30059	calc	14172	0
30060	abstain_everyday	4906	0
30061	abstain_everyday	3947	0
30062	lookup	2962	0
30063	calc	9163	0
30064	calc	11041	0
30065	calc	15681	0
30066	lookup	906	0
30067	abstain_everyday	3476	0
30068	calc	16604	0
30069	calc	91	0
30070	lookup	5311	0
30071	calc	11354	0
30072	lookup	4497	0
30073	lookup	10606	0
30074	abstain_everyday	3988	0
30075	calc	17959	0
30076	lookup	5137	0
30077	calc	8249	0
30078	calc	20541	0
30079	calc	15970	0
30080	calc	460	0
30081	lookup	4374	0
30082	calc	11052	0
30083	abstain_everyday	4514	0
30084	abstain_everyday	3869	0
30085	calc	2882	0
30086	calc	9032	0
30087	calc	16932	0
30088	lookup	2302	0
30089	abstain_everyday	1884	0
30090	lookup	7083	0
30091	calc	1500	0
30092	lookup	442	0
30093	calc	7348	0
30094	lookup	2715	0
30095	lookup	7852	0
30096	calc	11196	0
30097	abstain_everyday	4235	0
30098	calc	920	0
30099	calc	2889	0
30100	lookup	1935	0
30101	calc	13709	0
30102	lookup	4482	0
30103	calc	449	0
30104	calc	3387	0
30105	calc	11696	0
30106	calc	7893	0
30107	lookup	3994	0
30108	calc	20196	0
30109	lookup	12761	0
30110	calc	5289	0
30111	calc	14287	0
30112	calc	5693	0
30113	calc	14277	0
30114	abstain_everyday	5750	0
30115	calc	12754	0
30116	calc	13496	0
30117	calc	19974	0
30118	calc	9103	0
30119	calc	13525	0
30120	calc	15946	0
30121	lookup	7659	0
30122	calc	19382	0
30123	lookup	2408	0
30124	lookup	1441	0
30125	lookup	8968	0
30126	lookup	10152	0
30127	calc	10688	0
30128	lookup	12599	0
30129	calc	12804	0
30130	lookup	10570	0
30131	calc	19513	0
30132	abstain_everyday	5005	0
30133	calc	11316	0
30134	lookup	850	0
30135	abstain_everyday	3874	0
30136	calc	10975	0
30137	calc	20818	0
30138	calc	873	0
30139	calc	12665	0
30140	lookup	8939	0
30141	calc	16315	0
30142	calc	18621	0
30143	calc	5618	0
30144	calc	987	0
30145	calc	14900	0
30146	abstain_everyday	2784	0
30147	abstain_everyday	2939	0
30148	calc	17561	0
30149	lookup	6180	0
30150	calc	15715	0
30151	calc	6574	0
30152	calc	10365	0
30153	calc	4611	0
30154	lookup	8827	0
30155	calc	7296	0
30156	calc	885	0
30157	calc	3408	0
30158	calc	380	0
30159	calc	5075	0
30160	calc	15235	0
30161	abstain_everyday	5712	0
30162	lookup	8229	0
30163	calc	1939	0
30164	abstain_everyday	5129	0
30165	calc	2814	1
30166	lookup	10395	0
30167	calc	17704	0
30168	lookup	2919	0
30169	lookup	4411	0
30170	calc	4950	0
30171	calc	5546	0
30172	lookup	12775	0
30173	lookup	4525	0
30174	calc	15680	1
30175	calc	19606	0
30176	calc	2076	1
30177	lookup	10667	0
30178	lookup	9920	0
30179	lookup	10860	0
30180	lookup	11436	0
30181	lookup	2786	0
30182	calc	3938	0
30183	calc	12131	0
30184	calc	15179	0
30185	calc	10793	0
30186	calc	18675	0
30187	abstain_everyday	2230	0
30188	calc	7766	0
30189	lookup	7135	0
30190	abstain_everyday	2583	0
30191	calc	7056	0
30192	calc	13003	0
30193	calc	18761	0
30194	lookup	2010	0
30195	lookup	3905	0
30196	calc	280	0
30197	lookup	2429	0
30198	abstain_everyday	1234	0
30199	abstain_everyday	4786	0
30200	abstain_everyday	5782	0
30201	lookup	1105	0
30202	calc	1935	1
30203	calc	20668	0
30204	calc	18391	0
30205	abstain_everyday	5483	0
30206	calc	4110	0
30207	calc	10386	0
30208	lookup	4687	0
30209	lookup	9690	0
30210	lookup	323	0
30211	lookup	10323	0
30212	calc	19143	0
30213	abstain_everyday	1174	0
30214	lookup	4067	0
30215	calc	20557	0
30216	calc	16602	0
30217	calc	17259	0
30218	lookup	9799	0
30219	calc	20288	0
30220	calc	9244	0
30221	calc	18257	1
30222	lookup	3425	0
30223	calc	8504	0
30224	abstain_everyday	3528	0
30225	lookup	340	0
30226	calc	14207	1
30227	lookup	719	0
30228	calc	14578	0
30229	calc	6727	0
30230	lookup	1586	0
30231	lookup	367	0
30232	abstain_everyday	3807	0
30233	lookup	6546	0
30234	lookup	7699	0
30235	calc	12923	0
30236	lookup	4492	0
30237	calc	5237	0
30238	calc	14246	0
30239	calc	16954	0
30240	calc	17371	0
30241	calc	7165	0
30242	abstain_everyday	386	0
30243	calc	10554	0
30244	calc	13148	0
30245	calc	17574	0
30246	calc	1926	0
30247	lookup	9497	0
30248	calc	9753	0
30249	calc	8909	0
30250	calc	19929	0
30251	calc	2852	0
30252	calc	19712	0
30253	lookup	2320	0
30254	abstain_everyday	155	0
30255	calc	2041	0
30256	calc	10536	0
30257	calc	12291	0
30258	calc	174	0
30259	calc	4259	0
30260	lookup	5073	0
30261	lookup	2198	0
30262	calc	3492	0
30263	calc	4415	0
30264	calc	3300	0
30265	abstain_everyday	4070	0
30266	calc	8656	0
30267	calc	11554	0
30268	calc	19248	0
30269	lookup	836	0
30270	calc	12505	0
30271	calc	8965	0
30272	lookup	4184	0
30273	lookup	12707	0
30274	calc	19933	0
30275	lookup	6017	0
30276	calc	6746	0
30277	calc	15463	0
30278	calc	15491	0
30279	calc	11800	0
30280	lookup	9955	0
30281	abstain_everyday	5688	0
30282	calc	17517	0
30283	calc	14532	0
30284	lookup	7376	0
30285	calc	9291	0
30286	calc	20114	0
30287	abstain_everyday	4877	0
30288	lookup	669	0
30289	calc	20193	0
30290	lookup	8412	0
30291	calc	15617	0
30292	abstain_everyday	5183	0
30293	calc	7956	0
30294	calc	20187	0
30295	calc	11781	0
30296	calc	10882	0
30297	calc	18605	0
30298	calc	10129	0
30299	lookup	2743	0
30300	calc	6678	0
30301	abstain_everyday	4005	0
30302	calc	4421	0
30303	calc	9614	0
30304	lookup	249	0
30305	calc	16914	0
30306	calc	7633	0
30307	calc	4031	0
30308	calc	3286	0
30309	calc	16368	1
30310	calc	18178	0
30311	calc	3029	0
30312	lookup	6819	0
30313	lookup	6450	0
30314	lookup	2342	0
30315	abstain_everyday	1824	0
30316	calc	13143	0
30317	calc	7908	0
30318	abstain_everyday	5642	0
30319	lookup	12586	0
30320	calc	18951	0
30321	abstain_everyday	933	0
30322	calc	643	0
30323	calc	12481	0
30324	calc	15568	0
30325	abstain_everyday	5474	0
30326	calc	18105	0
30327	calc	7285	0
30328	lookup	5461	0
30329	abstain_everyday	2253	0
30330	calc	20368	0
30331	calc	11892	0
30332	calc	15625	0
30333	calc	6371	0
30334	calc	1492	0
30335	lookup	7025	0
30336	lookup	7630	0
30337	calc	2193	0
30338	calc	4940	0
30339	calc	11975	0
30340	lookup	11631	0
30341	calc	17828	0
30342	calc	3186	1
30343	calc	15980	0
30344	lookup	7574	0
30345	lookup	1540	0
30346	abstain_everyday	917	0
30347	calc	19192	0
30348	abstain_everyday	830	0
30349	lookup	1498	0
30350	abstain_everyday	515	0
30351	abstain_everyday	2437	0
30352	calc	13617	0
30353	calc	17113	1
30354	lookup	9309	0
30355	calc	15772	0
30356	lookup	10344	0
30357	calc	1230	0
30358	calc	14388	0
30359	calc	15396	1
30360	lookup	3164	0
30361	calc	5528	0
30362	calc	18374	0
30363	abstain_everyday	2633	0
30364	lookup	6889	0
30365	calc	2737	1
30366	calc	4586	0
30367	abstain_everyday	4704	0
30368	lookup	3897	0
30369	lookup	11617	0
30370	calc	12042	0
30371	lookup	11133	0
30372	lookup	8388	0
30373	calc	2683	0
30374	lookup	2094	0
30375	lookup	8143	0
30376	calc	2407	0
30377	lookup	12719	0
30378	calc	20481	0
30379	lookup	58	0
30380	calc	12766	0
30381	calc	14632	0
30382	calc	9220	0
30383	calc	10412	0
30384	calc	1888	0
30385	calc	6760	0
30386	calc	17114	0
30387	calc	4227	0
30388	calc	13613	0
30389	calc	1370	0
30390	abstain_everyday	1720	0
30391	calc	15113	1
30392	lookup	6888	0
30393	calc	6831	0
30394	calc	6992	0
30395	calc	17607	0
30396	abstain_everyday	5539	0
30397	calc	16608	0
30398	calc	1073	0
30399	calc	5865	0
30400	calc	6398	0
30401	calc	796	0
30402	calc	6621	0
30403	calc	7329	0
30404	lookup	11805	0
30405	calc	13391	1
30406	calc	349	0
30407	lookup	6660	0
30408	calc	5660	0
30409	calc	2608	0
30410	abstain_everyday	5805	0
30411	calc	7499	0
30412	calc	1825	0
30413	calc	4468	0
30414	calc	11399	0
30415	lookup	4815	0
30416	lookup	3343	0
30417	calc	16900	0
30418	lookup	654	0
30419	abstain_everyday	207	0
30420	calc	6532	0
30421	abstain_everyday	1758	0
30422	calc	15766	0
30423	lookup	6133	0
30424	calc	17680	0
30425	calc	17749	1
30426	lookup	7829	0
30427	calc	15830	0
30428	calc	16029	0
30429	lookup	8126	0
30430	calc	276	0
30431	calc	423	0
30432	calc	5741	0
30433	calc	7074	0
30434	calc	18226	1
30435	abstain_everyday	2247	0
30436	abstain_everyday	1044	0
30437	calc	5307	0
30438	lookup	1529	0
30439	lookup	12540	0
30440	calc	217	0
30441	lookup	1382	0
30442	lookup	955	0
30443	lookup	1085	0
30444	abstain_everyday	2320	0
30445	calc	15225	1
30446	lookup	11405	0
30447	abstain_everyday	5697	0
30448	calc	646	0
30449	calc	10829	0
30450	calc	12651	0
30451	calc	11740	0
30452	calc	6639	0
30453	lookup	8753	0
30454	lookup	2477	0
30455	calc	65	0
30456	calc	135	0
30457	calc	20601	0
30458	lookup	1728	0
30459	calc	16259	0
30460	calc	8745	0
30461	calc	8027	0
30462	calc	505	0
30463	calc	3448	0
30464	calc	4915	0
30465	lookup	12866	0
30466	calc	15906	0
30467	lookup	10237	0
30468	abstain_everyday	2083	0
30469	lookup	952	0
30470	calc	803	0
30471	abstain_everyday	4229	0
30472	abstain_everyday	1000	0
30473	lookup	2920	0
30474	abstain_everyday	2475	0
30475	lookup	1696	0
30476	calc	8689	0
30477	calc	9089	0
30478	calc	17303	0
30479	calc	2753	1
30480	abstain_everyday	1570	0
30481	abstain_everyday	5513	0
30482	calc	10689	0
30483	abstain_everyday	1243	0
30484	lookup	2842	0
30485	calc	8133	0
30486	lookup	1651	0
30487	calc	8252	0
30488	calc	7272	0
30489	lookup	6713	0
30490	calc	19776	0
30491	calc	4182	0
30492	lookup	8053	0
30493	lookup	11494	0
30494	lookup	8737	0
30495	lookup	7278	0
30496	calc	15704	0
30497	lookup	10114	0
30498	calc	16968	0
30499	calc	4425	0
30500	calc	17381	0
30501	calc	670	0
30502	lookup	12242	0
30503	calc	1319	0
30504	calc	18235	0
30505	calc	6876	0
30506	calc	3346	0
30507	lookup	10673	0
30508	calc	8634	0
30509	abstain_everyday	5023	0
30510	calc	12693	0
30511	abstain_everyday	3802	0
30512	abstain_everyday	5462	0
30513	calc	14168	0
30514	lookup	7375	0
30515	calc	4638	0
30516	abstain_everyday	522	0
30517	lookup	7079	0
30518	calc	15857	0
30519	lookup	11325	0
30520	lookup	8410	0
30521	calc	10592	1
30522	lookup	9441	0
30523	lookup	2514	0
30524	lookup	9082	0
30525	abstain_everyday	3198	0
30526	lookup	421	0
30527	calc	995	0
30528	calc	7086	0
30529	calc	15108	0
30530	calc	14823	1
30531	calc	10030	0
30532	abstain_everyday	3844	0
30533	lookup	1237	0
30534	calc	8676	0
30535	calc	7602	0
30536	calc	161	0
30537	calc	20064	0
30538	calc	12108	0
30539	calc	9781	0
30540	lookup	6220	0
30541	calc	16490	0
30542	calc	7566	0
30543	lookup	5961	0
30544	lookup	4881	0
30545	lookup	1497	0
30546	calc	14616	0
30547	calc	14136	0
30548	lookup	6343	0
30549	lookup	2891	0
30550	calc	6583	0
30551	lookup	715	0
30552	calc	908	0
30553	calc	16960	0
30554	calc	12634	0
30555	lookup	11312	0
30556	lookup	6051	0
30557	lookup	8953	0
30558	lookup	6544	0
30559	calc	1692	0
30560	calc	8993	0
30561	calc	15522	0
30562	lookup	5322	0
30563	calc	15844	0
30564	calc	484	0
30565	lookup	2128	0
30566	calc	15112	0
30567	calc	7693	0
30568	calc	17968	0
30569	calc	15515	0
30570	calc	19839	0
30571	lookup	11526	0
30572	calc	7871	0
30573	lookup	8178	0
30574	calc	12245	0
30575	abstain_everyday	5230	0
30576	calc	19061	0
30577	calc	14801	0
30578	lookup	1231	0
30579	calc	9245	0
30580	calc	15400	0
30581	calc	17341	0
30582	lookup	9356	0
30583	calc	18216	0
30584	calc	18757	0
30585	lookup	7792	0
30586	lookup	437	0
30587	calc	18137	0
30588	calc	1777	0
30589	calc	9417	0
30590	calc	8430	0
30591	calc	19337	0
30592	calc	14480	0
30593	calc	19549	0
30594	calc	10274	0
30595	calc	6638	0
30596	lookup	10275	0
30597	calc	11918	0
30598	calc	13254	0
30599	calc	54	0
30600	calc	6128	0
30601	calc	17217	0
30602	calc	20120	1
30603	lookup	1963	0
30604	abstain_everyday	4744	0
30605	abstain_everyday	4001	0
30606	calc	11633	0
30607	calc	3666	0
30608	calc	13299	0
30609	calc	350	0
30610	calc	15234	0
30611	calc	9862	0
30612	calc	7024	0
30613	abstain_everyday	2780	0
30614	lookup	6372	0
30615	abstain_everyday	1546	0
30616	lookup	4212	0
30617	calc	17019	0
30618	calc	1694	0
30619	calc	19961	0
30620	abstain_everyday	1655	0
30621	calc	1380	0
30622	lookup	5493	0
30623	calc	10862	0
30624	calc	8341	0
30625	calc	14164	0
30626	calc	1063	0
30627	lookup	3403	0
30628	abstain_everyday	4913	0
30629	calc	810	0
30630	lookup	12634	0
30631	calc	8297	0
30632	calc	15335	0
30633	calc	952	0
30634	calc	3957	0
30635	calc	17523	0
30636	lookup	566	0
30637	calc	5053	0
30638	abstain_everyday	180	0
30639	calc	9152	1
30640	calc	12866	0
30641	calc	17226	0
30642	lookup	10138	0
30643	lookup	9129	0
30644	calc	12218	0
30645	calc	11191	0
30646	calc	343	0
30647	calc	786	0
30648	calc	16277	0
30649	lookup	6994	0
30650	calc	14458	0
30651	lookup	8825	0
30652	calc	6610	0
30653	calc	6922	0
30654	calc	6902	0
30655	lookup	7402	0
30656	lookup	10105	0
30657	calc	10714	0
30658	lookup	12727	0
30659	calc	11902	0
30660	calc	7632	0
30661	abstain_everyday	521	0
30662	calc	9392	0
30663	calc	13919	0
30664	lookup	9614	0
30665	calc	16066	0
30666	abstain_everyday	5684	0
30667	lookup	2431	0
30668	calc	210	0
30669	lookup	5884	0
30670	lookup	4578	0
30671	abstain_everyday	716	0
30672	calc	14487	0
30673	calc	12363	0
30674	calc	16635	0
30675	abstain_everyday	3274	0
30676	calc	9559	1
30677	calc	8469	0
30678	calc	10539	0
30679	calc	2529	0
30680	lookup	10782	0
30681	calc	15945	0
30682	lookup	4684	0
30683	lookup	12498	0
30684	calc	4219	0
30685	calc	892	0
30686	lookup	5706	0
30687	calc	16459	0
30688	lookup	3197	0
30689	abstain_everyday	3273	0
30690	calc	112	0
30691	abstain_everyday	3716	0
30692	calc	1143	0
30693	calc	16	0
30694	calc	20710	0
30695	calc	16552	0
30696	calc	1448	0
30697	lookup	4015	0
30698	calc	3316	0
30699	calc	19948	0
30700	lookup	497	0
30701	calc	4346	1
30702	lookup	6023	0
30703	calc	3725	0
30704	abstain_everyday	586	0
30705	lookup	1625	0
30706	lookup	791	0
30707	lookup	9968	0
30708	calc	1609	0
30709	lookup	11830	0
30710	lookup	5725	0
30711	calc	20407	0
30712	calc	11532	0
30713	calc	4538	0
30714	calc	13521	0
30715	lookup	28	0
30716	calc	2447	0
30717	calc	476	1
30718	calc	14698	0
30719	lookup	3027	0
30720	calc	13658	0
30721	lookup	7057	0
30722	calc	20463	0
30723	calc	11706	0
30724	lookup	2303	0
30725	calc	3447	0
30726	calc	12591	0
30727	lookup	877	0
30728	abstain_everyday	5762	0
30729	abstain_everyday	805	0
30730	lookup	11291	0
30731	calc	14350	0
30732	abstain_everyday	866	0
30733	lookup	7024	0
30734	lookup	10636	0
30735	calc	13528	0
30736	calc	16167	0
30737	calc	1255	0
30738	abstain_everyday	4874	0
30739	calc	8955	0
30740	lookup	1495	0
30741	lookup	11682	0
30742	lookup	4022	0
30743	calc	2029	0
30744	calc	15599	0
30745	lookup	4351	0
30746	calc	19696	0
30747	calc	340	0
30748	calc	544	0
30749	abstain_everyday	3595	0
30750	calc	17074	0
30751	calc	19939	0
30752	lookup	11604	0
30753	abstain_everyday	5368	0
30754	lookup	8186	0
30755	abstain_everyday	2523	0
30756	calc	1882	1
30757	abstain_everyday	2845	0
30758	calc	11974	0
30759	calc	156	0
30760	lookup	11071	0
30761	calc	1186	0
30762	abstain_everyday	544	0
30763	lookup	8770	0
30764	abstain_everyday	106	0
30765	lookup	1177	0
30766	calc	11946	0
30767	abstain_everyday	708	0
30768	calc	15967	0
30769	calc	11322	0
30770	calc	9339	0
30771	lookup	11138	0
30772	lookup	8039	0
30773	abstain_everyday	948	0
30774	calc	18175	0
30775	calc	6079	0
30776	calc	7547	0
30777	lookup	4452	0
30778	calc	19052	0
30779	calc	703	0
30780	abstain_everyday	2223	0
30781	abstain_everyday	5889	0
30782	lookup	8333	0
30783	lookup	3194	0
30784	abstain_everyday	5076	0
30785	lookup	10497	0
30786	lookup	2683	0
30787	calc	17185	0
30788	calc	7926	0
30789	calc	1641	0
30790	abstain_everyday	5772	0
30791	lookup	12387	0
30792	lookup	1223	0
30793	lookup	3397	0
30794	lookup	12051	0
30795	lookup	3544	0
30796	abstain_everyday	5075	0
30797	calc	1419	0
30798	calc	13267	0
30799	calc	4995	0
30800	lookup	691	0
30801	abstain_everyday	2151	0
30802	lookup	4822	0
30803	calc	18734	0
30804	abstain_everyday	4670	0
30805	calc	9148	0
30806	calc	14029	0
30807	calc	134	0
30808	lookup	10150	0
30809	calc	7216	0
30810	lookup	10731	0
30811	lookup	8913	0
30812	lookup	6126	0
30813	lookup	2736	0
30814	abstain_everyday	4803	0
30815	calc	4442	0
30816	calc	498	0
30817	lookup	10609	0
30818	lookup	6678	0
30819	lookup	12164	0
30820	lookup	3190	0
30821	abstain_everyday	940	0
30822	calc	12150	0
30823	calc	20201	0
30824	calc	8216	0
30825	calc	5915	1
30826	calc	5627	0
30827	lookup	12190	0
30828	calc	2952	0
30829	calc	13882	0
30830	abstain_everyday	1863	0
30831	calc	4925	0
30832	lookup	3308	0
30833	lookup	4897	0
30834	lookup	12058	0
30835	calc	13801	0
30836	lookup	1747	0
30837	abstain_everyday	5715	0
30838	abstain_everyday	4983	0
30839	lookup	3335	0
30840	lookup	9788	0
30841	calc	6131	0
30842	abstain_everyday	5219	0
30843	calc	18267	0
30844	lookup	7734	0
30845	calc	20042	0
30846	abstain_everyday	2941	0
30847	calc	831	0
30848	abstain_everyday	1281	0
30849	calc	7219	0
30850	lookup	578	0
30851	calc	9249	0
30852	calc	358	0
30853	calc	17025	0
30854	calc	14384	0
30855	lookup	9819	0
30856	abstain_everyday	1446	0
30857	calc	8200	0
30858	lookup	12598	0
30859	calc	15779	0
30860	abstain_everyday	1739	0
30861	abstain_everyday	983	0
30862	calc	4564	0
30863	calc	973	0
30864	calc	5203	0
30865	calc	10597	0
30866	calc	14114	0
30867	calc	17603	0
30868	calc	3277	0
30869	lookup	7973	0
30870	calc	17558	0
30871	lookup	12825	0
30872	calc	9546	0
30873	calc	15936	0
30874	calc	13918	0
30875	calc	3433	0
30876	calc	5754	0
30877	abstain_everyday	5665	0
30878	calc	11212	1
30879	lookup	9128	0
30880	lookup	2444	0
30881	abstain_everyday	2724	0
30882	calc	12183	0
30883	calc	17058	1
30884	abstain_everyday	4761	0
30885	calc	14012	0
30886	lookup	5742	0
30887	lookup	7150	0
30888	calc	15587	1
30889	abstain_everyday	2013	0
30890	lookup	1036	0
30891	lookup	4058	0
30892	calc	11649	0
30893	calc	17546	0
30894	lookup	11154	0
30895	abstain_everyday	5878	0
30896	calc	20562	0
30897	lookup	5709	0
30898	lookup	8486	0
30899	calc	9993	0
30900	calc	3564	0
30901	calc	19383	0
30902	calc	17938	1
30903	calc	2329	0
30904	abstain_everyday	165	0
30905	calc	17663	0
30906	lookup	12154	0
30907	abstain_everyday	4141	0
30908	calc	3319	1
30909	calc	2105	0
30910	calc	6708	0
30911	calc	16952	0
30912	calc	17430	0
30913	calc	1868	0
30914	calc	10139	0
30915	lookup	6234	0
30916	abstain_everyday	243	0
30917	calc	7717	1
30918	lookup	8798	0
30919	abstain_everyday	5374	0
30920	calc	11958	0
30921	calc	11014	0
30922	calc	19738	0
30923	calc	10734	0
30924	lookup	3561	0
30925	calc	11518	0
30926	lookup	4899	0
30927	lookup	8411	0
30928	lookup	1447	0
30929	calc	9410	0
30930	calc	6293	0
30931	lookup	883	0
30932	calc	5394	0
30933	lookup	3576	0
30934	lookup	12127	0
30935	calc	18596	0
30936	calc	9739	0
30937	abstain_everyday	4213	0
30938	calc	4791	0
30939	calc	13963	0
30940	calc	13066	0
30941	lookup	10536	0
30942	lookup	6407	0
30943	lookup	3311	0
30944	calc	20060	0
30945	calc	9268	0
30946	lookup	9307	0
30947	lookup	898	0
30948	abstain_everyday	4143	0
30949	lookup	7362	0
30950	lookup	997	0
30951	lookup	5341	0
30952	calc	5759	0
30953	abstain_everyday	3677	0
30954	calc	17543	0
30955	calc	2265	0
30956	calc	14703	0
30957	lookup	10069	0
30958	lookup	1289	0
30959	lookup	3800	0
30960	lookup	10596	0
30961	calc	3522	0
30962	lookup	6882	0
30963	lookup	8627	0
30964	calc	3264	0
30965	calc	14343	0
30966	calc	948	0
30967	calc	4078	0
30968	calc	5678	0
30969	lookup	12343	0
30970	calc	19241	0
30971	calc	6435	0
30972	calc	19540	0
30973	lookup	9878	0
30974	abstain_everyday	4955	0
30975	lookup	12312	0
30976	calc	10130	0
30977	lookup	5912	0
30978	lookup	6313	0
30979	lookup	12544	0
30980	lookup	6860	0
30981	calc	3582	0
30982	calc	19436	0
30983	calc	2289	0
30984	lookup	1595	0
30985	lookup	3912	0
30986	calc	2490	0
30987	calc	7054	0
30988	calc	3464	0
30989	lookup	4395	0
30990	calc	15296	0
30991	lookup	10440	0
30992	lookup	9276	0
30993	calc	14803	0
30994	abstain_everyday	1838	0
30995	lookup	10412	0
30996	lookup	7859	0
30997	calc	9790	0
30998	lookup	10488	0
30999	calc	14381	0
31000	lookup	8739	0
31001	calc	1443	0
31002	calc	7230	0
31003	calc	2984	0
31004	calc	12344	0
31005	calc	4750	0
31006	abstain_everyday	670	0
31007	lookup	1343	0
31008	calc	2224	0
31009	calc	3103	0
31010	lookup	6635	0
31011	lookup	5010	0
31012	abstain_everyday	3384	0
31013	calc	110	0
31014	lookup	12837	0
31015	calc	7200	0
31016	abstain_everyday	4140	0
31017	abstain_everyday	2502	0
31018	calc	3770	0
31019	calc	19714	0
31020	calc	607	0
31021	lookup	10311	0
31022	calc	3196	0
31023	lookup	3556	0
31024	lookup	7520	0
31025	calc	12439	0
31026	calc	4467	0
31027	lookup	8357	0
31028	calc	7590	0
31029	lookup	11464	0
31030	calc	15752	0
31031	lookup	7797	0
31032	calc	20406	0
31033	abstain_everyday	2657	0
31034	abstain_everyday	3186	0
31035	lookup	8681	0
31036	calc	5893	0
31037	abstain_everyday	2700	0
31038	calc	12928	0
31039	calc	15560	0
31040	abstain_everyday	3031	0
31041	calc	2151	0
31042	calc	7233	0
31043	calc	1577	0
31044	calc	14444	0
31045	calc	15330	0
31046	calc	14156	0
31047	calc	17795	0
31048	abstain_everyday	4555	0
31049	calc	535	0
31050	calc	16896	0
31051	lookup	11842	0
31052	calc	14365	0
31053	lookup	1807	0
31054	calc	13837	0
31055	calc	10913	0
31056	calc	18214	0
31057	lookup	6229	0
31058	calc	18434	0
31059	lookup	5358	0
31060	calc	7047	0
31061	calc	10338	0
31062	lookup	7635	0
31063	calc	16133	0
31064	calc	9357	0
31065	lookup	1426	0
31066	calc	2536	0
31067	lookup	11847	0
31068	lookup	11260	0
31069	lookup	445	0
31070	calc	17855	0
31071	calc	11621	0
31072	lookup	6941	0
31073	calc	17820	0
31074	calc	7699	0
31075	calc	10931	0
31076	abstain_everyday	3068	0
31077	abstain_everyday	5101	0
31078	calc	6166	0
31079	calc	10512	1
31080	lookup	5915	0
31081	calc	6148	0
31082	calc	10328	0
31083	lookup	6013	0
31084	abstain_everyday	3814	0
31085	lookup	4241	0
31086	lookup	8003	0
31087	lookup	8745	0
31088	lookup	4963	0
31089	lookup	201	0
31090	lookup	9522	0
31091	calc	11217	0
31092	calc	3313	0
31093	abstain_everyday	3907	0
31094	calc	11351	0
31095	calc	9290	0
31096	calc	18832	0
31097	calc	3994	0
31098	abstain_everyday	3212	0
31099	calc	5221	0
31100	calc	16521	0
31101	calc	17445	0
31102	calc	18139	0
31103	calc	9309	0
31104	calc	19768	0
31105	abstain_everyday	1211	0
31106	lookup	7674	0
31107	calc	11287	0
31108	calc	1730	0
31109	calc	5833	1
31110	lookup	2935	0
31111	abstain_everyday	5369	0
31112	lookup	11357	0
31113	calc	7814	1
31114	calc	348	0
31115	lookup	10893	0
31116	abstain_everyday	5713	0
31117	lookup	5607	0
31118	calc	17498	0
31119	lookup	10652	0
31120	calc	1484	0
31121	lookup	1537	0
31122	abstain_everyday	4380	0
31123	lookup	1528	0
31124	lookup	5262	0
31125	abstain_everyday	289	0
31126	calc	16563	0
31127	abstain_everyday	4202	0
31128	lookup	4727	0
31129	abstain_everyday	1633	0
31130	lookup	1412	0
31131	calc	9650	0
31132	lookup	3041	0
31133	lookup	11828	0
31134	lookup	6378	0
31135	calc	11145	0
31136	lookup	3832	0
31137	calc	657	0
31138	calc	20148	0
31139	lookup	2537	0
31140	calc	8907	0
31141	calc	3663	0
31142	calc	13581	0
31143	calc	5257	0
31144	calc	1645	0
31145	calc	5851	0
31146	abstain_everyday	754	0
31147	lookup	5451	0
31148	abstain_everyday	1060	0
31149	lookup	1512	0
31150	abstain_everyday	5743	0
31151	calc	426	0
31152	lookup	1363	0
31153	calc	19460	0
31154	calc	16720	0
31155	calc	19178	0
31156	lookup	11936	0
31157	calc	17378	0
31158	calc	18813	0
31159	lookup	10528	0
31160	calc	14329	1
31161	lookup	12291	0
31162	calc	6247	0
31163	calc	11338	0
31164	calc	15387	0
31165	calc	15964	0
31166	calc	5163	0
31167	lookup	7171	0
31168	calc	19145	0
31169	calc	19872	0
31170	lookup	7770	0
31171	calc	15784	0
31172	calc	17602	1
31173	abstain_everyday	3451	0
31174	lookup	3533	0
31175	lookup	1915	0
31176	lookup	11124	0
31177	abstain_everyday	2976	0
31178	calc	17300	0
31179	lookup	7982	0
31180	lookup	2288	0
31181	calc	6033	0
31182	lookup	9988	0
31183	calc	3194	0
31184	lookup	3973	0
31185	calc	16170	0
31186	calc	18950	0
31187	lookup	3243	0
31188	calc	14163	0
31189	calc	13295	0
31190	lookup	627	0
31191	calc	20204	0
31192	calc	17613	0
31193	abstain_everyday	5113	0
31194	abstain_everyday	3075	0
31195	calc	4666	0
31196	lookup	5932	0
31197	calc	11178	0
31198	lookup	11360	0
31199	lookup	10922	0
31200	calc	19729	0
31201	calc	13725	0
31202	calc	17955	0
31203	calc	8751	0
31204	calc	18238	0
31205	calc	14056	0
31206	calc	5634	0
31207	calc	18151	0
31208	lookup	764	0
31209	calc	17551	0
31210	lookup	11567	0
31211	abstain_everyday	3825	0
31212	calc	11871	0
31213	calc	18308	0
31214	calc	767	0
31215	lookup	12184	0
31216	lookup	11334	0
31217	calc	18754	0
31218	calc	16040	0
31219	calc	20138	0
31220	calc	13001	0
31221	calc	11010	0
31222	calc	15198	0
31223	calc	9187	0
31224	calc	18823	0
31225	lookup	6566	0
31226	calc	1206	1
31227	lookup	4811	0
31228	calc	7616	0
31229	abstain_everyday	4381	0
31230	abstain_everyday	4271	0
31231	calc	19586	0
31232	calc	12724	0
31233	calc	13635	0
31234	calc	20539	0
31235	lookup	2407	0
31236	calc	2451	0
31237	abstain_everyday	577	0
31238	lookup	10020	0
31239	lookup	8158	0
31240	calc	15764	0
31241	calc	203	0
31242	calc	2270	0
31243	lookup	3466	0
31244	calc	8470	0
31245	calc	15267	0
31246	lookup	12181	0
31247	calc	3129	0
31248	calc	15634	0
31249	lookup	10207	0
31250	abstain_everyday	5879	0
31251	lookup	2476	0
31252	lookup	9291	0
31253	abstain_everyday	2454	0
31254	calc	13896	1
31255	abstain_everyday	1605	0
31256	calc	13050	0
31257	abstain_everyday	3722	0
31258	lookup	10218	0
31259	calc	15221	0
31260	calc	6147	0
31261	abstain_everyday	530	0
31262	lookup	11369	0
31263	lookup	7170	0
31264	calc	6413	0
31265	lookup	9866	0
31266	calc	19780	0
31267	abstain_everyday	4335	0
31268	calc	12301	0
31269	calc	15246	0
31270	lookup	8416	0
31271	lookup	7430	0
31272	abstain_everyday	753	0
31273	calc	20275	0
31274	lookup	3182	0
31275	lookup	2771	0
31276	calc	20585	0
31277	abstain_everyday	606	0
31278	calc	8691	0
31279	lookup	12097	0
31280	calc	10169	0
31281	calc	4672	0
31282	lookup	6842	0
31283	lookup	10239	0
31284	lookup	2980	0
31285	calc	4561	0
31286	lookup	10912	0
31287	calc	5707	1
31288	calc	6177	1
31289	lookup	8951	0
31290	lookup	12791	0
31291	lookup	12560	0
31292	calc	2153	0
31293	calc	18633	1
31294	lookup	815	0
31295	calc	3048	0
31296	calc	19218	0
31297	calc	3000	0
31298	calc	654	0
31299	lookup	4288	0
31300	abstain_everyday	5257	0
31301	abstain_everyday	4316	0
31302	calc	13455	0
31303	calc	9837	0
31304	lookup	12810	0
31305	abstain_everyday	3245	0
31306	abstain_everyday	3037	0
31307	calc	17090	0
31308	lookup	1926	0
31309	lookup	79	0
31310	calc	7960	0
31311	abstain_everyday	2389	0
31312	abstain_everyday	5168	0
31313	calc	16423	0
31314	calc	8383	0
31315	calc	15786	0
31316	calc	1188	1
31317	calc	6114	0
31318	lookup	5099	0
31319	calc	6190	0
31320	calc	10063	0
31321	calc	13836	0
31322	lookup	9845	0
31323	lookup	4713	0
31324	lookup	4614	0
31325	lookup	2449	0
31326	calc	2046	0
31327	abstain_everyday	2661	0
31328	calc	16264	0
31329	lookup	3753	0
31330	calc	3606	0
31331	abstain_everyday	798	0
31332	calc	9807	0
31333	lookup	8603	0
31334	calc	3939	0
31335	abstain_everyday	4418	0
31336	lookup	599	0
31337	abstain_everyday	370	0
31338	lookup	1296	0
31339	lookup	3924	0
31340	lookup	8326	0
31341	calc	14081	0
31342	lookup	9351	0
31343	calc	5102	0
31344	abstain_everyday	3020	0
31345	lookup	1863	0
31346	lookup	8973	0
31347	abstain_everyday	2433	0
31348	calc	19880	0
31349	calc	10740	0
31350	abstain_everyday	3784	0
31351	calc	9310	0
31352	lookup	8177	0
31353	lookup	7603	0
31354	lookup	10437	0
31355	calc	17598	0
31356	calc	11699	0
31357	calc	17832	0
31358	lookup	1554	0
31359	calc	13296	0
31360	calc	15881	0
31361	lookup	1676	0
31362	calc	8232	0
31363	calc	16403	1
31364	calc	9914	0
31365	calc	6696	0
31366	calc	10937	0
31367	lookup	3017	0
31368	calc	8154	0
31369	calc	17505	0
31370	lookup	6142	0
31371	abstain_everyday	3221	0
31372	lookup	1778	0
31373	abstain_everyday	3876	0
31374	calc	12713	0
31375	calc	20207	0
31376	calc	6286	0
31377	abstain_everyday	469	0
31378	abstain_everyday	1993	0
31379	lookup	9621	0
31380	lookup	1424	0
31381	lookup	5844	0
31382	abstain_everyday	1520	0
31383	calc	9267	0
31384	calc	11388	0
31385	lookup	6014	0
31386	lookup	3968	0
31387	abstain_everyday	333	0
31388	calc	7173	0
31389	lookup	1959	0
31390	calc	8130	0
31391	lookup	12841	0
31392	lookup	11307	0
31393	calc	3644	0
31394	calc	1108	0
31395	calc	6512	0
31396	lookup	7118	0
31397	lookup	3811	0
31398	calc	18978	0
31399	calc	13954	0
31400	abstain_everyday	2382	0
31401	calc	10409	0
31402	abstain_everyday	5169	0
31403	calc	14943	0
31404	lookup	5602	0
31405	abstain_everyday	3233	0
31406	calc	1388	0
31407	calc	10331	0
31408	lookup	7187	0
31409	calc	19683	0
31410	calc	16158	0
31411	calc	15538	0
31412	calc	15327	0
31413	calc	15918	1
31414	lookup	4042	0
31415	abstain_everyday	4557	0
31416	lookup	5250	0
31417	abstain_everyday	2846	0
31418	calc	14235	0
31419	lookup	4400	0
31420	abstain_everyday	845	0
31421	lookup	5723	0
31422	calc	17633	0
31423	calc	16528	0
31424	calc	10938	0
31425	calc	2933	0
31426	calc	6164	0
31427	lookup	10421	0
31428	abstain_everyday	5301	0
31429	lookup	9569	0
31430	calc	12731	1
31431	calc	11249	0
31432	abstain_everyday	5465	0
31433	lookup	6240	0
31434	calc	8061	0
31435	lookup	3025	0
31436	lookup	289	0
31437	lookup	7051	0
31438	calc	16377	0
31439	lookup	3527	0
31440	calc	3595	0
31441	lookup	9858	0
31442	calc	8099	0
31443	calc	2347	0
31444	lookup	179	0
31445	abstain_everyday	1141	0
31446	abstain_everyday	2460	0
31447	calc	8443	0
31448	lookup	8239	0
31449	lookup	10694	0
31450	calc	2111	0
31451	calc	10398	1
31452	lookup	10712	0
31453	lookup	8873	0
31454	abstain_everyday	44	0
31455	lookup	9420	0
31456	lookup	5084	0
31457	abstain_everyday	5654	0
31458	calc	3999	1
31459	lookup	12533	0
31460	abstain_everyday	350	0
31461	abstain_everyday	4006	0
31462	lookup	460	0
31463	abstain_everyday	1348	0
31464	abstain_everyday	4759	0
31465	calc	15790	0
31466	lookup	5678	0
31467	lookup	6020	0
31468	abstain_everyday	5874	0
31469	lookup	6514	0
31470	abstain_everyday	4996	0
31471	lookup	7596	0
31472	lookup	5680	0
31473	abstain_everyday	3203	0
31474	lookup	7823	0
31475	lookup	9023	0
31476	abstain_everyday	5639	0
31477	calc	7707	0
31478	lookup	4365	0
31479	calc	13708	0
31480	lookup	11555	0
31481	calc	5742	0
31482	calc	9008	0
31483	abstain_everyday	452	0
31484	calc	1949	0
31485	lookup	5390	0
31486	abstain_everyday	5655	0
31487	calc	18658	0
31488	lookup	12522	0
31489	calc	3668	0
31490	calc	688	0
31491	calc	20171	0
31492	lookup	9284	0
31493	calc	114	0
31494	calc	4269	0
31495	calc	3195	0
31496	abstain_everyday	1586	0
31497	lookup	6225	0
31498	calc	14513	0
31499	calc	16681	1
31500	calc	19694	0
31501	calc	18157	0
31502	calc	8623	0
31503	calc	11915	0
31504	calc	10595	0
31505	calc	9959	0
31506	calc	3332	0
31507	abstain_everyday	779	0
31508	lookup	12678	0
31509	calc	6204	0
31510	lookup	12867	0
31511	calc	3747	0
31512	lookup	1338	0
31513	lookup	5995	0
31514	abstain_everyday	1894	0
31515	calc	6880	0
31516	abstain_everyday	238	0
31517	lookup	2660	0
31518	abstain_everyday	2396	0
31519	calc	4154	0
31520	calc	1822	0
31521	calc	17224	0
31522	calc	10101	0
31523	calc	1259	0
31524	calc	19893	0
31525	lookup	1966	0
31526	calc	2625	0
31527	calc	10403	0
31528	lookup	1983	0
31529	calc	4174	0
31530	abstain_everyday	874	0
31531	lookup	8473	0
31532	calc	10876	0
31533	lookup	4348	0
31534	calc	8736	0
31535	lookup	3052	0
31536	lookup	10033	0
31537	abstain_everyday	4313	0
31538	calc	13123	0
31539	lookup	120	0
31540	lookup	3107	0
31541	calc	12086	0
31542	calc	2617	0
31543	calc	7505	0
31544	lookup	7346	0
31545	lookup	7975	0
31546	abstain_everyday	3173	0
31547	lookup	6633	0
31548	lookup	5446	0
31549	calc	15131	0
31550	lookup	11430	0
31551	abstain_everyday	1458	0
31552	calc	747	0
31553	calc	11777	0
31554	abstain_everyday	2309	0
31555	calc	12689	0
31556	calc	8841	0
31557	lookup	12066	0
31558	calc	3513	0
31559	calc	489	0
31560	abstain_everyday	3113	0
31561	abstain_everyday	2209	0
31562	lookup	9910	0
31563	lookup	10486	0
31564	abstain_everyday	67	0
31565	lookup	7802	0
31566	abstain_everyday	158	0
31567	calc	8023	0
31568	calc	13992	0
31569	lookup	5176	0
31570	lookup	10753	0
31571	calc	5355	0
31572	calc	18739	0
31573	lookup	8854	0
31574	lookup	12889	0
31575	calc	15981	0
31576	abstain_everyday	4153	0
31577	abstain_everyday	5565	0
31578	calc	5790	0
31579	calc	13491	0
31580	calc	3068	0
31581	abstain_everyday	5436	0
31582	lookup	129	0
31583	abstain_everyday	610	0
31584	lookup	1054	0
31585	calc	20806	0
31586	calc	13707	0
31587	lookup	3234	0
31588	lookup	7856	0
31589	calc	7250	0
31590	lookup	12691	0
31591	abstain_everyday	5220	0
31592	calc	419	0
31593	abstain_everyday	2333	0
31594	lookup	3827	0
31595	lookup	1996	0
31596	lookup	2132	0
31597	lookup	11465	0
31598	calc	857	0
31599	calc	16465	0
31600	lookup	2550	0
31601	calc	825	0
31602	calc	5034	0
31603	lookup	11801	0
31604	calc	12223	1
31605	lookup	6855	0
31606	abstain_everyday	345	0
31607	calc	12077	0
31608	calc	7454	0
31609	lookup	10742	0
31610	lookup	1391	0
31611	abstain_everyday	3642	0
31612	abstain_everyday	4779	0
31613	lookup	3198	0
31614	abstain_everyday	1037	0
31615	calc	4382	0
31616	abstain_everyday	3777	0
31617	calc	9757	0
31618	calc	4124	0
31619	calc	410	1
31620	calc	6932	0
31621	calc	4462	0
31622	calc	10586	0
31623	lookup	3557	0
31624	lookup	6218	0
31625	calc	10135	0
31626	calc	14105	0
31627	lookup	6620	0
31628	lookup	1998	0
31629	calc	12578	0
31630	calc	14187	0
31631	calc	4222	0
31632	calc	981	0
31633	calc	5745	0
31634	calc	9570	0
31635	lookup	352	0
31636	calc	15509	0
31637	lookup	5330	0
31638	calc	717	0
31639	calc	1203	0
31640	lookup	3045	0
31641	calc	13719	0
31642	abstain_everyday	5134	0
31643	calc	1704	0
31644	abstain_everyday	4248	0
31645	lookup	11930	0
31646	calc	866	0
31647	lookup	5770	0
31648	calc	16456	0
31649	lookup	6237	0
31650	abstain_everyday	4920	0
31651	calc	17790	0
31652	calc	6759	0
31653	lookup	6327	0
31654	abstain_everyday	662	0
31655	lookup	8844	0
31656	abstain_everyday	4185	0
31657	calc	14232	0
31658	calc	3031	0
31659	calc	18266	0
31660	lookup	1917	0
31661	abstain_everyday	4510	0
31662	calc	11079	0
31663	lookup	1616	0
31664	calc	7873	0
31665	calc	7560	0
31666	calc	5423	0
31667	calc	21059	0
31668	lookup	7122	0
31669	lookup	8070	0
31670	lookup	12833	0
31671	calc	4177	0
31672	lookup	11889	0
31673	abstain_everyday	1394	0
31674	calc	11159	0
31675	lookup	4514	0
31676	lookup	4682	0
31677	calc	3772	0
31678	calc	7063	0
31679	lookup	3992	0
31680	calc	11929	0
31681	calc	4319	0
31682	calc	9658	0
31683	abstain_everyday	4880	0
31684	calc	2184	0
31685	lookup	9186	0
31686	lookup	6241	0
31687	calc	238	0
31688	abstain_everyday	718	0
31689	calc	10590	0
31690	calc	12779	0
31691	calc	6846	1
31692	calc	16834	1
31693	calc	9204	0
31694	abstain_everyday	1853	0
31695	lookup	3109	0
31696	calc	14676	0
31697	calc	7132	0
31698	lookup	987	0
31699	calc	525	0
31700	calc	19349	0
31701	calc	20656	0
31702	lookup	5060	0
31703	calc	7457	0
31704	calc	11973	0
31705	calc	13774	0
31706	abstain_everyday	1485	0
31707	calc	14973	0
31708	calc	7649	0
31709	lookup	1596	0
31710	calc	13264	0
31711	calc	14711	0
31712	calc	18783	0
31713	lookup	8774	0
31714	calc	10151	0
31715	calc	12567	0
31716	calc	7786	0
31717	lookup	2809	0
31718	calc	7920	0
31719	abstain_everyday	1985	0
31720	calc	9058	0
31721	calc	16450	0
31722	lookup	5026	0
31723	abstain_everyday	1522	0
31724	calc	16597	0
31725	calc	19853	0
31726	lookup	8013	0
31727	calc	9087	0
31728	calc	3519	0
31729	lookup	4615	0
31730	calc	4469	0
31731	calc	9142	0
31732	lookup	4929	0
31733	lookup	3441	0
31734	calc	12248	0
31735	lookup	3479	0
31736	lookup	8245	0
31737	lookup	3471	0
31738	abstain_everyday	4626	0
31739	calc	18098	0
31740	calc	8971	0
31741	calc	19612	0
31742	calc	16862	0
31743	abstain_everyday	844	0
31744	lookup	9428	0
31745	calc	8870	0
31746	lookup	1265	0
31747	calc	4216	0
31748	calc	2025	0
31749	lookup	1398	0
31750	lookup	11285	0
31751	abstain_everyday	2500	0
31752	abstain_everyday	5575	0
31753	lookup	3805	0
31754	calc	711	0
31755	abstain_everyday	3651	0
31756	calc	9150	0
31757	calc	7237	0
31758	calc	5569	0
31759	lookup	11351	0
31760	abstain_everyday	1381	0
31761	lookup	4923	0
31762	calc	15122	0
31763	lookup	11143	0
31764	calc	19899	0
31765	calc	14346	0
31766	lookup	3181	0
31767	abstain_everyday	2741	0
31768	calc	5730	0
31769	abstain_everyday	717	0
31770	calc	6153	0
31771	abstain_everyday	5349	0
31772	calc	17329	0
31773	lookup	3299	0
31774	lookup	1515	0
31775	lookup	4432	0
31776	calc	20593	0
31777	lookup	1014	0
31778	lookup	3919	0
31779	abstain_everyday	4546	0
31780	lookup	9355	0
31781	calc	3672	0
31782	calc	1004	1
31783	lookup	10957	0
31784	lookup	1369	0
31785	calc	5595	0
31786	calc	12762	1
31787	calc	12437	0
31788	lookup	10048	0
31789	lookup	3969	0
31790	abstain_everyday	203	0
31791	calc	14538	0
31792	abstain_everyday	1491	0
31793	calc	2000	0
31794	lookup	6189	0
31795	lookup	5555	0
31796	lookup	9665	0
31797	calc	17559	0
31798	calc	11267	0
31799	calc	7982	0
31800	lookup	1631	0
31801	calc	1930	0
31802	calc	3107	0
31803	calc	3235	0
31804	lookup	4571	0
31805	lookup	9477	0
31806	calc	8732	0
31807	calc	10745	0
31808	calc	11536	0
31809	calc	7111	0
31810	calc	4032	0
31811	lookup	1882	0
31812	calc	4121	0
31813	abstain_everyday	3648	0
31814	calc	5875	0
31815	lookup	4338	0
31816	calc	14730	0
31817	calc	12446	0
31818	abstain_everyday	246	0
31819	lookup	10388	0
31820	abstain_everyday	2777	0
31821	calc	7226	0
31822	calc	6122	0
31823	calc	14681	0
31824	abstain_everyday	2340	0
31825	calc	12442	0
31826	abstain_everyday	5069	0
31827	abstain_everyday	5167	0
31828	calc	12926	0
31829	calc	552	1
31830	calc	19361	0
31831	abstain_everyday	5570	0
31832	calc	1583	0
31833	lookup	6517	0
31834	calc	636	1
31835	lookup	2282	0
31836	lookup	2557	0
31837	calc	15228	0
31838	calc	18032	0
31839	lookup	5226	0
31840	abstain_everyday	1367	0
31841	calc	10970	0
31842	lookup	10298	0
31843	calc	7119	0
31844	lookup	1421	0
31845	calc	20255	0
31846	calc	15201	0
31847	lookup	6754	0
31848	abstain_everyday	3986	0
31849	abstain_everyday	5123	0
31850	lookup	4109	0
31851	lookup	9022	0
31852	calc	5593	0
31853	calc	9521	0
31854	lookup	9418	0
31855	lookup	5818	0
31856	lookup	7084	0
31857	lookup	6616	0
31858	calc	3147	0
31859	calc	12222	0
31860	calc	14993	0
31861	calc	6795	0
31862	lookup	1081	0
31863	calc	12849	0
31864	calc	18480	0
31865	calc	20994	0
31866	abstain_everyday	668	0
31867	calc	14987	0
31868	abstain_everyday	1773	0
31869	lookup	11223	0
31870	lookup	8518	0
31871	calc	7857	0
31872	calc	1710	1
31873	abstain_everyday	3944	0
31874	lookup	4852	0
31875	lookup	10553	0
31876	abstain_everyday	1929	0
31877	calc	5380	0
31878	lookup	6719	0
31879	lookup	6076	0
31880	calc	20813	0
31881	calc	819	0
31882	calc	9589	0
31883	lookup	4810	0
31884	calc	3859	0
31885	calc	5667	0
31886	abstain_everyday	3619	0
31887	calc	6470	0
31888	abstain_everyday	2966	0
31889	lookup	3894	0
31890	calc	2741	0
31891	calc	16656	0
31892	lookup	6208	0
31893	abstain_everyday	3477	0
31894	calc	416	0
31895	calc	15672	1
31896	calc	330	0
31897	lookup	3235	0
31898	calc	5809	0
31899	calc	3204	0
31900	calc	18878	0
31901	calc	20143	0
31902	lookup	2374	0
31903	lookup	10760	0
31904	calc	15649	0
31905	calc	11590	0
31906	calc	5495	0
31907	lookup	1539	0
31908	lookup	8801	0
31909	calc	7764	0
31910	lookup	11178	0
31911	calc	466	0
31912	calc	11237	0
31913	calc	14984	0
31914	calc	465	0
31915	lookup	6987	0
31916	calc	5939	0
31917	lookup	5077	0
31918	lookup	12168	0
31919	lookup	11569	0
31920	abstain_everyday	3376	0
31921	lookup	4912	0
31922	lookup	11386	0
31923	calc	12176	1
31924	lookup	9548	0
31925	lookup	5255	0
31926	lookup	6582	0
31927	lookup	6293	0
31928	calc	9408	0
31929	abstain_everyday	424	0
31930	calc	1077	0
31931	calc	19336	0
31932	lookup	6712	0
31933	calc	9937	0
31934	calc	6244	0
31935	calc	20396	0
31936	lookup	9059	0
31937	calc	7414	0
31938	abstain_everyday	5191	0
31939	lookup	7762	0
31940	calc	7223	0
31941	abstain_everyday	1744	0
31942	calc	86	0
31943	calc	14407	0
31944	lookup	12358	0
31945	calc	2484	0
31946	lookup	287	0
31947	lookup	12457	0
31948	lookup	1820	0
31949	calc	9692	0
31950	calc	20530	0
31951	calc	18738	0
31952	calc	1744	0
31953	calc	1941	0
31954	calc	16939	1
31955	lookup	9591	0
31956	calc	12948	0
31957	lookup	8942	0
31958	lookup	6139	0
31959	calc	5094	0
31960	abstain_everyday	1832	0
31961	lookup	10380	0
31962	calc	18721	0
31963	abstain_everyday	146	0
31964	abstain_everyday	4741	0
31965	lookup	10496	0
31966	lookup	4163	0
31967	lookup	12444	0
31968	calc	4171	0
31969	lookup	3886	0
31970	lookup	5366	0
31971	lookup	10201	0
31972	calc	9001	0
31973	lookup	10375	0
31974	calc	13359	0
31975	calc	10370	0
31976	calc	10952	0
31977	calc	17057	0
31978	calc	10504	0
31979	calc	2967	0
31980	abstain_everyday	5000	0
31981	lookup	1390	0
31982	calc	7442	0
31983	lookup	11040	0
31984	lookup	6877	0
31985	calc	13653	1
31986	abstain_everyday	5318	0
31987	abstain_everyday	2146	0
31988	calc	2838	0
31989	lookup	2720	0
31990	calc	18450	0
31991	lookup	10144	0
31992	abstain_everyday	431	0
31993	lookup	6307	0
31994	calc	9156	0
31995	lookup	2648	0
31996	lookup	12622	0
31997	lookup	11036	0
31998	lookup	9572	0
31999	calc	3528	0
32000	lookup	11585	0
32001	abstain_everyday	5371	0
32002	abstain_everyday	4076	0
32003	calc	7781	0
32004	calc	7958	0
32005	calc	7930	0
32006	lookup	8318	0
32007	abstain_everyday	1581	0
32008	lookup	2524	0
32009	calc	15801	0
32010	calc	1893	0
32011	calc	9334	0
32012	calc	1092	0
32013	calc	9335	0
32014	calc	17852	0
32015	calc	6097	0
32016	abstain_everyday	5481	0
32017	lookup	3879	0
32018	calc	15188	0
32019	calc	7787	0
32020	calc	9606	0
32021	abstain_everyday	2749	0
32022	calc	17084	0
32023	calc	6438	1
32024	lookup	4936	0
32025	lookup	3558	0
32026	calc	7523	0
32027	calc	12	0
32028	abstain_everyday	1198	0
32029	abstain_everyday	5568	0
32030	calc	8795	0
32031	calc	12217	0
32032	abstain_everyday	5292	0
32033	lookup	6837	0
32034	calc	13206	0
32035	calc	14317	0
32036	lookup	1704	0
32037	calc	5411	0
32038	lookup	8529	0
32039	lookup	3940	0
32040	lookup	10362	0
32041	abstain_everyday	5035	0
32042	calc	18775	0
32043	calc	14490	0
32044	calc	3989	0
32045	calc	4824	0
32046	calc	16461	0
32047	lookup	4079	0
32048	calc	20244	0
32049	lookup	8105	0
32050	calc	14356	0
32051	lookup	1900	0
32052	lookup	8833	0
32053	abstain_everyday	4714	0
32054	calc	18404	0
32055	lookup	5653	0
32056	lookup	8606	0
32057	calc	16140	0
32058	calc	14892	0
32059	calc	3585	0
32060	lookup	9998	0
32061	calc	5046	0
32062	abstain_everyday	1241	0
32063	lookup	420	0
32064	lookup	3652	0
32065	abstain_everyday	4919	0
32066	calc	19001	0
32067	lookup	4916	0
32068	calc	13015	0
32069	calc	4522	0
32070	calc	14402	0
32071	calc	10667	0
32072	calc	9682	0
32073	lookup	2679	0
32074	calc	3965	0
32075	lookup	3400	0
32076	lookup	6590	0
32077	lookup	9237	0
32078	abstain_everyday	121	0
32079	lookup	10493	0
32080	lookup	4391	0
32081	calc	16817	0
32082	calc	8520	0
32083	calc	9989	0
32084	lookup	5626	0
32085	calc	12844	0
32086	calc	4349	0
32087	calc	8639	0
32088	calc	13728	0
32089	calc	10047	0
32090	calc	8431	0
32091	calc	5418	0
32092	lookup	6874	0
32093	calc	14629	0
32094	lookup	528	0
32095	calc	45	0
32096	calc	1317	0
32097	calc	4580	0
32098	calc	13655	0
32099	lookup	12286	0
32100	calc	14366	0
32101	calc	6129	0
32102	lookup	4146	0
32103	abstain_everyday	1316	0
32104	lookup	12798	0
32105	lookup	2419	0
32106	calc	9080	0
32107	calc	3546	0
32108	calc	15476	0
32109	calc	16173	0
32110	abstain_everyday	5740	0
32111	lookup	303	0
32112	lookup	8238	0
32113	calc	19548	0
32114	calc	8057	0
32115	calc	15835	0
32116	abstain_everyday	4017	0
32117	calc	7236	0
32118	calc	18861	0
32119	abstain_everyday	3683	0
32120	calc	8705	0
32121	abstain_everyday	5700	0
32122	abstain_everyday	506	0
32123	abstain_everyday	2403	0
32124	calc	20870	0
32125	calc	7846	0
32126	lookup	11776	0
32127	calc	4547	0
32128	lookup	7563	0
32129	calc	19811	1
32130	lookup	2207	0
32131	calc	3327	0
32132	calc	5143	1
32133	lookup	1727	0
32134	lookup	3130	0
32135	calc	5708	0
32136	calc	5170	0
32137	calc	1798	0
32138	calc	10546	0
32139	lookup	4322	0
32140	abstain_everyday	2634	0
32141	calc	16847	1
32142	calc	2776	0
32143	calc	20889	0
32144	lookup	6233	0
32145	calc	10066	0
32146	calc	4366	0
32147	lookup	404	0
32148	abstain_everyday	4097	0
32149	calc	15241	0
32150	abstain_everyday	325	0
32151	calc	5514	0
32152	calc	2134	0
32153	abstain_everyday	1600	0
32154	lookup	7115	0
32155	lookup	12782	0
32156	abstain_everyday	182	0
32157	calc	6115	0
32158	calc	4332	0
32159	calc	5218	0
32160	lookup	6700	0
32161	lookup	9651	0
32162	abstain_everyday	290	0
32163	calc	2562	0
32164	lookup	12088	0
32165	abstain_everyday	1283	0
32166	calc	14770	0
32167	calc	18254	0
32168	lookup	2343	0
32169	calc	847	0
32170	calc	10072	0
32171	calc	14099	0
32172	calc	8946	0
32173	lookup	131	0
32174	calc	12435	0
32175	abstain_everyday	4407	0
32176	calc	17400	0
32177	calc	7607	0
32178	calc	5534	0
32179	calc	20092	0
32180	lookup	6721	0
32181	lookup	3381	0
32182	calc	11141	0
32183	calc	15281	0
32184	lookup	1017	0
32185	abstain_everyday	1401	0
32186	abstain_everyday	4327	0
32187	calc	12827	0
32188	lookup	1999	0
32189	calc	14297	0
32190	lookup	4520	0
32191	lookup	1213	0
32192	abstain_everyday	3406	0
32193	calc	19180	0
32194	calc	13820	0
32195	lookup	10806	0
32196	calc	13032	0
32197	calc	248	0
32198	calc	12393	0
32199	lookup	9544	0
32200	calc	19194	0
32201	lookup	4370	0
32202	calc	6223	1
32203	lookup	11799	0
32204	lookup	6608	0
32205	calc	20431	0
32206	lookup	11578	0
32207	abstain_everyday	5478	0
32208	lookup	7451	0
32209	calc	6406	0
32210	calc	5924	0
32211	calc	20671	0
32212	calc	9568	0
32213	calc	2172	0
32214	calc	3787	0
32215	abstain_everyday	10	0
32216	abstain_everyday	5302	0
32217	lookup	9513	0
32218	calc	2527	0
32219	abstain_everyday	2576	0
32220	lookup	9738	0
32221	abstain_everyday	3697	0
32222	lookup	6379	0
32223	calc	19140	0
32224	abstain_everyday	1628	0
32225	calc	1436	0
32226	abstain_everyday	465	0
32227	calc	18888	1
32228	lookup	4444	0
32229	abstain_everyday	3801	0
32230	calc	15293	0
32231	calc	157	0
32232	lookup	12641	0
32233	calc	8671	1
32234	calc	1654	0
32235	abstain_everyday	4369	0
32236	abstain_everyday	5647	0
32237	abstain_everyday	1107	0
32238	lookup	1613	0
32239	lookup	12368	0
32240	abstain_everyday	2148	0
32241	calc	6221	0
32242	calc	8346	0
32243	lookup	8655	0
32244	calc	8474	0
32245	abstain_everyday	4943	0
32246	abstain_everyday	1842	0
32247	abstain_everyday	2889	0
32248	abstain_everyday	2237	0
32249	lookup	4068	0
32250	lookup	11554	0
32251	calc	18758	0
32252	calc	7564	0
32253	abstain_everyday	61	0
32254	calc	17209	0
32255	abstain_everyday	5682	0
32256	calc	14119	0
32257	calc	18862	0
32258	calc	15033	0
32259	lookup	6092	0
32260	lookup	9543	0
32261	calc	9809	0
32262	calc	1512	0
32263	lookup	12123	0
32264	lookup	3354	0
32265	lookup	3039	0
32266	calc	2312	0
32267	calc	15222	0
32268	lookup	3015	0
32269	calc	6107	0
32270	lookup	11203	0
32271	lookup	2433	0
32272	calc	9451	0
32273	calc	20767	0
32274	calc	401	0
32275	lookup	12515	0
32276	calc	20367	0
32277	lookup	11001	0
32278	calc	10340	0
32279	lookup	11301	0
32280	calc	9550	0
32281	lookup	1927	0
32282	abstain_everyday	771	0
32283	calc	10032	0
32284	lookup	1107	0
32285	lookup	465	0
32286	abstain_everyday	5448	0
32287	calc	16908	0
32288	calc	16440	0
32289	calc	19964	0
32290	calc	7456	0
32291	calc	17966	0
32292	calc	6100	0
32293	calc	20786	0
32294	lookup	4677	0
32295	calc	8325	0
32296	abstain_everyday	4107	0
32297	abstain_everyday	885	0
32298	lookup	8915	0
32299	lookup	2830	0
32300	lookup	2943	0
32301	calc	18219	0
32302	abstain_everyday	5876	0
32303	calc	12057	0
32304	calc	11770	0
32305	lookup	5944	0
32306	abstain_everyday	5587	0
32307	lookup	3501	0
32308	abstain_everyday	273	0
32309	calc	19378	0
32310	calc	16372	0
32311	calc	459	0
32312	calc	1811	0
32313	calc	11838	0
32314	calc	5712	0
32315	abstain_everyday	5734	0
32316	abstain_everyday	1063	0
32317	calc	17981	0
32318	lookup	11576	0
32319	abstain_everyday	1496	0
32320	lookup	254	0
32321	calc	2580	0
32322	calc	20930	0
32323	lookup	1608	0
32324	calc	1505	0
32325	lookup	3370	0
32326	lookup	9341	0
32327	lookup	559	0
32328	lookup	10132	0
32329	calc	11863	0
32330	lookup	8956	0
32331	lookup	2540	0
32332	lookup	8656	0
32333	abstain_everyday	1950	0
32334	calc	13000	0
32335	calc	20243	0
32336	lookup	5466	0
32337	calc	10463	0
32338	calc	15569	0
32339	calc	14373	0
32340	calc	4797	1
32341	lookup	6668	0
32342	lookup	8120	0
32343	lookup	409	0
32344	calc	19748	0
32345	calc	20903	0
32346	calc	820	0
32347	calc	13640	0
32348	calc	10450	0
32349	calc	18271	0
32350	lookup	1991	0
32351	lookup	7970	0
32352	calc	20834	0
32353	abstain_everyday	1160	0
32354	abstain_everyday	1900	0
32355	lookup	12338	0
32356	lookup	988	0
32357	calc	12592	0
32358	abstain_everyday	5081	0
32359	calc	11058	0
32360	abstain_everyday	2710	0
32361	lookup	819	0
32362	lookup	5816	0
32363	lookup	8218	0
32364	lookup	5793	0
32365	calc	6568	0
32366	lookup	8112	0
32367	lookup	2534	0
32368	calc	8925	0
32369	calc	18447	0
32370	calc	12352	0
32371	calc	8695	0
32372	calc	13618	0
32373	calc	1309	0
32374	lookup	3127	0
32375	calc	3165	0
32376	lookup	12708	0
32377	lookup	2042	0
32378	calc	7072	0
32379	lookup	6147	0
32380	calc	2643	0
32381	lookup	3975	0
32382	calc	10299	0
32383	calc	11185	0
32384	calc	15310	0
32385	calc	5003	0
32386	calc	9168	0
32387	calc	6604	0
32388	calc	16405	0
32389	calc	4920	0
32390	lookup	6604	0
32391	lookup	510	0
32392	lookup	12375	0
32393	lookup	11320	0
32394	abstain_everyday	739	0
32395	calc	8235	0
32396	calc	12272	0
32397	abstain_everyday	4610	0
32398	calc	6315	0
32399	calc	1558	0
32400	lookup	6435	0
32401	calc	12551	0
32402	calc	5081	0
32403	abstain_everyday	5186	0
32404	calc	18594	0
32405	abstain_everyday	3644	0
32406	calc	12011	0
32407	lookup	4744	0
32408	calc	3778	0
32409	lookup	9266	0
32410	lookup	8724	0
32411	lookup	10665	0
32412	lookup	8059	0
32413	abstain_everyday	5161	0
32414	abstain_everyday	898	0
32415	calc	2662	0
32416	abstain_everyday	1752	0
32417	calc	13616	0
32418	calc	15770	0
32419	lookup	7947	0
32420	abstain_everyday	1547	0
32421	lookup	1846	0
32422	calc	17891	0
32423	lookup	6801	0
32424	abstain_everyday	2892	0
32425	calc	9681	0
32426	calc	2881	0
32427	lookup	8118	0
32428	calc	11483	0
32429	calc	2638	0
32430	abstain_everyday	2831	0
32431	lookup	9566	0
32432	calc	8578	1
32433	calc	10114	0
32434	abstain_everyday	2826	0
32435	calc	20302	0
32436	calc	2107	0
32437	calc	19173	0
32438	calc	3647	0
32439	lookup	6973	0
32440	lookup	8755	0
32441	lookup	24	0
32442	lookup	9852	0
32443	lookup	10065	0
32444	calc	17160	0
32445	lookup	613	0
32446	calc	19487	0
32447	lookup	4017	0
32448	calc	11315	0
32449	calc	10953	0
32450	calc	10334	0
32451	lookup	2474	0
32452	lookup	12021	0
32453	calc	5501	0
32454	calc	4908	0
32455	calc	11982	0
32456	lookup	3032	0
32457	lookup	487	0
32458	calc	16747	0
32459	lookup	6930	0
32460	lookup	8364	0
32461	calc	14306	0
32462	calc	5972	0
32463	lookup	11023	0
32464	lookup	3201	0
32465	calc	12750	0
32466	calc	7767	0
32467	lookup	4141	0
32468	calc	12146	0
32469	calc	1168	0
32470	lookup	11584	0
32471	calc	17492	0
32472	lookup	3987	0
32473	lookup	9508	0
32474	calc	13780	1
32475	abstain_everyday	5133	0
32476	abstain_everyday	1676	0
32477	calc	6956	0
32478	abstain_everyday	3842	0
32479	calc	16087	0
32480	calc	492	0
32481	calc	17239	0
32482	calc	11281	0
32483	lookup	11750	0
32484	calc	1320	0
32485	lookup	8225	0
32486	lookup	5	0
32487	calc	12727	0
32488	lookup	8279	0
32489	calc	20943	0
32490	calc	9921	0
32491	abstain_everyday	1209	0
32492	lookup	2493	0
32493	abstain_everyday	4340	0
32494	abstain_everyday	1683	0
32495	calc	10722	0
32496	lookup	11077	0
32497	calc	9374	0
32498	lookup	11626	0
32499	calc	12035	0
32500	calc	6130	0
32501	calc	15852	0
32502	calc	16009	0
32503	calc	2309	0
32504	lookup	4612	0
32505	calc	16560	0
32506	calc	18335	0
32507	calc	19042	0
32508	abstain_everyday	2693	0
32509	abstain_everyday	1098	0
32510	lookup	5823	0
32511	calc	5326	0
32512	calc	15123	0
32513	lookup	196	0
32514	calc	1697	0
32515	lookup	1454	0
32516	lookup	6598	0
32517	calc	18369	0
32518	calc	9523	0
32519	abstain_everyday	5505	0
32520	lookup	3473	0
32521	calc	9289	0
32522	calc	6385	0
32523	lookup	8995	0
32524	calc	4556	0
32525	calc	12034	0
32526	calc	11182	1
32527	calc	14670	0
32528	calc	11818	0
32529	calc	20774	0
32530	abstain_everyday	597	0
32531	calc	7736	0
32532	abstain_everyday	3053	0
32533	lookup	94	0
32534	calc	2215	0
32535	calc	623	0
32536	calc	4957	0
32537	abstain_everyday	2204	0
32538	calc	9383	0
32539	abstain_everyday	2478	0
32540	calc	21001	0
32541	abstain_everyday	2316	0
32542	calc	13819	0
32543	calc	13104	0
32544	calc	7068	0
32545	calc	5135	0
32546	calc	637	0
32547	calc	20798	0
32548	abstain_everyday	4033	0
32549	lookup	11865	0
32550	calc	15100	0
32551	calc	9442	0
32552	lookup	8685	0
32553	lookup	11791	0
32554	calc	16859	0
32555	lookup	338	0
32556	calc	11467	0
32557	lookup	256	0
32558	lookup	7651	0
32559	calc	998	0
32560	abstain_everyday	4184	0
32561	calc	307	0
32562	calc	683	0
32563	lookup	1125	0
32564	calc	7308	0
32565	calc	9273	0
32566	abstain_everyday	1981	0
32567	lookup	5966	0
32568	lookup	5943	0
32569	calc	8799	0
32570	calc	5	0
32571	lookup	3206	0
32572	calc	4477	0
32573	calc	6246	0
32574	calc	11605	0
32575	lookup	12075	0
32576	calc	16358	0
32577	lookup	11482	0
32578	lookup	8858	0
32579	abstain_everyday	2738	0
32580	lookup	1685	0
32581	calc	6712	0
32582	calc	16948	0
32583	calc	16880	0
32584	lookup	7853	0
32585	lookup	9017	0
32586	abstain_everyday	2770	0
32587	abstain_everyday	994	0
32588	calc	4500	0
32589	abstain_everyday	5343	0
32590	calc	18765	0
32591	calc	3258	0
32592	lookup	12116	0
32593	calc	11675	0
32594	calc	17856	0
32595	lookup	9013	0
32596	abstain_everyday	3135	0
32597	calc	4062	0
32598	calc	12785	0
32599	abstain_everyday	5362	0
32600	calc	5121	0
32601	calc	720	0
32602	lookup	856	0
32603	abstain_everyday	959	0
32604	lookup	9655	0
32605	lookup	4285	0
32606	calc	20853	0
32607	calc	14160	0
32608	calc	387	0
32609	calc	16639	0
32610	abstain_everyday	1006	0
32611	calc	12133	0
32612	calc	14561	0
32613	calc	2050	0
32614	calc	8410	0
32615	abstain_everyday	3147	0
32616	calc	5219	0
32617	calc	11477	0
32618	abstain_everyday	2923	0
32619	calc	13972	0
32620	calc	15720	0
32621	calc	15064	0
32622	lookup	4627	0
32623	calc	16138	0
32624	calc	5706	0
32625	calc	19004	0
32626	calc	11831	0
32627	calc	6294	0
32628	lookup	6016	0
32629	calc	20640	0
32630	lookup	5431	0
32631	lookup	9911	0
32632	calc	7516	0
32633	calc	1565	0
32634	calc	82	0
32635	calc	19519	0
32636	lookup	12016	0
32637	abstain_everyday	5459	0
32638	abstain_everyday	3887	0
32639	calc	13273	0
32640	lookup	7336	0
32641	calc	13371	0
32642	lookup	1948	0
32643	calc	20184	0
32644	calc	14006	0
32645	calc	18385	0
32646	calc	15060	0
32647	calc	20115	0
32648	lookup	3210	0
32649	abstain_everyday	823	0
32650	calc	5535	0
32651	calc	5338	0
32652	lookup	12643	0
32653	lookup	8153	0
32654	lookup	2904	0
32655	abstain_everyday	4926	0
32656	lookup	3893	0
32657	calc	19787	1
32658	abstain_everyday	2504	0
32659	lookup	11035	0
32660	lookup	3453	0
32661	calc	7528	0
32662	calc	5688	0
32663	calc	7931	0
32664	lookup	2827	0
32665	calc	15941	1
32666	calc	8722	0
32667	lookup	10194	0
32668	lookup	10199	0
32669	calc	13458	0
32670	lookup	10903	0
32671	lookup	2491	0
32672	calc	17583	0
32673	lookup	3071	0
32674	calc	16705	0
32675	abstain_everyday	3718	0
32676	lookup	6506	0
32677	abstain_everyday	4583	0
32678	lookup	4957	0
32679	calc	2761	0
32680	lookup	1009	0
32681	calc	18645	0
32682	calc	10514	0
32683	lookup	10686	0
32684	calc	5672	1
32685	abstain_everyday	277	0
32686	lookup	2950	0
32687	calc	2001	0
32688	calc	19420	0
32689	abstain_everyday	1153	0
32690	calc	2854	0
32691	lookup	127	0
32692	calc	19646	0
32693	calc	6194	0
32694	calc	5679	0
32695	abstain_everyday	2588	0
32696	abstain_everyday	4998	0
32697	lookup	11127	0
32698	calc	1702	0
32699	lookup	5116	0
32700	calc	20958	0
32701	lookup	1942	0
32702	calc	6747	0
32703	calc	17178	0
32704	calc	7609	0
32705	abstain_everyday	1182	0
32706	lookup	3118	0
32707	lookup	7003	0
32708	lookup	6738	0
32709	lookup	7291	0
32710	calc	20956	0
32711	lookup	3939	0
32712	lookup	5438	0
32713	calc	9240	0
32714	lookup	6418	0
32715	calc	10181	1
32716	lookup	4376	0
32717	calc	5599	0
32718	calc	2002	0
32719	lookup	4194	0
32720	abstain_everyday	594	0
32721	calc	19767	0
32722	calc	20117	0
32723	abstain_everyday	2501	0
32724	lookup	4214	0
32725	abstain_everyday	313	0
32726	lookup	5246	0
32727	lookup	4311	0
32728	calc	16938	0
32729	abstain_everyday	2344	0
32730	abstain_everyday	2394	0
32731	lookup	11867	0
32732	lookup	7194	0
32733	calc	1555	0
32734	calc	5194	0
32735	calc	5238	0
32736	lookup	3404	0
32737	lookup	6363	0
32738	calc	9699	0
32739	calc	14762	0
32740	calc	3469	1
32741	calc	9617	0
32742	calc	5677	1
32743	calc	10384	0
32744	lookup	1291	0
32745	lookup	2910	0
32746	calc	15638	0
32747	abstain_everyday	3970	0
32748	abstain_everyday	5658	0
32749	lookup	12797	0
32750	calc	20110	0
32751	calc	13116	0
32752	calc	17998	0
32753	calc	14769	0
32754	abstain_everyday	4743	0
32755	lookup	2357	0
32756	lookup	43	0
32757	calc	4464	0
32758	calc	7229	0
32759	calc	15183	0
32760	calc	14202	0
32761	calc	6173	0
32762	lookup	327	0
32763	calc	10779	0
32764	calc	4274	0
32765	calc	13858	0
32766	lookup	3394	0
32767	calc	10316	1
32768	lookup	4821	0
32769	calc	5101	0
32770	calc	8083	0
32771	lookup	1209	0
32772	calc	12680	0
32773	lookup	3331	0
32774	lookup	12210	0
32775	calc	15378	0
32776	lookup	230	0
32777	calc	17	0
32778	calc	10679	0
32779	lookup	4980	0
32780	lookup	1885	0
32781	lookup	6764	0
32782	lookup	7965	0
32783	abstain_everyday	1632	0
32784	lookup	2136	0
32785	lookup	5382	0
32786	lookup	4354	0
32787	calc	4189	0
32788	calc	12089	0
32789	abstain_everyday	2574	0
32790	calc	19943	0
32791	abstain_everyday	3804	0
32792	lookup	1843	0
32793	lookup	6795	0
32794	lookup	893	0
32795	lookup	11273	0
32796	calc	1914	0
32797	lookup	6048	0
32798	calc	1927	0
32799	lookup	2632	0
32800	lookup	11619	0
32801	calc	11266	0
32802	lookup	11625	0
32803	calc	8136	0
32804	calc	14567	0
32805	lookup	4922	0
32806	abstain_everyday	5205	0
32807	lookup	5985	0
32808	abstain_everyday	411	0
32809	calc	6974	0
32810	abstain_everyday	2082	0
32811	calc	8294	0
32812	lookup	4274	0
32813	abstain_everyday	3293	0
32814	lookup	10331	0
32815	lookup	10615	0
32816	lookup	2466	0
32817	abstain_everyday	4612	0
32818	calc	488	0
32819	lookup	10368	0
32820	calc	12909	0
32821	lookup	10900	0
32822	calc	556	0
32823	calc	11596	0
32824	abstain_everyday	710	0
32825	calc	6949	0
32826	lookup	6932	0
32827	calc	6884	0
32828	calc	16300	0
32829	lookup	5775	0
32830	calc	14884	0
32831	lookup	523	0
32832	abstain_everyday	130	0
32833	calc	5234	0
32834	calc	18595	0
32835	lookup	2448	0
32836	lookup	11654	0
32837	calc	4095	0
32838	abstain_everyday	5816	0
32839	lookup	2065	0
32840	calc	8512	0
32841	calc	16022	0
32842	lookup	7634	0
32843	calc	14962	0
32844	abstain_everyday	392	0
32845	calc	4006	0
32846	lookup	2781	0
32847	lookup	9832	0
32848	lookup	9986	0
32849	lookup	9486	0
32850	calc	13010	0
32851	calc	1175	0
32852	calc	18423	0
32853	calc	2515	0
32854	abstain_everyday	4663	0
32855	calc	13684	0
32856	calc	8204	0
32857	lookup	7102	0
32858	lookup	6665	0
32859	calc	13928	0
32860	calc	20746	0
32861	calc	12609	0
32862	lookup	7301	0
32863	calc	1247	0
32864	abstain_everyday	4373	0
32865	lookup	12552	0
32866	lookup	1445	0
32867	calc	11415	0
32868	calc	16112	0
32869	lookup	3574	0
32870	calc	6433	1
32871	lookup	3415	0
32872	calc	467	0
32873	calc	13624	0
32874	lookup	3891	0
32875	lookup	7858	0
32876	abstain_everyday	745	0
32877	lookup	146	0
32878	lookup	8237	0
32879	abstain_everyday	4054	0
32880	calc	10495	0
32881	calc	8266	0
32882	lookup	6756	0
32883	lookup	11946	0
32884	calc	7224	0
32885	lookup	6074	0
32886	calc	18069	0
32887	lookup	11271	0
32888	calc	19921	0
32889	lookup	2262	0
32890	calc	14262	0
32891	lookup	823	0
32892	calc	6343	0
32893	calc	10984	0
32894	lookup	7425	0
32895	abstain_everyday	1327	0
32896	lookup	7733	0
32897	lookup	3069	0
32898	calc	1015	0
32899	lookup	5705	0
32900	calc	17107	0
32901	calc	14255	0
32902	calc	4899	0
32903	abstain_everyday	4989	0
32904	calc	7985	0
32905	calc	20945	0
32906	lookup	983	0
32907	calc	6191	0
32908	lookup	9907	0
32909	lookup	4787	0
32910	calc	13545	0
32911	lookup	4939	0
32912	calc	20492	0
32913	calc	7880	0
32914	abstain_everyday	2447	0
32915	calc	11558	0
32916	calc	787	0
32917	calc	20653	0
32918	abstain_everyday	625	0
32919	calc	4093	0
32920	abstain_everyday	563	0
32921	lookup	1250	0
32922	calc	17192	0
32923	lookup	1090	0
32924	calc	3312	0
32925	abstain_everyday	3671	0
32926	lookup	7817	0
32927	lookup	11860	0
32928	lookup	215	0
32929	calc	17923	0
32930	calc	3762	0
32931	lookup	3689	0
32932	abstain_everyday	4605	0
32933	calc	1596	0
32934	calc	14047	0
32935	calc	17332	0
32936	calc	14997	0
32937	lookup	9448	0
32938	lookup	3011	0
32939	lookup	4103	0
32940	calc	17916	0
32941	abstain_everyday	1025	0
32942	calc	1373	0
32943	calc	14747	0
32944	lookup	8691	0
32945	calc	18807	0
32946	calc	15882	0
32947	calc	1717	0
32948	lookup	5899	0
32949	calc	4488	0
32950	calc	10212	0
32951	lookup	11054	0
32952	lookup	9190	0
32953	lookup	9831	0
32954	lookup	3767	0
32955	calc	8683	0
32956	lookup	255	0
32957	calc	12972	0
32958	calc	10444	0
32959	calc	1036	0
32960	lookup	4128	0
32961	abstain_everyday	2809	0
32962	calc	1788	0
32963	calc	4567	0
32964	calc	19269	0
32965	lookup	8242	0
32966	calc	8247	0
32967	calc	10672	0
32968	calc	12810	0
32969	abstain_everyday	4952	0
32970	lookup	4321	0
32971	calc	6296	0
32972	abstain_everyday	3076	0
32973	calc	12641	0
32974	calc	13131	0
32975	lookup	9388	0
32976	calc	14819	0
32977	lookup	5312	0
32978	calc	1547	0
32979	calc	14873	0
32980	lookup	4437	0
32981	lookup	5037	0
32982	calc	4800	0
32983	lookup	11769	0
32984	calc	841	0
32985	lookup	5484	0
32986	lookup	9282	0
32987	calc	13377	0
32988	calc	18200	1
32989	calc	15619	0
32990	calc	5211	0
32991	calc	6811	0
32992	lookup	8990	0
32993	calc	4148	0
32994	abstain_everyday	1255	0
32995	calc	9027	0
32996	abstain_everyday	374	0
32997	calc	7572	0
32998	calc	15683	0
32999	abstain_everyday	5193	0
33000	calc	19447	0
33001	abstain_everyday	4904	0
33002	calc	14095	0
33003	lookup	2760	0
33004	lookup	10981	0
33005	lookup	5148	0
33006	calc	10878	0
33007	calc	14617	0
33008	calc	8624	0
33009	calc	17987	0
33010	lookup	5937	0
33011	abstain_everyday	2240	0
33012	abstain_everyday	223	0
33013	calc	17643	0
33014	calc	8095	0
33015	calc	5657	0
33016	calc	18851	0
33017	calc	17659	0
33018	calc	14362	0
33019	calc	4571	0
33020	lookup	1810	0
33021	calc	15383	0
33022	calc	7008	0
33023	calc	9900	0
33024	calc	11880	0
33025	calc	4375	0
33026	calc	16374	0
33027	calc	15995	0
33028	calc	8954	0
33029	abstain_everyday	676	0
33030	abstain_everyday	4836	0
33031	abstain_everyday	1064	0
33032	calc	5142	0
33033	calc	17935	0
33034	abstain_everyday	2481	0
33035	lookup	10524	0
33036	lookup	9618	0
33037	lookup	5189	0
33038	lookup	11394	0
33039	lookup	11365	0
33040	abstain_everyday	834	0
33041	abstain_everyday	3669	0
33042	lookup	9354	0
33043	calc	277	0
33044	lookup	1139	0
33045	calc	18597	0
33046	calc	10632	0
33047	calc	9201	0
33048	calc	2667	0
33049	calc	8457	0
33050	calc	18789	0
33051	calc	19782	0
33052	calc	18118	0
33053	lookup	4199	0
33054	calc	13704	0
33055	calc	7312	0
33056	lookup	9616	0
33057	calc	20966	0
33058	calc	13825	0
33059	calc	6507	0
33060	calc	2375	0
33061	calc	17003	0
33062	calc	18944	0
33063	abstain_everyday	3976	0
33064	calc	8284	0
33065	abstain_everyday	86	0
33066	calc	4550	0
33067	calc	8806	0
33068	abstain_everyday	649	0
33069	lookup	8164	0
33070	calc	8564	0
33071	calc	6360	0
33072	calc	13523	0
33073	calc	4166	0
33074	lookup	7658	0
33075	calc	7684	1
33076	calc	3936	0
33077	lookup	7775	0
33078	lookup	7381	0
33079	lookup	9580	0
33080	calc	12794	0
33081	lookup	9312	0
33082	lookup	3200	0
33083	calc	6460	0
33084	lookup	8466	0
33085	calc	2467	0
33086	lookup	7940	0
33087	lookup	3196	0
33088	calc	7260	0
33089	abstain_everyday	4098	0
33090	abstain_everyday	1455	0
33091	abstain_everyday	4364	0
33092	lookup	9030	0
33093	lookup	10886	0
33094	abstain_everyday	1344	0
33095	calc	4803	0
33096	abstain_everyday	3257	0
33097	abstain_everyday	2928	0
33098	abstain_everyday	3299	0
33099	calc	20962	0
33100	calc	5953	0
33101	calc	16971	0
33102	abstain_everyday	589	0
33103	lookup	6228	0
33104	calc	2314	0
33105	lookup	11225	0
33106	calc	9926	0
33107	calc	431	0
33108	calc	8881	0
33109	calc	18048	0
33110	lookup	3958	0
33111	lookup	4698	0
33112	lookup	8305	0
33113	lookup	11079	0
33114	calc	19882	1
33115	calc	18669	0
33116	lookup	4261	0
33117	calc	7522	0
33118	lookup	1891	0
33119	lookup	2485	0
33120	lookup	2138	0
33121	lookup	3910	0
33122	lookup	8152	0
33123	lookup	1832	0
33124	lookup	11859	0
33125	calc	1392	0
33126	calc	3131	0
33127	calc	21022	0
33128	lookup	8488	0
33129	calc	712	0
33130	calc	13348	0
33131	lookup	4533	0
33132	calc	6685	1
33133	calc	20592	0
33134	calc	20986	0
33135	calc	14036	0
33136	abstain_everyday	4897	0
33137	calc	5572	0
33138	calc	9057	0
33139	calc	10866	0
33140	calc	19955	0
33141	calc	2137	0
33142	abstain_everyday	1472	0
33143	calc	17582	0
33144	lookup	650	0
33145	calc	2483	0
33146	lookup	6691	0
33147	lookup	4949	0
33148	calc	18127	0
33149	lookup	11723	0
33150	lookup	9870	0
33151	calc	2446	0
33152	calc	3814	0
33153	abstain_everyday	893	0
33154	calc	846	0
33155	calc	2216	0
33156	calc	8026	0
33157	lookup	11218	0
33158	abstain_everyday	5384	0
33159	calc	10014	0
33160	lookup	10263	0
33161	lookup	10066	0
33162	lookup	5886	0
33163	calc	13260	0
33164	calc	18913	0
33165	lookup	2397	0
33166	abstain_everyday	4563	0
33167	lookup	12445	0
33168	calc	17549	0
33169	abstain_everyday	2751	0
33170	lookup	2762	0
33171	calc	8137	0
33172	lookup	5476	0
33173	calc	15518	0
33174	lookup	2513	0
33175	calc	20055	0
33176	calc	7749	0
33177	lookup	12182	0
33178	calc	15316	0
33179	lookup	3253	0
33180	abstain_everyday	2114	0
33181	calc	1417	0
33182	lookup	11201	0
33183	calc	3466	0
33184	calc	13004	0
33185	calc	13315	0
33186	calc	620	0
33187	calc	21030	0
33188	calc	1000	0
33189	calc	2598	0
33190	lookup	6854	0
33191	calc	3339	0
33192	calc	5378	0
33193	lookup	12356	0
33194	lookup	9323	0
33195	calc	17889	1
33196	calc	7955	0
33197	lookup	11782	0
33198	calc	14195	0
33199	lookup	4587	0
33200	lookup	11134	0
33201	calc	6403	0
33202	calc	7529	0
33203	lookup	6966	0
33204	lookup	681	0
33205	calc	6741	0
33206	calc	18437	0
33207	calc	8316	0
33208	calc	664	0
33209	calc	11652	0
33210	calc	792	0
33211	calc	20264	1
33212	calc	13592	0
33213	calc	18803	0
33214	calc	17313	0
33215	lookup	9883	0
33216	calc	12744	0
33217	calc	10720	0
33218	lookup	4640	0
33219	lookup	8308	0
33220	calc	20948	0
33221	calc	4722	0
33222	lookup	2268	0
33223	abstain_everyday	1704	0
33224	calc	4893	0
33225	abstain_everyday	3637	0
33226	calc	13146	0
33227	calc	1964	0
33228	lookup	5264	0
33229	calc	1209	0
33230	lookup	4158	0
33231	lookup	5942	0
33232	abstain_everyday	3993	0
33233	lookup	4883	0
33234	calc	3526	0
33235	abstain_everyday	1010	0
33236	lookup	2381	0
33237	calc	8885	0
33238	abstain_everyday	5754	0
33239	calc	18952	0
33240	lookup	7739	0
33241	calc	8621	0
33242	abstain_everyday	4131	0
33243	abstain_everyday	3850	0
33244	lookup	6787	0
33245	lookup	8475	0
33246	lookup	11033	0
33247	lookup	9457	0
33248	calc	15832	0
33249	abstain_everyday	1606	0
33250	lookup	12007	0
33251	abstain_everyday	1043	0
33252	calc	4112	0
33253	calc	3720	0
33254	calc	13518	0
33255	calc	19169	0
33256	calc	4	0
33257	lookup	4182	0
33258	calc	8257	0
33259	calc	7545	0
33260	lookup	1051	0
33261	calc	436	0
33262	abstain_everyday	331	0
33263	lookup	6487	0
33264	calc	20600	0
33265	lookup	2598	0
33266	calc	8779	0
33267	lookup	2461	0
33268	calc	14111	0
33269	calc	4033	0
33270	lookup	7522	0
33271	lookup	7280	0
33272	calc	1599	0
33273	calc	6842	0
33274	lookup	6433	0
33275	lookup	3399	0
33276	lookup	10240	0
33277	calc	8861	0
33278	calc	12675	0
33279	lookup	1169	0
33280	calc	549	0
33281	abstain_everyday	2444	0
33282	lookup	12681	0
33283	calc	9729	0
33284	calc	16446	0
33285	calc	233	0
33286	calc	16917	0
33287	lookup	12309	0
33288	abstain_everyday	2029	0
33289	calc	5897	0
33290	lookup	6063	0
33291	lookup	4479	0
33292	abstain_everyday	2833	0
33293	calc	20151	0
33294	calc	4321	0
33295	calc	7299	0
33296	calc	2602	0
33297	lookup	3733	0
33298	lookup	790	0
33299	calc	8950	1
33300	calc	20506	0
33301	lookup	1703	0
33302	lookup	317	0
33303	abstain_everyday	5498	0
33304	calc	15533	0
33305	calc	12240	0
33306	calc	10175	0
33307	calc	9420	1
33308	lookup	8101	0
33309	calc	1561	0
33310	calc	2661	0
33311	calc	11426	0
33312	calc	18636	0
33313	calc	16263	0
33314	lookup	4527	0
33315	calc	944	0
33316	calc	9146	0
33317	calc	11530	0
33318	calc	5894	0
33319	calc	20168	0
33320	lookup	8366	0
33321	abstain_everyday	528	0
33322	abstain_everyday	1610	0
33323	calc	16282	0
33324	lookup	2712	0
33325	calc	14401	0
33326	lookup	6669	0
33327	calc	13504	0
33328	lookup	8633	0
33329	abstain_everyday	5530	0
33330	lookup	7108	0
33331	lookup	4197	0
33332	calc	4501	0
33333	calc	8382	0
33334	lookup	1253	0
33335	abstain_everyday	5699	0
33336	lookup	11831	0
33337	lookup	9547	0
33338	calc	11953	0
33339	abstain_everyday	4764	0
33340	lookup	3808	0
33341	calc	148	0
33342	lookup	2873	0
33343	lookup	11131	0
33344	calc	19912	1
33345	calc	19626	0
33346	lookup	11803	0
33347	abstain_everyday	1928	0
33348	calc	11095	0
33349	abstain_everyday	3100	0
33350	calc	9766	0
33351	lookup	4837	0
33352	calc	11895	0
33353	calc	1729	0
33354	lookup	6040	0
33355	lookup	3848	0
33356	lookup	3559	0
33357	lookup	4257	0
33358	calc	4146	0
33359	lookup	5394	0
33360	abstain_everyday	2666	0
33361	lookup	4076	0
33362	lookup	7310	0
33363	lookup	4656	0
33364	lookup	5063	0
33365	calc	14176	0
33366	lookup	5529	0
33367	calc	13678	0
33368	lookup	6632	0
33369	lookup	5875	0
33370	lookup	6346	0
33371	lookup	6279	0
33372	lookup	10545	0
33373	calc	10509	0
33374	lookup	11579	0
33375	lookup	6784	0
33376	lookup	1513	0
33377	lookup	443	0
33378	calc	658	0
33379	abstain_everyday	843	0
33380	lookup	9804	0
33381	calc	14175	0
33382	lookup	4511	0
33383	calc	19650	0
33384	calc	12456	0
33385	lookup	9136	0
33386	calc	7268	0
33387	calc	19928	0
33388	lookup	6508	0
33389	lookup	2961	0
33390	lookup	9482	0
33391	abstain_everyday	5449	0
33392	lookup	1123	0
33393	abstain_everyday	5092	0
33394	calc	19587	0
33395	lookup	5252	0
33396	lookup	337	0
33397	calc	17883	0
33398	calc	2044	1
33399	lookup	8565	0
33400	lookup	489	0
33401	calc	20054	0
33402	calc	18253	0
33403	lookup	2599	0
33404	lookup	8062	0
33405	calc	16466	0
33406	calc	14990	0
33407	calc	16460	0
33408	lookup	11179	0
33409	calc	11427	0
33410	lookup	6850	0
33411	calc	3973	0
33412	lookup	6179	0
33413	calc	7307	0
33414	calc	4126	0
33415	lookup	6677	0
33416	lookup	5333	0
33417	lookup	794	0
33418	calc	8075	0
33419	calc	243	0
33420	lookup	8962	0
33421	calc	20308	0
33422	calc	17336	0
33423	calc	5615	0
33424	calc	17763	1
33425	lookup	2158	0
33426	calc	18956	0
33427	lookup	2131	0
33428	lookup	2146	0
33429	calc	5765	0
33430	calc	381	0
33431	calc	2930	0
33432	lookup	3225	0
33433	calc	19013	0
33434	calc	15308	0
33435	calc	20333	0
33436	calc	12103	0
33437	calc	19190	0
33438	abstain_everyday	45	0
33439	calc	547	0
33440	lookup	11596	0
33441	lookup	9885	0
33442	calc	19983	1
33443	calc	18279	0
33444	calc	19156	0
33445	calc	16091	0
33446	lookup	10739	0
33447	lookup	7884	0
33448	calc	1945	0
33449	calc	20197	0
33450	calc	7976	0
33451	calc	13479	0
33452	calc	18591	0
33453	calc	6809	0
33454	calc	8786	0
33455	lookup	9066	0
33456	calc	19906	0
33457	lookup	4224	0
33458	lookup	2694	0
33459	lookup	97	0
33460	lookup	4	0
33461	calc	16719	0
33462	calc	18711	0
33463	calc	326	0
33464	calc	3700	1
33465	calc	971	0
33466	lookup	1940	0
33467	abstain_everyday	1158	0
33468	abstain_everyday	5461	0
33469	abstain_everyday	5086	0
33470	calc	20633	0
33471	calc	420	0
33472	calc	18989	0
33473	calc	14645	0
33474	lookup	10827	0
33475	lookup	5338	0
33476	calc	20543	0
33477	calc	5616	0
33478	lookup	8110	0
33479	calc	1462	0
33480	calc	15487	0
33481	calc	10761	0
33482	lookup	11565	0
33483	lookup	4798	0
33484	lookup	7625	0
33485	abstain_everyday	3143	0
33486	calc	6137	0
33487	calc	14181	0
33488	calc	13494	0
33489	lookup	2528	0
33490	calc	5529	0
33491	lookup	12601	0
33492	calc	16669	0
33493	calc	4819	0
33494	calc	8271	0
33495	calc	16428	0
33496	lookup	1442	0
33497	calc	15186	0
33498	calc	10042	0
33499	calc	5155	0
33500	calc	8306	0
33501	calc	7035	0
33502	abstain_everyday	1016	0
33503	lookup	4033	0
33504	calc	4746	0
33505	lookup	2777	0
33506	calc	13747	0
33507	calc	12841	0
33508	calc	3372	0
33509	calc	10879	0
33510	lookup	5096	0
33511	lookup	2726	0
33512	lookup	8006	0
33513	calc	19995	0
33514	abstain_everyday	1103	0
33515	calc	13056	0
33516	lookup	6380	0
33517	calc	3735	0
33518	abstain_everyday	2077	0
33519	lookup	972	0
33520	lookup	5292	0
33521	calc	13088	0
33522	calc	14686	0
33523	lookup	5974	0
33524	lookup	3272	0
33525	abstain_everyday	234	0
33526	calc	13722	0
33527	lookup	11421	0
33528	abstain_everyday	1152	0
33529	calc	13500	0
33530	abstain_everyday	2597	0
33531	lookup	5783	0
33532	calc	15143	0
33533	calc	17055	0
33534	lookup	3396	0
33535	calc	18723	0
33536	lookup	6033	0
33537	abstain_everyday	3737	0
33538	lookup	11661	0
33539	calc	15676	0
33540	calc	16336	0
33541	lookup	631	0
33542	abstain_everyday	2331	0
33543	abstain_everyday	1173	0
33544	calc	558	0
33545	lookup	2347	0
33546	lookup	7767	0
33547	lookup	5671	0
33548	calc	11133	0
33549	abstain_everyday	4537	0
33550	calc	3568	0
33551	calc	7490	0
33552	lookup	10193	0
33553	abstain_everyday	4498	0
33554	calc	8439	0
33555	calc	16806	0
33556	calc	19107	0
33557	calc	5118	0
33558	calc	12613	0
33559	abstain_everyday	337	0
33560	lookup	8348	0
33561	lookup	7821	0
33562	calc	20756	0
33563	calc	10224	0
33564	lookup	4835	0
33565	abstain_everyday	1527	0
33566	calc	18351	0
33567	calc	7546	0
33568	calc	16227	0
33569	calc	4225	0
33570	calc	18363	0
33571	lookup	11764	0
33572	calc	11573	0
33573	lookup	240	0
33574	abstain_everyday	1594	0
33575	calc	10558	0
33576	lookup	7332	0
33577	calc	4250	0
33578	abstain_everyday	4409	0
33579	lookup	10798	0
33580	calc	11935	0
33581	lookup	712	0
33582	abstain_everyday	3741	0
33583	lookup	5551	0
33584	calc	6288	0
33585	abstain_everyday	5830	0
33586	calc	15878	0
33587	lookup	13	0
33588	lookup	1614	0
33589	calc	8530	0
33590	calc	5991	0
33591	calc	5108	0
33592	calc	15360	0
33593	calc	1950	0
33594	lookup	1500	0
33595	abstain_everyday	2704	0
33596	lookup	6374	0
33597	calc	16927	0
33598	lookup	4188	0
33599	calc	863	1
33600	calc	8995	0
33601	calc	14126	0
33602	calc	5241	0
33603	calc	7863	0
33604	lookup	937	0
33605	calc	6281	0
33606	calc	8905	0
33607	lookup	8156	0
33608	abstain_everyday	5832	0
33609	lookup	3607	0
33610	calc	19543	0
33611	calc	5938	0
33612	lookup	4242	0
33613	calc	10416	0
33614	calc	9946	0
33615	calc	9301	0
33616	lookup	6111	0
33617	calc	2693	0
33618	calc	9471	0
33619	calc	11531	0
33620	calc	8601	0
33621	lookup	5404	0
33622	calc	17043	0
33623	calc	14503	0
33624	calc	940	0
33625	calc	3551	0
33626	calc	5517	0
33627	calc	6258	0
33628	calc	15971	1
33629	lookup	7029	0
33630	calc	16276	0
33631	calc	19970	0
33632	calc	17482	0
33633	lookup	5467	0
33634	calc	926	0
33635	calc	697	1
33636	lookup	6105	0
33637	lookup	9617	0
33638	lookup	2583	0
33639	lookup	4589	0
33640	lookup	10058	0
33641	calc	13094	0
33642	calc	17037	0
33643	lookup	8210	0
33644	abstain_everyday	3486	0
33645	calc	8518	0
33646	calc	14746	0
33647	calc	888	0
33648	calc	11031	0
33649	lookup	475	0
33650	abstain_everyday	3706	0
33651	calc	16764	0
33652	calc	2268	0
33653	lookup	5843	0
33654	calc	18616	0
33655	calc	165	0
33656	calc	2370	0
33657	abstain_everyday	1224	0
33658	calc	13753	0
33659	calc	4520	0
33660	lookup	9805	0
33661	lookup	11402	0
33662	abstain_everyday	3268	0
33663	calc	3193	0
33664	calc	9298	0
33665	lookup	5509	0
33666	calc	12347	0
33667	calc	6326	0
33668	calc	9613	0
33669	lookup	11458	0
33670	lookup	9793	0
33671	lookup	8500	0
33672	calc	15622	0
33673	lookup	3601	0
33674	calc	566	0
33675	calc	13421	0
33676	calc	4300	0
33677	calc	3137	0
33678	lookup	9433	0
33679	calc	2995	0
33680	calc	20771	0
33681	calc	3032	0
33682	lookup	10855	0
33683	lookup	12822	0
33684	calc	19561	1
33685	calc	14852	1
33686	calc	11635	0
33687	lookup	1923	0
33688	calc	12036	1
33689	calc	18332	0
33690	lookup	2435	0
33691	abstain_everyday	4593	0
33692	lookup	1566	0
33693	calc	15430	0
33694	calc	12167	0
33695	lookup	8743	0
33696	calc	8328	0
33697	lookup	5319	0
33698	calc	1613	0
33699	lookup	5191	0
33700	abstain_everyday	4486	0
33701	lookup	580	0
33702	calc	11913	0
33703	calc	19635	0
33704	calc	17386	0
33705	calc	9184	0
33706	calc	3093	0
33707	calc	7625	0
33708	lookup	1971	0
33709	abstain_everyday	5637	0
33710	lookup	7557	0
33711	calc	7391	0
33712	lookup	11426	0
33713	lookup	6528	0
33714	lookup	8996	0
33715	lookup	8909	0
33716	abstain_everyday	4214	0
33717	lookup	6097	0
33718	calc	16882	0
33719	calc	2317	0
33720	lookup	1402	0
33721	lookup	9573	0
33722	lookup	2789	0
33723	calc	12279	0
33724	lookup	10796	0
33725	calc	2422	0
33726	calc	12355	0
33727	abstain_everyday	3216	0
33728	calc	3878	0
33729	calc	11681	0
33730	lookup	6744	0
33731	lookup	5778	0
33732	calc	6792	0
33733	lookup	1255	0
33734	lookup	10738	0
33735	calc	6580	0
33736	lookup	402	0
33737	abstain_everyday	4439	0
33738	calc	19484	0
33739	abstain_everyday	3880	0
33740	calc	10930	0
33741	abstain_everyday	4302	0
33742	lookup	5963	0
33743	calc	12598	0
33744	lookup	6285	0
33745	abstain_everyday	3954	0
33746	calc	9847	0
33747	lookup	7112	0
33748	calc	1929	0
33749	calc	1415	0
33750	calc	11423	0
33751	calc	20116	0
33752	calc	9424	0
33753	calc	16235	0
33754	lookup	7559	0
33755	calc	2789	0
33756	calc	312	0
33757	abstain_everyday	1623	0
33758	lookup	8107	0
33759	lookup	7050	0
33760	lookup	346	0
33761	lookup	5162	0
33762	calc	16657	0
33763	abstain_everyday	5273	0
33764	lookup	4699	0
33765	calc	4732	0
33766	calc	16737	0
33767	lookup	12383	0
33768	lookup	5674	0
33769	lookup	6772	0
33770	calc	14188	0
33771	calc	19892	0
33772	calc	20	0
33773	calc	133	0
33774	calc	12854	0
33775	lookup	7133	0
33776	calc	8982	0
33777	lookup	7345	0
33778	calc	7654	0
33779	lookup	12067	0
33780	abstain_everyday	204	0
33781	lookup	12736	0
33782	calc	15030	0
33783	lookup	844	0
33784	calc	6524	0
33785	calc	524	0
33786	calc	5224	0
33787	calc	13922	0
33788	lookup	11715	0
33789	calc	13176	0
33790	lookup	328	0
33791	calc	11848	0
33792	abstain_everyday	1450	0
33793	calc	3404	0
33794	calc	8872	0
33795	lookup	1374	0
33796	lookup	11472	0
33797	lookup	12764	0
33798	lookup	11510	0
33799	calc	4809	0
33800	abstain_everyday	2684	0
33801	calc	34	0
33802	abstain_everyday	1957	0
33803	calc	2136	0
33804	calc	3862	0
33805	calc	17308	0
33806	calc	10354	0
33807	lookup	4671	0
33808	lookup	9436	0
33809	calc	18099	1
33810	lookup	8458	0
33811	lookup	2702	0
33812	lookup	4061	0
33813	abstain_everyday	995	0
33814	lookup	4667	0
33815	lookup	7661	0
33816	calc	5322	0
33817	calc	19500	0
33818	calc	1696	0
33819	lookup	181	0
33820	lookup	8759	0
33821	lookup	2672	0
33822	abstain_everyday	2066	0
33823	calc	8074	0
33824	abstain_everyday	334	0
33825	calc	14742	0
33826	abstain_everyday	1373	0
33827	lookup	2006	0
33828	lookup	6122	0
33829	lookup	6261	0
33830	calc	2653	0
33831	abstain_everyday	2903	0
33832	lookup	11302	0
33833	calc	12395	0
33834	calc	20815	0
33835	lookup	1524	0
33836	calc	17305	0
33837	abstain_everyday	3893	0
33838	calc	3826	0
33839	lookup	12201	0
33840	calc	8678	0
33841	lookup	243	0
33842	lookup	10695	0
33843	abstain_everyday	5534	0
33844	lookup	9302	0
33845	calc	14508	0
33846	calc	14182	0
33847	calc	18845	0
33848	abstain_everyday	5354	0
33849	calc	4955	0
33850	calc	16255	0
33851	calc	5286	0
33852	calc	15608	0
33853	lookup	3687	0
33854	calc	10533	0
33855	calc	2965	0
33856	calc	4594	0
33857	calc	3449	0
33858	lookup	8094	0
33859	lookup	3867	0
33860	calc	8882	0
33861	calc	15315	0
33862	lookup	4357	0
33863	abstain_everyday	1454	0
33864	calc	19739	0
33865	abstain_everyday	4295	0
33866	lookup	2955	0
33867	lookup	4913	0
33868	abstain_everyday	2582	0
33869	calc	8060	0
33870	calc	19130	0
33871	calc	4186	0
33872	calc	568	0
33873	calc	10806	0
33874	abstain_everyday	3	0
33875	calc	20340	0
33876	lookup	9938	0
33877	calc	13067	0
33878	calc	10673	0
33879	calc	3059	0
33880	lookup	12878	0
33881	lookup	11043	0
33882	lookup	9464	0
33883	lookup	2896	0
33884	calc	17078	0
33885	lookup	8592	0
33886	calc	4972	0
33887	calc	3498	0
33888	lookup	929	0
33889	calc	17691	0
33890	lookup	7590	0
33891	calc	12263	0
33892	abstain_everyday	4003	0
33893	calc	13606	0
33894	abstain_everyday	3048	0
33895	calc	8222	0
33896	lookup	6804	0
33897	lookup	5789	0
33898	lookup	3582	0
33899	calc	14074	0
33900	calc	822	0
33901	abstain_everyday	4742	0
33902	calc	8931	0
33903	calc	2501	0
33904	calc	18104	0
33905	calc	2429	0
33906	calc	16186	0
33907	calc	16842	0
33908	calc	15424	0
33909	lookup	7440	0
33910	calc	8458	0
33911	calc	9675	0
33912	lookup	10539	0
33913	calc	5621	0
33914	abstain_everyday	2755	0
33915	calc	14776	0
33916	lookup	4602	0
33917	calc	16159	0
33918	calc	8587	0
33919	abstain_everyday	251	0
33920	calc	20613	0
33921	calc	1348	0
33922	abstain_everyday	1591	0
33923	lookup	10681	0
33924	abstain_everyday	1685	0
33925	lookup	5988	0
33926	calc	8725	0
33927	lookup	5274	0
33928	calc	5982	0
33929	calc	9231	0
33930	abstain_everyday	2681	0
33931	calc	19718	0
33932	calc	18135	0
33933	calc	18610	0
33934	abstain_everyday	4751	0
33935	lookup	9296	0
33936	lookup	10320	0
33937	calc	18055	0
33938	lookup	5515	0
33939	calc	15789	0
33940	lookup	12287	0
33941	lookup	3725	0
33942	lookup	7146	0
33943	lookup	11352	0
33944	lookup	7144	0
33945	lookup	530	0
33946	calc	7071	0
33947	abstain_everyday	535	0
33948	lookup	69	0
33949	calc	16884	0
33950	calc	17406	1
33951	calc	13008	0
33952	calc	9315	0
33953	calc	20548	0
33954	calc	20294	0
33955	calc	113	0
33956	calc	9035	0
33957	lookup	12660	0
33958	abstain_everyday	5180	0
33959	calc	19032	0
33960	calc	9969	0
33961	abstain_everyday	3191	0
33962	lookup	12863	0
33963	lookup	5931	0
33964	lookup	1385	0
33965	calc	9030	0
33966	calc	3087	0
33967	calc	8638	0
33968	lookup	9935	0
33969	abstain_everyday	1419	0
33970	calc	5626	0
33971	calc	12845	0
33972	calc	14020	0
33973	calc	4151	0
33974	calc	16053	0
33975	calc	11076	0
33976	lookup	3443	0
33977	calc	4974	0
33978	calc	976	0
33979	lookup	7006	0
33980	calc	10440	0
33981	calc	5464	0
33982	calc	20375	0
33983	lookup	12084	0
33984	calc	659	0
33985	lookup	5285	0
33986	calc	4054	0
33987	calc	21061	0
33988	lookup	3698	0
33989	lookup	933	0
33990	calc	19473	0
33991	calc	16915	0
33992	calc	11786	0
33993	lookup	11879	0
33994	calc	15520	1
33995	calc	10507	0
33996	calc	15994	0
33997	abstain_everyday	929	0
33998	calc	11021	0
33999	calc	19792	0
34000	lookup	11000	0
34001	calc	3721	0
34002	calc	14794	0
34003	calc	20037	0
34004	calc	8511	0
34005	calc	7674	0
34006	calc	5079	0
34007	calc	9636	0
34008	lookup	6333	0
34009	calc	20732	0
34010	abstain_everyday	3568	0
34011	abstain_everyday	854	0
34012	calc	13675	0
34013	calc	14319	0
34014	calc	7084	0
34015	calc	17802	1
34016	calc	8696	0
34017	calc	2712	0
34018	calc	5318	0
34019	calc	5152	0
34020	calc	15677	0
34021	calc	12796	1
34022	calc	19935	0
34023	lookup	2594	0
34024	lookup	2548	0
34025	lookup	11698	0
34026	calc	13487	0
34027	abstain_everyday	5003	0
34028	lookup	8457	0
34029	calc	5822	0
34030	lookup	5079	0
34031	calc	5083	0
34032	calc	17861	0
34033	lookup	1715	0
34034	calc	4049	0
34035	lookup	8639	0
34036	calc	9966	0
34037	abstain_everyday	1034	0
34038	abstain_everyday	4830	0
34039	lookup	285	0
34040	calc	19471	0
34041	calc	20839	0
34042	calc	16625	0
34043	lookup	3949	0
34044	calc	16991	0
34045	abstain_everyday	2587	0
34046	calc	10596	0
34047	abstain_everyday	1274	0
34048	lookup	2877	0
34049	abstain_everyday	2244	0
34050	calc	8568	0
34051	lookup	5521	0
34052	lookup	11670	0
34053	lookup	12722	0
34054	lookup	6695	0
34055	calc	4071	0
34056	lookup	2742	0
34057	calc	6365	0
34058	calc	4180	1
34059	abstain_everyday	1154	0
34060	calc	9872	0
34061	calc	13358	0
34062	lookup	1080	0
34063	lookup	10909	0
34064	calc	8217	0
34065	lookup	11286	0
34066	calc	20970	0
34067	lookup	5389	0
34068	calc	17452	0
34069	abstain_everyday	3691	0
34070	calc	14005	0
34071	calc	3306	0
34072	calc	19679	0
34073	calc	19005	0
34074	calc	13351	0
34075	abstain_everyday	5202	0
34076	calc	4470	0
34077	calc	9324	0
34078	abstain_everyday	4776	0
34079	calc	60	0
34080	calc	12342	0
34081	lookup	3284	0
34082	abstain_everyday	5545	0
34083	abstain_everyday	2527	0
34084	calc	9905	0
34085	abstain_everyday	5847	0
34086	lookup	12472	0
34087	lookup	7339	0
34088	lookup	7771	0
34089	lookup	12675	0
34090	abstain_everyday	5102	0
34091	lookup	6960	0
34092	calc	6786	0
34093	lookup	7510	0
34094	calc	10031	0
34095	calc	10942	0
34096	abstain_everyday	5721	0
34097	calc	6646	0
34098	calc	13748	0
34099	abstain_everyday	5748	0
34100	lookup	5355	0
34101	lookup	12041	0
34102	calc	1495	0
34103	calc	10572	0
34104	lookup	2917	0
34105	calc	2306	0
34106	lookup	7516	0
34107	calc	8692	0
34108	lookup	4705	0
34109	calc	17620	0
34110	calc	20792	0
34111	calc	17897	0
34112	lookup	468	0
34113	calc	7754	0
34114	abstain_everyday	2695	0
34115	calc	7259	0
34116	lookup	8317	0
34117	lookup	9107	0
34118	calc	14565	0
34119	lookup	12749	0
34120	lookup	3116	0
34121	lookup	12720	0
34122	calc	17719	0
34123	calc	19161	0
34124	lookup	6601	0
34125	lookup	2217	0
34126	lookup	6553	0
34127	abstain_everyday	3529	0
34128	calc	8576	0
34129	lookup	607	0
34130	lookup	3277	0
34131	calc	17413	0
34132	abstain_everyday	1579	0
34133	calc	3798	0
34134	lookup	3859	0
34135	lookup	7799	0
34136	calc	1343	0
34137	lookup	7636	0
34138	calc	3699	0
34139	lookup	8632	0
34140	calc	9002	0
34141	lookup	5168	0
34142	calc	12246	0
34143	lookup	8704	0
34144	lookup	2998	0
34145	lookup	8707	0
34146	calc	6091	0
34147	abstain_everyday	5147	0
34148	calc	13396	0
34149	calc	15494	0
34150	lookup	2908	0
34151	lookup	8795	0
34152	lookup	4000	0
34153	lookup	7088	0
34154	calc	11481	0
34155	lookup	12495	0
34156	lookup	11850	0
34157	calc	4960	0
34158	calc	11517	0
34159	calc	11641	0
34160	calc	2081	0
34161	calc	16317	0
34162	calc	12720	0
34163	lookup	3732	0
34164	calc	16728	0
34165	lookup	9779	0
34166	lookup	11532	0
34167	lookup	5016	0
34168	abstain_everyday	591	0
34169	calc	1124	0
34170	calc	5570	0
34171	lookup	5267	0
34172	calc	9949	0
34173	calc	12504	0
34174	calc	5011	0
34175	lookup	12711	0
34176	calc	20150	0
34177	calc	4716	0
34178	calc	13026	0
34179	lookup	2722	0
34180	abstain_everyday	4701	0
34181	lookup	10952	0
34182	calc	18664	0
34183	lookup	2312	0
34184	calc	11118	0
34185	calc	14331	0
34186	calc	5553	0
34187	abstain_everyday	1246	0
34188	calc	3006	0
34189	lookup	485	0
34190	lookup	7151	0
34191	abstain_everyday	847	0
34192	abstain_everyday	1674	0
34193	calc	9138	0
34194	lookup	1866	0
34195	calc	7384	0
34196	calc	5230	0
34197	calc	16546	0
34198	lookup	6885	0
34199	calc	1741	0
34200	calc	13190	0
34201	lookup	8427	0
34202	calc	19918	0
34203	calc	9709	0
34204	lookup	4138	0
34205	calc	4959	0
34206	lookup	152	0
34207	calc	17653	0
34208	abstain_everyday	5845	0
34209	abstain_everyday	4067	0
34210	lookup	6858	0
34211	calc	2862	0
34212	abstain_everyday	809	0
34213	lookup	12339	0
34214	abstain_everyday	2855	0
34215	lookup	4396	0
34216	calc	4570	0
34217	calc	20087	0
34218	calc	5983	0
34219	abstain_everyday	4936	0
34220	lookup	2383	0
34221	calc	253	1
34222	calc	16793	1
34223	calc	15313	0
34224	calc	9362	0
34225	lookup	2049	0
34226	calc	3075	0
34227	calc	18107	0
34228	lookup	9855	0
34229	calc	1884	0
34230	abstain_everyday	5859	0
34231	calc	1863	0
34232	calc	7465	0
34233	calc	14265	0
34234	abstain_everyday	172	0
34235	lookup	6751	0
34236	calc	10287	0
34237	abstain_everyday	4614	0
34238	calc	13343	0
34239	lookup	3389	0
34240	lookup	10139	0
34241	calc	19133	0
34242	calc	1511	0
34243	lookup	9807	0
34244	lookup	7578	0
34245	calc	20272	0
34246	calc	10205	0
34247	calc	268	0
34248	abstain_everyday	4345	0
34249	calc	19451	0
34250	calc	12271	0
34251	lookup	9281	0
34252	calc	17182	0
34253	calc	13029	0
34254	calc	15149	0
34255	calc	5537	0
34256	lookup	5464	0
34257	lookup	1560	0
34258	calc	3344	0
34259	abstain_everyday	2535	0
34260	abstain_everyday	1008	0
34261	abstain_everyday	5100	0
34262	abstain_everyday	5540	0
34263	calc	14667	0
34264	lookup	10593	0
34265	calc	6486	0
34266	lookup	7552	0
34267	calc	4035	0
34268	abstain_everyday	4516	0
34269	calc	10797	0
34270	lookup	1112	0
34271	calc	15730	0
34272	calc	4795	0
34273	lookup	8674	0
34274	lookup	2483	0
34275	lookup	11423	0
34276	lookup	11321	0
34277	abstain_everyday	2376	0
34278	calc	15102	0
34279	lookup	11633	0
34280	lookup	9219	0
34281	lookup	4733	0
34282	lookup	4358	0
34283	calc	16892	0
34284	abstain_everyday	1431	0
34285	calc	6948	0
34286	lookup	6900	0
34287	calc	18430	0
34288	calc	3937	0
34289	lookup	10394	0
34290	calc	7917	0
34291	calc	19422	0
34292	calc	8001	0
34293	calc	15810	0
34294	abstain_everyday	5415	0
34295	lookup	1980	0
34296	calc	6775	0
34297	lookup	2168	0
34298	lookup	12910	0
34299	lookup	2794	0
34300	calc	10680	0
34301	calc	6401	0
34302	lookup	11877	0
34303	calc	16833	0
34304	abstain_everyday	5453	0
34305	calc	14881	0
34306	abstain_everyday	4633	0
34307	calc	3354	0
34308	calc	6231	0
34309	calc	3899	0
34310	lookup	4526	0
34311	lookup	6318	0
34312	calc	4417	0
34313	calc	2205	0
34314	calc	19700	0
34315	calc	20160	0
34316	abstain_everyday	2413	0
34317	calc	17540	0
34318	calc	17153	0
34319	abstain_everyday	1990	0
34320	calc	2958	0
34321	abstain_everyday	4964	0
34322	calc	4131	0
34323	calc	4841	0
34324	abstain_everyday	1112	0
34325	lookup	12759	0
34326	lookup	9173	0
34327	calc	6422	0
34328	lookup	9412	0
34329	lookup	9271	0
34330	calc	20332	0
34331	calc	11469	0
34332	calc	15513	0
34333	lookup	10491	0
34334	calc	1817	0
34335	lookup	4676	0
34336	calc	20507	0
34337	calc	14822	0
34338	calc	19877	0
34339	abstain_everyday	5088	0
34340	calc	19822	0
34341	calc	10098	0
34342	abstain_everyday	3106	0
34343	lookup	525	0
34344	lookup	319	0
34345	calc	20011	0
34346	calc	15935	1
34347	calc	2298	0
34348	calc	17932	1
34349	lookup	11027	0
34350	calc	13089	1
34351	calc	16143	0
34352	abstain_everyday	579	0
34353	calc	19407	0
34354	calc	5854	0
34355	calc	13448	0
34356	lookup	1092	0
34357	lookup	5829	0
34358	calc	4664	0
34359	calc	20218	0
34360	lookup	8097	0
34361	calc	12506	0
34362	calc	13235	0
34363	abstain_everyday	646	0
34364	abstain_everyday	3095	0
34365	lookup	2276	0
34366	lookup	10666	0
34367	lookup	1673	0
34368	abstain_everyday	2883	0
34369	calc	10270	0
34370	calc	16238	0
34371	lookup	4610	0
34372	lookup	7465	0
34373	calc	3158	0
34374	calc	3622	0
34375	calc	7628	0
34376	lookup	8579	0
34377	lookup	4081	0
34378	lookup	11796	0
34379	abstain_everyday	2130	0
34380	abstain_everyday	5862	0
34381	calc	9931	0
34382	calc	13258	0
34383	calc	13053	0
34384	lookup	12843	0
34385	lookup	5392	0
34386	abstain_everyday	4736	0
34387	calc	16547	0
34388	calc	6267	0
34389	calc	19554	0
34390	lookup	7696	0
34391	calc	8509	0
34392	calc	14101	0
34393	lookup	4169	0
34394	abstain_everyday	3490	0
34395	lookup	4860	0
34396	abstain_everyday	3945	0
34397	lookup	7729	0
34398	calc	15325	0
34399	calc	16592	0
34400	calc	9351	0
34401	calc	14459	0
34402	lookup	11362	0
34403	lookup	1329	0
34404	calc	15697	0
34405	calc	12525	0
34406	calc	11347	0
34407	abstain_everyday	390	0
34408	calc	12121	0
34409	lookup	1096	0
34410	lookup	3657	0
34411	lookup	1780	0
34412	lookup	9320	0
34413	calc	17433	0
34414	lookup	529	0
34415	calc	16142	0
34416	lookup	6068	0
34417	calc	16527	0
34418	calc	8206	0
34419	calc	9093	0
34420	abstain_everyday	3782	0
34421	lookup	11650	0
34422	calc	17369	0
34423	calc	88	0
34424	calc	16027	0
34425	calc	6973	0
34426	lookup	5447	0
34427	lookup	1491	0
34428	calc	13087	0
34429	abstain_everyday	1273	0
34430	calc	19576	0
34431	calc	2263	0
34432	abstain_everyday	4682	0
34433	calc	2907	0
34434	lookup	3229	0
34435	calc	778	0
34436	lookup	8496	0
34437	calc	11264	0
34438	abstain_everyday	1989	0
34439	calc	20239	0
34440	calc	6582	0
34441	lookup	4110	0
34442	lookup	1146	0
34443	abstain_everyday	4860	0
34444	calc	15088	0
34445	calc	19340	0
34446	abstain_everyday	3180	0
34447	calc	4667	0
34448	abstain_everyday	2949	0
34449	calc	13332	1
34450	lookup	7020	0
34451	abstain_everyday	2216	0
34452	calc	19057	0
34453	calc	724	0
34454	lookup	12080	0
34455	calc	19653	0
34456	lookup	10969	0
34457	lookup	9147	0
34458	calc	16637	0
34459	calc	20942	0
34460	abstain_everyday	4513	0
34461	calc	17849	0
34462	lookup	12438	0
34463	abstain_everyday	4408	0
34464	lookup	8710	0
34465	lookup	11973	0
34466	calc	1300	0
34467	calc	20452	0
34468	lookup	5499	0
34469	abstain_everyday	4665	0
34470	calc	14171	0
34471	lookup	2682	0
34472	calc	18008	0
34473	calc	10474	0
34474	calc	14254	0
34475	calc	2210	0
34476	abstain_everyday	5882	0
34477	lookup	3172	0
34478	abstain_everyday	3206	0
34479	abstain_everyday	3707	0
34480	calc	3241	0
34481	lookup	12029	0
34482	lookup	10597	0
34483	lookup	9940	0
34484	lookup	10964	0
34485	calc	6938	0
34486	abstain_everyday	3071	0
34487	calc	5635	0
34488	lookup	6895	0
34489	lookup	5643	0
34490	abstain_everyday	5773	0
34491	calc	2367	0
34492	calc	16036	0
34493	lookup	3043	0
34494	calc	7860	0
34495	lookup	9637	0
34496	abstain_everyday	379	0
34497	lookup	1145	0
34498	lookup	1884	0
34499	calc	14717	0
34500	lookup	1315	0
34501	calc	7332	0
34502	calc	1376	0
34503	abstain_everyday	30	0
34504	calc	877	0
34505	lookup	7254	0
34506	abstain_everyday	891	0
34507	lookup	12802	0
34508	lookup	10242	0
34509	lookup	957	0
34510	calc	1557	0
34511	calc	18024	0
34512	calc	9113	0
34513	calc	14390	0
34514	lookup	9661	0
34515	calc	11114	0
34516	calc	496	0
34517	lookup	12239	0
34518	calc	1052	0
34519	calc	17395	0
34520	calc	19435	0
34521	calc	13129	0
34522	calc	7993	0
34523	abstain_everyday	4968	0
34524	lookup	1194	0
34525	lookup	1918	0
34526	calc	7240	0
34527	calc	8329	0
34528	lookup	9966	0
34529	calc	7651	0
34530	abstain_everyday	5433	0
34531	lookup	10541	0
34532	calc	9461	0
34533	lookup	11781	0
34534	calc	14868	0
34535	lookup	9763	0
34536	calc	6518	0
34537	calc	7093	0
34538	calc	1067	0
34539	calc	20733	0
34540	abstain_everyday	409	0
34541	abstain_everyday	1732	0
34542	calc	15146	0
34543	calc	15530	0
34544	abstain_everyday	5585	0
34545	abstain_everyday	84	0
34546	abstain_everyday	712	0
34547	lookup	4086	0
34548	calc	3119	0
34549	calc	10039	0
34550	calc	1773	0
34551	calc	14493	0
34552	abstain_everyday	2042	0
34553	abstain_everyday	2368	0
34554	calc	13492	0
34555	calc	15050	0
34556	calc	17418	0
34557	abstain_everyday	474	0
34558	abstain_everyday	3753	0
34559	abstain_everyday	4052	0
34560	calc	14065	0
34561	calc	5857	0
34562	calc	9232	0
34563	lookup	6705	0
34564	lookup	2745	0
34565	calc	4122	0
34566	calc	1991	0
34567	calc	3030	0
34568	abstain_everyday	1349	0
34569	calc	19812	0
34570	calc	13713	0
34571	calc	16682	0
34572	lookup	734	0
34573	abstain_everyday	1228	0
34574	calc	18778	0
34575	calc	3958	0
34576	calc	14455	0
34577	lookup	3710	0
34578	calc	8914	0
34579	calc	2468	0
34580	calc	6942	0
34581	calc	4805	0
34582	calc	14308	0
34583	calc	12563	0
34584	calc	5244	0
34585	lookup	8750	0
34586	lookup	12372	0
34587	calc	19062	0
34588	lookup	4123	0
34589	calc	5311	0
34590	calc	12448	1
34591	lookup	4662	0
34592	lookup	8324	0
34593	lookup	6607	0
34594	calc	3320	0
34595	calc	17835	0
34596	lookup	4769	0
34597	abstain_everyday	2459	0
34598	calc	12044	0
34599	calc	15477	0
34600	lookup	5487	0
34601	calc	8333	0
34602	calc	8831	0
34603	calc	19917	0
34604	calc	17029	0
34605	calc	12590	0
34606	calc	7689	0
34607	calc	11743	0
34608	calc	8240	0
34609	lookup	5334	0
34610	calc	2525	0
34611	lookup	5349	0
34612	calc	11442	0
34613	calc	11516	0
34614	calc	17887	0
34615	lookup	11108	0
34616	calc	12045	0
34617	abstain_everyday	3272	0
34618	calc	7353	0
34619	abstain_everyday	1364	0
34620	calc	18895	0
34621	calc	12660	0
34622	lookup	7654	0
34623	calc	9214	0
34624	lookup	12314	0
34625	abstain_everyday	1374	0
34626	calc	13225	0
34627	calc	11279	0
34628	abstain_everyday	4297	0
34629	calc	13572	0
34630	lookup	5923	0
34631	calc	2696	0
34632	calc	6503	0
34633	calc	13615	0
34634	lookup	5746	0
34635	lookup	5115	0
34636	calc	4331	0
34637	calc	1652	0
34638	calc	546	0
34639	lookup	11653	0
34640	calc	14397	0
34641	calc	17672	0
34642	calc	3238	0
34643	calc	14369	0
34644	calc	4147	0
34645	calc	3505	0
34646	abstain_everyday	3497	0
34647	calc	2692	0
34648	calc	8542	0
34649	lookup	8280	0
34650	lookup	11772	0
34651	lookup	6454	0
34652	lookup	9882	0
34653	lookup	10979	0
34654	calc	15698	0
34655	lookup	9521	0
34656	abstain_everyday	2249	0
34657	calc	14037	0
34658	calc	14107	0
34659	calc	7477	0
34660	lookup	5691	0
34661	lookup	12397	0
34662	calc	8051	0
34663	lookup	8423	0
34664	calc	19300	0
34665	abstain_everyday	5614	0
34666	calc	3894	0
34667	calc	16354	0
34668	lookup	11774	0
34669	calc	16492	0
34670	calc	13647	0
34671	lookup	7242	0
34672	calc	9760	0
34673	calc	20450	0
34674	lookup	1479	0
34675	lookup	7850	0
34676	abstain_everyday	1136	0
34677	abstain_everyday	274	0
34678	lookup	1647	0
34679	calc	5281	0
34680	lookup	9244	0
34681	abstain_everyday	2520	0
34682	calc	6265	0
34683	lookup	5798	0
34684	calc	3931	1
34685	calc	13313	0
34686	calc	16211	0
34687	lookup	16	0
34688	lookup	9848	0
34689	calc	19518	0
34690	lookup	5638	0
34691	lookup	1698	0
34692	calc	16993	0
34693	lookup	2066	0
34694	lookup	5413	0
34695	calc	2563	1
34696	calc	11146	0
34697	calc	7518	0
34698	calc	20155	0
34699	calc	8476	0
34700	calc	19187	0
34701	calc	4073	1
34702	calc	8175	0
34703	calc	7025	0
34704	lookup	4760	0
34705	calc	4606	0
34706	calc	19968	0
34707	calc	20072	0
34708	abstain_everyday	42	0
34709	lookup	3351	0
34710	calc	12197	1
34711	calc	20496	0
34712	calc	16151	0
34713	calc	17391	0
34714	lookup	800	0
34715	lookup	375	0
34716	calc	9936	0
34717	calc	18600	0
34718	calc	269	0
34719	calc	2997	0
34720	lookup	1646	0
34721	calc	19631	0
34722	lookup	3452	0
34723	calc	14609	0
34724	lookup	8407	0
34725	calc	5381	0
34726	calc	9864	0
34727	abstain_everyday	2267	0
34728	calc	18031	0
34729	lookup	10120	0
34730	calc	6178	0
34731	calc	116	1
34732	calc	17312	0
34733	lookup	8728	0
34734	lookup	142	0
34735	calc	10407	0
34736	calc	1902	0
34737	calc	20131	0
34738	lookup	854	0
34739	calc	8649	0
34740	lookup	1455	0
34741	calc	20737	0
34742	calc	18014	0
34743	abstain_everyday	4290	0
34744	abstain_everyday	5120	0
34745	lookup	8256	0
34746	lookup	7164	0
34747	abstain_everyday	2214	0
34748	calc	14757	0
34749	lookup	9350	0
34750	calc	6112	0
34751	calc	9849	0
34752	lookup	10591	0
34753	lookup	1192	0
34754	abstain_everyday	4695	0
34755	calc	5374	0
34756	calc	15160	0
34757	calc	7243	1
34758	lookup	3620	0
34759	calc	532	0
34760	calc	2748	0
34761	calc	1560	0
34762	calc	6389	0
34763	lookup	2952	0
34764	lookup	11873	0
34765	abstain_everyday	375	0
34766	lookup	6542	0
34767	lookup	10871	0
34768	calc	11678	0
34769	calc	8145	0
34770	calc	16836	0
34771	calc	3220	0
34772	lookup	10584	0
34773	calc	17148	0
34774	calc	12285	0
34775	abstain_everyday	3632	0
34776	lookup	2518	0
34777	calc	16920	0
34778	lookup	4250	0
34779	calc	4629	0
34780	calc	1669	0
34781	lookup	9806	0
34782	calc	1554	0
34783	abstain_everyday	5112	0
34784	calc	13588	0
34785	calc	10301	0
34786	lookup	1266	0
34787	lookup	10610	0
34788	lookup	1037	0
34789	lookup	5454	0
34790	calc	3562	0
34791	calc	13470	0
34792	abstain_everyday	2499	0
34793	calc	19904	0
34794	calc	15934	0
34795	calc	19905	0
34796	calc	5084	0
34797	abstain_everyday	4270	0
34798	abstain_everyday	5025	0
34799	calc	4787	0
34800	calc	4912	0
34801	lookup	3262	0
34802	calc	2062	0
34803	lookup	6741	0
34804	lookup	1659	0
34805	calc	8598	0
34806	lookup	6789	0
34807	lookup	9371	0
34808	calc	3039	0
34809	lookup	2442	0
34810	calc	12106	0
34811	calc	15376	0
34812	calc	7445	0
34813	calc	15754	0
34814	abstain_everyday	730	0
34815	abstain_everyday	358	0
34816	calc	8928	0
34817	calc	6069	0
34818	calc	6303	0
34819	abstain_everyday	757	0
34820	calc	12830	0
34821	lookup	6321	0
34822	calc	12310	0
34823	lookup	6034	0
34824	lookup	4796	0
34825	calc	17403	0
34826	calc	18316	0
34827	calc	9418	0
34828	calc	2988	0
34829	abstain_everyday	2133	0
34830	calc	4089	0
34831	calc	2766	0
34832	calc	19202	0
34833	calc	6163	0
34834	abstain_everyday	895	0
34835	calc	14448	0
34836	calc	17798	0
34837	abstain_everyday	2175	0
34838	calc	1307	0
34839	calc	7598	0
34840	lookup	6481	0
34841	lookup	9171	0
34842	lookup	2206	0
34843	calc	7164	0
34844	lookup	57	0
34845	lookup	4719	0
34846	abstain_everyday	5208	0
34847	lookup	6219	0
34848	calc	2859	0
34849	lookup	8337	0
34850	abstain_everyday	2088	0
34851	calc	20727	0
34852	lookup	5101	0
34853	calc	9458	0
34854	abstain_everyday	2758	0
34855	calc	1142	0
34856	calc	15127	0
34857	calc	20620	0
34858	calc	20805	0
34859	abstain_everyday	4438	0
34860	abstain_everyday	3563	0
34861	abstain_everyday	4182	0
34862	lookup	2380	0
34863	calc	11441	0
34864	calc	10389	0
34865	calc	12299	0
34866	calc	11310	1
34867	calc	14341	0
34868	calc	8365	0
34869	lookup	3186	0
34870	lookup	8974	0
34871	lookup	2753	0
34872	abstain_everyday	5638	0
34873	lookup	11705	0
34874	abstain_everyday	4507	0
34875	calc	5431	0
34876	abstain_everyday	2032	0
34877	lookup	6301	0
34878	calc	17200	1
34879	calc	10106	0
34880	lookup	1286	0
34881	abstain_everyday	3742	0
34882	calc	16549	0
34883	calc	15118	0
34884	lookup	10274	0
34885	calc	15086	0
34886	calc	13306	0
34887	calc	14361	0
34888	lookup	1327	0
34889	calc	988	0
34890	calc	5835	0
34891	lookup	1336	0
34892	lookup	2070	0
34893	calc	8589	0
34894	calc	17448	0
34895	calc	1027	0
34896	abstain_everyday	2170	0
34897	calc	2847	0
34898	calc	2871	0
34899	abstain_everyday	550	0
34900	calc	4726	0
34901	calc	14389	0
34902	calc	1736	0
34903	lookup	8451	0
34904	calc	19164	1
34905	calc	12104	0
34906	lookup	5155	0
34907	lookup	10369	0
34908	calc	5573	0
34909	lookup	8067	0
34910	calc	766	0
34911	calc	296	0
34912	calc	2946	0
34913	calc	11336	0
34914	abstain_everyday	1640	0
34915	calc	15054	0
34916	calc	7858	0
34917	calc	13380	0
34918	calc	18921	0
34919	lookup	12134	0
34920	calc	482	0
34921	lookup	6260	0
34922	calc	18704	0
34923	calc	10271	0
34924	calc	7113	0
34925	calc	12907	0
34926	lookup	9319	0
34927	lookup	11317	0
34928	calc	20401	0
34929	lookup	6255	0
34930	abstain_everyday	85	0
34931	calc	15172	0
34932	lookup	11888	0
34933	lookup	4920	0
34934	lookup	1297	0
34935	calc	19798	0
34936	lookup	2911	0
34937	lookup	1958	0
34938	calc	1671	0
34939	lookup	9686	0
34940	calc	14344	0
34941	calc	15099	0
34942	lookup	2546	0
34943	calc	20164	0
34944	calc	20852	0
34945	calc	20274	0
34946	lookup	2494	0
34947	abstain_everyday	5410	0
34948	calc	19127	0
34949	abstain_everyday	4727	0
34950	calc	19818	0
34951	lookup	12151	0
34952	calc	4487	0
34953	calc	19227	0
34954	lookup	11192	0
34955	calc	3884	0
34956	calc	3261	0
34957	lookup	8020	0
34958	lookup	7424	0
34959	abstain_everyday	970	0
34960	calc	11037	0
34961	calc	15402	0
34962	calc	15540	0
34963	lookup	6696	0
34964	calc	16873	0
34965	calc	13818	0
34966	calc	694	0
34967	calc	20177	0
34968	calc	14626	0
34969	calc	11221	0
34970	calc	10309	0
34971	abstain_everyday	5258	0
34972	lookup	2223	0
34973	lookup	9294	0
34974	lookup	12781	0
34975	lookup	12835	0
34976	calc	12885	0
34977	calc	17876	0
34978	lookup	1997	0
34979	calc	1336	0
34980	lookup	6812	0
34981	lookup	3120	0
34982	calc	15519	0
34983	calc	2694	0
34984	calc	16038	1
34985	calc	14377	0
34986	calc	9243	0
34987	abstain_everyday	1092	0
34988	lookup	7764	0
34989	calc	4113	0
34990	lookup	1070	0
34991	calc	8966	1
34992	calc	17514	0
34993	calc	20260	1
34994	lookup	2982	0
34995	calc	3310	0
34996	lookup	3427	0
34997	abstain_everyday	1413	0
34998	lookup	1594	0
34999	abstain_everyday	5566	0
35000	lookup	11209	0
35001	lookup	5889	0
35002	lookup	11197	0
35003	calc	8466	0
35004	calc	20749	0
35005	abstain_everyday	838	0
35006	calc	4345	0
35007	lookup	4737	0
35008	abstain_everyday	4850	0
35009	calc	10842	0
35010	calc	12254	0
35011	calc	7536	0
35012	calc	6865	0
35013	lookup	10286	0
35014	abstain_everyday	5616	0
35015	abstain_everyday	3112	0
35016	lookup	1367	0
35017	lookup	431	0
35018	lookup	1322	0
35019	lookup	8007	0
35020	calc	5816	0
35021	calc	20691	0
35022	abstain_everyday	3341	0
35023	lookup	6089	0
35024	calc	1519	0
35025	abstain_everyday	164	0
35026	calc	4575	0
35027	calc	18897	0
35028	calc	7294	0
35029	calc	6736	0
35030	calc	10058	0
35031	abstain_everyday	5610	0
35032	lookup	248	0
35033	calc	14375	0
35034	abstain_everyday	1244	0
35035	calc	14955	0
35036	lookup	3407	0
35037	lookup	245	0
35038	calc	11711	0
35039	lookup	12128	0
35040	calc	6007	0
35041	calc	3558	0
35042	calc	3705	0
35043	calc	16959	0
35044	calc	5383	0
35045	lookup	2097	0
35046	lookup	6946	0
35047	lookup	5452	0
35048	calc	17736	0
35049	lookup	1492	0
35050	calc	15447	0
35051	lookup	6924	0
35052	lookup	1588	0
35053	calc	18050	0
35054	abstain_everyday	1142	0
35055	calc	12896	0
35056	calc	17449	0
35057	lookup	3456	0
35058	calc	9493	0
35059	lookup	5887	0
35060	lookup	8194	0
35061	calc	8937	0
35062	calc	3163	0
35063	calc	12673	0
35064	calc	14426	1
35065	lookup	11070	0
35066	calc	13393	0
35067	calc	20553	0
35068	abstain_everyday	4237	0
35069	lookup	5589	0
35070	abstain_everyday	1404	0
35071	calc	15080	0
35072	calc	10251	0
35073	abstain_everyday	5263	0
35074	calc	18824	0
35075	calc	6198	0
35076	calc	5594	0
35077	calc	15364	0
35078	calc	9973	0
35079	calc	10903	0
35080	calc	748	0
35081	calc	14358	0
35082	lookup	5731	0
35083	calc	9547	0
35084	calc	17668	0
35085	calc	329	0
35086	lookup	7719	0
35087	calc	2840	0
35088	calc	11229	0
35089	calc	15270	0
35090	calc	1470	0
35091	abstain_everyday	765	0
35092	calc	6535	0
35093	calc	14353	1
35094	lookup	745	0
35095	calc	10211	0
35096	lookup	1644	0
35097	calc	11002	0
35098	calc	20336	0
35099	lookup	1248	0
35100	lookup	5015	0
35101	calc	15721	0
35102	lookup	6986	0
35103	calc	14312	1
35104	lookup	2035	0
35105	lookup	12853	0
35106	calc	14512	0
35107	calc	14391	0
35108	lookup	1636	0
35109	calc	16051	0
35110	calc	2208	0
35111	calc	17605	0
35112	abstain_everyday	217	0
35113	calc	17446	0
35114	calc	9820	0
35115	lookup	8602	0
35116	calc	16700	1
35117	calc	16152	0
35118	lookup	2858	0
35119	calc	18968	0
35120	calc	11780	0
35121	abstain_everyday	2545	0
35122	calc	14073	0
35123	calc	14150	0
35124	calc	1135	0
35125	calc	15624	0
35126	lookup	6387	0
35127	lookup	12469	0
35128	calc	6392	0
35129	calc	4384	0
35130	calc	8521	0
35131	calc	20625	0
35132	calc	6977	1
35133	calc	19781	0
35134	calc	14832	0
35135	abstain_everyday	857	0
35136	lookup	3856	0
35137	abstain_everyday	4903	0
35138	calc	2160	0
35139	abstain_everyday	1759	0
35140	calc	13852	0
35141	calc	4161	0
35142	abstain_everyday	1359	0
35143	calc	12309	0
35144	calc	17812	0
35145	calc	18620	0
35146	abstain_everyday	3287	0
35147	calc	17819	0
35148	calc	4123	0
35149	abstain_everyday	678	0
35150	calc	10864	0
35151	lookup	3787	0
35152	abstain_everyday	2144	0
35153	lookup	4456	0
35154	calc	19652	0
35155	calc	8193	0
35156	lookup	11762	0
35157	calc	288	0
35158	calc	13033	0
35159	abstain_everyday	2553	0
35160	calc	6418	0
35161	lookup	3696	0
35162	calc	11928	0
35163	calc	10195	0
35164	abstain_everyday	51	0
35165	lookup	3101	0
35166	calc	3036	0
35167	calc	1148	0
35168	calc	1746	0
35169	lookup	226	0
35170	calc	14731	0
35171	calc	16688	1
35172	abstain_everyday	2669	0
35173	calc	18571	0
35174	calc	3013	0
35175	calc	13604	0
35176	calc	5962	0
35177	lookup	12403	0
35178	calc	18343	0
35179	calc	6917	0
35180	calc	12942	0
35181	calc	3252	0
35182	calc	18295	0
35183	calc	5692	0
35184	lookup	8148	0
35185	abstain_everyday	1067	0
35186	calc	1051	0
35187	calc	13301	0
35188	calc	16304	0
35189	lookup	6663	0
35190	calc	13215	1
35191	lookup	10247	0
35192	abstain_everyday	5254	0
35193	abstain_everyday	1287	0
35194	calc	242	0
35195	calc	10023	0
35196	lookup	3673	0
35197	calc	13839	0
35198	calc	9610	0
35199	abstain_everyday	2753	0
35200	abstain_everyday	4074	0
35201	abstain_everyday	4191	0
35202	lookup	5231	0
35203	calc	12274	0
35204	calc	8448	0
35205	calc	12173	0
35206	abstain_everyday	5393	0
35207	calc	2421	0
35208	calc	6308	0
35209	calc	15707	0
35210	lookup	9860	0
35211	abstain_everyday	1397	0
35212	lookup	12038	0
35213	calc	17918	0
35214	lookup	5965	0
35215	calc	11444	0
35216	lookup	3238	0
35217	calc	4558	0
35218	calc	15913	0
35219	calc	2751	0
35220	calc	1	0
35221	lookup	3258	0
35222	calc	18384	0
35223	calc	8160	0
35224	lookup	11063	0
35225	lookup	3156	0
35226	abstain_everyday	2351	0
35227	lookup	967	0
35228	abstain_everyday	1502	0
35229	calc	11611	0
35230	lookup	10243	0
35231	calc	19058	0
35232	abstain_everyday	2373	0
35233	abstain_everyday	3538	0
35234	calc	14976	0
35235	calc	12059	0
35236	abstain_everyday	1830	0
35237	lookup	7907	0
35238	calc	2591	0
35239	lookup	6469	0
35240	calc	11941	0
35241	calc	2543	0
35242	calc	11794	0
35243	calc	6089	0
35244	calc	2511	0
35245	calc	20225	0
35246	lookup	6154	0
35247	lookup	8478	0
35248	lookup	7656	0
35249	lookup	6442	0
35250	lookup	861	0
35251	calc	16373	0
35252	calc	5416	0
35253	calc	16732	0
35254	lookup	9074	0
35255	calc	20282	0
35256	abstain_everyday	2671	0
35257	lookup	8099	0
35258	lookup	5616	0
35259	lookup	4430	0
35260	calc	20621	0
35261	calc	2186	0
35262	calc	2618	0
35263	calc	2053	0
35264	calc	20651	0
35265	lookup	1742	0
35266	calc	5468	0
35267	abstain_everyday	4899	0
35268	lookup	6342	0
35269	calc	1816	0
35270	lookup	8945	0
35271	lookup	3535	0
35272	lookup	7988	0
35273	calc	10150	0
35274	calc	7330	0
35275	calc	20511	0
35276	calc	18759	0
35277	calc	551	0
35278	lookup	4056	0
35279	lookup	9726	0
35280	lookup	8355	0
35281	lookup	6673	0
35282	lookup	4300	0
35283	calc	20339	0
35284	calc	17657	0
35285	calc	17506	0
35286	calc	806	0
35287	calc	10298	0
35288	calc	3629	0
35289	lookup	4401	0
35290	abstain_everyday	1726	0
35291	lookup	9317	0
35292	abstain_everyday	4618	0
35293	calc	43	0
35294	lookup	11993	0
35295	calc	587	0
35296	calc	6788	0
35297	lookup	1153	0
35298	lookup	9960	0
35299	abstain_everyday	4894	0
35300	abstain_everyday	3395	0
35301	calc	17117	0
35302	abstain_everyday	2623	0
35303	abstain_everyday	4041	0
35304	lookup	3870	0
35305	abstain_everyday	538	0
35306	lookup	8896	0
35307	lookup	4425	0
35308	calc	8567	0
35309	lookup	4708	0
35310	lookup	467	0
35311	lookup	4364	0
35312	abstain_everyday	2468	0
35313	lookup	12454	0
35314	calc	20533	0
35315	calc	18650	1
35316	calc	9892	0
35317	abstain_everyday	3751	0
35318	abstain_everyday	5633	0
35319	calc	5716	0
35320	abstain_everyday	1711	0
35321	calc	12068	0
35322	lookup	4209	0
35323	lookup	8695	0
35324	calc	18777	0
35325	abstain_everyday	2518	0
35326	lookup	664	0
35327	calc	19759	0
35328	calc	16802	0
35329	calc	2677	0
35330	abstain_everyday	4291	0
35331	calc	6041	0
35332	abstain_everyday	564	0
35333	lookup	4156	0
35334	lookup	4859	0
35335	lookup	674	0
35336	calc	18002	0
35337	calc	4344	0
35338	lookup	7039	0
35339	lookup	3539	0
35340	lookup	6474	0
35341	calc	14283	0
35342	abstain_everyday	1506	0
35343	lookup	379	0
35344	lookup	9485	0
35345	calc	8739	0
35346	lookup	10595	0
35347	calc	16178	0
35348	abstain_everyday	4338	0
35349	lookup	9154	0
35350	calc	13828	0
35351	calc	11080	0
35352	lookup	9155	0
35353	lookup	3865	0
35354	abstain_everyday	553	0
35355	calc	8545	0
35356	abstain_everyday	1585	0
35357	lookup	11941	0
35358	lookup	12462	0
35359	lookup	12650	0
35360	calc	18530	0
35361	calc	12553	0
35362	calc	2867	0
35363	calc	19596	0
35364	calc	7511	0
35365	calc	10992	0
35366	calc	17471	0
35367	calc	8192	0
35368	calc	6157	0
35369	calc	15763	0
35370	lookup	8479	0
35371	lookup	21	0
35372	lookup	48	0
35373	calc	8497	0
35374	abstain_everyday	638	0
35375	lookup	6047	0
35376	abstain_everyday	128	0
35377	lookup	1582	0
35378	abstain_everyday	253	0
35379	calc	4748	0
35380	lookup	10812	0
35381	lookup	2740	0
35382	calc	8388	0
35383	calc	11432	0
35384	lookup	10941	0
35385	abstain_everyday	5107	0
35386	calc	18301	1
35387	calc	4901	0
35388	calc	17097	0
35389	calc	20509	0
35390	calc	3866	0
35391	calc	11213	0
35392	calc	8783	0
35393	calc	12816	0
35394	calc	9512	0
35395	lookup	11542	0
35396	calc	14917	0
35397	lookup	7058	0
35398	abstain_everyday	862	0
35399	lookup	1656	0
35400	lookup	8938	0
35401	lookup	3375	0
35402	calc	405	0
35403	calc	16786	0
35404	calc	10783	0
35405	calc	18418	0
35406	lookup	8438	0
35407	calc	4284	0
35408	lookup	11137	0
35409	lookup	1532	0
35410	lookup	4044	0
35411	calc	12581	0
35412	lookup	6355	0
35413	lookup	2364	0
35414	calc	12195	0
35415	calc	3726	0
35416	lookup	9431	0
35417	calc	12375	0
35418	abstain_everyday	1089	0
35419	calc	13832	0
35420	lookup	9895	0
35421	lookup	10410	0
35422	calc	13085	0
35423	lookup	4083	0
35424	calc	5778	0
35425	calc	3085	0
35426	lookup	11090	0
35427	abstain_everyday	3224	0
35428	calc	7937	0
35429	lookup	9339	0
35430	calc	7657	0
35431	lookup	956	0
35432	lookup	6715	0
35433	lookup	2785	0
35434	abstain_everyday	2317	0
35435	calc	9063	0
35436	calc	962	0
35437	abstain_everyday	4940	0
35438	lookup	7778	0
35439	calc	68	0
35440	lookup	8310	0
35441	lookup	12002	0
35442	calc	12400	0
35443	lookup	10374	0
35444	abstain_everyday	4621	0
35445	lookup	11896	0
35446	calc	12332	1
35447	calc	6572	0
35448	abstain_everyday	3267	0
35449	calc	8610	0
35450	lookup	7871	0
35451	lookup	6371	0
35452	calc	837	0
35453	calc	3269	0
35454	lookup	9474	0
35455	abstain_everyday	5218	0
35456	calc	4108	0
35457	calc	2024	0
35458	lookup	1574	0
35459	calc	4938	0
35460	lookup	2734	0
35461	calc	1635	1
35462	calc	14242	0
35463	calc	14689	0
35464	calc	7551	0
35465	calc	3121	0
35466	abstain_everyday	5550	0
35467	calc	20644	0
35468	lookup	665	0
35469	calc	2318	0
35470	calc	10525	0
35471	calc	1751	0
35472	calc	2836	0
35473	calc	8189	0
35474	lookup	4504	0
35475	abstain_everyday	186	0
35476	abstain_everyday	3166	0
35477	abstain_everyday	3338	0
35478	calc	2612	0
35479	abstain_everyday	5065	0
35480	calc	8994	0
35481	lookup	9962	0
35482	lookup	1716	0
35483	calc	16432	0
35484	calc	6255	0
35485	lookup	4970	0
35486	lookup	3347	0
35487	calc	12768	0
35488	calc	1976	0
35489	calc	16976	0
35490	calc	13679	0
35491	calc	15	0
35492	lookup	10578	0
35493	calc	4856	0
35494	abstain_everyday	3618	0
35495	abstain_everyday	1039	0
35496	calc	855	0
35497	calc	289	0
35498	calc	602	0
35499	lookup	8756	0
35500	calc	2355	0
35501	calc	12659	0
35502	lookup	4955	0
35503	abstain_everyday	3455	0
35504	abstain_everyday	1090	0
35505	calc	11636	0
35506	abstain_everyday	1646	0
35507	calc	5333	0
35508	lookup	5810	0
35509	calc	9956	0
35510	lookup	10341	0
35511	lookup	12576	0
35512	lookup	9255	0
35513	calc	3871	0
35514	calc	5821	0
35515	calc	4322	0
35516	lookup	2759	0
35517	abstain_everyday	4198	0
35518	lookup	11999	0
35519	calc	6005	0
35520	calc	9456	0
35521	lookup	1744	0
35522	lookup	7891	0
35523	lookup	6832	0
35524	calc	12600	1
35525	lookup	1987	0
35526	calc	7585	0
35527	calc	9922	1
35528	calc	14550	0
35529	lookup	3131	0
35530	abstain_everyday	4988	0
35531	calc	14091	0
35532	abstain_everyday	5826	0
35533	lookup	10173	0
35534	lookup	1246	0
35535	abstain_everyday	5206	0
35536	calc	7142	1
35537	lookup	9722	0
35538	calc	12922	0
35539	lookup	7461	0
35540	lookup	2541	0
35541	calc	14591	0
35542	calc	14606	0
35543	abstain_everyday	5685	0
35544	calc	2581	0
35545	lookup	3694	0
35546	calc	8044	0
35547	calc	20784	0
35548	lookup	10000	0
35549	abstain_everyday	4047	0
35550	lookup	8300	0
35551	calc	5748	0
35552	calc	11757	0
35553	calc	9349	0
35554	calc	16612	0
35555	calc	2546	0
35556	calc	15556	0
35557	calc	331	0
35558	calc	5469	0
35559	calc	8812	0
35560	calc	10802	0
35561	abstain_everyday	1346	0
35562	lookup	10345	0
35563	abstain_everyday	332	0
35564	lookup	4887	0
35565	abstain_everyday	5567	0
35566	calc	8262	0
35567	lookup	789	0
35568	calc	6989	0
35569	calc	14450	0
35570	calc	20353	0
35571	lookup	5420	0
35572	calc	3662	0
35573	lookup	7093	0
35574	lookup	6381	0
35575	lookup	4630	0
35576	calc	19884	0
35577	lookup	6956	0
35578	calc	11401	0
35579	abstain_everyday	3231	0
35580	calc	13834	0
35581	calc	11067	0
35582	calc	1457	0
35583	lookup	2098	0
35584	calc	8651	0
35585	calc	1158	0
35586	calc	16332	0
35587	lookup	3395	0
35588	lookup	5790	0
35589	lookup	3569	0
35590	lookup	12423	0
35591	lookup	4871	0
35592	calc	15848	0
35593	lookup	5661	0
35594	abstain_everyday	1284	0
35595	calc	6629	0
35596	calc	732	1
35597	calc	2243	1
35598	lookup	8776	0
35599	calc	5195	0
35600	abstain_everyday	3940	0
35601	lookup	11899	0
35602	calc	19021	0
35603	calc	12343	0
35604	lookup	10112	0
35605	calc	5202	0
35606	calc	1065	0
35607	lookup	7352	0
35608	calc	18727	0
35609	calc	7388	0
35610	lookup	12452	0
35611	abstain_everyday	820	0
35612	lookup	7501	0
35613	calc	576	0
35614	calc	597	0
35615	calc	26	0
35616	calc	6241	0
35617	calc	17536	0
35618	calc	159	0
35619	abstain_everyday	3926	0
35620	calc	19525	0
35621	abstain_everyday	1420	0
35622	calc	2055	0
35623	abstain_everyday	5225	0
35624	lookup	11629	0
35625	calc	10297	0
35626	calc	4866	0
35627	calc	4168	0
35628	calc	10081	0
35629	calc	11064	0
35630	calc	15353	0
35631	calc	12947	0
35632	abstain_everyday	4840	0
35633	calc	5868	0
35634	abstain_everyday	5621	0
35635	lookup	7617	0
35636	calc	4085	0
35637	abstain_everyday	4979	0
35638	calc	20512	0
35639	lookup	3269	0
35640	calc	6427	1
35641	calc	28	0
35642	lookup	2667	0
35643	lookup	11056	0
35644	calc	1003	0
35645	lookup	4646	0
35646	calc	11187	0
35647	lookup	6236	0
35648	calc	18692	0
35649	abstain_everyday	5226	0
35650	abstain_everyday	2466	0
35651	abstain_everyday	2235	0
35652	lookup	892	0
35653	lookup	395	0
35654	calc	5711	0
35655	calc	6567	0
35656	lookup	11574	0
35657	calc	2826	0
35658	abstain_everyday	1251	0
35659	lookup	11381	0
35660	calc	12033	0
35661	lookup	6265	0
35662	calc	2590	0
35663	lookup	9578	0
35664	lookup	7022	0
35665	calc	8185	0
35666	lookup	8979	0
35667	lookup	10419	0
35668	calc	5746	0
35669	lookup	7408	0
35670	abstain_everyday	498	0
35671	calc	11321	0
35672	lookup	609	0
35673	calc	14596	1
35674	calc	8056	0
35675	calc	13357	0
35676	lookup	11738	0
35677	calc	9192	0
35678	lookup	1168	0
35679	calc	20618	0
35680	calc	17965	0
35681	lookup	9776	0
35682	calc	11059	0
35683	calc	13171	0
35684	abstain_everyday	5691	0
35685	calc	4505	0
35686	calc	2495	0
35687	lookup	10336	0
35688	calc	6102	0
35689	calc	16124	0
35690	calc	3637	0
35691	lookup	628	0
35692	lookup	6281	0
35693	calc	7968	0
35694	lookup	8892	0
35695	abstain_everyday	1626	0
35696	lookup	1986	0
35697	calc	1121	1
35698	lookup	2043	0
35699	calc	5434	0
35700	abstain_everyday	5074	0
35701	lookup	11958	0
35702	abstain_everyday	742	0
35703	calc	13289	0
35704	lookup	5997	0
35705	lookup	10916	0
35706	lookup	9706	0
35707	abstain_everyday	4845	0
35708	calc	15421	0
35709	calc	17465	0
35710	lookup	5113	0
35711	calc	12894	0
35712	abstain_everyday	2951	0
35713	calc	785	0
35714	lookup	7347	0
35715	calc	8452	0
35716	calc	15279	0
35717	calc	6544	0
35718	lookup	280	0
35719	calc	4315	1
35720	calc	4403	0
35721	lookup	5637	0
35722	calc	20437	0
35723	calc	6915	0
35724	calc	4159	0
35725	calc	14526	0
35726	abstain_everyday	168	0
35727	calc	14787	0
35728	calc	2531	0
35729	calc	1638	0
35730	lookup	8303	0
35731	lookup	564	0
35732	lookup	1180	0
35733	calc	6463	0
35734	calc	6174	0
35735	calc	16912	0
35736	calc	18294	0
35737	calc	16366	0
35738	lookup	1602	0
35739	calc	4295	0
35740	calc	9066	0
35741	lookup	4978	0
35742	lookup	8191	0
35743	lookup	6845	0
35744	calc	12287	0
35745	abstain_everyday	659	0
35746	calc	15042	0
35747	lookup	324	0
35748	lookup	8000	0
35749	calc	4816	1
35750	calc	8569	0
35751	lookup	1163	0
35752	calc	3764	0
35753	calc	5133	0
35754	lookup	2586	0
35755	lookup	9413	0
35756	lookup	2680	0
35757	calc	16342	0
35758	lookup	9682	0
35759	calc	2713	0
35760	lookup	9376	0
35761	lookup	8343	0
35762	calc	19466	0
35763	calc	14511	0
35764	calc	6400	0
35765	lookup	9454	0
35766	calc	6561	0
35767	calc	20065	0
35768	calc	2084	0
35769	abstain_everyday	1548	0
35770	lookup	11324	0
35771	calc	11837	0
35772	calc	9459	0
35773	calc	5425	0
35774	calc	20224	0
35775	abstain_everyday	3047	0
35776	abstain_everyday	2090	0
35777	abstain_everyday	627	0
35778	calc	14024	0
35779	calc	12511	0
35780	calc	13364	0
35781	calc	19315	0
35782	calc	16351	0
35783	calc	5329	0
35784	lookup	9313	0
35785	calc	8299	0
35786	lookup	9072	0
35787	calc	6978	0
35788	lookup	2346	0
35789	calc	638	0
35790	lookup	5967	0
35791	calc	2004	0
35792	lookup	8374	0
35793	calc	202	0
35794	calc	9804	0
35795	abstain_everyday	3875	0
35796	calc	14423	0
35797	abstain_everyday	5215	0
35798	lookup	7781	0
35799	abstain_everyday	235	0
35800	lookup	3176	0
35801	calc	10163	0
35802	calc	15890	0
35803	calc	18445	0
35804	calc	8910	0
35805	calc	10825	0
35806	calc	18998	0
35807	lookup	1861	0
35808	calc	13705	0
35809	calc	15301	0
35810	calc	9061	0
35811	calc	1695	0
35812	calc	12062	0
35813	lookup	4181	0
35814	lookup	7206	0
35815	calc	13602	0
35816	lookup	6309	0
35817	abstain_everyday	3248	0
35818	calc	15196	0
35819	abstain_everyday	5109	0
35820	calc	18261	0
35821	calc	6528	0
35822	calc	9711	0
35823	calc	10486	0
35824	calc	7407	0
35825	calc	20441	0
35826	calc	5199	0
35827	calc	4852	0
35828	calc	1643	0
35829	calc	11542	1
35830	calc	9165	0
35831	lookup	3036	0
35832	lookup	8683	0
35833	calc	19940	0
35834	abstain_everyday	4424	0
35835	lookup	12816	0
35836	lookup	7665	0
35837	lookup	6572	0
35838	calc	9205	0
35839	abstain_everyday	1875	0
35840	calc	9215	0
35841	lookup	10962	0
35842	calc	16868	0
35843	lookup	7995	0
35844	calc	5705	0
35845	lookup	4016	0
35846	calc	11393	0
35847	calc	9159	0
35848	calc	18138	0
35849	calc	7942	0
35850	calc	2969	0
35851	calc	15898	0
35852	abstain_everyday	1350	0
35853	calc	16881	0
35854	calc	6461	0
35855	calc	788	0
35856	lookup	9251	0
35857	calc	16950	0
35858	abstain_everyday	1082	0
35859	lookup	12717	0
35860	abstain_everyday	4353	0
35861	calc	14300	0
35862	abstain_everyday	4982	0
35863	lookup	2966	0
35864	calc	14392	1
35865	calc	10540	0
35866	calc	13973	0
35867	abstain_everyday	3117	0
35868	abstain_everyday	2352	0
35869	lookup	916	0
35870	calc	10351	0
35871	calc	17571	0
35872	calc	5130	0
35873	calc	11412	0
35874	calc	19225	0
35875	calc	20761	0
35876	abstain_everyday	859	0
35877	calc	20717	0
35878	lookup	4801	0
35879	calc	13297	0
35880	calc	16294	1
35881	calc	11416	0
35882	abstain_everyday	4474	0
35883	lookup	1745	0
35884	lookup	4738	0
35885	lookup	9152	0
35886	lookup	5797	0
35887	lookup	4306	0
35888	calc	2353	0
35889	calc	5543	0
35890	lookup	1853	0
35891	lookup	3337	0
35892	calc	12532	0
35893	abstain_everyday	5777	0
35894	lookup	5401	0
35895	calc	8748	0
35896	calc	12297	0
35897	lookup	965	0
35898	lookup	1538	0
35899	calc	5491	0
35900	lookup	1929	0
35901	lookup	5152	0
35902	calc	4456	0
35903	calc	9250	0
35904	lookup	11488	0
35905	calc	3359	0
35906	calc	19866	0
35907	lookup	11467	0
35908	calc	5922	0
35909	lookup	6434	0
35910	calc	20724	0
35911	lookup	911	0
35912	calc	1901	0
35913	lookup	8574	0
35914	calc	7897	0
35915	lookup	4091	0
35916	calc	7429	0
35917	lookup	9122	0
35918	abstain_everyday	978	0
35919	lookup	1136	0
35920	calc	774	0
35921	lookup	4515	0
35922	calc	100	0
35923	calc	19900	0
35924	calc	7246	0
35925	calc	2925	0
35926	lookup	7199	0
35927	lookup	9816	0
35928	lookup	17	0
35929	lookup	2807	0
35930	lookup	9049	0
35931	calc	19666	0
35932	calc	20519	0
35933	calc	14778	0
35934	abstain_everyday	3080	0
35935	abstain_everyday	1686	0
35936	lookup	11420	0
35937	calc	20932	0
35938	calc	12177	0
35939	calc	18153	0
35940	abstain_everyday	2837	0
35941	lookup	2301	0
35942	calc	1757	0
35943	calc	7521	0
35944	calc	3279	0
35945	calc	10894	0
35946	calc	4103	0
35947	calc	19860	0
35948	calc	16400	0
35949	calc	11534	0
35950	calc	13099	0
35951	calc	1245	0
35952	calc	14359	0
35953	lookup	8597	0
35954	calc	12588	0
35955	calc	11936	0
35956	calc	7663	0
35957	calc	5172	1
35958	calc	17986	0
35959	lookup	3341	0
35960	abstain_everyday	1615	0
35961	lookup	7749	0
35962	calc	4977	0
35963	lookup	6626	0
35964	calc	455	0
35965	calc	15318	0
35966	abstain_everyday	993	0
35967	calc	3573	0
35968	lookup	10392	0
35969	calc	6605	0
35970	calc	3941	0
35971	lookup	4020	0
35972	lookup	3080	0
35973	calc	18920	0
35974	lookup	5565	0
35975	lookup	11354	0
35976	calc	8360	0
35977	lookup	1939	0
35978	abstain_everyday	5774	0
35979	calc	8355	0
35980	lookup	11347	0
35981	calc	16023	0
35982	calc	1513	0
35983	lookup	10990	0
35984	abstain_everyday	4669	0
35985	abstain_everyday	2153	0
35986	abstain_everyday	5593	0
35987	calc	1101	0
35988	calc	6180	0
35989	lookup	5477	0
35990	abstain_everyday	1389	0
35991	calc	2054	0
35992	calc	3463	0
35993	calc	15627	0
35994	calc	5472	1
35995	calc	731	0
35996	calc	9012	0
35997	calc	7031	0
35998	lookup	384	0
35999	calc	13862	0
36000	calc	15659	0
36001	abstain_everyday	2752	0
36002	calc	11280	0
36003	lookup	2202	0
36004	lookup	12400	0
36005	calc	16394	0
36006	lookup	6742	0
36007	calc	13484	0
36008	calc	12625	0
36009	calc	20331	0
36010	abstain_everyday	3081	0
36011	abstain_everyday	27	0
36012	lookup	9558	0
36013	lookup	3209	0
36014	calc	12370	0
36015	calc	12130	0
36016	lookup	5051	0
36017	calc	8477	1
36018	abstain_everyday	4280	0
36019	lookup	4992	0
36020	calc	2394	0
36021	lookup	7683	0
36022	abstain_everyday	1521	0
36023	calc	8600	0
36024	calc	12585	0
36025	lookup	1295	0
36026	abstain_everyday	2824	0
36027	calc	2566	0
36028	abstain_everyday	5749	0
36029	lookup	5144	0
36030	calc	14396	0
36031	lookup	3013	0
36032	calc	16791	1
36033	lookup	2975	0
36034	lookup	8824	0
36035	calc	6807	0
36036	calc	444	0
36037	calc	12903	0
36038	lookup	556	0
36039	lookup	8800	0
36040	calc	13102	0
36041	calc	911	1
36042	calc	14347	0
36043	calc	7664	0
36044	calc	18820	0
36045	lookup	657	0
36046	lookup	9801	0
36047	abstain_everyday	2104	0
36048	calc	3819	0
36049	calc	19859	0
36050	abstain_everyday	3752	0
36051	abstain_everyday	3714	0
36052	calc	11314	0
36053	lookup	1868	0
36054	calc	14218	0
36055	calc	14491	1
36056	lookup	11184	0
36057	lookup	9098	0
36058	calc	18464	0
36059	abstain_everyday	735	0
36060	calc	18146	0
36061	abstain_everyday	541	0
36062	lookup	6576	0
36063	calc	20516	0
36064	abstain_everyday	3992	0
36065	calc	20885	0
36066	calc	11844	1
36067	calc	18368	0
36068	abstain_everyday	2307	0
36069	lookup	9751	0
36070	calc	5892	0
36071	calc	12518	0
36072	lookup	6584	0
36073	calc	13340	0
36074	lookup	8092	0
36075	lookup	10047	0
36076	calc	255	0
36077	calc	12895	0
36078	lookup	2601	0
36079	lookup	8944	0
36080	calc	6108	0
36081	lookup	7917	0
36082	calc	14634	0
36083	calc	2750	0
36084	calc	7870	0
36085	calc	12670	0
36086	lookup	2228	0
36087	calc	10608	0
36088	lookup	2011	0
36089	abstain_everyday	26	0
36090	calc	11857	0
36091	lookup	12226	0
36092	calc	13827	0
36093	calc	4413	0
36094	abstain_everyday	2188	0
36095	calc	8880	0
36096	lookup	10612	0
36097	lookup	6769	0
36098	lookup	3929	0
36099	calc	6202	0
36100	calc	16271	0
36101	calc	14062	0
36102	calc	17311	0
36103	calc	4439	0
36104	abstain_everyday	3524	0
36105	lookup	2399	0
36106	calc	16047	0
36107	calc	12433	0
36108	calc	18321	0
36109	lookup	10851	0
36110	calc	7027	0
36111	calc	5465	0
36112	calc	2655	0
36113	calc	18898	0
36114	lookup	9512	0
36115	abstain_everyday	2706	0
36116	lookup	4903	0
36117	calc	19706	0
36118	lookup	1675	0
36119	abstain_everyday	2272	0
36120	calc	5601	0
36121	calc	14272	0
36122	lookup	9218	0
36123	calc	2894	0
36124	lookup	5339	0
36125	calc	12384	0
36126	calc	3673	0
36127	calc	16610	0
36128	lookup	1570	0
36129	calc	17152	0
36130	abstain_everyday	1086	0
36131	abstain_everyday	3132	0
36132	calc	5391	0
36133	calc	185	0
36134	lookup	1106	0
36135	calc	14053	0
36136	lookup	11459	0
36137	lookup	5149	0
36138	calc	2380	0
36139	calc	17012	1
36140	calc	19517	0
36141	abstain_everyday	2245	0
36142	calc	10493	0
36143	abstain_everyday	2195	0
36144	calc	17244	0
36145	calc	12893	0
36146	abstain_everyday	3171	0
36147	calc	16278	0
36148	lookup	3037	0
36149	calc	51	0
36150	calc	16558	0
36151	lookup	2355	0
36152	lookup	2531	0
36153	calc	222	0
36154	calc	5588	0
36155	lookup	5087	0
36156	calc	5082	0
36157	calc	12663	0
36158	lookup	7282	0
36159	calc	4354	1
36160	calc	4204	0
36161	calc	1458	0
36162	calc	18273	0
36163	lookup	2313	0
36164	calc	16439	0
36165	calc	7371	0
36166	lookup	4343	0
36167	calc	10728	0
36168	lookup	11498	0
36169	calc	15678	0
36170	calc	16079	0
36171	calc	19080	0
36172	calc	16584	0
36173	calc	1005	0
36174	calc	8124	0
36175	calc	7947	0
36176	calc	17388	0
36177	lookup	1124	0
36178	calc	17419	0
36179	lookup	4927	0
36180	lookup	8480	0
36181	calc	16575	0
36182	calc	5566	0
36183	calc	9923	0
36184	calc	7419	0
36185	calc	11109	0
36186	calc	16248	0
36187	calc	19055	0
36188	lookup	6193	0
36189	calc	1787	0
36190	lookup	7717	0
36191	calc	5975	0
36192	calc	13112	0
36193	lookup	4046	0
36194	calc	9660	0
36195	abstain_everyday	2266	0
36196	calc	16726	0
36197	calc	3089	0
36198	calc	20157	0
36199	lookup	10125	0
36200	calc	10772	0
36201	lookup	2861	0
36202	lookup	7547	0
36203	calc	19026	0
36204	calc	1993	0
36205	calc	20637	0
36206	lookup	1607	0
36207	calc	9054	0
36208	calc	1728	0
36209	calc	8765	0
36210	calc	9767	0
36211	calc	2976	0
36212	lookup	3405	0
36213	calc	8620	0
36214	calc	12555	0
36215	lookup	4026	0
36216	lookup	5921	0
36217	calc	11560	0
36218	lookup	5398	0
36219	calc	3427	0
36220	calc	6374	0
36221	calc	12207	0
36222	lookup	9471	0
36223	calc	19728	0
36224	lookup	3152	0
36225	calc	19673	0
36226	abstain_everyday	3689	0
36227	lookup	6765	0
36228	abstain_everyday	1469	0
36229	lookup	4665	0
36230	calc	6229	0
36231	lookup	9398	0
36232	calc	1801	0
36233	lookup	11530	0
36234	lookup	10459	0
36235	lookup	3944	0
36236	abstain_everyday	4385	0
36237	lookup	12484	0
36238	lookup	1186	0
36239	abstain_everyday	1186	0
36240	calc	12557	0
36241	lookup	12194	0
36242	abstain_everyday	5608	0
36243	lookup	8492	0
36244	calc	1029	0
36245	calc	4858	0
36246	calc	13216	1
36247	calc	2678	0
36248	abstain_everyday	5359	0
36249	calc	16588	0
36250	calc	9762	0
36251	lookup	3448	0
36252	calc	13700	0
36253	lookup	12147	0
36254	lookup	5194	0
36255	lookup	7189	0
36256	calc	6478	0
36257	calc	5786	0
36258	lookup	2617	0
36259	lookup	3270	0
36260	calc	20025	0
36261	lookup	2411	0
36262	abstain_everyday	3582	0
36263	calc	7524	0
36264	lookup	7480	0
36265	calc	9170	0
36266	calc	8653	0
36267	calc	13657	0
36268	lookup	9421	0
36269	abstain_everyday	2714	0
36270	lookup	9149	0
36271	calc	5867	0
36272	abstain_everyday	3115	0
36273	calc	18525	0
36274	abstain_everyday	556	0
36275	lookup	8031	0
36276	calc	9070	0
36277	abstain_everyday	4356	0
36278	lookup	6925	0
36279	calc	1033	0
36280	calc	2371	0
36281	calc	19384	0
36282	calc	1792	0
36283	lookup	5034	0
36284	calc	5481	0
36285	lookup	6917	0
36286	lookup	1835	0
36287	calc	7293	0
36288	calc	1182	0
36289	lookup	8535	0
36290	lookup	7400	0
36291	calc	13452	1
36292	calc	245	0
36293	calc	6161	0
36294	calc	11302	0
36295	calc	17092	0
36296	calc	13915	0
36297	calc	6662	0
36298	calc	16545	0
36299	lookup	1276	0
36300	abstain_everyday	2737	0
36301	calc	2094	0
36302	calc	6889	0
36303	abstain_everyday	227	0
36304	calc	12958	0
36305	lookup	3587	0
36306	calc	7061	0
36307	calc	15429	0
36308	abstain_everyday	3964	0
36309	calc	20093	0
36310	lookup	7923	0
36311	calc	5921	0
36312	calc	20941	0
36313	lookup	11784	0
36314	calc	8845	0
36315	calc	18233	0
36316	calc	8033	0
36317	lookup	6815	0
36318	calc	11796	0
36319	lookup	1546	0
36320	calc	10342	0
36321	calc	386	0
36322	calc	11784	0
36323	calc	11413	0
36324	lookup	1896	0
36325	lookup	7074	0
36326	calc	17623	0
36327	calc	14309	0
36328	calc	14592	0
36329	abstain_everyday	633	0
36330	calc	6519	0
36331	lookup	5165	0
36332	calc	18792	0
36333	lookup	10159	0
36334	calc	14824	0
36335	lookup	8129	0
36336	lookup	9644	0
36337	lookup	11200	0
36338	lookup	7455	0
36339	calc	17196	0
36340	calc	19275	0
36341	lookup	5978	0
36342	abstain_everyday	4318	0
36343	abstain_everyday	4435	0
36344	lookup	4726	0
36345	lookup	7328	0
36346	calc	83	0
36347	calc	1962	0
36348	lookup	6472	0
36349	calc	9915	0
36350	lookup	10861	0
36351	abstain_everyday	1814	0
36352	calc	3501	0
36353	abstain_everyday	791	0
36354	calc	10086	0
36355	calc	10347	0
36356	lookup	3917	0
36357	lookup	2189	0
36358	lookup	5275	0
36359	calc	15423	0
36360	lookup	76	0
36361	calc	3114	0
36362	calc	14691	0
36363	lookup	10770	0
36364	lookup	7573	0
36365	lookup	12219	0
36366	lookup	7184	0
36367	calc	19742	0
36368	calc	772	0
36369	calc	6967	0
36370	calc	15197	0
36371	calc	19764	0
36372	abstain_everyday	526	0
36373	calc	3494	1
36374	calc	12610	0
36375	calc	6768	0
36376	calc	15138	0
36377	calc	15748	0
36378	abstain_everyday	1113	0
36379	abstain_everyday	4575	0
36380	lookup	7229	0
36381	calc	1997	0
36382	calc	20411	0
36383	lookup	2507	0
36384	calc	3631	0
36385	calc	12647	0
36386	abstain_everyday	3046	0
36387	lookup	3240	0
36388	calc	828	0
36389	lookup	4100	0
36390	calc	6404	0
36391	abstain_everyday	2886	0
36392	calc	9207	0
36393	abstain_everyday	2263	0
36394	calc	13009	0
36395	lookup	12932	0
36396	lookup	2556	0
36397	lookup	7435	0
36398	abstain_everyday	5116	0
36399	lookup	1814	0
36400	lookup	213	0
36401	lookup	8029	0
36402	lookup	3625	0
36403	calc	9899	0
36404	abstain_everyday	4403	0
36405	calc	14018	0
36406	lookup	9811	0
36407	calc	5176	0
36408	calc	19843	0
36409	calc	17363	0
36410	lookup	10756	0
36411	lookup	374	0
36412	lookup	7985	0
36413	abstain_everyday	3355	0
36414	abstain_everyday	953	0
36415	abstain_everyday	502	0
36416	calc	18527	0
36417	calc	6551	0
36418	lookup	2500	0
36419	lookup	3746	0
36420	abstain_everyday	5338	0
36421	lookup	10499	0
36422	calc	16243	0
36423	calc	19611	0
36424	calc	7652	0
36425	calc	1389	0
36426	calc	19686	0
36427	calc	4582	0
36428	abstain_everyday	2337	0
36429	abstain_everyday	5044	0
36430	calc	12596	0
36431	lookup	8894	0
36432	calc	17945	1
36433	calc	19078	0
36434	calc	12488	0
36435	calc	18413	0
36436	calc	18194	0
36437	calc	5882	0
36438	lookup	3871	0
36439	lookup	2385	0
36440	lookup	1456	0
36441	lookup	5502	0
36442	calc	14983	0
36443	lookup	8060	0
36444	calc	17874	0
36445	lookup	8385	0
36446	calc	19956	0
36447	abstain_everyday	5861	0
36448	calc	18732	0
36449	calc	15320	0
36450	lookup	9243	0
36451	calc	13169	0
36452	calc	16585	0
36453	lookup	7542	0
36454	calc	6352	0
36455	abstain_everyday	5690	0
36456	lookup	4010	0
36457	calc	19380	0
36458	calc	13356	0
36459	abstain_everyday	1962	0
36460	lookup	5702	0
36461	abstain_everyday	1561	0
36462	lookup	4424	0
36463	lookup	3365	0
36464	calc	12198	0
36465	lookup	9365	0
36466	abstain_everyday	3607	0
36467	calc	5050	0
36468	calc	8251	1
36469	calc	2664	0
36470	calc	10141	0
36471	calc	13844	0
36472	calc	8343	0
36473	lookup	12518	0
36474	lookup	10567	0
36475	calc	3710	0
36476	lookup	2058	0
36477	calc	14523	0
36478	lookup	2620	0
36479	calc	11093	0
36480	lookup	661	0
36481	lookup	1921	0
36482	calc	9569	0
36483	calc	20178	0
36484	calc	5632	0
36485	lookup	9732	0
36486	lookup	11593	0
36487	calc	2154	1
36488	calc	18415	0
36489	lookup	4457	0
36490	calc	16739	0
36491	calc	1174	0
36492	calc	155	0
36493	abstain_everyday	4591	0
36494	calc	17220	0
36495	lookup	12747	0
36496	abstain_everyday	1456	0
36497	lookup	9634	0
36498	calc	15027	0
36499	abstain_everyday	254	0
36500	abstain_everyday	3010	0
36501	lookup	10620	0
36502	lookup	457	0
36503	lookup	8363	0
36504	calc	723	0
36505	lookup	444	0
36506	calc	20310	0
36507	calc	12486	0
36508	abstain_everyday	3730	0
36509	lookup	10236	0
36510	lookup	7608	0
36511	calc	10488	0
36512	lookup	10816	0
36513	calc	315	0
36514	abstain_everyday	4601	0
36515	lookup	5024	0
36516	calc	2584	0
36517	abstain_everyday	3092	0
36518	abstain_everyday	3572	0
36519	lookup	6916	0
36520	calc	5966	0
36521	calc	9407	0
36522	calc	8187	0
36523	lookup	11099	0
36524	abstain_everyday	2010	0
36525	lookup	10107	0
36526	lookup	1584	0
36527	abstain_everyday	3646	0
36528	abstain_everyday	2570	0
36529	lookup	5572	0
36530	calc	2519	0
36531	lookup	626	0
36532	calc	5258	0
36533	calc	11733	0
36534	lookup	7329	0
36535	calc	19394	0
36536	calc	13706	0
36537	calc	2507	0
36538	calc	9693	0
36539	lookup	2573	0
36540	calc	7768	0
36541	calc	2266	0
36542	abstain_everyday	3116	0
36543	calc	9466	0
36544	calc	14763	0
36545	calc	8278	0
36546	calc	2601	0
36547	lookup	4372	0
36548	calc	3063	0
36549	calc	9135	0
36550	lookup	1951	0
36551	calc	3210	0
36552	lookup	3907	0
36553	abstain_everyday	3176	0
36554	calc	7493	0
36555	calc	20955	0
36556	calc	11235	0
36557	calc	12686	0
36558	calc	14439	0
36559	calc	16965	0
36560	calc	16220	0
36561	abstain_everyday	2858	0
36562	calc	7618	0
36563	calc	2206	0
36564	lookup	11664	0
36565	lookup	9773	0
36566	calc	18082	0
36567	calc	8738	0
36568	calc	4092	0
36569	lookup	2535	0
36570	lookup	11662	0
36571	calc	12566	0
36572	lookup	4275	0
36573	lookup	12839	0
36574	abstain_everyday	1631	0
36575	lookup	5593	0
36576	calc	6663	0
36577	calc	20876	0
36578	abstain_everyday	4571	0
36579	lookup	11809	0
36580	calc	13739	0
36581	lookup	5777	0
36582	lookup	6087	0
36583	calc	5640	0
36584	abstain_everyday	3256	0
36585	calc	9229	0
36586	abstain_everyday	3199	0
36587	lookup	7913	0
36588	lookup	12489	0
36589	calc	18115	0
36590	lookup	228	0
36591	calc	10725	0
36592	lookup	5083	0
36593	calc	18964	0
36594	calc	1045	0
36595	calc	17174	0
36596	calc	5589	0
36597	lookup	9741	0
36598	calc	3707	0
36599	calc	1357	0
36600	calc	19331	0
36601	lookup	1110	0
36602	calc	19584	0
36603	lookup	10566	0
36604	calc	2500	0
36605	calc	1650	0
36606	lookup	11689	0
36607	lookup	6031	0
36608	lookup	7127	0
36609	lookup	2211	0
36610	lookup	2787	0
36611	calc	6598	0
36612	calc	18496	0
36613	calc	19874	0
36614	lookup	7441	0
36615	lookup	11186	0
36616	calc	14934	0
36617	calc	2408	0
36618	abstain_everyday	3829	0
36619	calc	10809	0
36620	calc	12748	0
36621	abstain_everyday	4138	0
36622	calc	9161	0
36623	calc	5395	0
36624	calc	10692	0
36625	calc	1973	0
36626	lookup	5990	0
36627	calc	11557	1
36628	calc	18840	1
36629	calc	20415	0
36630	calc	13871	0
36631	calc	4780	0
36632	lookup	10429	0
36633	calc	7263	0
36634	abstain_everyday	2742	0
36635	lookup	11135	0
36636	lookup	3786	0
36637	calc	12489	0
36638	calc	8878	0
36639	lookup	11189	0
36640	calc	18756	0
36641	lookup	8954	0
36642	calc	7725	0
36643	lookup	541	0
36644	calc	8234	0
36645	calc	5739	0
36646	calc	20014	0
36647	calc	8131	0
36648	lookup	7791	0
36649	calc	10813	0
36650	abstain_everyday	2620	0
36651	calc	16796	0
36652	lookup	9215	0
36653	abstain_everyday	1879	0
36654	abstain_everyday	3687	0
36655	calc	2918	0
36656	abstain_everyday	5163	0
36657	lookup	11627	0
36658	abstain_everyday	1185	0
36659	abstain_everyday	1005	0
36660	calc	9816	0
36661	abstain_everyday	4428	0
36662	calc	9038	0
36663	lookup	6058	0
36664	lookup	7331	0
36665	calc	13908	0
36666	calc	8635	0
36667	lookup	5307	0
36668	abstain_everyday	4454	0
36669	lookup	5284	0
36670	calc	12753	0
36671	calc	14831	0
36672	lookup	8265	0
36673	calc	11337	0
36674	abstain_everyday	2059	0
36675	lookup	849	0
36676	lookup	1881	0
36677	calc	5984	0
36678	calc	19648	0
36679	abstain_everyday	457	0
36680	calc	12738	0
36681	calc	2528	0
36682	lookup	9662	0
36683	lookup	2250	0
36684	calc	771	0
36685	lookup	4243	0
36686	abstain_everyday	4452	0
36687	calc	13539	0
36688	calc	1463	0
36689	lookup	9239	0
36690	calc	5836	0
36691	calc	16769	0
36692	lookup	698	0
36693	lookup	8293	0
36694	calc	10691	0
36695	abstain_everyday	2208	0
36696	calc	11113	0
36697	lookup	11438	0
36698	calc	6910	0
36699	calc	14777	0
36700	calc	20192	0
36701	calc	3572	0
36702	calc	714	0
36703	calc	19002	0
36704	calc	4266	0
36705	calc	1183	0
36706	calc	18251	0
36707	calc	17050	0
36708	abstain_everyday	2844	0
36709	abstain_everyday	115	0
36710	calc	7696	0
36711	calc	4942	0
36712	lookup	3514	0
36713	calc	8352	0
36714	lookup	10372	0
36715	calc	3099	0
36716	lookup	4470	0
36717	calc	1424	0
36718	lookup	8222	0
36719	calc	3632	0
36720	abstain_everyday	5771	0
36721	lookup	4832	0
36722	calc	17393	0
36723	abstain_everyday	2381	0
36724	calc	6576	0
36725	calc	18965	0
36726	calc	19035	0
36727	calc	4626	0
36728	calc	11446	0
36729	lookup	4126	0
36730	abstain_everyday	2832	0
36731	calc	7537	0
36732	calc	1489	0
36733	calc	12325	0
36734	lookup	726	0
36735	abstain_everyday	3891	0
36736	calc	15732	0
36737	calc	19950	0
36738	calc	11430	0
36739	calc	9486	0
36740	calc	10836	0
36741	lookup	10258	0
36742	lookup	5737	0
36743	lookup	7816	0
36744	lookup	6933	0
36745	lookup	10479	0
36746	abstain_everyday	5775	0
36747	calc	8927	1
36748	calc	14978	0
36749	abstain_everyday	1305	0
36750	lookup	12018	0
36751	calc	15762	0
36752	lookup	5767	0
36753	calc	6839	0
36754	lookup	10533	0
36755	lookup	4641	0
36756	calc	13802	0
36757	lookup	10841	0
36758	lookup	3503	0
36759	calc	20996	0
36760	calc	891	0
36761	calc	11106	1
36762	abstain_everyday	5253	0
36763	lookup	3518	0
36764	calc	4435	0
36765	lookup	5837	0
36766	calc	8975	0
36767	calc	14038	0
36768	lookup	496	0
36769	calc	3587	0
36770	calc	18985	0
36771	lookup	12633	0
36772	abstain_everyday	4139	0
36773	calc	9115	0
36774	lookup	7736	0
36775	calc	18459	0
36776	calc	14999	0
36777	calc	20066	0
36778	lookup	587	0
36779	calc	5444	0
36780	lookup	8091	0
36781	lookup	60	0
36782	calc	2533	0
36783	lookup	8307	0
36784	abstain_everyday	2771	0
36785	calc	5067	0
36786	calc	12977	0
36787	abstain_everyday	3227	0
36788	lookup	6881	0
36789	calc	19747	0
36790	calc	19618	0
36791	calc	890	0
36792	abstain_everyday	2683	0
36793	calc	4503	0
36794	calc	16367	0
36795	calc	18411	0
36796	calc	16986	1
36797	abstain_everyday	1906	0
36798	calc	2656	0
36799	calc	5074	0
36800	calc	4197	0
36801	lookup	9150	0
36802	lookup	6459	0
36803	lookup	12285	0
36804	lookup	9728	0
36805	abstain_everyday	4441	0
36806	lookup	12892	0
36807	calc	14383	0
36808	abstain_everyday	459	0
36809	lookup	6071	0
36810	calc	10706	0
36811	calc	20915	0
36812	calc	903	0
36813	calc	13803	0
36814	lookup	6322	0
36815	abstain_everyday	5217	0
36816	calc	11234	0
36817	lookup	3349	0
36818	calc	19659	0
36819	calc	310	0
36820	calc	18298	0
36821	lookup	5828	0
36822	lookup	9257	0
36823	abstain_everyday	4892	0
36824	calc	1521	0
36825	abstain_everyday	5246	0
36826	calc	19954	0
36827	calc	2762	0
36828	lookup	8803	0
36829	calc	7041	0
36830	abstain_everyday	2045	0
36831	calc	2262	0
36832	lookup	5354	0
36833	lookup	8469	0
36834	calc	10559	0
36835	calc	18086	0
36836	lookup	3153	0
36837	lookup	2776	0
36838	lookup	1362	0
36839	lookup	9838	0
36840	lookup	1874	0
36841	lookup	538	0
36842	lookup	6024	0
36843	calc	8767	0
36844	lookup	9185	0
36845	calc	2043	0
36846	calc	2547	0
36847	calc	20354	0
36848	calc	12758	0
36849	calc	4801	0
36850	lookup	9264	0
36851	lookup	2832	0
36852	calc	12499	0
36853	calc	17779	0
36854	calc	11263	0
36855	calc	4624	0
36856	calc	15803	0
36857	abstain_everyday	4791	0
36858	calc	18365	0
36859	calc	20303	0
36860	calc	15137	0
36861	calc	9674	0
36862	calc	1339	0
36863	calc	8787	0
36864	abstain_everyday	2512	0
36865	calc	2155	0
36866	lookup	7924	0
36867	calc	4789	0
36868	calc	11981	0
36869	calc	10658	0
36870	calc	10837	0
36871	lookup	3855	0
36872	calc	699	0
36873	calc	746	0
36874	abstain_everyday	1599	0
36875	calc	17011	0
36876	lookup	685	0
36877	lookup	10850	0
36878	calc	4933	0
36879	lookup	10858	0
36880	abstain_everyday	1944	0
36881	abstain_everyday	2179	0
36882	lookup	8157	0
36883	abstain_everyday	3601	0
36884	calc	7012	0
36885	calc	20449	0
36886	calc	5117	0
36887	abstain_everyday	3329	0
36888	lookup	10389	0
36889	calc	472	0
36890	calc	11568	0
36891	abstain_everyday	5104	0
36892	lookup	7209	0
36893	abstain_everyday	88	0
36894	calc	10399	0
36895	calc	19036	0
36896	calc	17814	0
36897	calc	18154	0
36898	lookup	12068	0
36899	calc	17201	0
36900	lookup	1220	0
36901	calc	16893	0
36902	lookup	12089	0
36903	lookup	540	0
36904	calc	634	0
36905	calc	19959	0
36906	calc	15907	0
36907	lookup	5268	0
36908	lookup	2167	0
36909	calc	4355	0
36910	calc	14856	0
36911	lookup	12551	0
36912	abstain_everyday	3126	0
36913	lookup	8236	0
36914	abstain_everyday	5679	0
36915	calc	18521	0
36916	lookup	6441	0
36917	calc	19418	0
36918	calc	15733	1
36919	lookup	6102	0
36920	calc	661	1
36921	calc	11814	0
36922	abstain_everyday	4721	0
36923	calc	21023	0
36924	calc	4090	0
36925	lookup	1988	0
36926	abstain_everyday	5510	0
36927	lookup	8494	0
36928	lookup	7250	0
36929	calc	8537	0
36930	calc	17183	0
36931	abstain_everyday	5850	0
36932	abstain_everyday	5032	0
36933	abstain_everyday	1635	0
36934	calc	9110	0
36935	calc	7752	0
36936	calc	4370	0
36937	calc	19836	1
36938	calc	7950	0
36939	abstain_everyday	1071	0
36940	lookup	2878	0
36941	lookup	10190	0
36942	calc	5419	0
36943	calc	7645	0
36944	calc	6353	0
36945	lookup	10978	0
36946	calc	14883	0
36947	calc	12441	0
36948	calc	12341	0
36949	calc	15738	0
36950	lookup	7701	0
36951	calc	20223	0
36952	abstain_everyday	4941	0
36953	abstain_everyday	5264	0
36954	calc	7898	0
36955	calc	17139	0
36956	calc	13044	0
36957	lookup	151	0
36958	calc	1556	0
36959	lookup	5926	0
36960	calc	9563	0
36961	calc	20391	1
36962	lookup	8714	0
36963	calc	20448	0
36964	lookup	6840	0
36965	lookup	2700	0
36966	lookup	3674	0
36967	calc	11919	0
36968	calc	7852	0
36969	lookup	7832	0
36970	lookup	1755	0
36971	calc	15367	0
36972	abstain_everyday	1448	0
36973	calc	4584	0
36974	calc	9911	0
36975	lookup	2021	0
36976	calc	6145	0
36977	lookup	12919	0
36978	calc	3784	0
36979	calc	15351	0
36980	calc	18578	0
36981	calc	20337	0
36982	calc	9489	0
36983	calc	2939	0
36984	calc	102	0
36985	lookup	7052	0
36986	calc	605	0
36987	abstain_everyday	1031	0
36988	calc	18248	0
36989	lookup	9042	0
36990	calc	5243	0
36991	lookup	8344	0
36992	calc	6064	1
36993	calc	12286	0
36994	abstain_everyday	1532	0
36995	abstain_everyday	1143	0
36996	calc	20819	1
36997	calc	14995	0
36998	calc	5449	0
36999	calc	10253	0
37000	lookup	6499	0
37001	lookup	10343	0
37002	abstain_everyday	598	0
37003	abstain_everyday	2192	0
37004	calc	439	0
37005	calc	14134	0
37006	calc	19313	0
37007	lookup	10706	0
37008	lookup	4721	0
37009	calc	6316	0
37010	lookup	1641	0
37011	calc	16233	1
37012	calc	14256	0
37013	calc	13178	0
37014	lookup	12177	0
37015	calc	9793	0
37016	lookup	1339	0
37017	calc	15551	0
37018	lookup	11639	0
37019	lookup	8650	0
37020	calc	12084	0
37021	abstain_everyday	2012	0
37022	calc	4497	0
37023	calc	13530	0
37024	lookup	1197	0
37025	calc	4102	0
37026	abstain_everyday	5839	0
37027	lookup	6027	0
37028	calc	6109	0
37029	abstain_everyday	3313	0
37030	calc	18359	0
37031	lookup	5343	0
37032	lookup	12840	0
37033	lookup	8651	0
37034	lookup	1619	0
37035	abstain_everyday	2822	0
37036	lookup	767	0
37037	lookup	2671	0
37038	calc	10176	0
37039	abstain_everyday	947	0
37040	calc	365	1
37041	calc	16926	0
37042	lookup	11601	0
37043	calc	16375	0
37044	calc	16621	0
37045	abstain_everyday	2592	0
37046	calc	18347	0
37047	lookup	8722	0
37048	lookup	12158	0
37049	abstain_everyday	4448	0
37050	lookup	959	0
37051	lookup	9880	0
37052	lookup	12325	0
37053	calc	19038	0
37054	abstain_everyday	3026	0
37055	lookup	2462	0
37056	calc	3583	0
37057	calc	5988	0
37058	abstain_everyday	356	0
37059	calc	16874	0
37060	lookup	3307	0
37061	lookup	9109	0
37062	abstain_everyday	1481	0
37063	calc	55	0
37064	calc	19613	0
37065	abstain_everyday	5664	0
37066	abstain_everyday	2815	0
37067	lookup	845	0
37068	lookup	6591	0
37069	calc	2211	0
37070	calc	13200	1
37071	lookup	1033	0
37072	lookup	7959	0
37073	abstain_everyday	5347	0
37074	calc	3439	0
37075	calc	3885	0
37076	abstain_everyday	4808	0
37077	calc	14773	1
37078	calc	19614	0
37079	lookup	12859	0
37080	abstain_everyday	298	0
37081	calc	16967	0
37082	calc	9499	0
37083	calc	20576	1
37084	calc	7238	0
37085	calc	18312	0
37086	lookup	1275	0
37087	calc	17982	0
37088	calc	6559	0
37089	calc	6337	0
37090	calc	3664	0
37091	calc	6396	0
37092	lookup	709	0
37093	lookup	5558	0
37094	lookup	11170	0
37095	lookup	156	0
37096	lookup	6055	0
37097	lookup	6140	0
37098	calc	9774	0
37099	calc	1145	0
37100	calc	19048	0
37101	lookup	7874	0
37102	abstain_everyday	434	0
37103	calc	5293	0
37104	calc	15842	0
37105	calc	16984	0
37106	lookup	3523	0
37107	lookup	7974	0
37108	lookup	2387	0
37109	lookup	3460	0
37110	lookup	7143	0
37111	lookup	1833	0
37112	calc	11962	0
37113	calc	7795	0
37114	calc	4193	0
37115	calc	16587	0
37116	calc	5347	0
37117	calc	20683	0
37118	calc	14000	0
37119	lookup	7952	0
37120	lookup	4204	0
37121	calc	15268	0
37122	calc	17557	0
37123	lookup	5855	0
37124	calc	7305	0
37125	lookup	3695	0
37126	lookup	3813	0
37127	lookup	1055	0
37128	calc	4199	1
37129	lookup	4624	0
37130	calc	5827	0
37131	calc	5119	0
37132	calc	9416	0
37133	calc	5978	0
37134	calc	8096	0
37135	abstain_everyday	2202	0
37136	abstain_everyday	1191	0
37137	lookup	3154	0
37138	calc	4839	0
37139	calc	8780	0
37140	calc	19152	0
37141	calc	577	0
37142	calc	6699	0
37143	calc	2342	0
37144	lookup	6490	0
37145	lookup	8663	0
37146	lookup	1126	0
37147	calc	5652	0
37148	abstain_everyday	5823	0
37149	calc	6266	0
37150	lookup	1550	0
37151	lookup	3260	0
37152	calc	9827	1
37153	lookup	10104	0
37154	calc	18969	0
37155	lookup	12666	0
37156	lookup	10223	0
37157	lookup	7131	0
37158	abstain_everyday	3087	0
37159	lookup	4453	0
37160	calc	5819	0
37161	calc	7168	0
37162	lookup	9382	0
37163	lookup	7984	0
37164	calc	10291	0
37165	lookup	10179	0
37166	lookup	10084	0
37167	abstain_everyday	3781	0
37168	lookup	5039	0
37169	calc	5633	0
37170	lookup	1219	0
37171	lookup	2087	0
37172	calc	1516	0
37173	lookup	52	0
37174	calc	17980	0
37175	calc	8957	0
37176	abstain_everyday	1202	0
37177	lookup	6081	0
37178	lookup	4251	0
37179	abstain_everyday	4314	0
37180	calc	6377	0
37181	calc	16418	0
37182	calc	6703	0
37183	lookup	12102	0
37184	calc	5405	0
37185	calc	579	0
37186	calc	18808	0
37187	lookup	4846	0
37188	lookup	96	0
37189	lookup	1652	0
37190	calc	11691	0
37191	calc	10529	0
37192	calc	15150	0
37193	abstain_everyday	3521	0
37194	lookup	5949	0
37195	lookup	4447	0
37196	calc	12542	0
37197	calc	14854	0
37198	abstain_everyday	910	0
37199	calc	12721	0
37200	calc	3376	0
37201	calc	5561	1
37202	calc	13250	0
37203	calc	4804	0
37204	abstain_everyday	1183	0
37205	lookup	12317	0
37206	calc	6075	0
37207	abstain_everyday	4071	0
37208	calc	14932	0
37209	abstain_everyday	3895	0
37210	lookup	5685	0
37211	lookup	8538	0
37212	lookup	1893	0
37213	calc	6496	0
37214	lookup	9290	0
37215	calc	15488	0
37216	abstain_everyday	5141	0
37217	calc	6242	0
37218	calc	7043	1
37219	calc	8759	0
37220	calc	10325	0
37221	calc	6357	0
37222	abstain_everyday	317	0
37223	calc	4978	0
37224	calc	15982	0
37225	lookup	10682	0
37226	calc	16615	0
37227	abstain_everyday	3348	0
37228	abstain_everyday	2933	0
37229	calc	20468	0
37230	abstain_everyday	1687	0
37231	calc	10010	0
37232	calc	13249	0
37233	calc	17694	0
37234	calc	10024	0
37235	calc	4010	0
37236	calc	1526	0
37237	abstain_everyday	1435	0
37238	calc	19725	0
37239	lookup	10085	0
37240	calc	20013	0
37241	calc	1906	0
37242	lookup	9073	0
37243	lookup	8069	0
37244	calc	8574	1
37245	calc	17552	0
37246	lookup	2414	0
37247	abstain_everyday	5547	0
37248	calc	19097	0
37249	abstain_everyday	4216	0
37250	calc	14821	0
37251	calc	7841	0
37252	lookup	8106	0
37253	calc	5873	0
37254	calc	16567	0
37255	calc	10858	0
37256	lookup	432	0
37257	calc	18051	0
37258	calc	7109	0
37259	calc	20632	0
37260	lookup	3937	0
37261	calc	9625	0
37262	calc	15159	0
37263	calc	2159	0
37264	calc	15854	0
37265	lookup	10081	0
37266	calc	4798	0
37267	lookup	9622	0
37268	calc	2503	0
37269	abstain_everyday	5356	0
37270	lookup	7521	0
37271	abstain_everyday	5667	0
37272	abstain_everyday	2978	0
37273	calc	3785	0
37274	abstain_everyday	816	0
37275	lookup	8715	0
37276	lookup	7099	0
37277	lookup	783	0
37278	lookup	3961	0
37279	abstain_everyday	5052	0
37280	calc	7597	0
37281	calc	9175	0
37282	abstain_everyday	1673	0
37283	lookup	776	0
37284	abstain_everyday	4794	0
37285	abstain_everyday	3639	0
37286	calc	18324	0
37287	abstain_everyday	1654	0
37288	calc	19177	0
37289	lookup	11168	0
37290	abstain_everyday	441	0
37291	lookup	4781	0
37292	abstain_everyday	3443	0
37293	calc	15922	0
37294	abstain_everyday	2113	0
37295	lookup	784	0
37296	lookup	10883	0
37297	lookup	10297	0
37298	lookup	7114	0
37299	lookup	1218	0
37300	calc	3314	0
37301	calc	6545	0
37302	calc	8123	0
37303	calc	18309	0
37304	abstain_everyday	2952	0
37305	lookup	10972	0
37306	calc	121	0
37307	calc	3745	0
37308	calc	9134	0
37309	calc	17221	0
37310	lookup	4167	0
37311	lookup	9206	0
37312	lookup	6338	0
37313	abstain_everyday	4623	0
37314	calc	9970	0
37315	calc	2545	0
37316	calc	14409	0
37317	calc	8618	0
37318	calc	13692	0
37319	calc	11334	0
37320	calc	6090	0
37321	calc	10620	0
37322	calc	9930	0
37323	calc	14354	0
37324	calc	9808	0
37325	lookup	4878	0
37326	lookup	7043	0
37327	lookup	1754	0
37328	abstain_everyday	5726	0
37329	calc	3283	0
37330	calc	18021	0
37331	abstain_everyday	189	0
37332	lookup	5174	0
37333	lookup	5177	0
37334	lookup	12511	0
37335	lookup	908	0
37336	calc	12480	0
37337	lookup	11984	0
37338	calc	802	0
37339	lookup	8390	0
37340	calc	10248	0
37341	lookup	10061	0
37342	calc	16401	0
37343	calc	9162	0
37344	calc	16290	0
37345	lookup	4117	0
37346	calc	2820	0
37347	abstain_everyday	4037	0
37348	calc	8427	0
37349	lookup	8805	0
37350	calc	12568	0
37351	calc	6083	0
37352	calc	19831	0
37353	lookup	4574	0
37354	calc	2932	0
37355	lookup	10813	0
37356	calc	17096	0
37357	lookup	7691	0
37358	calc	1315	0
37359	lookup	10744	0
37360	calc	5173	0
37361	abstain_everyday	1918	0
37362	lookup	10183	0
37363	calc	19879	0
37364	calc	15348	0
37365	abstain_everyday	5238	0
37366	calc	14975	0
37367	lookup	7487	0
37368	abstain_everyday	5492	0
37369	calc	10436	0
37370	calc	7977	0
37371	lookup	499	0
37372	calc	1661	0
37373	lookup	9714	0
37374	calc	13599	0
37375	lookup	9828	0
37376	abstain_everyday	3285	0
37377	calc	15661	0
37378	lookup	8616	0
37379	calc	7105	0
37380	calc	5990	0
37381	abstain_everyday	5304	0
37382	abstain_everyday	4278	0
37383	lookup	6011	0
37384	abstain_everyday	2420	0
37385	calc	20901	0
37386	calc	4595	0
37387	lookup	8219	0
37388	abstain_everyday	20	0
37389	abstain_everyday	2128	0
37390	calc	1873	0
37391	calc	15940	0
37392	lookup	9235	0
37393	lookup	504	0
37394	lookup	1057	0
37395	calc	1379	0
37396	calc	10187	0
37397	lookup	5405	0
37398	lookup	12218	0
37399	calc	17714	0
37400	abstain_everyday	2367	0
37401	calc	15169	0
37402	calc	13464	0
37403	lookup	777	0
37404	calc	3425	0
37405	calc	2607	0
37406	calc	14764	0
37407	abstain_everyday	3252	0
37408	calc	6991	0
37409	calc	6758	0
37410	lookup	11299	0
37411	calc	19475	0
37412	calc	168	0
37413	calc	16380	0
37414	calc	2981	0
37415	calc	9676	0
37416	abstain_everyday	3235	0
37417	lookup	12621	0
37418	calc	20807	0
37419	calc	8961	0
37420	calc	15577	0
37421	lookup	2803	0
37422	abstain_everyday	4288	0
37423	lookup	1683	0
37424	calc	10804	0
37425	calc	14894	0
37426	abstain_everyday	336	0
37427	calc	7440	0
37428	calc	15709	0
37429	lookup	9598	0
37430	lookup	10601	0
37431	lookup	10169	0
37432	lookup	3031	0
37433	calc	6590	0
37434	calc	6914	0
37435	calc	15384	0
37436	calc	13298	0
37437	calc	16014	0
37438	calc	1401	0
37439	abstain_everyday	4197	0
37440	lookup	12656	0
37441	calc	12282	0
37442	lookup	3211	0
37443	calc	3804	1
37444	lookup	7836	0
37445	calc	19945	0
37446	calc	20361	0
37447	abstain_everyday	4232	0
37448	calc	18492	0
37449	lookup	4388	0
37450	calc	18748	0
37451	calc	18881	0
37452	lookup	6039	0
37453	abstain_everyday	3340	0
37454	calc	692	0
37455	calc	20898	0
37456	lookup	12319	0
37457	calc	8307	0
37458	lookup	1230	0
37459	calc	18910	0
37460	calc	10711	1
37461	calc	11499	0
37462	calc	13344	0
37463	lookup	7456	0
37464	lookup	3597	0
37465	lookup	9003	0
37466	calc	19119	1
37467	calc	13404	0
37468	calc	11261	0
37469	calc	13593	0
37470	lookup	4678	0
37471	abstain_everyday	4984	0
37472	abstain_everyday	686	0
37473	lookup	7470	0
37474	abstain_everyday	2312	0
37475	calc	15009	0
37476	lookup	680	0
37477	calc	7085	0
37478	calc	20524	0
37479	lookup	1597	0
37480	lookup	2406	0
37481	calc	4542	0
37482	calc	3755	0
37483	abstain_everyday	785	0
37484	lookup	3502	0
37485	calc	7317	1
37486	calc	11551	0
37487	calc	17524	0
37488	lookup	1798	0
37489	calc	9005	0
37490	lookup	11051	0
37491	calc	8347	0
37492	calc	11250	1
37493	lookup	7840	0
37494	calc	14201	0
37495	lookup	1001	0
37496	calc	10311	0
37497	abstain_everyday	5087	0
37498	lookup	11703	0
37499	abstain_everyday	5248	0
37500	calc	725	1
37501	lookup	2186	0
37502	calc	12050	0
37503	abstain_everyday	1716	0
37504	lookup	2835	0
37505	lookup	6030	0
37506	calc	10105	0
37507	calc	14699	0
37508	calc	13489	1
37509	calc	11600	0
37510	lookup	7571	0
37511	calc	13068	0
37512	lookup	1377	0
37513	calc	580	0
37514	calc	8607	0
37515	calc	14657	0
37516	calc	8018	0
37517	calc	716	0
37518	lookup	2716	0
37519	calc	4559	0
37520	lookup	3208	0
37521	calc	12251	0
37522	calc	11385	0
37523	calc	19029	0
37524	abstain_everyday	5424	0
37525	calc	15795	0
37526	lookup	10915	0
37527	abstain_everyday	2796	0
37528	lookup	4159	0
37529	lookup	11169	0
37530	lookup	2930	0
37531	abstain_everyday	3600	0
37532	calc	3265	0
37533	calc	3229	0
37534	lookup	6524	0
37535	lookup	786	0
37536	abstain_everyday	3028	0
37537	calc	18697	0
37538	lookup	480	0
37539	calc	10161	0
37540	calc	3523	0
37541	calc	2576	0
37542	calc	3630	0
37543	abstain_everyday	5323	0
37544	lookup	1480	0
37545	calc	6304	0
37546	calc	11460	0
37547	calc	15977	0
37548	calc	1606	0
37549	calc	17628	1
37550	abstain_everyday	4035	0
37551	lookup	7881	0
37552	calc	11120	0
37553	calc	6599	0
37554	lookup	12644	0
37555	calc	14620	0
37556	calc	11007	0
37557	lookup	10512	0
37558	calc	18331	0
37559	lookup	11368	0
37560	abstain_everyday	5853	0
37561	lookup	1984	0
37562	calc	17144	0
37563	calc	1820	0
37564	calc	10230	0
37565	lookup	5019	0
37566	abstain_everyday	688	0
37567	abstain_everyday	1189	0
37568	lookup	847	0
37569	calc	13262	0
37570	calc	13063	0
37571	lookup	4925	0
37572	calc	18639	0
37573	calc	11698	0
37574	abstain_everyday	1205	0
37575	abstain_everyday	3495	0
37576	lookup	8886	0
37577	calc	15758	0
37578	lookup	9874	0
37579	lookup	8936	0
37580	calc	10526	0
37581	calc	5582	0
37582	abstain_everyday	2743	0
37583	calc	7089	0
37584	calc	15107	0
37585	calc	14810	0
37586	calc	17437	0
37587	abstain_everyday	1483	0
37588	abstain_everyday	174	0
37589	calc	10796	0
37590	lookup	714	0
37591	calc	4009	0
37592	calc	14865	0
37593	lookup	9744	0
37594	lookup	3835	0
37595	calc	20984	0
37596	calc	16554	0
37597	calc	6096	0
37598	calc	17230	0
37599	calc	8413	0
37600	calc	376	0
37601	lookup	1148	0
37602	calc	17586	0
37603	calc	9535	0
37604	lookup	9039	0
37605	calc	20355	1
37606	calc	10649	0
37607	lookup	10565	0
37608	lookup	10170	0
37609	lookup	9143	0
37610	calc	16773	1
37611	lookup	5421	0
37612	lookup	4593	0
37613	abstain_everyday	849	0
37614	lookup	3593	0
37615	lookup	6413	0
37616	abstain_everyday	608	0
37617	calc	15244	0
37618	calc	8052	0
37619	abstain_everyday	776	0
37620	abstain_everyday	1559	0
37621	calc	18676	0
37622	calc	11676	0
37623	calc	15077	0
37624	abstain_everyday	3799	0
37625	calc	16268	0
37626	calc	14431	0
37627	calc	132	0
37628	calc	17601	0
37629	calc	17009	0
37630	calc	11324	0
37631	lookup	3490	0
37632	calc	15419	1
37633	calc	20569	0
37634	lookup	3287	0
37635	lookup	2475	0
37636	calc	6683	0
37637	calc	13878	0
37638	lookup	3241	0
37639	lookup	10846	0
37640	calc	12204	0
37641	calc	6412	0
37642	abstain_everyday	3932	0
37643	calc	16409	0
37644	calc	3382	0
37645	lookup	12322	0
37646	calc	17142	0
37647	calc	15254	1
37648	calc	14509	0
37649	lookup	6651	0
37650	lookup	9493	0
37651	lookup	1333	0
37652	calc	16765	0
37653	lookup	5108	0
37654	lookup	9347	0
37655	calc	9506	0
37656	calc	10736	0
37657	calc	4408	0
37658	calc	15816	0
37659	lookup	11644	0
37660	calc	10327	0
37661	calc	8526	0
37662	lookup	7234	0
37663	abstain_everyday	4805	0
37664	calc	14601	0
37665	calc	15870	1
37666	lookup	1210	0
37667	calc	1291	0
37668	calc	11907	0
37669	calc	16102	0
37670	calc	3896	0
37671	calc	3118	0
37672	calc	20089	0
37673	calc	1502	0
37674	calc	4055	0
37675	calc	15985	0
37676	calc	19307	0
37677	lookup	4024	0
37678	calc	9597	0
37679	lookup	12728	0
37680	calc	6715	0
37681	calc	4358	0
37682	lookup	2144	0
37683	lookup	7260	0
37684	lookup	611	0
37685	lookup	11605	0
37686	calc	146	0
37687	abstain_everyday	5592	0
37688	calc	8501	0
37689	lookup	4530	0
37690	abstain_everyday	5716	0
37691	lookup	6596	0
37692	calc	19862	0
37693	calc	7591	0
37694	lookup	3566	0
37695	calc	18431	0
37696	calc	18004	0
37697	calc	14969	1
37698	calc	5676	0
37699	calc	19321	1
37700	calc	3942	0
37701	calc	3654	0
37702	lookup	10438	0
37703	calc	11108	0
37704	calc	4994	0
37705	lookup	2887	0
37706	calc	17020	0
37707	calc	2774	0
37708	calc	12562	0
37709	calc	6866	0
37710	lookup	10121	0
37711	lookup	12534	0
37712	lookup	11721	0
37713	abstain_everyday	707	0
37714	calc	15808	0
37715	calc	20967	0
37716	calc	12221	0
37717	lookup	11687	0
37718	calc	12852	1
37719	lookup	832	0
37720	lookup	9389	0
37721	lookup	9678	0
37722	calc	9789	0
37723	lookup	2701	0
37724	lookup	238	0
37725	calc	12736	1
37726	calc	12749	0
37727	lookup	6464	0
37728	calc	20872	0
37729	lookup	11967	0
37730	calc	9287	0
37731	calc	3110	0
37732	lookup	302	0
37733	abstain_everyday	650	0
37734	lookup	12439	0
37735	calc	3808	1
37736	lookup	12692	0
37737	calc	18615	0
37738	calc	9246	0
37739	lookup	6929	0
37740	abstain_everyday	5228	0
37741	calc	4680	0
37742	calc	12187	0
37743	calc	16945	0
37744	calc	4285	0
37745	calc	18725	0
37746	calc	19565	0
37747	lookup	2367	0
37748	calc	15420	0
37749	lookup	573	0
37750	calc	4318	0
37751	lookup	12752	0
37752	calc	4677	0
37753	abstain_everyday	5707	0
37754	abstain_everyday	2457	0
37755	lookup	3812	0
37756	calc	10446	0
37757	calc	2067	1
37758	calc	1435	0
37759	abstain_everyday	2680	0
37760	calc	11125	0
37761	calc	17021	0
37762	lookup	1235	0
37763	abstain_everyday	5314	0
37764	lookup	3534	0
37765	calc	14682	0
37766	abstain_everyday	2558	0
37767	lookup	10730	0
37768	calc	13842	0
37769	calc	18781	0
37770	calc	2313	0
37771	lookup	3136	0
37772	lookup	9715	0
37773	calc	1860	0
37774	lookup	11642	0
37775	calc	4651	0
37776	calc	8859	0
37777	calc	3496	0
37778	calc	9401	0
37779	calc	14484	0
37780	calc	7879	0
37781	lookup	3766	0
37782	lookup	11822	0
37783	abstain_everyday	4863	0
37784	calc	14576	0
37785	calc	1240	0
37786	abstain_everyday	3410	0
37787	calc	19564	0
37788	lookup	6949	0
37789	lookup	8934	0
37790	calc	1579	1
37791	lookup	10639	0
37792	calc	1563	0
37793	calc	2405	0
37794	abstain_everyday	2540	0
37795	calc	11018	0
37796	calc	20371	0
37797	calc	14438	0
37798	calc	2603	0
37799	abstain_everyday	4586	0
37800	lookup	4268	0
37801	lookup	9132	0
37802	lookup	3724	0
37803	calc	18685	0
37804	lookup	592	0
37805	calc	7615	0
37806	lookup	11013	0
37807	lookup	768	0
37808	lookup	5344	0
37809	calc	17123	0
37810	calc	3751	0
37811	abstain_everyday	2772	0
37812	calc	18306	0
37813	calc	19644	0
37814	lookup	8360	0
37815	calc	18519	0
37816	lookup	11259	0
37817	lookup	1154	0
37818	calc	18769	1
37819	calc	17023	0
37820	calc	16756	0
37821	calc	18928	0
37822	abstain_everyday	3114	0
37823	lookup	3606	0
37824	calc	3888	0
37825	calc	6779	0
37826	calc	10565	0
37827	lookup	3067	0
37828	lookup	10483	0
37829	calc	6395	1
37830	lookup	12528	0
37831	lookup	5308	0
37832	abstain_everyday	4654	0
37833	lookup	8384	0
37834	lookup	6392	0
37835	lookup	3247	0
37836	calc	21032	0
37837	lookup	12726	0
37838	lookup	4680	0
37839	abstain_everyday	1802	0
37840	abstain_everyday	1735	0
37841	calc	10226	0
37842	lookup	4969	0
37843	lookup	7188	0
37844	calc	18184	0
37845	lookup	4998	0
37846	abstain_everyday	4358	0
37847	calc	10079	0
37848	abstain_everyday	3978	0
37849	calc	4052	0
37850	lookup	10017	0
37851	lookup	6300	0
37852	calc	12961	0
37853	calc	516	0
37854	calc	6850	0
37855	abstain_everyday	1770	0
37856	lookup	8503	0
37857	lookup	7953	0
37858	calc	14597	0
37859	calc	1732	0
37860	calc	20824	0
37861	abstain_everyday	1130	0
37862	calc	20129	0
37863	calc	12759	0
37864	calc	11244	0
37865	abstain_everyday	3861	0
37866	calc	13493	0
37867	calc	5288	0
37868	calc	14504	0
37869	calc	19410	0
37870	calc	20529	0
37871	lookup	6085	0
37872	lookup	10370	0
37873	calc	18507	0
37874	calc	9042	0
37875	calc	17818	0
37876	calc	13052	0
37877	calc	6454	0
37878	calc	15724	0
37879	abstain_everyday	3370	0
37880	lookup	11635	0
37881	calc	1785	0
37882	calc	1608	0
37883	calc	5076	0
37884	calc	5702	0
37885	lookup	5492	0
37886	lookup	12485	0
37887	lookup	10711	0
37888	lookup	7961	0
37889	abstain_everyday	24	0
37890	lookup	1975	0
37891	calc	11223	0
37892	calc	16303	0
37893	lookup	188	0
37894	lookup	3887	0
37895	lookup	7528	0
37896	calc	15566	1
37897	calc	11121	0
37898	calc	11861	0
37899	lookup	5752	0
37900	calc	18096	0
37901	calc	20566	0
37902	calc	13823	0
37903	calc	14876	0
37904	lookup	1598	0
37905	calc	18230	0
37906	calc	19208	0
37907	calc	9902	0
37908	lookup	9084	0
37909	calc	5941	0
37910	lookup	11152	0
37911	calc	18223	0
37912	calc	1524	0
37913	abstain_everyday	5008	0
37914	calc	17146	0
37915	lookup	11522	0
37916	abstain_everyday	1309	0
37917	abstain_everyday	3513	0
37918	calc	11821	1
37919	calc	12076	1
37920	lookup	12272	0
37921	calc	20829	0
37922	calc	5323	0
37923	lookup	4040	0
37924	abstain_everyday	5293	0
37925	abstain_everyday	4497	0
37926	calc	1545	0
37927	calc	9211	0
37928	calc	14574	0
37929	calc	13196	0
37930	calc	14281	0
37931	calc	12127	0
37932	calc	6936	0
37933	abstain_everyday	3732	0
37934	lookup	2826	0
37935	calc	12362	0
37936	calc	10468	0
37937	calc	7626	0
37938	calc	8445	0
37939	lookup	9592	0
37940	calc	8385	0
37941	calc	13527	0
37942	lookup	5253	0
37943	calc	10035	1
37944	abstain_everyday	1116	0
37945	lookup	12169	0
37946	abstain_everyday	2688	0
37947	calc	11124	0
37948	calc	10480	1
37949	lookup	242	0
37950	lookup	1436	0
37951	lookup	5704	0
37952	lookup	4006	0
37953	calc	11386	0
37954	calc	5637	0
37955	lookup	5699	0
37956	lookup	10729	0
37957	lookup	10501	0
37958	calc	20975	0
37959	calc	11156	0
37960	calc	3360	0
37961	abstain_everyday	236	0
37962	calc	14548	0
37963	calc	17788	0
37964	abstain_everyday	5865	0
37965	calc	15949	0
37966	lookup	11227	0
37967	calc	16631	0
37968	calc	18551	0
37969	calc	6020	0
37970	lookup	5590	0
37971	lookup	5065	0
37972	lookup	5780	0
37973	calc	16509	0
37974	calc	5453	0
37975	calc	14980	0
37976	calc	18361	0
37977	abstain_everyday	2298	0
37978	lookup	11400	0
37979	calc	3156	0
37980	lookup	10184	0
37981	calc	18836	0
37982	abstain_everyday	2274	0
37983	calc	13897	0
37984	calc	17075	0
37985	calc	10763	0
37986	calc	16213	0
37987	lookup	8525	0
37988	calc	11541	0
37989	abstain_everyday	1636	0
37990	calc	7276	0
37991	calc	2646	1
37992	abstain_everyday	2586	0
37993	lookup	2109	0
37994	lookup	5379	0
37995	lookup	12620	0
37996	abstain_everyday	1629	0
37997	calc	18336	0
37998	lookup	9495	0
37999	lookup	11901	0
38000	calc	1096	0
38001	lookup	9208	0
38002	calc	8753	0
38003	lookup	1581	0
38004	calc	715	1
38005	lookup	3385	0
38006	calc	6937	0
38007	abstain_everyday	5856	0
38008	lookup	7466	0
38009	calc	3717	0
38010	abstain_everyday	766	0
38011	lookup	25	0
38012	lookup	1449	0
38013	lookup	10998	0
38014	calc	3972	0
38015	calc	1235	0
38016	lookup	8420	0
38017	calc	4843	0
38018	lookup	1789	0
38019	calc	7662	0
38020	calc	13205	0
38021	abstain_everyday	1028	0
38022	calc	19789	0
38023	calc	18706	0
38024	calc	633	0
38025	calc	6812	0
38026	abstain_everyday	3296	0
38027	lookup	4813	0
38028	calc	8535	0
38029	calc	3801	0
38030	calc	16482	0
38031	calc	5412	0
38032	lookup	5362	0
38033	calc	16442	0
38034	abstain_everyday	3694	0
38035	calc	3592	0
38036	calc	8978	0
38037	calc	10997	0
38038	calc	11162	0
38039	calc	1144	0
38040	calc	3916	0
38041	lookup	12416	0
38042	calc	1482	0
38043	abstain_everyday	1675	0
38044	abstain_everyday	1053	0
38045	lookup	7950	0
38046	calc	17208	0
38047	calc	12967	0
38048	lookup	11727	0
38049	calc	5017	1
38050	calc	9616	0
38051	lookup	3952	0
38052	calc	6934	0
38053	abstain_everyday	1659	0
38054	lookup	6914	0
38055	calc	20130	0
38056	calc	14549	0
38057	lookup	9565	0
38058	calc	4306	0
38059	lookup	2986	0
38060	calc	20887	0
38061	calc	15606	0
38062	abstain_everyday	2787	0
38063	lookup	12461	0
38064	abstain_everyday	1913	0
38065	calc	20405	0
38066	lookup	7251	0
38067	calc	5932	0
38068	abstain_everyday	5524	0
38069	calc	3575	1
38070	lookup	2764	0
38071	lookup	2111	0
38072	calc	16485	0
38073	lookup	5676	0
38074	abstain_everyday	939	0
38075	abstain_everyday	201	0
38076	lookup	852	0
38077	calc	13993	0
38078	lookup	291	0
38079	calc	889	0
38080	lookup	10435	0
38081	calc	12136	0
38082	lookup	637	0
38083	calc	19534	0
38084	calc	20461	1
38085	calc	17002	1
38086	calc	1858	0
38087	abstain_everyday	1728	0
38088	calc	9415	0
38089	abstain_everyday	3466	0
38090	lookup	5128	0
38091	calc	8132	0
38092	lookup	4295	0
38093	abstain_everyday	1699	0
38094	calc	18196	0
38095	calc	5530	0
38096	lookup	1655	0
38097	lookup	1195	0
38098	lookup	7004	0
38099	lookup	1648	0
38100	lookup	7777	0
38101	abstain_everyday	1592	0
38102	abstain_everyday	2300	0
38103	calc	3918	0
38104	calc	2941	1
38105	calc	13891	0
38106	abstain_everyday	4027	0
38107	lookup	9175	0
38108	calc	17415	0
38109	calc	10660	0
38110	calc	20036	0
38111	calc	16570	0
38112	calc	11979	0
38113	calc	17359	0
38114	lookup	6993	0
38115	calc	16340	0
38116	lookup	1669	0
38117	lookup	6361	0
38118	calc	9131	0
38119	lookup	954	0
38120	abstain_everyday	3933	0
38121	abstain_everyday	1666	0
38122	lookup	1434	0
38123	lookup	7579	0
38124	calc	3198	0
38125	lookup	8400	0
38126	calc	18828	0
38127	calc	12097	0
38128	calc	4267	0
38129	abstain_everyday	256	0
38130	abstain_everyday	420	0
38131	calc	6361	0
38132	calc	223	0
38133	abstain_everyday	974	0
38134	lookup	1067	0
38135	calc	15590	0
38136	calc	13153	0
38137	calc	7808	0
38138	abstain_everyday	466	0
38139	calc	10369	0
38140	lookup	10187	0
38141	lookup	11503	0
38142	lookup	8085	0
38143	calc	7535	0
38144	abstain_everyday	3958	0
38145	lookup	6953	0
38146	lookup	12525	0
38147	lookup	171	0
38148	calc	13027	0
38149	abstain_everyday	1550	0
38150	lookup	10278	0
38151	calc	12743	0
38152	calc	11097	0
38153	lookup	12891	0
38154	calc	5182	0
38155	calc	3733	0
38156	calc	671	0
38157	calc	12571	1
38158	calc	9878	0
38159	calc	17612	0
38160	calc	11825	0
38161	abstain_everyday	3463	0
38162	lookup	5569	0
38163	calc	13788	0
38164	calc	6452	0
38165	calc	14966	0
38166	lookup	12501	0
38167	calc	9846	1
38168	calc	7245	0
38169	calc	10601	0
38170	lookup	6354	0
38171	calc	8165	0
38172	calc	2158	0
38173	calc	9963	0
38174	calc	18064	0
38175	calc	18788	0
38176	abstain_everyday	1895	0
38177	lookup	1604	0
38178	lookup	980	0
38179	calc	8381	0
38180	calc	20231	0
38181	abstain_everyday	1576	0
38182	calc	7301	0
38183	calc	6348	0
38184	calc	13328	0
38185	calc	2924	0
38186	lookup	7614	0
38187	abstain_everyday	531	0
38188	lookup	11399	0
38189	lookup	10999	0
38190	lookup	8789	0
38191	abstain_everyday	1390	0
38192	lookup	10401	0
38193	calc	13989	0
38194	calc	1942	0
38195	calc	14120	0
38196	calc	8176	0
38197	calc	6388	0
38198	calc	1018	0
38199	calc	20525	0
38200	calc	3042	0
38201	calc	7665	1
38202	lookup	2888	0
38203	lookup	6182	0
38204	calc	6570	0
38205	calc	12312	0
38206	calc	19191	0
38207	calc	19342	0
38208	lookup	6117	0
38209	lookup	9635	0
38210	calc	1875	0
38211	calc	11150	0
38212	abstain_everyday	4802	0
38213	calc	15406	0
38214	calc	9414	0
38215	calc	7959	0
38216	calc	18508	0
38217	lookup	1003	0
38218	calc	2629	0
38219	lookup	5093	0
38220	calc	12658	0
38221	lookup	11089	0
38222	abstain_everyday	4228	0
38223	lookup	10772	0
38224	calc	13412	0
38225	abstain_everyday	4789	0
38226	lookup	7042	0
38227	lookup	2647	0
38228	lookup	2847	0
38229	abstain_everyday	3735	0
38230	calc	2772	0
38231	lookup	1903	0
38232	calc	11429	0
38233	calc	5463	0
38234	calc	18155	0
38235	calc	3390	0
38236	calc	673	0
38237	lookup	11673	0
38238	abstain_everyday	5576	0
38239	calc	13093	0
38240	lookup	886	0
38241	calc	15341	0
38242	lookup	1530	0
38243	abstain_everyday	4774	0
38244	lookup	7752	0
38245	calc	8710	0
38246	calc	2334	0
38247	abstain_everyday	2964	0
38248	calc	8491	0
38249	calc	1616	0
38250	calc	16951	0
38251	abstain_everyday	2745	0
38252	lookup	5902	0
38253	calc	4489	0
38254	calc	7081	0
38255	calc	19775	0
38256	lookup	10073	0
38257	calc	985	0
38258	lookup	7941	0
38259	calc	5987	0
38260	calc	5701	0
38261	lookup	6817	0
38262	lookup	8622	0
38263	calc	13559	0
38264	abstain_everyday	306	0
38265	abstain_everyday	11	0
38266	calc	5090	0
38267	lookup	12607	0
38268	lookup	6049	0
38269	calc	2283	0
38270	calc	12938	0
38271	calc	14604	0
38272	calc	20112	0
38273	calc	15248	0
38274	calc	10948	0
38275	lookup	10954	0
38276	lookup	9606	0
38277	lookup	8716	0
38278	calc	12803	0
38279	abstain_everyday	3507	0
38280	lookup	12497	0
38281	calc	1280	0
38282	calc	16768	0
38283	abstain_everyday	1083	0
38284	calc	9145	0
38285	lookup	1724	0
38286	calc	20751	0
38287	lookup	12772	0
38288	calc	13507	0
38289	lookup	6108	0
38290	calc	13925	0
38291	calc	20908	0
38292	abstain_everyday	2799	0
38293	calc	10479	0
38294	lookup	4129	0
38295	calc	8529	0
38296	lookup	5856	0
38297	calc	16537	0
38298	lookup	10939	0
38299	calc	7856	1
38300	calc	1936	0
38301	lookup	10206	0
38302	calc	3226	0
38303	abstain_everyday	4737	0
38304	lookup	12475	0
38305	calc	18481	1
38306	calc	19531	0
38307	calc	10880	0
38308	abstain_everyday	3980	0
38309	lookup	6516	0
38310	calc	13577	0
38311	lookup	4937	0
38312	calc	196	0
38313	calc	6347	0
38314	calc	7567	0
38315	abstain_everyday	1260	0
38316	abstain_everyday	5136	0
38317	lookup	1249	0
38318	abstain_everyday	5888	0
38319	lookup	4179	0
38320	calc	18962	0
38321	calc	14257	0
38322	lookup	7880	0
38323	calc	16107	0
38324	calc	19716	0
38325	lookup	581	0
38326	calc	16919	0
38327	lookup	5107	0
38328	calc	12912	0
38329	calc	9210	0
38330	calc	11632	0
38331	calc	11207	0
38332	calc	2189	0
38333	calc	10469	0
38334	calc	10445	0
38335	lookup	4856	0
38336	calc	3715	0
38337	calc	19050	0
38338	calc	19668	0
38339	abstain_everyday	81	0
38340	calc	8709	0
38341	calc	19025	0
38342	calc	17271	0
38343	calc	14063	1
38344	lookup	1403	0
38345	lookup	9785	0
38346	lookup	7723	0
38347	abstain_everyday	3414	0
38348	calc	4410	0
38349	calc	13590	0
38350	calc	3475	0
38351	lookup	10535	0
38352	lookup	8902	0
38353	abstain_everyday	4362	0
38354	lookup	12081	0
38355	abstain_everyday	5522	0
38356	lookup	9691	0
38357	lookup	2149	0
38358	abstain_everyday	3438	0
38359	calc	16974	0
38360	calc	14800	0
38361	calc	3512	1
38362	lookup	10422	0
38363	calc	12789	0
38364	abstain_everyday	5779	0
38365	lookup	1543	0
38366	lookup	12262	0
38367	calc	18755	0
38368	calc	12019	0
38369	calc	12572	0
38370	calc	13731	0
38371	calc	6458	0
38372	calc	16589	0
38373	lookup	9679	0
38374	calc	12392	0
38375	abstain_everyday	5792	0
38376	calc	17992	1
38377	lookup	10669	0
38378	lookup	1753	0
38379	calc	641	0
38380	abstain_everyday	4717	0
38381	lookup	10779	0
38382	calc	14427	0
38383	lookup	12629	0
38384	calc	4845	1
38385	lookup	1567	0
38386	lookup	7688	0
38387	lookup	3438	0
38388	calc	13846	0
38389	calc	7797	0
38390	calc	9264	0
38391	calc	10799	0
38392	abstain_everyday	3330	0
38393	calc	6777	0
38394	calc	13246	0
38395	lookup	682	0
38396	abstain_everyday	4992	0
38397	lookup	4543	0
38398	calc	12740	0
38399	lookup	4909	0
38400	lookup	11327	0
38401	lookup	12244	0
38402	lookup	1925	0
38403	abstain_everyday	5582	0
38404	calc	14025	0
38405	abstain_everyday	5381	0
38406	abstain_everyday	2888	0
38407	calc	3865	1
38408	abstain_everyday	3510	0
38409	abstain_everyday	2456	0
38410	abstain_everyday	4485	0
38411	calc	1725	0
38412	lookup	751	0
38413	lookup	3680	0
38414	calc	2620	0
38415	calc	1655	0
38416	lookup	6729	0
38417	calc	16425	0
38418	lookup	5495	0
38419	lookup	3575	0
38420	abstain_everyday	3701	0
38421	abstain_everyday	3264	0
38422	calc	10603	0
38423	calc	16607	0
38424	lookup	2889	0
38425	calc	1627	0
38426	calc	11434	0
38427	calc	4401	0
38428	calc	8586	0
38429	lookup	78	0
38430	calc	5294	0
38431	lookup	12557	0
38432	abstain_everyday	276	0
38433	lookup	1068	0
38434	lookup	7372	0
38435	abstain_everyday	4547	0
38436	calc	53	0
38437	lookup	7496	0
38438	lookup	2150	0
38439	calc	5255	0
38440	abstain_everyday	5538	0
38441	calc	10009	0
38442	calc	1050	0
38443	lookup	9983	0
38444	lookup	5365	0
38445	lookup	5852	0
38446	calc	3620	0
38447	calc	5907	0
38448	lookup	9941	0
38449	calc	8761	0
38450	lookup	5456	0
38451	calc	20590	0
38452	abstain_everyday	447	0
38453	lookup	9908	0
38454	calc	13285	0
38455	lookup	1305	0
38456	calc	12622	0
38457	lookup	12574	0
38458	calc	16990	0
38459	lookup	101	0
38460	lookup	9470	0
38461	calc	11330	0
38462	abstain_everyday	1396	0
38463	abstain_everyday	4032	0
38464	abstain_everyday	4553	0
38465	calc	619	0
38466	lookup	7555	0
38467	calc	2326	0
38468	lookup	12327	0
38469	lookup	3304	0
38470	abstain_everyday	4970	0
38471	calc	7116	0
38472	calc	432	0
38473	abstain_everyday	1937	0
38474	calc	13400	0
38475	calc	13230	0
38476	calc	15043	0
38477	lookup	6919	0
38478	abstain_everyday	1887	0
38479	lookup	1541	0
38480	lookup	1392	0
38481	calc	2014	0
38482	lookup	4112	0
38483	calc	1185	0
38484	calc	6852	0
38485	calc	11719	0
38486	calc	19124	0
38487	calc	5755	0
38488	lookup	12659	0
38489	calc	20390	0
38490	lookup	9681	0
38491	calc	13721	0
38492	lookup	4148	0
38493	abstain_everyday	1729	0
38494	lookup	973	0
38495	lookup	8081	0
38496	calc	11599	0
38497	calc	15503	0
38498	abstain_everyday	2071	0
38499	lookup	8075	0
38500	lookup	10198	0
38501	calc	18627	0
38502	abstain_everyday	4465	0
38503	calc	508	0
38504	calc	13383	0
38505	calc	13578	0
38506	calc	10535	0
38507	calc	1217	0
38508	calc	4519	0
38509	calc	9984	0
38510	calc	18710	0
38511	calc	4658	0
38512	calc	13865	0
38513	calc	2122	0
38514	lookup	4746	0
38515	abstain_everyday	3579	0
38516	calc	11989	0
38517	calc	1843	0
38518	lookup	11359	0
38519	abstain_everyday	3745	0
38520	lookup	5981	0
38521	abstain_everyday	5781	0
38522	lookup	885	0
38523	calc	5104	0
38524	calc	7244	0
38525	lookup	3549	0
38526	abstain_everyday	2560	0
38527	lookup	10970	0
38528	calc	10856	0
38529	lookup	3760	0
38530	calc	17905	0
38531	lookup	2423	0
38532	abstain_everyday	183	0
38533	calc	3633	0
38534	calc	16911	0
38535	calc	8371	0
38536	lookup	2960	0
38537	calc	2291	1
38538	abstain_everyday	4879	0
38539	lookup	11156	0
38540	abstain_everyday	1011	0
38541	abstain_everyday	896	0
38542	calc	12933	1
38543	lookup	8184	0
38544	lookup	10560	0
38545	calc	17409	0
38546	abstain_everyday	4230	0
38547	abstain_everyday	3873	0
38548	calc	18604	0
38549	calc	19448	0
38550	calc	4115	1
38551	lookup	1477	0
38552	lookup	11355	0
38553	lookup	10326	0
38554	calc	2171	0
38555	lookup	4532	0
38556	lookup	3393	0
38557	abstain_everyday	4570	0
38558	calc	5475	0
38559	lookup	8943	0
38560	abstain_everyday	1608	0
38561	calc	12732	0
38562	calc	20739	0
38563	abstain_everyday	2726	0
38564	calc	6415	0
38565	calc	684	0
38566	calc	11082	0
38567	lookup	12473	0
38568	calc	14722	0
38569	lookup	7591	0
38570	calc	10757	0
38571	calc	9815	0
38572	calc	13536	0
38573	abstain_everyday	4374	0
38574	lookup	8379	0
38575	calc	10217	0
38576	lookup	2549	0
38577	calc	8750	1
38578	abstain_everyday	4784	0
38579	abstain_everyday	3030	0
38580	calc	18967	0
38581	calc	6287	0
38582	lookup	8146	0
38583	calc	1296	0
38584	abstain_everyday	3652	0
38585	calc	10741	0
38586	abstain_everyday	171	0
38587	calc	20144	0
38588	lookup	2183	0
38589	calc	17237	0
38590	lookup	4294	0
38591	calc	10182	0
38592	calc	5165	0
38593	calc	9875	0
38594	calc	1743	1
38595	lookup	5608	0
38596	calc	4339	0
38597	calc	10659	0
38598	calc	20228	0
38599	calc	18063	0
38600	lookup	9792	0
38601	calc	6464	0
38602	calc	6073	1
38603	calc	13773	0
38604	lookup	10950	0
38605	abstain_everyday	5463	0
38606	calc	9780	0
38607	calc	11033	0
38608	lookup	8921	0
38609	abstain_everyday	2319	0
38610	calc	14334	0
38611	lookup	4333	0
38612	lookup	2576	0
38613	calc	13985	0
38614	calc	883	0
38615	lookup	5260	0
38616	calc	16730	0
38617	lookup	9914	0
38618	calc	15824	0
38619	calc	9615	0
38620	lookup	12288	0
38621	calc	473	0
38622	calc	18211	0
38623	calc	7067	0
38624	calc	4348	0
38625	abstain_everyday	4190	0
38626	lookup	9575	0
38627	abstain_everyday	2432	0
38628	lookup	8740	0
38629	lookup	3306	0
38630	calc	13236	0
38631	abstain_everyday	915	0
38632	calc	500	0
38633	calc	624	0
38634	lookup	7124	0
38635	calc	16083	0
38636	lookup	12085	0
38637	calc	13848	0
38638	abstain_everyday	887	0
38639	calc	13851	0
38640	calc	7680	0
38641	calc	19569	0
38642	calc	12462	0
38643	calc	1903	0
38644	calc	1378	0
38645	abstain_everyday	2138	0
38646	lookup	10740	0
38647	calc	14755	0
38648	lookup	3904	0
38649	calc	3639	0
38650	calc	6300	1
38651	calc	4970	0
38652	calc	18182	0
38653	calc	9097	0
38654	calc	7303	0
38655	abstain_everyday	1426	0
38656	lookup	5877	0
38657	lookup	7842	0
38658	calc	9797	0
38659	calc	6201	0
38660	abstain_everyday	3815	0
38661	abstain_everyday	601	0
38662	calc	13329	0
38663	lookup	667	0
38664	calc	2964	0
38665	lookup	7059	0
38666	lookup	2194	0
38667	lookup	11528	0
38668	calc	4573	0
38669	calc	3860	0
38670	abstain_everyday	783	0
38671	abstain_everyday	501	0
38672	abstain_everyday	3196	0
38673	calc	5262	1
38674	calc	3864	0
38675	lookup	6290	0
38676	lookup	435	0
38677	lookup	1628	0
38678	calc	12643	0
38679	calc	2953	0
38680	lookup	10504	0
38681	lookup	2931	0
38682	calc	565	0
38683	lookup	145	0
38684	lookup	9619	0
38685	abstain_everyday	1677	0
38686	lookup	577	0
38687	calc	17005	0
38688	calc	14013	0
38689	lookup	833	0
38690	lookup	8931	0
38691	calc	2181	0
38692	calc	15552	0
38693	calc	14788	0
38694	lookup	2618	0
38695	abstain_everyday	2658	0
38696	calc	9978	1
38697	lookup	4021	0
38698	lookup	5960	0
38699	lookup	11172	0
38700	calc	15972	0
38701	lookup	8692	0
38702	abstain_everyday	2618	0
38703	calc	15930	1
38704	calc	20141	0
38705	calc	4820	1
38706	calc	363	0
38707	calc	15468	0
38708	calc	13424	0
38709	calc	246	0
38710	abstain_everyday	3927	0
38711	calc	902	0
38712	calc	15166	0
38713	lookup	6872	0
38714	calc	17245	0
38715	lookup	9233	0
38716	calc	13734	0
38717	calc	16120	0
38718	calc	7945	0
38719	calc	931	0
38720	calc	17293	0
38721	calc	12747	0
38722	calc	11515	0
38723	calc	10654	0
38724	calc	6252	0
38725	calc	14241	0
38726	calc	6614	0
38727	calc	12707	0
38728	calc	129	0
38729	calc	10025	0
38730	lookup	8389	0
38731	calc	15908	1
38732	calc	18378	0
38733	abstain_everyday	4629	0
38734	lookup	2029	0
38735	abstain_everyday	490	0
38736	calc	13551	0
38737	calc	6799	0
38738	lookup	2391	0
38739	lookup	2641	0
38740	calc	9431	0
38741	calc	7669	0
38742	lookup	9178	0
38743	lookup	12011	0
38744	lookup	1098	0
38745	calc	16411	0
38746	lookup	7824	0
38747	lookup	5371	0
38748	lookup	3513	0
38749	abstain_everyday	4608	0
38750	abstain_everyday	3864	0
38751	calc	8250	0
38752	calc	16815	0
38753	lookup	104	0
38754	abstain_everyday	4253	0
38755	lookup	3526	0
38756	lookup	5097	0
38757	calc	7906	0
38758	calc	14791	0
38759	abstain_everyday	677	0
38760	calc	19469	0
38761	calc	5853	0
38762	lookup	3713	0
38763	calc	17810	0
38764	abstain_everyday	3758	0
38765	calc	19615	0
38766	abstain_everyday	4296	0
38767	calc	9279	0
38768	lookup	563	0
38769	calc	11015	0
38770	abstain_everyday	245	0
38771	calc	16844	1
38772	calc	18503	0
38773	calc	2808	0
38774	lookup	7448	0
38775	lookup	5157	0
38776	calc	18034	0
38777	calc	19502	0
38778	calc	15101	0
38779	abstain_everyday	4223	0
38780	lookup	740	0
38781	abstain_everyday	4668	0
38782	abstain_everyday	3985	0
38783	calc	2106	1
38784	calc	4521	0
38785	calc	13751	0
38786	abstain_everyday	4026	0
38787	abstain_everyday	3441	0
38788	lookup	3719	0
38789	lookup	3062	0
38790	abstain_everyday	1492	0
38791	calc	12851	0
38792	calc	17241	0
38793	abstain_everyday	5818	0
38794	calc	18623	0
38795	calc	17759	0
38796	calc	16436	1
38797	calc	11954	0
38798	calc	13660	0
38799	calc	15747	0
38800	lookup	6869	0
38801	calc	20552	0
38802	lookup	12420	0
38803	calc	154	0
38804	lookup	3661	0
38805	calc	18036	0
38806	calc	2541	1
38807	abstain_everyday	69	0
38808	calc	15105	0
38809	lookup	4874	0
38810	calc	6976	0
38811	abstain_everyday	4889	0
38812	abstain_everyday	4209	0
38813	calc	3019	0
38814	calc	16534	0
38815	lookup	8353	0
38816	abstain_everyday	4030	0
38817	lookup	1620	0
38818	abstain_everyday	148	0
38819	calc	20175	0
38820	calc	1461	0
38821	abstain_everyday	1896	0
38822	calc	20086	0
38823	calc	513	0
38824	calc	9958	0
38825	lookup	9607	0
38826	calc	2943	0
38827	abstain_everyday	4255	0
38828	calc	2703	0
38829	calc	15973	0
38830	lookup	7486	0
38831	abstain_everyday	398	0
38832	calc	11968	0
38833	lookup	7032	0
38834	calc	4598	0
38835	calc	10112	0
38836	calc	1821	0
38837	lookup	11473	0
38838	abstain_everyday	2306	0
38839	calc	13337	0
38840	calc	9400	0
38841	lookup	1507	0
38842	calc	1024	0
38843	lookup	11580	0
38844	lookup	3909	0
38845	lookup	9951	0
38846	calc	7201	1
38847	calc	5049	0
38848	calc	13571	0
38849	lookup	8513	0
38850	calc	7484	0
38851	calc	3459	0
38852	calc	13793	0
38853	calc	11278	0
38854	abstain_everyday	1679	0
38855	calc	6594	0
38856	calc	4587	0
38857	calc	13627	0
38858	lookup	5647	0
38859	lookup	11607	0
38860	calc	8532	0
38861	lookup	3494	0
38862	lookup	11646	0
38863	calc	12391	0
38864	lookup	4373	0
38865	calc	2756	0
38866	lookup	12582	0
38867	calc	6933	0
38868	lookup	6006	0
38869	lookup	10946	0
38870	calc	2021	0
38871	calc	12368	0
38872	calc	11704	0
38873	calc	5756	0
38874	abstain_everyday	3225	0
38875	lookup	1725	0
38876	lookup	7290	0
38877	calc	7887	0
38878	calc	14368	0
38879	abstain_everyday	187	0
38880	calc	19953	0
38881	calc	15640	0
38882	abstain_everyday	1375	0
38883	calc	11882	0
38884	lookup	11419	0
38885	lookup	6409	0
38886	calc	12855	1
38887	calc	10527	0
38888	calc	3400	0
38889	lookup	10262	0
38890	calc	14221	0
38891	calc	6170	0
38892	lookup	1331	0
38893	abstain_everyday	220	0
38894	lookup	2769	0
38895	lookup	1004	0
38896	calc	4603	0
38897	lookup	393	0
38898	lookup	1888	0
38899	calc	15765	0
38900	lookup	10505	0
38901	lookup	10762	0
38902	calc	6356	0
38903	calc	4684	0
38904	lookup	9667	0
38905	lookup	4442	0
38906	calc	141	0
38907	calc	15190	0
38908	lookup	4244	0
38909	lookup	8587	0
38910	calc	10999	0
38911	abstain_everyday	1126	0
38912	abstain_everyday	4950	0
38913	calc	12295	0
38914	calc	18446	0
38915	calc	10238	0
38916	lookup	11875	0
38917	calc	14285	0
38918	calc	15553	0
38919	lookup	6075	0
38920	calc	11546	0
38921	calc	5869	0
38922	lookup	11039	0
38923	calc	15978	0
38924	lookup	10417	0
38925	calc	72	0
38926	calc	11737	0
38927	lookup	12215	0
38928	calc	12109	0
38929	calc	18392	0
38930	calc	5161	0
38931	calc	7715	0
38932	calc	19937	0
38933	calc	13850	0
38934	abstain_everyday	5097	0
38935	calc	9779	0
38936	abstain_everyday	1992	0
38937	abstain_everyday	5143	0
38938	calc	3325	0
38939	lookup	9056	0
38940	calc	15036	0
38941	abstain_everyday	3622	0
38942	lookup	7060	0
38943	calc	14250	1
38944	calc	12066	0
38945	calc	8126	0
38946	abstain_everyday	671	0
38947	calc	2445	0
38948	calc	18102	0
38949	calc	19290	0
38950	calc	17712	0
38951	abstain_everyday	4820	0
38952	lookup	7796	0
38953	calc	630	0
38954	calc	10026	0
38955	calc	19064	0
38956	calc	12734	0
38957	calc	19873	0
38958	calc	12262	0
38959	calc	136	0
38960	lookup	8476	0
38961	calc	11269	0
38962	calc	29	0
38963	lookup	10102	0
38964	calc	16947	0
38965	abstain_everyday	2913	0
38966	calc	19204	0
38967	lookup	8792	0
38968	calc	10695	0
38969	lookup	537	0
38970	lookup	5660	0
38971	lookup	3590	0
38972	lookup	2705	0
38973	calc	19538	0
38974	lookup	6782	0
38975	abstain_everyday	3967	0
38976	lookup	8879	0
38977	calc	2227	0
38978	calc	13128	0
38979	lookup	2691	0
38980	lookup	9163	0
38981	calc	16060	1
38982	lookup	12065	0
38983	lookup	4486	0
38984	calc	9541	0
38985	lookup	6853	0
38986	calc	12283	0
38987	calc	9253	0
38988	calc	8408	0
38989	lookup	4747	0
38990	calc	14124	0
38991	calc	10905	0
38992	calc	9361	0
38993	calc	12015	0
38994	calc	1220	0
38995	calc	7579	0
38996	calc	1355	0
38997	calc	16857	0
38998	calc	17744	0
38999	calc	5398	0
39000	calc	9561	0
39001	calc	345	0
39002	lookup	8554	0
39003	calc	3955	0
39004	calc	6372	0
39005	lookup	2140	0
39006	abstain_everyday	4715	0
39007	lookup	3564	0
39008	calc	12093	0
39009	calc	12013	0
39010	lookup	449	0
39011	calc	6367	0
39012	calc	19526	0
39013	calc	6113	1
39014	lookup	6727	0
39015	calc	9239	0
39016	calc	14938	0
39017	abstain_everyday	4956	0
39018	calc	7395	0
39019	calc	8904	0
39020	lookup	6776	0
39021	lookup	10604	0
39022	lookup	4436	0
39023	abstain_everyday	1380	0
39024	calc	11284	0
39025	calc	10179	0
39026	calc	4172	0
39027	lookup	5030	0
39028	calc	20206	0
39029	calc	20914	0
39030	abstain_everyday	1597	0
39031	calc	18129	0
39032	calc	1062	0
39033	abstain_everyday	3540	0
39034	lookup	12083	0
39035	calc	18830	1
39036	abstain_everyday	2690	0
39037	calc	4605	0
39038	abstain_everyday	2232	0
39039	calc	15612	0
39040	calc	18269	0
39041	lookup	4751	0
39042	abstain_everyday	4945	0
39043	calc	12545	0
39044	lookup	10754	0
39045	lookup	10923	0
39046	abstain_everyday	5077	0
39047	calc	6738	0
39048	calc	6250	0
39049	calc	344	0
39050	calc	10556	0
39051	calc	14842	0
39052	calc	5297	0
39053	calc	5240	0
39054	lookup	7397	0
39055	calc	12193	0
39056	calc	10971	0
39057	calc	7186	0
39058	calc	1350	0
39059	lookup	2179	0
39060	calc	4433	0
39061	lookup	8252	0
39062	lookup	10649	0
39063	lookup	11870	0
39064	lookup	3360	0
39065	lookup	12795	0
39066	calc	3761	0
39067	lookup	1599	0
39068	calc	3446	0
39069	calc	10874	0
39070	calc	12523	0
39071	calc	16899	0
39072	calc	4612	0
39073	calc	12300	0
39074	calc	18681	0
39075	calc	701	0
39076	lookup	9930	0
39077	calc	8543	0
39078	calc	13648	0
39079	lookup	8629	0
39080	abstain_everyday	547	0
39081	calc	19468	0
39082	lookup	2130	0
39083	calc	20790	0
39084	calc	11487	0
39085	calc	12817	0
39086	lookup	12617	0
39087	lookup	11731	0
39088	lookup	5266	0
39089	calc	19885	0
39090	calc	4202	0
39091	calc	7733	0
39092	abstain_everyday	1523	0
39093	calc	3491	0
39094	lookup	534	0
39095	calc	2360	0
39096	calc	9866	0
39097	lookup	3378	0
39098	lookup	2188	0
39099	calc	8302	0
39100	calc	782	0
39101	lookup	12250	0
39102	calc	20495	0
39103	calc	7146	0
39104	calc	3643	0
39105	lookup	12370	0
39106	calc	6429	0
39107	calc	19122	0
39108	calc	588	0
39109	lookup	12706	0
39110	abstain_everyday	510	0
39111	calc	1803	0
39112	abstain_everyday	4554	0
39113	calc	15324	0
39114	calc	9177	0
39115	calc	3671	0
39116	calc	593	0
39117	lookup	7315	0
39118	calc	6686	0
39119	calc	8119	0
39120	calc	3837	0
39121	lookup	1875	0
39122	calc	19474	0
39123	abstain_everyday	5556	0
39124	calc	454	0
39125	calc	8396	0
39126	calc	1189	0
39127	calc	20078	0
39128	calc	8810	0
39129	calc	16310	0
39130	calc	18691	0
39131	lookup	11262	0
39132	calc	4479	0
39133	lookup	10445	0
39134	abstain_everyday	2793	0
39135	lookup	10645	0
39136	abstain_everyday	864	0
39137	abstain_everyday	1602	0
39138	abstain_everyday	98	0
39139	lookup	3762	0
39140	calc	13661	0
39141	lookup	11538	0
39142	calc	4853	0
39143	abstain_everyday	774	0
39144	abstain_everyday	1566	0
39145	calc	8704	0
39146	calc	805	0
39147	lookup	5762	0
39148	calc	7023	0
39149	calc	2885	0
39150	abstain_everyday	2836	0
39151	lookup	2210	0
39152	calc	14058	0
39153	lookup	7190	0
39154	calc	7150	0
39155	calc	14116	0
39156	calc	3753	0
39157	lookup	1850	0
39158	calc	6749	0
39159	abstain_everyday	4680	0
39160	calc	7363	0
39161	lookup	12636	0
39162	calc	3051	0
39163	abstain_everyday	884	0
39164	lookup	3685	0
39165	calc	15087	0
39166	abstain_everyday	1388	0
39167	lookup	1294	0
39168	calc	12950	0
39169	calc	12954	0
39170	lookup	9127	0
39171	lookup	3177	0
39172	calc	2805	0
39173	abstain_everyday	1645	0
39174	lookup	3115	0
39175	calc	12018	0
39176	calc	13352	0
39177	lookup	4932	0
39178	abstain_everyday	852	0
39179	abstain_everyday	2284	0
39180	calc	20033	0
39181	calc	5061	0
39182	calc	8103	0
39183	lookup	10637	0
39184	lookup	7936	0
39185	calc	1541	0
39186	calc	20513	0
39187	calc	20594	0
39188	lookup	7525	0
39189	calc	6450	0
39190	calc	13310	0
39191	calc	13231	0
39192	calc	20169	0
39193	calc	8233	0
39194	calc	11029	0
39195	calc	2740	0
39196	lookup	12235	0
39197	calc	7017	0
39198	abstain_everyday	5756	0
39199	calc	20924	0
39200	lookup	3450	0
39201	lookup	4575	0
39202	calc	11709	0
39203	lookup	3051	0
39204	calc	13365	0
39205	calc	5058	0
39206	lookup	10249	0
39207	calc	2640	0
39208	calc	16018	0
39209	calc	7430	0
39210	lookup	8965	0
39211	lookup	5736	0
39212	lookup	9182	0
39213	calc	13031	0
39214	calc	75	0
39215	calc	4211	0
39216	lookup	2074	0
39217	lookup	10982	0
39218	lookup	2766	0
39219	calc	7845	1
39220	calc	3034	0
39221	lookup	2749	0
39222	lookup	7809	0
39223	calc	10279	0
39224	calc	12877	0
39225	calc	4700	0
39226	lookup	12687	0
39227	calc	18458	0
39228	lookup	1121	0
39229	lookup	2413	0
39230	calc	10020	0
39231	lookup	3823	0
39232	lookup	26	0
39233	calc	15039	0
39234	lookup	10894	0
39235	lookup	3876	0
39236	lookup	6625	0
39237	lookup	5918	0
39238	calc	1170	0
39239	calc	9695	0
39240	calc	11772	0
39241	lookup	1486	0
39242	calc	14209	0
39243	calc	5340	0
39244	lookup	1726	0
39245	abstain_everyday	495	0
39246	calc	12709	0
39247	lookup	3171	0
39248	lookup	4790	0
39249	calc	6523	0
39250	lookup	3934	0
39251	lookup	6460	0
39252	calc	10157	0
39253	lookup	8799	0
39254	lookup	12657	0
39255	lookup	6101	0
39256	calc	17943	0
39257	lookup	11548	0
39258	abstain_everyday	5328	0
39259	calc	230	0
39260	calc	1184	0
39261	lookup	3133	0
39262	lookup	3743	0
39263	lookup	3645	0
39264	lookup	8370	0
39265	lookup	5860	0
39266	abstain_everyday	319	0
39267	abstain_everyday	4797	0
39268	lookup	9830	0
39269	calc	7905	0
39270	lookup	9777	0
39271	lookup	11884	0
39272	abstain_everyday	4444	0
39273	calc	10816	0
39274	lookup	12241	0
39275	lookup	5005	0
39276	calc	4303	0
39277	lookup	8290	0
39278	abstain_everyday	4259	0
39279	lookup	5011	0
39280	calc	5603	0
39281	lookup	7519	0
39282	calc	3803	0
39283	abstain_everyday	3141	0
39284	calc	3867	0
39285	calc	3797	0
39286	calc	19082	0
39287	calc	2738	0
39288	calc	6584	0
39289	abstain_everyday	2810	0
39290	calc	18812	0
39291	abstain_everyday	2220	0
39292	calc	9817	0
39293	lookup	5399	0
39294	calc	16169	0
39295	calc	19176	0
39296	lookup	3384	0
39297	lookup	8024	0
39298	lookup	6406	0
39299	lookup	1859	0
39300	lookup	1330	0
39301	abstain_everyday	4075	0
39302	abstain_everyday	5495	0
39303	calc	9294	0
39304	abstain_everyday	3182	0
39305	calc	20635	0
39306	calc	17399	0
39307	lookup	6148	0
39308	abstain_everyday	1131	0
39309	calc	18563	0
39310	calc	14418	0
39311	lookup	4498	0
39312	calc	1016	0
39313	abstain_everyday	2260	0
39314	lookup	12718	0
39315	lookup	5779	0
39316	abstain_everyday	2233	0
39317	calc	14918	1
39318	abstain_everyday	642	0
39319	lookup	7744	0
39320	calc	21038	0
39321	lookup	7008	0
39322	calc	5503	0
39323	abstain_everyday	5082	0
39324	calc	9079	0
39325	calc	5098	0
39326	lookup	11587	0
39327	calc	9761	0
39328	calc	17216	0
39329	calc	16302	0
39330	calc	991	0
39331	lookup	5325	0
39332	calc	13738	0
39333	calc	12548	0
39334	calc	19583	0
39335	lookup	6256	0
39336	lookup	2085	0
39337	calc	4070	0
39338	calc	612	0
39339	calc	412	0
39340	calc	7039	0
39341	calc	3731	0
39342	calc	13223	0
39343	calc	2042	0
39344	calc	18988	0
39345	calc	16613	0
39346	calc	12623	0
39347	calc	352	1
39348	lookup	3096	0
39349	calc	15339	0
39350	abstain_everyday	1042	0
39351	calc	163	0
39352	calc	10676	0
39353	calc	8375	0
39354	calc	7904	0
39355	lookup	8115	0
39356	abstain_everyday	119	0
39357	lookup	2846	0
39358	lookup	12405	0
39359	calc	9367	0
39360	lookup	2308	0
39361	calc	18281	0
39362	abstain_everyday	5148	0
39363	abstain_everyday	5142	0
39364	lookup	11732	0
39365	calc	19920	0
39366	calc	10840	0
39367	calc	13885	0
39368	calc	59	0
39369	lookup	10891	0
39370	lookup	8289	0
39371	calc	18076	0
39372	calc	10243	0
39373	calc	584	0
39374	calc	20697	0
39375	calc	2239	0
39376	lookup	3286	0
39377	calc	1932	0
39378	calc	9819	1
39379	calc	5490	0
39380	calc	19793	0
39381	lookup	12138	0
39382	abstain_everyday	4630	0
39383	lookup	7438	0
39384	lookup	2281	0
39385	lookup	12054	0
39386	calc	18909	0
39387	calc	20965	0
39388	lookup	8273	0
39389	abstain_everyday	2015	0
39390	calc	12918	0
39391	lookup	7517	0
39392	lookup	2388	0
39393	lookup	10723	0
39394	calc	19363	0
39395	lookup	9710	0
39396	calc	19550	0
39397	calc	9758	0
39398	abstain_everyday	5652	0
39399	calc	16708	0
39400	abstain_everyday	4572	0
39401	calc	17478	0
39402	lookup	572	0
39403	calc	4904	0
39404	calc	12092	0
39405	calc	9574	0
39406	lookup	3745	0
39407	abstain_everyday	4009	0
39408	calc	4765	0
39409	lookup	2233	0
39410	calc	2908	0
39411	lookup	4940	0
39412	lookup	2358	0
39413	abstain_everyday	3767	0
39414	lookup	2864	0
39415	lookup	422	0
39416	calc	17902	0
39417	lookup	3679	0
39418	calc	5197	0
39419	lookup	6550	0
39420	lookup	12234	0
39421	calc	3133	0
39422	calc	15192	1
39423	abstain_everyday	1169	0
39424	calc	12434	0
39425	lookup	8665	0
39426	abstain_everyday	5146	0
39427	calc	6972	0
39428	calc	19065	0
39429	calc	1716	0
39430	abstain_everyday	91	0
39431	lookup	11443	0
39432	abstain_everyday	5422	0
39433	calc	19965	0
39434	calc	12311	0
39435	calc	899	0
39436	calc	18554	0
39437	calc	15157	0
39438	abstain_everyday	3858	0
39439	lookup	1895	0
39440	lookup	7536	0
39441	calc	10776	0
39442	lookup	1645	0
39443	calc	15444	0
39444	calc	4453	0
39445	calc	261	0
39446	abstain_everyday	1237	0
39447	calc	9778	0
39448	lookup	8677	0
39449	lookup	11935	0
39450	lookup	1994	0
39451	abstain_everyday	4159	0
39452	lookup	347	0
39453	calc	3652	0
39454	calc	8338	0
39455	lookup	8937	0
39456	lookup	10325	0
39457	calc	7892	0
39458	calc	10138	0
39459	lookup	9795	0
39460	calc	17304	0
39461	lookup	11939	0
39462	calc	16188	0
39463	abstain_everyday	2196	0
39464	calc	2621	0
39465	abstain_everyday	3056	0
39466	lookup	9854	0
39467	calc	20785	0
39468	calc	19867	0
39469	lookup	8397	0
39470	calc	14693	0
39471	lookup	7963	0
39472	calc	1133	0
39473	lookup	8907	0
39474	calc	212	0
39475	abstain_everyday	3189	0
39476	abstain_everyday	4256	0
39477	lookup	2886	0
39478	abstain_everyday	4227	0
39479	lookup	6711	0
39480	calc	16916	0
39481	abstain_everyday	557	0
39482	calc	6651	0
39483	calc	16215	0
39484	abstain_everyday	278	0
39485	lookup	218	0
39486	lookup	8162	0
39487	abstain_everyday	2252	0
39488	lookup	9415	0
39489	lookup	4642	0
39490	calc	19562	0
39491	calc	9055	0
39492	calc	3169	0
39493	abstain_everyday	5723	0
39494	calc	2060	0
39495	lookup	3522	0
39496	calc	15626	0
39497	calc	6338	0
39498	lookup	5957	0
39499	abstain_everyday	0	0
39500	calc	19033	0
39501	calc	8929	0
39502	calc	12941	0
39503	calc	4379	0
39504	abstain_everyday	738	0
39505	abstain_everyday	487	0
39506	calc	1384	0
39507	calc	11360	0
39508	lookup	1199	0
39509	calc	2767	0
39510	lookup	1508	0
39511	lookup	3552	0
39512	calc	20953	0
39513	lookup	377	0
39514	lookup	912	0
39515	calc	9603	0
39516	abstain_everyday	2356	0
39517	lookup	10661	0
39518	lookup	9006	0
39519	lookup	3137	0
39520	abstain_everyday	1097	0
39521	lookup	7918	0
39522	calc	20205	0
39523	abstain_everyday	2417	0
39524	lookup	5672	0
39525	lookup	3296	0
39526	calc	14785	0
39527	lookup	7323	0
39528	calc	17408	0
39529	lookup	9352	0
39530	lookup	1185	0
39531	lookup	5556	0
39532	lookup	3655	0
39533	lookup	4178	0
39534	calc	3239	0
39535	abstain_everyday	3107	0
39536	calc	10789	0
39537	calc	7722	0
39538	abstain_everyday	1958	0
39539	calc	9845	0
39540	calc	2842	0
39541	lookup	7776	0
39542	calc	9940	0
39543	calc	14886	0
39544	abstain_everyday	3241	0
39545	abstain_everyday	3946	0
39546	calc	10622	0
39547	calc	11965	0
39548	calc	11836	0
39549	calc	17787	0
39550	calc	15135	0
39551	lookup	1892	0
39552	lookup	2027	0
39553	lookup	4313	0
39554	calc	16230	0
39555	lookup	1279	0
39556	calc	6318	0
39557	lookup	3168	0
39558	calc	615	0
39559	calc	9530	0
39560	lookup	4481	0
39561	calc	502	0
39562	calc	8261	0
39563	abstain_everyday	5059	0
39564	lookup	797	0
39565	calc	4759	0
39566	calc	3990	0
39567	lookup	10189	0
39568	lookup	9982	0
39569	lookup	111	0
39570	calc	1771	0
39571	abstain_everyday	4780	0
39572	calc	2377	0
39573	calc	20527	0
39574	lookup	3138	0
39575	lookup	9893	0
39576	calc	5834	1
39577	lookup	4441	0
39578	calc	14940	0
39579	abstain_everyday	881	0
39580	lookup	10113	0
39581	lookup	10427	0
39582	lookup	1060	0
39583	lookup	5111	0
39584	lookup	10403	0
39585	lookup	8224	0
39586	abstain_everyday	4488	0
39587	abstain_everyday	5580	0
39588	calc	20188	0
39589	abstain_everyday	2654	0
39590	lookup	5186	0
39591	lookup	6579	0
39592	calc	741	0
39593	lookup	12466	0
39594	abstain_everyday	2865	0
39595	abstain_everyday	4867	0
39596	calc	2273	0
39597	lookup	8736	0
39598	lookup	9314	0
39599	lookup	1045	0
39600	calc	1922	0
39601	lookup	11297	0
39602	calc	7322	0
39603	abstain_everyday	2006	0
39604	calc	15272	0
39605	abstain_everyday	1272	0
39606	lookup	6592	0
39607	lookup	9226	0
39608	calc	7155	0
39609	calc	2985	0
39610	calc	9133	0
39611	lookup	1632	0
39612	lookup	348	0
39613	calc	17747	0
39614	calc	4460	0
39615	calc	2022	0
39616	abstain_everyday	2156	0
39617	abstain_everyday	4203	0
39618	calc	20487	0
39619	lookup	276	0
39620	abstain_everyday	3702	0
39621	calc	3451	0
39622	calc	20961	0
39623	lookup	10305	0
39624	calc	15323	0
39625	calc	9405	0
39626	calc	7575	0
39627	lookup	10508	0
39628	calc	6957	0
39629	calc	15233	0
39630	lookup	7403	0
39631	abstain_everyday	1638	0
39632	calc	18866	0
39633	abstain_everyday	746	0
39634	calc	5766	0
39635	calc	6448	0
39636	lookup	5388	0
39637	calc	18753	0
39638	calc	18926	0
39639	lookup	9605	0
39640	calc	16538	0
39641	calc	10062	0
39642	calc	14404	0
39643	calc	11036	0
39644	calc	4910	0
39645	lookup	6132	0
39646	lookup	10992	0
39647	lookup	4448	0
39648	calc	1249	0
39649	abstain_everyday	5182	0
39650	calc	9181	0
39651	lookup	9564	0
39652	calc	17175	1
39653	calc	1035	1
39654	calc	8227	0
39655	calc	19134	0
39656	lookup	4386	0
39657	calc	9139	0
39658	calc	11728	0
39659	lookup	6600	0
39660	calc	4825	0
39661	calc	3358	0
39662	calc	10289	0
39663	lookup	8051	0
39664	calc	19425	0
39665	lookup	1796	0
39666	calc	795	0
39667	abstain_everyday	4834	0
39668	abstain_everyday	4530	0
39669	calc	15544	0
39670	abstain_everyday	4958	0
39671	abstain_everyday	1916	0
39672	abstain_everyday	2769	0
39673	calc	2389	0
39674	calc	17225	0
39675	calc	20427	0
39676	calc	1393	0
39677	calc	6057	0
39678	calc	14096	0
39679	lookup	6050	0
39680	abstain_everyday	485	0
39681	calc	19238	0
39682	calc	17072	0
39683	lookup	8619	0
39684	calc	631	0
39685	calc	9056	0
39686	lookup	936	0
39687	lookup	8395	0
39688	calc	679	0
39689	calc	15992	0
39690	lookup	2322	0
39691	calc	17701	0
39692	lookup	2488	0
39693	calc	1830	0
39694	lookup	7695	0
39695	lookup	3016	0
39696	lookup	440	0
39697	lookup	10474	0
39698	calc	7409	0
39699	calc	3410	0
39700	calc	9460	0
39701	lookup	2520	0
39702	lookup	3911	0
39703	calc	5379	0
39704	calc	13177	0
39705	lookup	8808	0
39706	lookup	5771	0
39707	lookup	3231	0
39708	lookup	10573	0
39709	abstain_everyday	3228	0
39710	abstain_everyday	1470	0
39711	abstain_everyday	517	0
39712	calc	1397	0
39713	calc	12793	1
39714	calc	6494	0
39715	lookup	12543	0
39716	lookup	8504	0
39717	abstain_everyday	2372	0
39718	calc	11792	0
39719	calc	2502	0
39720	calc	2559	0
39721	calc	7473	0
39722	calc	17930	0
39723	calc	19840	0
39724	lookup	3918	0
39725	lookup	8609	0
39726	abstain_everyday	2037	0
39727	calc	19972	0
39728	calc	13575	0
39729	calc	3732	0
39730	calc	20444	0
39731	calc	9360	0
39732	lookup	8524	0
39733	calc	17885	0
39734	abstain_everyday	2904	0
39735	lookup	6682	0
39736	calc	1147	0
39737	calc	5277	0
39738	abstain_everyday	2977	0
39739	lookup	9538	0
39740	lookup	3504	0
39741	abstain_everyday	5635	0
39742	lookup	7839	0
39743	abstain_everyday	1465	0
39744	lookup	10975	0
39745	lookup	1038	0
39746	calc	13555	0
39747	calc	16611	0
39748	abstain_everyday	25	0
39749	lookup	219	0
39750	calc	5399	0
39751	calc	19203	0
39752	lookup	10640	0
39753	calc	15993	0
39754	calc	16578	0
39755	lookup	10450	0
39756	lookup	7016	0
39757	abstain_everyday	5189	0
39758	calc	1805	0
39759	calc	2452	0
39760	calc	12868	0
39761	calc	16685	0
39762	calc	3458	0
39763	calc	1779	0
39764	abstain_everyday	4657	0
39765	lookup	11956	0
39766	abstain_everyday	2490	0
39767	lookup	3447	0
39768	calc	7364	0
39769	abstain_everyday	1091	0
39770	lookup	1872	0
39771	lookup	10211	0
39772	calc	5960	0
39773	calc	10888	0
39774	abstain_everyday	1259	0
39775	lookup	9374	0
39776	lookup	4149	0
39777	abstain_everyday	4619	0
39778	abstain_everyday	789	0
39779	calc	16616	0
39780	lookup	2819	0
39781	lookup	1348	0
39782	abstain_everyday	5249	0
39783	calc	4119	0
39784	calc	19077	0
39785	lookup	1697	0
39786	calc	9277	0
39787	lookup	7951	0
39788	calc	13585	0
39789	calc	20299	0
39790	lookup	5578	0
39791	calc	14112	0
39792	calc	9452	0
39793	calc	3440	0
39794	lookup	4352	0
39795	lookup	12602	0
39796	lookup	2328	0
39797	lookup	4864	0
39798	calc	15136	0
39799	calc	6808	0
39800	calc	19755	0
39801	calc	12987	0
39802	abstain_everyday	5597	0
39803	lookup	10310	0
39804	calc	17520	0
39805	calc	18795	0
39806	lookup	9729	0
39807	lookup	12199	0
39808	calc	4290	0
39809	calc	6564	0
39810	calc	4576	0
39811	lookup	9916	0
39812	calc	17193	0
39813	lookup	7306	0
39814	lookup	3178	0
39815	calc	20408	1
39816	lookup	6740	0
39817	calc	14030	0
39818	calc	19319	0
39819	calc	11714	0
39820	lookup	9725	0
39821	calc	14700	0
39822	lookup	5552	0
39823	calc	16594	0
39824	lookup	6535	0
39825	lookup	6988	0
39826	calc	17306	0
39827	calc	3503	0
39828	calc	15923	0
39829	calc	16201	0
39830	lookup	4567	0
39831	calc	15372	0
39832	calc	14212	0
39833	calc	13586	0
39834	calc	7987	0
39835	abstain_everyday	5548	0
39836	calc	4389	0
39837	calc	20285	0
39838	abstain_everyday	340	0
39839	lookup	3711	0
39840	abstain_everyday	2707	0
39841	calc	9437	0
39842	calc	13742	0
39843	abstain_everyday	1922	0
39844	abstain_everyday	3418	0
39845	calc	15490	0
39846	calc	16651	0
39847	calc	2887	0
39848	calc	13511	0
39849	lookup	2581	0
39850	lookup	6511	0
39851	calc	16258	1
39852	abstain_everyday	4310	0
39853	calc	1810	0
39854	lookup	1956	0
39855	calc	19514	1
39856	lookup	2051	0
39857	calc	17147	0
39858	lookup	5001	0
39859	calc	20760	0
39860	lookup	5969	0
39861	calc	10574	0
39862	lookup	8041	0
39863	lookup	2304	0
39864	calc	19310	0
39865	abstain_everyday	5645	0
39866	abstain_everyday	5611	0
39867	calc	20692	0
39868	calc	20397	0
39869	lookup	3677	0
39870	lookup	7453	0
39871	lookup	207	0
39872	calc	16548	0
39873	calc	19486	0
39874	abstain_everyday	3959	0
39875	calc	7653	1
39876	abstain_everyday	3881	0
39877	lookup	8399	0
39878	lookup	2909	0
39879	lookup	9439	0
39880	calc	14921	0
39881	lookup	5546	0
39882	abstain_everyday	5341	0
39883	calc	17407	0
39884	calc	8339	0
39885	lookup	12565	0
39886	lookup	1758	0
39887	calc	18142	0
39888	abstain_everyday	621	0
39889	lookup	1790	0
39890	calc	13194	0
39891	calc	12179	0
39892	lookup	12159	0
39893	lookup	62	0
39894	lookup	5927	0
39895	lookup	6755	0
39896	calc	20335	0
39897	calc	18552	0
39898	lookup	8249	0
39899	lookup	11496	0
39900	abstain_everyday	4509	0
39901	calc	10371	0
39902	calc	7461	0
39903	abstain_everyday	3105	0
39904	lookup	4938	0
39905	calc	4116	0
39906	calc	1289	0
