id	mutant_sha256	default_exit	default_verdict	default_panic	default_stdout_last	default_stderr_first	strict_exit	strict_verdict	strict_panic	strict_stdout_last	strict_stderr_first	desc
F-00001	200074cbb45934db6f46721c1009537cad38753bd14923b9b203827b5f3dea34	1	REJECT_CLEAN	0	VERIFY FAIL — replay diverged from the receipt		1	REJECT_CLEAN	0	VERIFY FAIL — replay diverged from the receipt		qemu_self/RECEIPT.TXT; prompt-hex<-hex('不^ͤ9😖丌m😏\x9b\x96\ue00as'..200ch)
F-00002	27ad1fde0fb9bd5b9abd0d4a0dcb6639635284763f14bce646feb22a85122442	1	REJECT_CLEAN	0	VERIFY FAIL — replay diverged from the receipt		1	REJECT_CLEAN	0	VERIFY FAIL — strict: byte 1166: 0xe2 is not printable ASCII or LF		qemu_calc_words/RECEIPT2.TXT; prompt-hex<-hex('😙Ý\x0e串\x81b\ue004/丛\x94\x98r'..200ch); ins@1166:b'\xe2\x80\xae'
F-00003	067143928bc6bbdb417d7b3a4139ff67eacb82e978319343ce7263a40bffb8f5	0	ACCEPT	0	VERIFY PASS — replay reproduced 9 tokens, the token digest, and the full logit chain bit-for-bit		1	REJECT_CLEAN	0	VERIFY FAIL — strict: line 2: key out of order "chain", canonical order expects "model"		qemu_calc/RECEIPT.TXT; dupline5; dupline11
F-00004	0548bf8c696462ce5303963cb82f562bbf0c7a552df24b0d4e15b86cf16dbfa4	1	REJECT_CLEAN	0	FAIL artifact: EMBED hash mismatch (receipt 8cbcd6b69df03539 vs local 8cbcd6b69df03539)		1	REJECT_CLEAN	0	VERIFY FAIL — strict: line 1: header must be exactly "AEGIS-WITNESS v1-CIS"		qemu_lookup/RECEIPT.TXT; del[130:152]; AEGIS-WITNESS<-'0'; dupline7
F-00005	956946bb79187434520848f984cf452ab21cfcf154221aa41c3edf5f5b78ceac	1	REJECT_CLEAN	0	FAIL artifact: EMBED hash mismatch (receipt aéé vs local 8cbcd6b69df03539)		1	REJECT_CLEAN	0	VERIFY FAIL — strict: byte 99: 0xc3 is not printable ASCII or LF		qemu_lookup/RECEIPT.TXT; embed<-'aéé'; prompt-hex<-hex('\x89}̟\ue010\x8cX͖七\x91͢\ue009\ue00b'..60ch); cis-digest<-'FFFFFFFFFFFF'
F-00006	ca5c8b0f91c2c9323bd994d3daa9bc0ca5fabfa1fc5d937a6171864c04bc3b8a	1	REJECT_CLEAN	0	FAIL artifact: VOCAB hash mismatch (receipt a4cafc9649488987 vs local a4cafc9649488987)		1	REJECT_CLEAN	0	VERIFY FAIL — strict: no newline after the last line (exactly one is required)		qemu_abstain/RECEIPT.TXT; trunc@357; rep@215:0x6f; trunc@243
F-00007	4ca398ef026641a87ec8a1d0d63f14bff29241b59422f0c3be8620616bfd04d9	1	REJECT_CLEAN	0	FAIL artifact: MODEL hash mismatch (receipt a44e48965c641 vs local a44e48965c641b81)		1	REJECT_CLEAN	0	VERIFY FAIL — strict: line 2 (model): expected 64 lower-case hex digits		qemu_calc_words/RECEIPT2.TXT; ins@40:b'\n\n'
F-00008	5438fba0e261306620980f1161a474741e2fd0aa264ae1759ebfaf4f014d6151	1	REJECT_CLEAN	0	VERIFY FAIL — receipt inputs cannot be replayed: prompt (1462) + max_new (500) exceeds max_position_embeddings (512)		1	REJECT_CLEAN	0	VERIFY FAIL — receipt inputs cannot be replayed: prompt (1462) + max_new (500) exceeds max_position_embeddings (512)		qemu_lookup/RECEIPT.TXT; maxtok<-500; prompt-hex<-hex('ű😒上̦\x11\x06q\x03临u丳Ƅ'..700ch)
F-00009	294fde0f50a7a4380d6920c6e41943734e9b338fa4909a4239ef48a74440bfdc	1	REJECT_CLEAN	0	VERIFY FAIL — malformed receipt: not valid UTF-8		1	REJECT_CLEAN	0	VERIFY FAIL — strict: byte 135: 0xa3 is not printable ASCII or LF		qemu_lookup/RECEIPT.TXT; rep@135:0xa3
F-00010	59ef72a9e12dd7ea3940b85d71c7d81444ea70edc06ddd89ba9323f7941f4d0b	1	REJECT_CLEAN	0	FAIL artifact: VOCAB hash mismatch (receipt a4cafc9649488987 vs local a4cafc9649488987)		1	REJECT_CLEAN	0	VERIFY FAIL — strict: line 11: duplicate key "vocab", canonical order expects "chain"		qemu_unknown_tool/RECEIPT.TXT; dupline3; del[575:609]; prompt-hex<-hex('Ǫ`😇'..3ch)
F-00011	c88dcda6455a4ff53a39e31342aa7878518be943807cc350f82fd41d168cd238	1	REJECT_CLEAN	0	FAIL artifact: VOCAB hash mismatch (receipt a4cafc9649488987 vs local a4cafc9649488987)		1	REJECT_CLEAN	0	VERIFY FAIL — strict: no newline after the last line (exactly one is required)		qemu_everyday/RECEIPT.TXT; trunc@218; model<-'1,,2'
F-00012	b3b99615b67faff8a081e871c06e4cc7e70f0b1d0c4e01f484e00fbda5528b08	1	REJECT_CLEAN	0	VERIFY FAIL — malformed receipt: not valid UTF-8		1	REJECT_CLEAN	0	VERIFY FAIL — strict: byte 10: 0xd4 is not printable ASCII or LF		qemu_self/RECEIPT.TXT; ins@207:b'\n\n'; prompt-toks<-'\x00'; rep@10:0xd4
F-00013	adb3345c626a44c4b9e8b6cfaea720e6919bb6f6f95452c6add25b4d324597ae	0	ACCEPT	0	VERIFY PASS — replay reproduced 9 tokens, the token digest, and the full logit chain bit-for-bit		1	REJECT_CLEAN	0	VERIFY FAIL — strict: byte 14: 0xed is not printable ASCII or LF		qemu_calc/RECEIPT2.TXT; AEGIS-WITNESS<-'\ud7ff'
F-00014	23f2485fdc6de14e3ffce8dc08d1947f8ca0f611a467446514799aae8430bd85	0	ACCEPT	0	VERIFY PASS — replay reproduced 3 tokens, the token digest, and the full logit chain bit-for-bit		1	REJECT_CLEAN	0	VERIFY FAIL — strict: line 5: key out of order "gen-toks", canonical order expects "maxtok"		qemu_everyday/RECEIPT.TXT; dupline7; prompt-toks<-'+'
F-00015	92f9c59737d26772409a5370f05760dbe1f00876996e99e68250753daae6685e	1	REJECT_CLEAN	0	VERIFY FAIL — receipt inputs cannot be replayed: prompt (1494) + max_new (7) exceeds max_position_embeddings (512)		1	REJECT_CLEAN	0	VERIFY FAIL — strict: line 7 (prompt-toks): expected a decimal integer without sign or leading zeros		qemu_calc_words/RECEIPT2.TXT; prompt-hex<-hex('😍\ue005😔😊?丗oǌĩ̇^\ue001'..700ch); prompt-toks<-'-1'
F-00016	5a6654e51849b9efe24eee4da090896958ae68b5fcfb945fafa7c5754d0e21ef	1	REJECT_CLEAN	0	VERIFY FAIL — replay diverged from the receipt		1	REJECT_CLEAN	0	VERIFY FAIL — strict: line 9 (token-ids): expected comma-separated canonical decimal u32 ids		qemu_receipt/RECEIPT.TXT; ins@481:b'+'; prompt-hex<-hex('̎'..1ch)
F-00017	7aee5b15d5067be85d1efd2a55382933b505e2df4364a2cca2e8d2e51558adb0	1	REJECT_CLEAN	0	VERIFY FAIL — malformed receipt: prompt-hex does not decode to UTF-8 text		1	REJECT_CLEAN	0	VERIFY FAIL — strict: line 2: key out of order "gen-toks", canonical order expects "model"		qemu_calc/RECEIPT2.TXT; prompt-hex<-hex('̡\ue003😐😚\ue00a̵\x0e̺OƗ\x80̐'..700ch); ins@1033:b'Z'; swap1/7
F-00018	94e4a2d3f64947b55392d2508ff83071017280a62a70c2623f07102563c44bc7	1	REJECT_CLEAN	0	FAIL artifact: VOCAB hash mismatch (receipt  vs local a4cafc9649488987)		1	REJECT_CLEAN	0	VERIFY FAIL — strict: no newline after the last line (exactly one is required)		qemu_calc_words/RECEIPT2.TXT; dupline2; maxtok<-300; trunc@94
F-00019	0403021c5a7b81bcc1afb023f184a8420f899258cee0e9bbd503ab167dabce97	1	REJECT_CLEAN	0	VERIFY FAIL — malformed receipt: not valid UTF-8		1	REJECT_CLEAN	0	VERIFY FAIL — strict: byte 16: 0xff is not printable ASCII or LF		qemu_calc/RECEIPT.TXT; ins@16:b'\xff'
F-00020	96485d346190e2a631deaff9a43fa157551610bb0a85dd05959577437ededb55	1	REJECT_CLEAN	0	FAIL artifact: EMBED hash mismatch (receipt 8cbcd6b69df03539 vs local 8cbcd6b69df03539)		1	REJECT_CLEAN	0	VERIFY FAIL — strict: line 3 (embed): expected 64 lower-case hex digits		qemu_calc_words/RECEIPT2.TXT; prompt-toks<-'184467440737'; rep@156:0x2a
F-00021	0a50a5b23976ce8bde5ca3ecd578d67885b3559c7224efd7a75a505dbad2243e	1	REJECT_CLEAN	0	FAIL artifact: EMBED hash mismatch (receipt  |  vs local 8cbcd6b69df03539)		1	REJECT_CLEAN	0	VERIFY FAIL — strict: byte 99: 0x09 is not printable ASCII or LF		qemu_lookup/RECEIPT2.TXT; ins@27:b'\n'; embed<-'\t'
F-00022	9b496cc7ab338f1afc327e5367a51241540854dc8d14be602917dd23dd1f50ea	1	REJECT_CLEAN	0	VERIFY FAIL — malformed receipt: prompt-hex does not decode to UTF-8 text		1	REJECT_CLEAN	0	VERIFY FAIL — strict: no newline after the last line (exactly one is required)		qemu_lookup/RECEIPT2.TXT; trunc@584; vocab<-'1,2,'; del[354:365]
F-00023	70aaff6dced88537487d4a4144f26b94b0f005ea82b88b893c967bae23c41c65	1	REJECT_CLEAN	0	VERIFY FAIL — malformed receipt: not valid UTF-8		1	REJECT_CLEAN	0	VERIFY FAIL — strict: byte 365: 0xc3 is not printable ASCII or LF		qemu_self/RECEIPT.TXT; ins@365:b'\xc3'
F-00024	8285e0f54199fe0f76c47a80dd337916918f2fda905aa92b09dc69c1d22056bd	1	REJECT_CLEAN	0	FAIL artifact: VOCAB hash mismatch (receipt a4cafc9649488987 vs local a4cafc9649488987)		1	REJECT_CLEAN	0	VERIFY FAIL — strict: no newline after the last line (exactly one is required)		qemu_receipt/RECEIPT.TXT; embed<-'999999999999'; ins@579:b'\xc3'; trunc@148
F-00025	d9e5786b206b03b21998f6e35e7e31921d0519e91a5924065cac87326f97bbe0	1	REJECT_CLEAN	0	VERIFY FAIL — replay diverged from the receipt		1	REJECT_CLEAN	0	VERIFY FAIL — strict: line 1: header must be exactly "AEGIS-WITNESS v1-CIS"		qemu_lookup/RECEIPT.TXT; prompt-hex<-hex('͔?̔'..3ch); chain<-'zz'; AEGIS-WITNESS<-',,'
F-00026	aaa2dd1025fe6f66e65f2ecd8f976556d5b5225dbd0e32d6f67a8ac21a7cd332	1	REJECT_CLEAN	0	VERIFY FAIL — replay diverged from the receipt		1	REJECT_CLEAN	0	VERIFY FAIL — strict: line 4: key out of order "chain", canonical order expects "vocab"		qemu_lookup/RECEIPT2.TXT; swap9/6; swap3/10; del[484:497]
F-00027	ae4c68308d21dd9e50207647a6209f0bbea260440100d8888171e84b6a81a6d8	1	REJECT_CLEAN	0	VERIFY FAIL — malformed receipt: not valid UTF-8		1	REJECT_CLEAN	0	VERIFY FAIL — strict: byte 9: 0x9f is not printable ASCII or LF		qemu_lookup/RECEIPT.TXT; ins@394:b'\n'; swap7/0; rep@9:0x9f
F-00028	18cd08ae8d8379a2c457ee69f28939d1d004d3e521d9f8f15686fc72206f2a30	1	REJECT_CLEAN	0	VERIFY FAIL — malformed receipt: not valid UTF-8		1	REJECT_CLEAN	0	VERIFY FAIL — strict: byte 396: 0xff is not printable ASCII or LF		qemu_everyday/RECEIPT.TXT; del[60:76]; ins@415:b'\xff'; del[363:382]
F-00029	1d89ea1b987fe957c153799431ba0928054f186cedd09a3009684c997f1a0dfd	1	REJECT_CLEAN	0	VERIFY FAIL — replay diverged from the receipt		1	REJECT_CLEAN	0	VERIFY FAIL — strict: line 11 (chain): expected 64 lower-case hex digits		qemu_unknown_tool/RECEIPT.TXT; prompt-hex<-hex('¼'..1ch); ins@537:b'\n'; prompt-hex<-hex('\r\x00'..2ch)
F-00030	d6c340ec221bfd824cdc0358e9f0050b36880501d751df407ab204cdfa81b7b5	1	REJECT_CLEAN	0	VERIFY FAIL — malformed receipt: not valid UTF-8		1	REJECT_CLEAN	0	VERIFY FAIL — strict: byte 128: 0xc4 is not printable ASCII or LF		qemu_abstain/RECEIPT.TXT; rep@128:0xc4; swap6/11; cis-digest<-'+'
F-00031	3e901f05089e6ded84c93b2c61aa5ae44a0fd9e4b6e284a32d49c660c0833fa2	1	REJECT_CLEAN	0	VERIFY FAIL — replay diverged from the receipt		1	REJECT_CLEAN	0	VERIFY FAIL — replay diverged from the receipt		qemu_calc/RECEIPT2.TXT; maxtok<-100; prompt-hex<-hex('0\ue006\x05😗̯^\x81\ue007'..8ch)
F-00032	bac1d8d0e222fa25866efa38c46c42463603282d5c711c8a9d4177c50d21a655	1	REJECT_CLEAN	0	VERIFY FAIL — replay diverged from the receipt		1	REJECT_CLEAN	0	VERIFY FAIL — strict: line 10 (cis-digest): expected 16 lower-case hex digits		qemu_receipt/RECEIPT.TXT; rep@667:0x60
F-00033	25416c3adec5e1739919712a356d10481f5758d2ba5a168152c66e700bc2b78a	1	REJECT_CLEAN	0	VERIFY FAIL — replay diverged from the receipt		1	REJECT_CLEAN	0	VERIFY FAIL — strict: gen-toks 50 does not equal the token-ids count 49		qemu_receipt/RECEIPT.TXT; del[444:449]
F-00034	d4e5aa8f7a24f93bede956db52bf2e54529676365b218b2f845a40b0ed0765dd	1	REJECT_CLEAN	0	VERIFY FAIL — replay diverged from the receipt		1	REJECT_CLEAN	0	VERIFY FAIL — replay diverged from the receipt		qemu_everyday/RECEIPT.TXT; prompt-hex<-hex('́L😌😍😟ͭ-@@Àx😊'..20ch)
F-00035	fd93caac6282213f1bc0b5bb32c8fa96af75fc62a005705ba1fbe69992668a0d	1	REJECT_CLEAN	0	VERIFY FAIL — receipt inputs cannot be replayed: prompt tokenized to nothing		1	REJECT_CLEAN	0	VERIFY FAIL — strict: line 6 (prompt-hex): expected non-empty lower-case hex of even length		qemu_everyday/RECEIPT.TXT; prompt-hex<-','; del[346:371]
F-00036	874cbf05b45c40ff1b9473efe0265de1d090a45c598e4bb805ae0c8f5e4efdd0	1	REJECT_CLEAN	0	VERIFY FAIL — malformed receipt: token id "1 2" is not an unsigned 32-bit integer		1	REJECT_CLEAN	0	VERIFY FAIL — strict: line 9 (token-ids): expected comma-separated canonical decimal u32 ids		qemu_abstain/RECEIPT.TXT; maxtok<-9223372036854775807; token-ids<-'1 2'
F-00037	7ceef71a7e222e72597d470a7d992b2695f7d1037e36e77d1c98c6bdbd11d091	1	REJECT_CLEAN	0	FAIL artifact: MODEL hash mismatch (receipt a44e48965c641b81 vs local a44e48965c641b81)		1	REJECT_CLEAN	0	VERIFY FAIL — strict: line 2 (model): expected 64 lower-case hex digits		qemu_calc_words/RECEIPT2.TXT; rep@54:0x4a
F-00038	6e0787bd0f86a32bc11c8b5b51f2b5425f85c47198abf4fb653fcdbc77ec939e	1	REJECT_CLEAN	0	FAIL artifact: EMBED hash mismatch (receipt 8cbcd6b69df03539 vs local 8cbcd6b69df03539)		1	REJECT_CLEAN	0	FAIL artifact: EMBED hash mismatch (receipt 8cbcd6b69df03539 vs local 8cbcd6b69df03539)		qemu_calc/RECEIPT.TXT; rep@145:0x33
F-00039	7518af825a10fedbe102f250b2d1ed8f560a63b15a8ec52510745927b984807d	1	REJECT_CLEAN	0	VERIFY FAIL — replay diverged from the receipt		1	REJECT_CLEAN	0	VERIFY FAIL — strict: line 6: key out of order "gen-toks", canonical order expects "prompt-hex"		qemu_calc/RECEIPT2.TXT; dupline7; prompt-hex<-hex('丧'..1ch)
F-00040	b2f7537b2dd5dd833f32325b88415e1f833e616b8f98b8c0c3dccacc485dc53a	1	REJECT_CLEAN	0	VERIFY FAIL — malformed receipt: not valid UTF-8		1	REJECT_CLEAN	0	VERIFY FAIL — strict: byte 0: 0xff is not printable ASCII or LF		garbage:highbytes
F-00041	290a0fa2830a3449c06eabeb26d8a6c626b80521a35494a9ed86040cd85bccfe	1	REJECT_CLEAN	0	VERIFY FAIL — malformed receipt: maxtok is not an unsigned integer		1	REJECT_CLEAN	0	VERIFY FAIL — strict: byte 432: 0x09 is not printable ASCII or LF		qemu_calc/RECEIPT2.TXT; maxtok<-18446744073709551617; ins@457:b','; ins@432:b'\t'
F-00042	4b57f56593fd0aac58e715e96c159d1e8e76822e4d41e4dca84633f43aa91bb1	1	REJECT_CLEAN	0	FAIL artifact: VOCAB hash mismatch (receipt  vs local a4cafc9649488987)		1	REJECT_CLEAN	0	VERIFY FAIL — strict: no newline after the last line (exactly one is required)		qemu_calc/RECEIPT.TXT; trunc@117; del[30:61]
F-00043	c36a39eb25245885e7a7eea46b513c641104229998ae88e4507d93fd961ee419	1	REJECT_CLEAN	0	VERIFY FAIL — replay diverged from the receipt		1	REJECT_CLEAN	0	VERIFY FAIL — strict: no newline after the last line (exactly one is required)		qemu_lookup/RECEIPT.TXT; swap6/9; del[447:465]; swap4/2
F-00044	721d569fce2c138ade9d99882970d205bb9115972cd4d90642bcc82ea31a1248	0	ACCEPT	0	VERIFY PASS — replay reproduced 8 tokens, the token digest, and the full logit chain bit-for-bit		1	REJECT_CLEAN	0	VERIFY FAIL — strict: line 1: header must be exactly "AEGIS-WITNESS v1-CIS"		qemu_calc_words/RECEIPT.TXT; swap0/3
F-00045	dd1899ddafb3cc9ec92fec024c2ff4ecaee04f1a99effa3c701c4d89029c30f7	1	REJECT_CLEAN	0	VERIFY FAIL — replay diverged from the receipt		1	REJECT_CLEAN	0	VERIFY FAIL — strict: byte 14: 0x00 is not printable ASCII or LF		qemu_lookup/RECEIPT.TXT; prompt-toks<-'1,2,'; AEGIS-WITNESS<-'\x00'; cis-digest<-' '
F-00046	b477ce9c74cd489f6527debe7ba83a4909494a91ac936a41579d7246e10d9723	1	REJECT_CLEAN	0	VERIFY FAIL — malformed receipt: not valid UTF-8		1	REJECT_CLEAN	0	VERIFY FAIL — strict: byte 268: 0xfa is not printable ASCII or LF		qemu_everyday/RECEIPT.TXT; del[241:255]; rep@330:0xfa; vocab<-'ff'
F-00047	b2f520dd07f337c1efc32d41bce9e737e002ece9636701ac6e5120c0acf47a65	1	REJECT_CLEAN	0	VERIFY FAIL — replay diverged from the receipt		1	REJECT_CLEAN	0	VERIFY FAIL — strict: no newline after the last line (exactly one is required)		qemu_calc/RECEIPT2.TXT; trunc@515
F-00048	03f3659ebaf371efa1f2cbde59f7c131fda7aa112d330cc043937320edda08fd	1	REJECT_CLEAN	0	VERIFY FAIL — malformed receipt: token id "4359\r" is not an unsigned 32-bit integer		1	REJECT_CLEAN	0	VERIFY FAIL — strict: byte 306: 0x01 is not printable ASCII or LF		qemu_receipt/RECEIPT.TXT; ins@519:b'\r'; rep@306:0x01
F-00049	20e8e7c3be0a3254af2720881d6a76ab0cf4f8fee5b165474db54ce109f5caa5	1	REJECT_CLEAN	0	VERIFY FAIL — malformed receipt: not valid UTF-8		1	REJECT_CLEAN	0	VERIFY FAIL — strict: byte 236: 0x86 is not printable ASCII or LF		qemu_calc/RECEIPT.TXT; rep@236:0x86
F-00050	994bb049fda473e47d38674747b3094524f5e6a507e8de9bcb2f6a66f62f311e	1	REJECT_CLEAN	0	VERIFY FAIL — replay diverged from the receipt		1	REJECT_CLEAN	0	VERIFY FAIL — replay diverged from the receipt		qemu_abstain/RECEIPT.TXT; maxtok<-100
F-00051	267593061c1fb35cf99148dfc509c29377fc7df9227b8d6642c35a4d0d4c0a1a	0	ACCEPT	0	VERIFY PASS — replay reproduced 35 tokens, the token digest, and the full logit chain bit-for-bit		1	REJECT_CLEAN	0	VERIFY FAIL — strict: line 10: duplicate key "token-ids", canonical order expects "cis-digest"		qemu_unknown_tool/RECEIPT.TXT; dupline8
F-00052	d1a31c39d29c72bafe4842e8a2e94d86ec8218d765b3843018cfe169e15c45f5	1	REJECT_CLEAN	0	VERIFY FAIL — replay diverged from the receipt		1	REJECT_CLEAN	0	VERIFY FAIL — strict: line 10: duplicate key "vocab", canonical order expects "cis-digest"		qemu_receipt/RECEIPT.TXT; dupline3; del[447:467]
F-00053	41f0200f5ee3815bab4fbfff636db62e2d34989aa2da3c240e7d2ad93cc6fe08	1	REJECT_CLEAN	0	VERIFY FAIL — malformed receipt: maxtok is not an unsigned integer		1	REJECT_CLEAN	0	VERIFY FAIL — strict: line 5 (maxtok): expected a decimal integer without sign or leading zeros		qemu_everyday/RECEIPT.TXT; maxtok<-'-1'; dupline5
F-00054	690d452cd84142a013d52265f378131bae6a31a81e24030779e16fd80469d9ab	1	REJECT_CLEAN	0	VERIFY FAIL — replay diverged from the receipt		1	REJECT_CLEAN	0	VERIFY FAIL — strict: line 1: header must be exactly "AEGIS-WITNESS v1-CIS"		qemu_unknown_tool/RECEIPT.TXT; prompt-hex<-hex('且\x01丯'..3ch); AEGIS-WITNESS<-'184467440737'
F-00055	092898cd0e234579d4ab072f8e16ef30180012d2b9d8444c14bbd122f3465fbe	1	REJECT_CLEAN	0	VERIFY FAIL — replay diverged from the receipt		1	REJECT_CLEAN	0	VERIFY FAIL — strict: byte 515: 0x00 is not printable ASCII or LF		qemu_abstain/RECEIPT.TXT; ins@6:b','; chain<-'\x00'
F-00056	644e806a7c92fecb5afe1647290a06f644ae6dda1f2c3572cad345ea82b3478a	1	REJECT_CLEAN	0	FAIL artifact: VOCAB hash mismatch (receipt 4294967296 vs local a4cafc9649488987)		1	REJECT_CLEAN	0	VERIFY FAIL — strict: line 3 (embed): expected 64 lower-case hex digits		qemu_calc_words/RECEIPT2.TXT; vocab<-'4294967296'; maxtok<-1; ins@158:b'g'
F-00057	9f69c7b5da487e02cd0b4f6181faded600eb0ae98af40250e1d3bf1d64042028	1	REJECT_CLEAN	0	FAIL artifact: VOCAB hash mismatch (receipt a4cafc9649488987 vs local a4cafc9649488987)		1	REJECT_CLEAN	0	VERIFY FAIL — strict: no newline after the last line (exactly one is required)		qemu_lookup/RECEIPT.TXT; model<-'000000000000'; rep@223:0x39; trunc@358
F-00058	0117a844f709020573ca65c2e2f0180241ce958df803a9cc3c8183c3124ee112	1	REJECT_CLEAN	0	VERIFY FAIL — receipt inputs cannot be replayed: prompt tokenized to nothing		1	REJECT_CLEAN	0	VERIFY FAIL — strict: line 6: expected "prompt-hex <value>"		qemu_abstain/RECEIPT.TXT; del[250:289]; gen-toks<-'184467440737'
F-00059	9e7da66bbdcbd0a904ad8d5dfdffbd952dc25dff0afd8347b44ec5047d1efc62	0	ACCEPT	0	VERIFY PASS — replay reproduced 7 tokens, the token digest, and the full logit chain bit-for-bit		1	REJECT_CLEAN	0	VERIFY FAIL — strict: byte 15: 0x05 is not printable ASCII or LF		qemu_lookup/RECEIPT.TXT; rep@15:0x05
F-00060	46c84e39d766231f4debee58e46cc21abffe5ea760e7f1f1db0076bd68c307e8	1	REJECT_CLEAN	0	VERIFY FAIL — replay diverged from the receipt		1	REJECT_CLEAN	0	VERIFY FAIL — replay diverged from the receipt		qemu_unknown_tool/RECEIPT.TXT; prompt-hex<-hex('Ux丠GŊ\t\x89\x89ō\ue006̸B'..60ch)
F-00061	72d10cc632cbbcda13a324c9f81785ea8f979d94241288db554f4bff138113c2	1	REJECT_CLEAN	0	VERIFY FAIL — replay diverged from the receipt		1	REJECT_CLEAN	0	VERIFY FAIL — strict: no newline after the last line (exactly one is required)		qemu_receipt/RECEIPT.TXT; trunc@696
F-00062	1630df59056f785e2d63e57555d6fd202c667331b8118d4f3edbcc394201806f	1	REJECT_CLEAN	0	VERIFY FAIL — receipt inputs cannot be replayed: prompt (1469) + max_new (9) exceeds max_position_embeddings (512)		1	REJECT_CLEAN	0	VERIFY FAIL — receipt inputs cannot be replayed: prompt (1469) + max_new (9) exceeds max_position_embeddings (512)		qemu_calc/RECEIPT.TXT; prompt-hex<-hex('\ue007cĬ\x17̜$😁M😎丟😓\x7f'..700ch)
F-00063	150c01d4972e597a26740f1ea96fc0525dd2fde63118a4989b6fe776f01a526c	1	REJECT_CLEAN	0	VERIFY FAIL — replay diverged from the receipt		1	REJECT_CLEAN	0	VERIFY FAIL — strict: line 10 (cis-digest): expected 16 lower-case hex digits		qemu_self/RECEIPT.TXT; cis-digest<-'+1'
F-00064	0944524edd75dbe6f1b097d132ca9da491f93030d7f8043927c351331fe6a578	1	REJECT_CLEAN	0	FAIL artifact: MODEL hash mismatch (receipt  vs local a44e48965c641b81)		1	REJECT_CLEAN	0	VERIFY FAIL — strict: no newline after the last line (exactly one is required)		qemu_calc_words/RECEIPT2.TXT; trunc@530; model<-''; prompt-hex<-hex('\ue004且̼ͪ\r乌\ue00eJ>7丌F'..700ch)
F-00065	f2742f0edfdf769745002f31e42c17aa9beeb94dc442021d8532ead810089d20	1	REJECT_CLEAN	0	VERIFY FAIL — malformed receipt: not valid UTF-8		1	REJECT_CLEAN	0	VERIFY FAIL — strict: byte 444: 0xbe is not printable ASCII or LF		qemu_calc/RECEIPT.TXT; dupline1; rep@444:0xbe
F-00066	e6a9ca7dee1450e174c4aa847d82c6ef123271bb6fa3310fa45d7d1cc6c9231c	1	REJECT_CLEAN	0	FAIL artifact: MODEL hash mismatch (receipt éé vs local a44e48965c641b81)		1	REJECT_CLEAN	0	VERIFY FAIL — strict: byte 27: 0xc3 is not printable ASCII or LF		qemu_unknown_tool/RECEIPT.TXT; prompt-hex<-'184467440737'; model<-'éé'
F-00067	e0947bdc414013c74ee1024b8c154b190d28c4a390467c22e5852c2d24cdc050	1	REJECT_CLEAN	0	FAIL artifact: VOCAB hash mismatch (receipt a4cafc9649488987 vs local a4cafc9649488987)		1	REJECT_CLEAN	0	VERIFY FAIL — strict: line 3: key out of order "cis-digest", canonical order expects "embed"		qemu_self/RECEIPT.TXT; ins@189:b'999999999999999999999999999999'; swap9/2; prompt-toks<-''
F-00068	31264b5d2bada4d886d30c2448c2bba9e42f420414bd0fdf503e5767e594a29d	1	REJECT_CLEAN	0	VERIFY FAIL — malformed receipt: not valid UTF-8		1	REJECT_CLEAN	0	VERIFY FAIL — strict: byte 117: 0xc8 is not printable ASCII or LF		qemu_receipt/RECEIPT.TXT; maxtok<-'000000000000'; ins@416:b'\n\n'; rep@117:0xc8
F-00069	4396e1f728a9b38c299a3919dbf683e9c54a185406cf507e72edd444c9e138c9	1	REJECT_CLEAN	0	VERIFY FAIL — malformed receipt: token id "\t" is not an unsigned 32-bit integer		1	REJECT_CLEAN	0	VERIFY FAIL — strict: byte 229: carriage return (CRLF line endings are not canonical)		qemu_calc/RECEIPT.TXT; token-ids<-'\t'; del[93:95]; ins@229:b'\r\n'
F-00070	404e69345c7817d628431a571ce5b76b1f76f3af1c1c04f0abb1c4a954b531d1	1	REJECT_CLEAN	0	VERIFY FAIL — malformed receipt: prompt-hex does not decode to UTF-8 text		1	REJECT_CLEAN	0	VERIFY FAIL — strict: line 6 (prompt-hex): expected non-empty lower-case hex of even length		qemu_calc_words/RECEIPT2.TXT; maxtok<-2; prompt-hex<-hex('乆ÆǹÈ\ue009\x95\x9f̛\x80\ue00f\ue00d业'..200ch); ins@297:b'\n\n'
F-00071	4b7c8b3cf4ec679367280903a15a102eaeb569ef78e84339c6c89f6f2cf66720	1	REJECT_CLEAN	0	FAIL artifact: MODEL hash mismatch (receipt ffffffffffffffff vs local a44e48965c641b81)		1	REJECT_CLEAN	0	VERIFY FAIL — strict: line 1: header must be exactly "AEGIS-WITNESS v1-CIS"		qemu_calc/RECEIPT.TXT; model<-'ffffffffffff'; prompt-hex<-hex('W\ue003'..2ch); swap2/0
F-00072	ebaa0cb357897fe90b3fbec383456aac6db0b0b106f7901decaf02e95e138d11	1	REJECT_CLEAN	0	VERIFY FAIL — receipt inputs cannot be replayed: prompt (1496) + max_new (23) exceeds max_position_embeddings (512)		1	REJECT_CLEAN	0	VERIFY FAIL — receipt inputs cannot be replayed: prompt (1496) + max_new (23) exceeds max_position_embeddings (512)		qemu_lookup/RECEIPT2.TXT; prompt-hex<-hex('乍E%😇Ʋǖœ😍😚😚.\x16'..700ch)
F-00073	2861665c00f368c48a0f5574d2f169c86ab9f13ef395b9d00852475ae297d149	1	REJECT_CLEAN	0	VERIFY FAIL — replay diverged from the receipt		1	REJECT_CLEAN	0	VERIFY FAIL — replay diverged from the receipt		qemu_receipt/RECEIPT.TXT; prompt-hex<-hex('͗万\ue007'..3ch); prompt-hex<-hex('<丒\ue003\x93̐\x84\x91乇\x01ͮ😜Ĵ'..20ch); prompt-hex<-hex('ƪ\x98̇'..3ch)
F-00074	80a810b2f697f459b61cd578cfe97f2787100f2d1a2e7c370392fbcaacc30420	1	REJECT_CLEAN	0	VERIFY FAIL — replay diverged from the receipt		1	REJECT_CLEAN	0	VERIFY FAIL — strict: no newline after the last line (exactly one is required)		qemu_calc/RECEIPT2.TXT; swap1/3; trunc@378
F-00075	462453c31462ea7c6b8b1b76a55c3f8a85cb57994a48aaf0086a4c8985de1f2d	1	REJECT_CLEAN	0	FAIL artifact: VOCAB hash mismatch (receipt a4cafc9649499999 vs local a4cafc9649488987)		1	REJECT_CLEAN	0	VERIFY FAIL — strict: line 4 (vocab): expected 64 lower-case hex digits		qemu_calc_words/RECEIPT.TXT; prompt-hex<-hex('丂'..1ch); ins@180:b'999999999999999999999999999999'
F-00076	3f6a47acf80c289a35c30ce041759dad8bd24ccab8986440ad9d397cdede14fc	1	REJECT_CLEAN	0	VERIFY FAIL — malformed receipt: maxtok is not an unsigned integer		1	REJECT_CLEAN	0	VERIFY FAIL — strict: line 5 (maxtok): expected a decimal integer without sign or leading zeros		qemu_everyday/RECEIPT.TXT; maxtok<-18446744073709551616; prompt-hex<-hex('\x04̧\ue00e😋乇\r\x93\x81+=y😑'..60ch)
F-00077	f47c6b6458b555c12711a073043dd8b7191aa5b932aa9b730ad79a677c0c23f4	0	ACCEPT	0	VERIFY PASS — replay reproduced 30 tokens, the token digest, and the full logit chain bit-for-bit		1	REJECT_CLEAN	0	VERIFY FAIL — strict: no newline after the last line (exactly one is required)		qemu_self/RECEIPT.TXT; swap11/3
F-00078	1ea27dcaa2282ced5433d225aa61049ecc5ba6c1404e6d628eec13268a335f8f	1	REJECT_CLEAN	0	VERIFY FAIL — replay diverged from the receipt		1	REJECT_CLEAN	0	VERIFY FAIL — strict: line 3: key out of order "maxtok", canonical order expects "embed"		qemu_calc_words/RECEIPT2.TXT; prompt-hex<-hex('丞丛Ǜ😜\ue00e~\x8e😛ģcǴ😕'..60ch); swap4/2
F-00079	5f70ab67e31f5ab495e9e56a5877d5c7321786a6a9b5860580fd193b41b839ea	1	REJECT_CLEAN	0	VERIFY FAIL — replay diverged from the receipt		1	REJECT_CLEAN	0	VERIFY FAIL — strict: no newline after the last line (exactly one is required)		qemu_calc_words/RECEIPT2.TXT; trunc@443
F-00080	e3b0c44298fc1c149afbf4c8996fb92427ae41e4649b934ca495991b7852b855	1	REJECT_CLEAN	0	FAIL artifact: VOCAB hash mismatch (receipt  vs local a4cafc9649488987)		1	REJECT_CLEAN	0	VERIFY FAIL — strict: empty file		garbage:empty
F-00081	6065ebee2e425fac6ebc9e4a9861b286b0e67ad045e559ad6062107277c892f2	1	REJECT_CLEAN	0	VERIFY FAIL — replay diverged from the receipt		1	REJECT_CLEAN	0	VERIFY FAIL — strict: no newline after the last line (exactly one is required)		qemu_calc_words/RECEIPT.TXT; swap11/9; dupline3; prompt-hex<-hex('̻nē严Ǯ̈́d😐'..8ch)
F-00082	f686d4c820c9e2417ad49439611e4925cab943f1ae3c182f5735fa45743900af	1	REJECT_CLEAN	0	FAIL artifact: MODEL hash mismatch (receipt a44e48965c641b81 vs local a44e48965c641b81)		1	REJECT_CLEAN	0	VERIFY FAIL — strict: line 2 (model): expected 64 lower-case hex digits		qemu_calc_words/RECEIPT2.TXT; prompt-hex<-hex('P\x1f\x90\x06丳T̥%ŕ\x1c丮\ue005'..200ch); ins@70:b','
F-00083	136aaf3adcd0f95b3db45dfe47b8f02bf191b2658b7716469000a0df587d62dc	1	REJECT_CLEAN	0	FAIL artifact: EMBED hash mismatch (receipt 8cbcd6b69df03539 vs local 8cbcd6b69df03539)		1	REJECT_CLEAN	0	VERIFY FAIL — strict: line 3 (embed): expected 64 lower-case hex digits		qemu_unknown_tool/RECEIPT.TXT; ins@141:b'999999999999999999999999999999'; prompt-hex<-hex('丄\ue00é\x83丽Ŀ\x86乍'..8ch); prompt-hex<-hex('\x7f'..1ch)
F-00084	e236468a1d4fdcd849189e890d2b4ba0ffdd7083bc1848b59a86017d4d2dee16	1	REJECT_CLEAN	0	VERIFY FAIL — replay diverged from the receipt		1	REJECT_CLEAN	0	VERIFY FAIL — replay diverged from the receipt		qemu_abstain/RECEIPT.TXT; prompt-hex<-hex('\ue005\x10K丄😘'..5ch)
F-00085	a2cefdfeaba5d355acff726df55e27f9c11ffcff9c9e4ceaff31de63472b63fe	1	REJECT_CLEAN	0	VERIFY FAIL — receipt inputs cannot be replayed: prompt (41) + max_new (9223372036854775807) exceeds max_position_embeddings (512)		1	REJECT_CLEAN	0	VERIFY FAIL — receipt inputs cannot be replayed: prompt (41) + max_new (9223372036854775807) exceeds max_position_embeddings (512)		qemu_lookup/RECEIPT2.TXT; maxtok<-9223372036854775807
F-00086	406e2a8583f70f63997cdf2b188362660752f0a843f22d2977b1ce2e9e67621e	1	REJECT_CLEAN	0	VERIFY FAIL — replay diverged from the receipt		1	REJECT_CLEAN	0	VERIFY FAIL — strict: line 11 (chain): expected 64 lower-case hex digits		qemu_calc/RECEIPT2.TXT; del[512:515]
F-00087	d994f2e542552af10bafc86bf870041cb4c6b00d3d69b248cb24c6f60417415a	1	REJECT_CLEAN	0	VERIFY FAIL — malformed receipt: not valid UTF-8		1	REJECT_CLEAN	0	VERIFY FAIL — strict: byte 259: 0xd6 is not printable ASCII or LF		qemu_calc_words/RECEIPT.TXT; dupline4; rep@259:0xd6; del[361:394]
F-00088	383a5d5d4af542ceab18c6427cd5d2a238c7ec5d705bf132eedbf285338b8c01	1	REJECT_CLEAN	0	FAIL artifact: EMBED hash mismatch (receipt 8cbcd6b69df03539 vs local 8cbcd6b69df03539)		1	REJECT_CLEAN	0	VERIFY FAIL — strict: line 3 (embed): expected 64 lower-case hex digits		qemu_everyday/RECEIPT.TXT; del[129:149]; del[364:382]
F-00089	af66059861019b4d5fefa514291d90dc4a1b854665e8ab71752aceed5c56d746	1	REJECT_CLEAN	0	VERIFY FAIL — replay diverged from the receipt		1	REJECT_CLEAN	0	VERIFY FAIL — replay diverged from the receipt		qemu_calc_words/RECEIPT.TXT; prompt-hex<-hex('\ue00f\ue001'..2ch)
F-00090	3b8d5626ed5b225a3367daf3733c3da728c71eacb3a74afa39e7e31671e97d41	1	REJECT_CLEAN	0	FAIL artifact: MODEL hash mismatch (receipt ffffffffffffffff vs local a44e48965c641b81)		1	REJECT_CLEAN	0	VERIFY FAIL — strict: line 6: key out of order "cis-digest", canonical order expects "prompt-hex"		qemu_receipt/RECEIPT.TXT; prompt-hex<-hex('😄:\x9f\x9bŅ😘\ue009😔\x9c̄个M'..200ch); swap9/5; model<-'ffffffffffff'
F-00091	ce1ea27e27bda7ac0b628fcc8c92e7c5a4e1f15e0456da249447a8f9f0c34652	1	REJECT_CLEAN	0	VERIFY FAIL — replay diverged from the receipt		1	REJECT_CLEAN	0	VERIFY FAIL — strict: no newline after the last line (exactly one is required)		qemu_self/RECEIPT.TXT; cis-digest<-'FFFFFFFFFFFF'; swap4/11
F-00092	819a542d4e60a7cf28c614f56eb243fc423bf79df93a1bf34e284fac4b274298	0	ACCEPT	0	VERIFY PASS — replay reproduced 8 tokens, the token digest, and the full logit chain bit-for-bit		1	REJECT_CLEAN	0	VERIFY FAIL — strict: line 6: key out of order "gen-toks", canonical order expects "prompt-hex"		qemu_calc_words/RECEIPT.TXT; swap5/7
F-00093	cbe2e7ad0b6d93eb94841375f670adf7707a442cf46a6e5f4ab5af6d415f3d68	1	REJECT_CLEAN	0	VERIFY FAIL — malformed receipt: prompt-hex does not decode to UTF-8 text		1	REJECT_CLEAN	0	VERIFY FAIL — strict: line 2 (model): expected 64 lower-case hex digits		qemu_self/RECEIPT.TXT; model<-'184467440737'; gen-toks<-'+'; ins@235:b'999999999999999999999999999999'
F-00094	28d240b4f759afa84a191314fe402dcba4f588bb253fb46e5ad5845bc98afe36	1	REJECT_CLEAN	0	VERIFY FAIL — malformed receipt: prompt-hex does not decode to UTF-8 text		1	REJECT_CLEAN	0	VERIFY FAIL — strict: byte 169: 0xc3 is not printable ASCII or LF		qemu_calc_words/RECEIPT.TXT; del[269:274]; vocab<-'é'
F-00095	a2d0c6cfe3094c45160d0cf54a2698a16e3258e2205309c5a1744030deefdd56	1	REJECT_CLEAN	0	FAIL artifact: VOCAB hash mismatch (receipt  vs local a4cafc9649488987)		1	REJECT_CLEAN	0	VERIFY FAIL — strict: no newline after the last line (exactly one is required)		qemu_unknown_tool/RECEIPT.TXT; prompt-hex<-hex('\ue0005'..2ch); trunc@126
F-00096	bf8ad987ca8055f84950bdeac2520c09e9f5f5051829bb0a345f01ff9e573f28	1	REJECT_CLEAN	0	VERIFY FAIL — replay diverged from the receipt		1	REJECT_CLEAN	0	VERIFY FAIL — strict: byte 254: 0xc3 is not printable ASCII or LF		qemu_lookup/RECEIPT.TXT; ins@378:b'g'; prompt-hex<-'é'; ins@375:b'\t'
F-00097	cf447b75a78d983b4bc349f834000c8c322c70539a45e0c0393845bb51a0329b	1	REJECT_CLEAN	0	VERIFY FAIL — replay diverged from the receipt		1	REJECT_CLEAN	0	VERIFY FAIL — replay diverged from the receipt		qemu_everyday/RECEIPT.TXT; prompt-hex<-hex(' \ue000乂~.?\ue00d上一\ue00b\x84~'..60ch)
F-00098	0e9015f9bcf08463b1fd033677695cb829f9032ea25bf2aeee1984c27e9bb49e	1	REJECT_CLEAN	0	VERIFY FAIL — receipt inputs cannot be replayed: prompt (19) + max_new (4294967296) exceeds max_position_embeddings (512)		1	REJECT_CLEAN	0	VERIFY FAIL — strict: line 2: key out of order "vocab", canonical order expects "model"		qemu_self/RECEIPT.TXT; swap3/1; maxtok<-4294967296
F-00099	84c1bf618e6b3be4412338b15fa142a6ff6598c33aa49b1d6910eba4edc4d028	1	REJECT_CLEAN	0	FAIL artifact: EMBED hash mismatch (receipt ffffffffffffffff vs local 8cbcd6b69df03539)		1	REJECT_CLEAN	0	FAIL artifact: EMBED hash mismatch (receipt ffffffffffffffff vs local 8cbcd6b69df03539)		qemu_calc/RECEIPT2.TXT; embed<-'ffffffffffff'; prompt-hex<-hex('4两\x04\x85tǽf😅ĕ\x1f\ue008😚'..700ch); prompt-hex<-hex('\n\x0f😊\x19\ue00b'..5ch)
F-00100	d6168778b8f7d92ba8de15f246b85079eef1a63c4ac3c73398464f3b696fbb55	1	REJECT_CLEAN	0	FAIL artifact: MODEL hash mismatch (receipt a44e48965c641b81 vs local a44e48965c641b81)		1	REJECT_CLEAN	0	VERIFY FAIL — strict: line 2 (model): expected 64 lower-case hex digits		qemu_abstain/RECEIPT.TXT; del[52:87]; dupline5
F-00101	35a2f498b5a9647969897a83ce062cd47ee199e8cffb302ab4d432fdb79ea33e	1	REJECT_CLEAN	0	FAIL artifact: VOCAB hash mismatch (receipt  vs local a4cafc9649488987)		1	REJECT_CLEAN	0	VERIFY FAIL — strict: no newline after the last line (exactly one is required)		qemu_lookup/RECEIPT2.TXT; prompt-hex<-hex('X😒̀͟\x99'..5ch); trunc@423; trunc@167
F-00102	0758e69121ae72d9b07b9c269de6555d1b8ee40897074cc9ea77c09adf4a2742	0	ACCEPT	0	VERIFY PASS — replay reproduced 7 tokens, the token digest, and the full logit chain bit-for-bit		1	REJECT_CLEAN	0	VERIFY FAIL — strict: no newline after the last line (exactly one is required)		qemu_lookup/RECEIPT.TXT; swap11/7
F-00103	2e6142bce7eaa0b0209b4ae4a0f956abaf1cf3c904b8b54f5ca7d0cff29067c9	1	REJECT_CLEAN	0	FAIL artifact: VOCAB hash mismatch (receipt a4cafc9649488987 vs local a4cafc9649488987)		1	REJECT_CLEAN	0	VERIFY FAIL — strict: no newline after the last line (exactly one is required)		qemu_calc_words/RECEIPT.TXT; prompt-hex<-hex('丈\x12'..2ch); trunc@227
F-00104	745723fecf0d2ce18f473c9c6d995ddb155d37e7f2f8819badebba17c979f9f7	1	REJECT_CLEAN	0	FAIL artifact: VOCAB hash mismatch (receipt a4ca75405c51bfc4 vs local a4cafc9649488987)		1	REJECT_CLEAN	0	VERIFY FAIL — strict: no newline after the last line (exactly one is required)		qemu_calc/RECEIPT.TXT; trunc@301; del[173:204]
F-00105	3a7e85d26b24ee0a6e65f2e3eeeb13536b8c87336877f5c177e16743ef15ee2f	1	REJECT_CLEAN	0	VERIFY FAIL — replay diverged from the receipt		1	REJECT_CLEAN	0	VERIFY FAIL — strict: line 5: unknown key "maNtok", canonical order expects "maxtok"		qemu_calc/RECEIPT2.TXT; rep@236:0x4e
F-00106	f3c3f53507e432c40fbefb904f33c38ed988ec24d4ff85cc4bcb0e27198394ff	1	REJECT_CLEAN	0	FAIL artifact: MODEL hash mismatch (receipt a44e48965c641b81 vs local a44e48965c641b81)		1	REJECT_CLEAN	0	VERIFY FAIL — strict: byte 58: carriage return (CRLF line endings are not canonical)		qemu_everyday/RECEIPT.TXT; ins@58:b'\r'; swap2/4
F-00107	30c93161f9f95754be6c4b235f6958019f874d3e46e3e3d292a91dfb6e3fbe03	0	ACCEPT	0	VERIFY PASS — replay reproduced 30 tokens, the token digest, and the full logit chain bit-for-bit		1	REJECT_CLEAN	0	VERIFY FAIL — strict: line 8: unknown key "gen-Ztoks", canonical order expects "gen-toks"		qemu_self/RECEIPT.TXT; ins@409:b'Z'
F-00108	5e68defba27749e98acf111cdea3c18f1dd0dca470519b87cc7d7b8aca51c542	1	REJECT_CLEAN	0	FAIL artifact: VOCAB hash mismatch (receipt  vs local a4cafc9649488987)		1	REJECT_CLEAN	0	VERIFY FAIL — strict: no newline after the last line (exactly one is required)		qemu_receipt/RECEIPT.TXT; rep@144:0xe2; trunc@29
F-00109	dbc57be225be84cc1f80af79571c9d69bc8876ff67a61712af77d6c4cd7e4d98	1	REJECT_CLEAN	0	VERIFY FAIL — malformed receipt: maxtok is not an unsigned integer		1	REJECT_CLEAN	0	VERIFY FAIL — strict: line 5 (maxtok): expected a decimal integer without sign or leading zeros		qemu_calc_words/RECEIPT2.TXT; maxtok<-18446744073709551616
F-00110	47b64321625768fa9349ea5fa232d0e41e2903f2340a1e5c168474fe8496d16f	1	REJECT_CLEAN	0	FAIL artifact: EMBED hash mismatch (receipt aéé vs local 8cbcd6b69df03539)		1	REJECT_CLEAN	0	VERIFY FAIL — strict: byte 99: 0xc3 is not printable ASCII or LF		qemu_unknown_tool/RECEIPT.TXT; embed<-'aéé'; swap7/10
F-00111	d4e1a9a6ebf244cee16b3136edc66ad95e0ed827029902c8335637f358ad97e4	1	REJECT_CLEAN	0	FAIL artifact: VOCAB hash mismatch (receipt  vs local a4cafc9649488987)		1	REJECT_CLEAN	0	VERIFY FAIL — strict: no newline after the last line (exactly one is required)		qemu_self/RECEIPT.TXT; chain<-'\t'; maxtok<-500; trunc@106
F-00112	41f1104871faf0eeaceb5f4d31ad9bb263b5b91f4dea04b43eb15cbfa38a9192	0	ACCEPT	0	VERIFY PASS — replay reproduced 25 tokens, the token digest, and the full logit chain bit-for-bit		1	REJECT_CLEAN	0	VERIFY FAIL — strict: line 6: key out of order "cis-digest", canonical order expects "prompt-hex"		qemu_abstain/RECEIPT.TXT; swap5/9
F-00113	03ab0cf13ca60808bc52b4d3bb0480f26b103866869e95d3fb0ee27221e9c5b4	1	REJECT_CLEAN	0	VERIFY FAIL — receipt inputs cannot be replayed: prompt (31) + max_new (4294967296) exceeds max_position_embeddings (512)		1	REJECT_CLEAN	0	VERIFY FAIL — strict: line 1: header must be exactly "AEGIS-WITNESS v1-CIS"		qemu_calc/RECEIPT2.TXT; swap8/0; maxtok<-'4294967296'
F-00114	3a8e812f953ceae7127108a90081fa5122a0dfc134d351fad198952e8708a9b8	0	ACCEPT	0	VERIFY PASS — replay reproduced 8 tokens, the token digest, and the full logit chain bit-for-bit		1	REJECT_CLEAN	0	VERIFY FAIL — strict: line 8: key out of order "chain", canonical order expects "gen-toks"		qemu_calc_words/RECEIPT.TXT; swap7/10
F-00115	113a85557177129232707ce3737e27f52a457851d6a0da95ce83e90d4ba4e56f	1	REJECT_CLEAN	0	VERIFY FAIL — replay diverged from the receipt		1	REJECT_CLEAN	0	VERIFY FAIL — replay diverged from the receipt		qemu_everyday/RECEIPT.TXT; prompt-hex<-hex('丝\x92Ś😓乀\ue010丞😛_么̊`'..20ch)
F-00116	7548d9bcbaa0e235720d687ef22b4f726852f159f77a4679706d0add19c9d87b	0	ACCEPT	0	VERIFY PASS — replay reproduced 3 tokens, the token digest, and the full logit chain bit-for-bit		1	REJECT_CLEAN	0	VERIFY FAIL — strict: byte 335: carriage return (CRLF line endings are not canonical)		qemu_everyday/RECEIPT.TXT; ins@346:b' '; ins@335:b'\r\n'
F-00117	89544433e99966bfc3f5ac899928581ffaf2ccdd7bcdd9e7e78fea3146942581	1	REJECT_CLEAN	0	VERIFY FAIL — receipt inputs cannot be replayed: prompt (1508) + max_new (9) exceeds max_position_embeddings (512)		1	REJECT_CLEAN	0	VERIFY FAIL — strict: line 7 (prompt-toks): expected a decimal integer without sign or leading zeros		qemu_calc/RECEIPT.TXT; prompt-toks<-','; prompt-hex<-hex('😁\ue010\ue008丞&qí\x852丬\x86̿'..700ch)
F-00118	6936acc053e0c747dfbf7c5ae4ce643477108091f348e151c856d4a2140d3926	0	ACCEPT	0	VERIFY PASS — replay reproduced 9 tokens, the token digest, and the full logit chain bit-for-bit		1	REJECT_CLEAN	0	VERIFY FAIL — strict: line 12: unexpected extra line "prompt-hex" (a receipt has exactly 11 lines)		qemu_calc/RECEIPT.TXT; dupline5
F-00119	24da866111a5f1e0183d100e31be7662c06a9427680593e6a4ede2166f4f540b	1	REJECT_CLEAN	0	VERIFY FAIL — receipt inputs cannot be replayed: prompt (9) + max_new (4096) exceeds max_position_embeddings (512)		1	REJECT_CLEAN	0	VERIFY FAIL — receipt inputs cannot be replayed: prompt (9) + max_new (4096) exceeds max_position_embeddings (512)		qemu_unknown_tool/RECEIPT.TXT; maxtok<-4096
F-00120	ccfc8eaf0506f06fc35074823f715113eefb732e6cbc6c153aab90a122a6da6b	1	REJECT_CLEAN	0	FAIL artifact: VOCAB hash mismatch (receipt  vs local a4cafc9649488987)		1	REJECT_CLEAN	0	VERIFY FAIL — strict: blank line at the end (exactly one trailing newline is required)		garbage:newlines
F-00121	59c707a7eea35e1a47209769c2e8fb6808615b628c79a457aea8e8c81d431384	0	ACCEPT	0	VERIFY PASS — replay reproduced 50 tokens, the token digest, and the full logit chain bit-for-bit		1	REJECT_CLEAN	0	VERIFY FAIL — strict: line 5: key out of order "chain", canonical order expects "maxtok"		qemu_receipt/RECEIPT.TXT; swap4/10
F-00122	6d89e505768258862937e75e315fdabce64eaa425c2bfe2d059ef33f29aad9c7	1	REJECT_CLEAN	0	VERIFY FAIL — replay diverged from the receipt		1	REJECT_CLEAN	0	VERIFY FAIL — replay diverged from the receipt		qemu_self/RECEIPT.TXT; prompt-hex<-hex('Š'..1ch)
F-00123	bed91ff050880229f4d5c3cc440001f091ba2154f7e1aff864a434de4ad6f24e	1	REJECT_CLEAN	0	VERIFY FAIL — replay diverged from the receipt		1	REJECT_CLEAN	0	VERIFY FAIL — strict: line 10 (cis-digest): expected 16 lower-case hex digits		qemu_unknown_tool/RECEIPT.TXT; cis-digest<-'00'
F-00124	51568c30dcbcd4a5be15057cd243f7a42b1b96114e58c94c5808f72ef896b0ca	1	REJECT_CLEAN	0	VERIFY FAIL — replay diverged from the receipt		1	REJECT_CLEAN	0	VERIFY FAIL — replay diverged from the receipt		qemu_calc/RECEIPT2.TXT; maxtok<-100
F-00125	553b02b579c9260b608ce4f97efc224fb6a66aa364fb635e80e7969751800060	1	REJECT_CLEAN	0	VERIFY FAIL — replay diverged from the receipt		1	REJECT_CLEAN	0	VERIFY FAIL — strict: line 11 (chain): expected 64 lower-case hex digits		qemu_calc/RECEIPT2.TXT; ins@546:b'g'; rep@30:0x65; prompt-hex<-hex('ȶͅZ专r'..5ch)
F-00126	edc502736f55ff7031b841605f3a3f4c4d7ba8fcb09521f25896756a057a6d61	1	REJECT_CLEAN	0	VERIFY FAIL — malformed receipt: not valid UTF-8		1	REJECT_CLEAN	0	VERIFY FAIL — strict: byte 193: 0xfb is not printable ASCII or LF		qemu_calc_words/RECEIPT.TXT; swap0/9; rep@193:0xfb; ins@204:b'Z'
F-00127	9ef197828b969b88abb141979d48e6de499d1d9f849d23ed1c88e52d76367df9	1	REJECT_CLEAN	0	VERIFY FAIL — malformed receipt: maxtok is not an unsigned integer		1	REJECT_CLEAN	0	VERIFY FAIL — strict: no newline after the last line (exactly one is required)		qemu_calc/RECEIPT2.TXT; dupline11; trunc@340; maxtok<-'-1'
F-00128	3a5b6543b549dfb772149079549f975c636176a8969bc329a6704f36b13221ae	1	REJECT_CLEAN	0	VERIFY FAIL — replay diverged from the receipt		1	REJECT_CLEAN	0	VERIFY FAIL — strict: line 8 (gen-toks): expected a decimal integer without sign or leading zeros		qemu_unknown_tool/RECEIPT.TXT; prompt-hex<-hex('T4\x8c'..3ch); gen-toks<-'+1'
F-00129	fd2c9a0838b3c754f00553f37a94acb8347118897c8d82c4efdca93792dabe97	1	REJECT_CLEAN	0	VERIFY FAIL — replay diverged from the receipt		1	REJECT_CLEAN	0	VERIFY FAIL — strict: line 5: key out of order "token-ids", canonical order expects "maxtok"		qemu_abstain/RECEIPT.TXT; maxtok<-1; swap8/4; del[440:460]
F-00130	9d137d42c20a5108acc09187738beaba8326240830e8c01b8df7a63608ccb33b	1	REJECT_CLEAN	0	VERIFY FAIL — receipt inputs cannot be replayed: prompt (13) + max_new (511) exceeds max_position_embeddings (512)		1	REJECT_CLEAN	0	VERIFY FAIL — strict: no newline after the last line (exactly one is required)		qemu_calc/RECEIPT.TXT; swap2/11; maxtok<-511; ins@250:b'999999999999999999999999999999'
F-00131	ee4c992a948aca6bec47cc4d1fe4c21ba7a9b7d5afd8b72ff3841d5ea3afb275	1	REJECT_CLEAN	0	VERIFY FAIL — replay diverged from the receipt		1	REJECT_CLEAN	0	VERIFY FAIL — strict: line 7 (prompt-toks): expected a decimal integer without sign or leading zeros		qemu_lookup/RECEIPT.TXT; ins@384:b'\n\n'; prompt-toks<-'xxxxxxxxxxxx'
F-00132	e2f2120340a1800c3458c432294a9c38aa67a6d21403cf978ea38f5c3c17a4ea	1	REJECT_CLEAN	0	FAIL artifact: VOCAB hash mismatch (receipt  vs local a4cafc9649488987)		1	REJECT_CLEAN	0	VERIFY FAIL — strict: byte 144: 0xe2 is not printable ASCII or LF		qemu_calc/RECEIPT.TXT; AEGIS-WITNESS<-'\u202e'; trunc@147; swap0/2
F-00133	97881d7ee102e77286dd9774be7c338000d242b52326aa38bb8abfbaf1e7098a	1	REJECT_CLEAN	0	VERIFY FAIL — malformed receipt: not valid UTF-8		1	REJECT_CLEAN	0	VERIFY FAIL — strict: byte 364: 0xee is not printable ASCII or LF		qemu_abstain/RECEIPT.TXT; rep@364:0xee; swap9/10
F-00134	01f04d971db4042af5e3aa35834aa95625900afb5185565a9d1ac9cd9bf6552c	1	REJECT_CLEAN	0	FAIL artifact: VOCAB hash mismatch (receipt  vs local a4cafc9649488987)		1	REJECT_CLEAN	0	VERIFY FAIL — strict: no newline after the last line (exactly one is required)		qemu_calc/RECEIPT.TXT; trunc@51
F-00135	29ba4e614f7b5d66629207d878baca6553e6629221bbea23b1ea468421a733c6	1	REJECT_CLEAN	0	VERIFY FAIL — replay diverged from the receipt		1	REJECT_CLEAN	0	VERIFY FAIL — strict: line 9 (token-ids): expected comma-separated canonical decimal u32 ids		qemu_unknown_tool/RECEIPT.TXT; del[371:379]
F-00136	b727690113d9f5b8fc3ef19e66d7adcdd18e570a8dc1bf1b08534f154d0081a7	1	REJECT_CLEAN	0	VERIFY FAIL — replay diverged from the receipt		1	REJECT_CLEAN	0	VERIFY FAIL — replay diverged from the receipt		qemu_abstain/RECEIPT.TXT; prompt-hex<-hex('7̈́ͤ́\x05ƙ\ue006\x85\x0eȴā̴'..20ch); prompt-hex<-hex('乏\ue009Ⱦ©\x0f举͘之😅丶\x94\x84'..200ch)
F-00137	2eb3c4a87762c7e61db7870f545ae7607d11fcad5098c512862ff4dac1aebbe1	1	REJECT_CLEAN	0	VERIFY FAIL — replay diverged from the receipt		1	REJECT_CLEAN	0	VERIFY FAIL — replay diverged from the receipt		qemu_calc/RECEIPT2.TXT; prompt-hex<-hex('\x98\x1cp͛\ue002'..5ch)
F-00138	6ad42580a1a5acb54c9660d4d9d3f9122956a01c7133f30af976786b1a7c9b0a	1	REJECT_CLEAN	0	VERIFY FAIL — malformed receipt: token id "47\u{13}3" is not an unsigned 32-bit integer		1	REJECT_CLEAN	0	VERIFY FAIL — strict: byte 395: 0x13 is not printable ASCII or LF		qemu_calc_words/RECEIPT2.TXT; rep@427:0x13; del[20:52]
F-00139	052e11a7e1da995432d9c6528fd9d16a16974be76261e194e981a0ccd4c2aa0d	1	REJECT_CLEAN	0	VERIFY FAIL — malformed receipt: not valid UTF-8		1	REJECT_CLEAN	0	VERIFY FAIL — strict: byte 15: 0xc3 is not printable ASCII or LF		qemu_lookup/RECEIPT.TXT; AEGIS-WITNESS<-'aé'; vocab<-'aé'; rep@22:0xd3
F-00140	fed423f03b305533f45700c54cf907ad298dc3bcaf45cb226822147807020594	1	REJECT_CLEAN	0	VERIFY FAIL — malformed receipt: token id "2_3" is not an unsigned 32-bit integer		1	REJECT_CLEAN	0	VERIFY FAIL — strict: line 9 (token-ids): expected comma-separated canonical decimal u32 ids		qemu_receipt/RECEIPT.TXT; rep@542:0x5f
F-00141	531e7203935c29a2c7f59d4c38a524570bae6eeadcccc25d3bc78c4b066bbc0c	1	REJECT_CLEAN	0	VERIFY FAIL — replay diverged from the receipt		1	REJECT_CLEAN	0	VERIFY FAIL — strict: no newline after the last line (exactly one is required)		qemu_calc/RECEIPT.TXT; trunc@455
F-00142	a893fd11dd3d639c9307f5906668bb2a08b576da6f8014c0a4e614e1fc383287	1	REJECT_CLEAN	0	VERIFY FAIL — malformed receipt: not valid UTF-8		1	REJECT_CLEAN	0	VERIFY FAIL — strict: byte 48: 0xcc is not printable ASCII or LF		qemu_calc_words/RECEIPT.TXT; ins@354:b'\x00'; rep@48:0xcc; trunc@118
F-00143	7cd8d941073cca4a6f07618cdcfa8d616ddb8ba38a1c3d37c9048a2d80038f1a	1	REJECT_CLEAN	0	FAIL artifact: MODEL hash mismatch (receipt   vs local a44e48965c641b81)		1	REJECT_CLEAN	0	VERIFY FAIL — strict: line 2 (model): expected 64 lower-case hex digits		qemu_abstain/RECEIPT.TXT; prompt-hex<-hex('L\ue006H上\x8e'..5ch); model<-' '; maxtok<-3
F-00144	12c8684431f78bcbf75f05e7876224d55e15871574cab58e73029476ccbf1c98	1	REJECT_CLEAN	0	VERIFY FAIL — receipt inputs cannot be replayed: prompt (1487) + max_new (9) exceeds max_position_embeddings (512)		1	REJECT_CLEAN	0	VERIFY FAIL — strict: byte 3255: 0xe2 is not printable ASCII or LF		qemu_calc/RECEIPT.TXT; gen-toks<-'\u202e'; prompt-hex<-hex('Ů😗ͩfǠ͔😅n'..8ch); prompt-hex<-hex('\x16\x1a业\ue000😔ȁ}\x0b😕}Ĵ😕'..700ch)
F-00145	c1e43af559bae1ce3dd3a227e0364e440e0d6bf6f389cf5b6a8a75e45df47b5b	1	REJECT_CLEAN	0	VERIFY FAIL — malformed receipt: token id "1e71dfae" is not an unsigned 32-bit integer		1	REJECT_CLEAN	0	VERIFY FAIL — strict: line 9 (token-ids): expected comma-separated canonical decimal u32 ids		qemu_self/RECEIPT.TXT; gen-toks<-'4294967296'; del[459:489]; del[525:549]
F-00146	5546545835b1f4455544a98e5bdb664b5139c0625b14b46809d64f1d8e20276f	1	REJECT_CLEAN	0	FAIL artifact: VOCAB hash mismatch (receipt xxxxxxxxxxxxxxxx vs local a4cafc9649488987)		1	REJECT_CLEAN	0	VERIFY FAIL — strict: line 4 (vocab): expected 64 lower-case hex digits		qemu_lookup/RECEIPT.TXT; vocab<-'xxxxxxxxxxxx'
F-00147	04c7ca4ab606bdbb62c61bb07cc0f69b3d2439fc8a64d1c3fd89df19aa0e6be2	1	REJECT_CLEAN	0	FAIL artifact: MODEL hash mismatch (receipt ffffffffffffffff vs local a44e48965c641b81)		1	REJECT_CLEAN	0	FAIL artifact: MODEL hash mismatch (receipt ffffffffffffffff vs local a44e48965c641b81)		qemu_self/RECEIPT.TXT; maxtok<-18446744073709551615; model<-'ffffffffffff'
F-00148	2f713f632a583e12b1a0540168ea25ed08ebb0bacfce50a8cc4da937e57b2480	1	REJECT_CLEAN	0	VERIFY FAIL — receipt inputs cannot be replayed: prompt (19) + max_new (513) exceeds max_position_embeddings (512)		1	REJECT_CLEAN	0	VERIFY FAIL — strict: line 5: key out of order "token-ids", canonical order expects "maxtok"		qemu_self/RECEIPT.TXT; swap4/8; maxtok<-513
F-00149	fdcbfb9496e9145569b4bb60cd615db6c732aa68692bd9567d882aef7d7dc130	1	REJECT_CLEAN	0	FAIL artifact: EMBED hash mismatch (receipt 18c4674407370955 vs local 8cbcd6b69df03539)		1	REJECT_CLEAN	0	VERIFY FAIL — strict: line 3 (embed): expected 64 lower-case hex digits		qemu_abstain/RECEIPT.TXT; embed<-'184467440737'; prompt-hex<-hex('😜_\x02\x1aZĶ\x87\ue007串D\ue010F'..200ch); rep@100:0x63
F-00150	47d7cf2c774bd8b9b641d1cb4f2f21a213bbb4478ae5772d153dbe49e301a91b	1	REJECT_CLEAN	0	FAIL artifact: VOCAB hash mismatch (receipt a4cafc9649488987 vs local a4cafc9649488987)		1	REJECT_CLEAN	0	VERIFY FAIL — strict: line 3 (embed): expected 64 lower-case hex digits		qemu_receipt/RECEIPT.TXT; del[114:123]; del[191:228]
F-00151	3d0fef37378267e38654136dc95c0c6d67608272ad67bf9133c422defaa309a1	1	REJECT_CLEAN	0	VERIFY FAIL — replay diverged from the receipt		1	REJECT_CLEAN	0	VERIFY FAIL — strict: line 10 (cis-digest): expected 16 lower-case hex digits		qemu_abstain/RECEIPT.TXT; cis-digest<-'1,2,'
F-00152	8357025ea6380f25ec9a54cdc74de85093ddb0ba399d30203205950cca580c79	1	REJECT_CLEAN	0	FAIL artifact: EMBED hash mismatch (receipt 0 vs local 8cbcd6b69df03539)		1	REJECT_CLEAN	0	VERIFY FAIL — strict: line 3 (embed): expected 64 lower-case hex digits		qemu_everyday/RECEIPT.TXT; prompt-hex<-hex('U'..1ch); embed<-'0'
F-00153	a4904bd62c16194e973f0e2f4ab335eb2c2eec524088c1005d0f87f7054d1431	1	REJECT_CLEAN	0	VERIFY FAIL — malformed receipt: maxtok is not an unsigned integer		1	REJECT_CLEAN	0	VERIFY FAIL — strict: byte 551: carriage return (CRLF line endings are not canonical)		qemu_lookup/RECEIPT2.TXT; maxtok<-18446744073709551617; ins@665:b'\r'; prompt-hex<-hex('>\ue010ŋ\x01ǚ义😄\x97😎Ș主\ue007'..20ch)
F-00154	5f475bd2a54fb0b09d0dbca34493f16b6483d8cfc46a2d72f53b23a2feff2a1c	1	REJECT_CLEAN	0	VERIFY FAIL — replay diverged from the receipt		1	REJECT_CLEAN	0	VERIFY FAIL — replay diverged from the receipt		qemu_receipt/RECEIPT.TXT; maxtok<-16
F-00155	d8a8e940eb00ba54626118b5a7a600a8e7499db6b55f8b032e2ce83090ea90ab	1	REJECT_CLEAN	0	VERIFY FAIL — replay diverged from the receipt		1	REJECT_CLEAN	0	VERIFY FAIL — replay diverged from the receipt		qemu_calc/RECEIPT2.TXT; prompt-hex<-hex('ŋ{\x14乎\x96Ĵ😘\x1f😕ͭ丰😈'..200ch)
F-00156	39d420b108e8ae306f47e7c8c820f2d457b072d7c1cd8e946f9c73c70abc5d49	1	REJECT_CLEAN	0	VERIFY FAIL — replay diverged from the receipt		1	REJECT_CLEAN	0	VERIFY FAIL — strict: line 6 (prompt-hex): expected non-empty lower-case hex of even length		qemu_calc_words/RECEIPT.TXT; rep@296:0x2e
F-00157	382af5a4e4b4da3fc510d6845d431f947fa84833741461327734e5915efcb3c6	1	REJECT_CLEAN	0	FAIL artifact: EMBED hash mismatch (receipt xxxxxxxxxxxxxxxx vs local 8cbcd6b69df03539)		1	REJECT_CLEAN	0	VERIFY FAIL — strict: line 3 (embed): expected 64 lower-case hex digits		qemu_lookup/RECEIPT2.TXT; embed<-'xxxxxxxxxxxx'; rep@4793:0x46; prompt-hex<-hex('下\ue002.Tk😇\x01个_\x12F~'..60ch)
F-00158	2ea9edd1c60fe68691eabdb55e52eeb9f1f27e303380e4cb89f7b1f51c3b6f17	1	REJECT_CLEAN	0	FAIL artifact: VOCAB hash mismatch (receipt  vs local a4cafc9649488987)		1	REJECT_CLEAN	0	VERIFY FAIL — strict: truncated: line 2 (model) is missing		qemu_calc_words/RECEIPT.TXT; trunc@177; trunc@21
F-00159	60615d6fe1bb002489346d3a7b08f331a2b71d66a26d6d4e34d648cc9c056aed	1	REJECT_CLEAN	0	VERIFY FAIL — replay diverged from the receipt		1	REJECT_CLEAN	0	VERIFY FAIL — strict: line 8 (gen-toks): expected a decimal integer without sign or leading zeros		qemu_lookup/RECEIPT2.TXT; gen-toks<-'-'; prompt-hex<-hex('\x0c̓乄\x94\x19\x9f\ue010\x96😄\x8d\t\ue003'..60ch)
F-00160	e3b0c44298fc1c149afbf4c8996fb92427ae41e4649b934ca495991b7852b855	1	REJECT_CLEAN	0	FAIL artifact: VOCAB hash mismatch (receipt  vs local a4cafc9649488987)		1	REJECT_CLEAN	0	VERIFY FAIL — strict: empty file		garbage:empty
F-00161	aa95d84aa1faa43bd892ea9a256f16867857ddb0037253e42d0eeab7fa91bbaa	0	ACCEPT	0	VERIFY PASS — replay reproduced 30 tokens, the token digest, and the full logit chain bit-for-bit		1	REJECT_CLEAN	0	VERIFY FAIL — strict: line 1: header must be exactly "AEGIS-WITNESS v1-CIS"		qemu_self/RECEIPT.TXT; swap6/0
F-00162	2d15bdbadf3ffc56efe0ccbfe843cca2c29668e37f34ac9527379a3c569f3134	1	REJECT_CLEAN	0	VERIFY FAIL — malformed receipt: maxtok is not an unsigned integer		1	REJECT_CLEAN	0	VERIFY FAIL — strict: line 2: key out of order "prompt-toks", canonical order expects "model"		qemu_lookup/RECEIPT.TXT; swap1/6; maxtok<-18446744073709551617
F-00163	6e15a26534d8344989d53846aa7440b0ee73fae1ce3c2f4b8b4fbf2348154b4e	1	REJECT_CLEAN	0	FAIL artifact: VOCAB hash mismatch (receipt  vs local a4cafc9649488987)		1	REJECT_CLEAN	0	VERIFY FAIL — strict: no newline after the last line (exactly one is required)		qemu_lookup/RECEIPT2.TXT; model<-'-'; maxtok<-511; trunc@84
F-00164	4b1eb0c25d267b43586c801006644e5e9209c5035c92d2474fdaec8fc0c76801	1	REJECT_CLEAN	0	VERIFY FAIL — replay diverged from the receipt		1	REJECT_CLEAN	0	VERIFY FAIL — replay diverged from the receipt		qemu_lookup/RECEIPT.TXT; prompt-hex<-hex('K'..1ch)
F-00165	ed18e694bc2380d52b2fc67967086cf24b4ee5c6f7e366e37802a482a2b9a5fd	0	ACCEPT	0	VERIFY PASS — replay reproduced 35 tokens, the token digest, and the full logit chain bit-for-bit		1	REJECT_CLEAN	0	VERIFY FAIL — strict: line 3: key out of order "prompt-toks", canonical order expects "embed"		qemu_unknown_tool/RECEIPT.TXT; dupline6; swap2/7
F-00166	97eeb52490244a83323cb745f63240e00049b40a093e44fc5c4597a8ddc4e0ab	1	REJECT_CLEAN	0	FAIL artifact: VOCAB hash mismatch (receipt a4cafc9649488987 vs local a4cafc9649488987)		1	REJECT_CLEAN	0	VERIFY FAIL — strict: line 4 (vocab): expected 64 lower-case hex digits		qemu_lookup/RECEIPT.TXT; prompt-hex<-hex('R͂Ɉ)不'..5ch); rep@207:0x7d
F-00167	5d160cd08bc947cfb30d26888c5a7be29244edc1e93a41d49326eecedfb9b361	1	REJECT_CLEAN	0	VERIFY FAIL — receipt inputs cannot be replayed: prompt (1478) + max_new (25) exceeds max_position_embeddings (512)		1	REJECT_CLEAN	0	VERIFY FAIL — receipt inputs cannot be replayed: prompt (1478) + max_new (25) exceeds max_position_embeddings (512)		qemu_abstain/RECEIPT.TXT; prompt-hex<-hex('̊\x9d\ue00e'..3ch); prompt-hex<-hex('̮\x95\x8b😌\x96举\x0c\x08\n\ue005Ǉ七'..700ch)
F-00168	e242ef513dd79af40382fac4cb22299e92a265d83eec0f733e769555f162d416	1	REJECT_CLEAN	0	VERIFY FAIL — receipt inputs cannot be replayed: prompt tokenized to nothing		1	REJECT_CLEAN	0	VERIFY FAIL — strict: line 6: unknown key "prompt-he-x", canonical order expects "prompt-hex"		qemu_self/RECEIPT.TXT; ins@253:b'-'
F-00169	9fa6dda5472c756d013fa0873a6557a2d59532ac86d1952f96f2da232161313e	1	REJECT_CLEAN	0	VERIFY FAIL — replay diverged from the receipt		1	REJECT_CLEAN	0	VERIFY FAIL — strict: line 11 (chain): expected 64 lower-case hex digits		qemu_unknown_tool/RECEIPT.TXT; dupline2; rep@560:0x41
F-00170	a6820318fd81bec3b264dcd2c8a33579e8bedf0e1167a36288f0ec3be82ae0cc	1	REJECT_CLEAN	0	FAIL artifact: EMBED hash mismatch (receipt 8cbcd6b69df03539 vs local 8cbcd6b69df03539)		1	REJECT_CLEAN	0	VERIFY FAIL — strict: line 1: header must be exactly "AEGIS-WITNESS v1-CIS"		qemu_receipt/RECEIPT.TXT; prompt-hex<-hex('\x18丐ĸɊcǧ😈͢'..8ch); ins@143:b'\n\n'; AEGIS-WITNESS<-'999999999999'
F-00171	7a673bf2b4c376307da54455e095593e90c06f7770d0ad8a4fd345e646f7074b	1	REJECT_CLEAN	0	VERIFY FAIL — replay diverged from the receipt		1	REJECT_CLEAN	0	VERIFY FAIL — strict: line 2: key out of order "gen-toks", canonical order expects "model"		qemu_abstain/RECEIPT.TXT; del[405:434]; dupline7; rep@529:0x5d
F-00172	6b32df0da95a89350cf45f6524cd0325a7f03ab32e5a8ad07575d338d9dba036	1	REJECT_CLEAN	0	FAIL artifact: EMBED hash mismatch (receipt 8cbcd6b69df03539 vs local 8cbcd6b69df03539)		1	REJECT_CLEAN	0	VERIFY FAIL — strict: byte 155: 0xc3 is not printable ASCII or LF		qemu_calc_words/RECEIPT2.TXT; ins@155:b'\xc3\xa9'; trunc@422; prompt-hex<-hex('\x8f+\x18(\ue010X\ue00f\ue002両😠\x8e1'..20ch)
F-00173	aa5a13ba395a8d03569eacfd0a0bb69508347b817641ae13689d7b8e55a6911d	1	REJECT_CLEAN	0	VERIFY FAIL — malformed receipt: not valid UTF-8		1	REJECT_CLEAN	0	VERIFY FAIL — strict: byte 538: 0x82 is not printable ASCII or LF		qemu_self/RECEIPT.TXT; swap2/3; rep@538:0x82; ins@648:b','
F-00174	f631fbcacafa965ea26ac58139657cdb815e704484f9f25da9f238b1f9ae73f9	1	REJECT_CLEAN	0	VERIFY FAIL — malformed receipt: maxtok is not an unsigned integer		1	REJECT_CLEAN	0	VERIFY FAIL — strict: line 5 (maxtok): expected a decimal integer without sign or leading zeros		qemu_everyday/RECEIPT.TXT; maxtok<-18446744073709551616; prompt-hex<-hex('Ũ😐\x0f😓{'..5ch); cis-digest<-'ff'
F-00175	429e491163aa3f91c0793ec7e5ba026b84b678f73e6e5e76798246c65a174dee	0	ACCEPT	0	VERIFY PASS — replay reproduced 7 tokens, the token digest, and the full logit chain bit-for-bit		1	REJECT_CLEAN	0	VERIFY FAIL — strict: line 3: key out of order "chain", canonical order expects "embed"		qemu_calc_words/RECEIPT2.TXT; swap2/10
F-00176	8043aeadc875c04cecc57396bafc140b4ca8ef551d2c8738a069d687ebc2c236	1	REJECT_CLEAN	0	VERIFY FAIL — replay diverged from the receipt		1	REJECT_CLEAN	0	VERIFY FAIL — strict: no newline after the last line (exactly one is required)		qemu_lookup/RECEIPT2.TXT; trunc@401
F-00177	e5fca6e2dbb9c0ef5d6709ccb0e3976c615eaeb43df7b6134c4a2bb01d64ed4e	1	REJECT_CLEAN	0	FAIL artifact: EMBED hash mismatch (receipt , vs local 8cbcd6b69df03539)		1	REJECT_CLEAN	0	VERIFY FAIL — strict: line 3 (embed): expected 64 lower-case hex digits		qemu_lookup/RECEIPT.TXT; embed<-','; rep@387:0x2f
F-00178	32cab5f1e51df83059c95312bc353f65de7c1175dce0f91a7b1e30fab23f40d8	1	REJECT_CLEAN	0	VERIFY FAIL — replay diverged from the receipt		1	REJECT_CLEAN	0	VERIFY FAIL — strict: no newline after the last line (exactly one is required)		qemu_calc/RECEIPT2.TXT; trunc@262; prompt-hex<-hex('>Ŋ'..2ch)
F-00179	0f2e2b9f51fb5f95a1f73569e0c05ee0ccd968ef30a88634786e76861a6aa78b	1	REJECT_CLEAN	0	VERIFY FAIL — replay diverged from the receipt		1	REJECT_CLEAN	0	VERIFY FAIL — strict: line 1: header must be exactly "AEGIS-WITNESS v1-CIS"		qemu_unknown_tool/RECEIPT.TXT; chain<-'4294967296'; AEGIS-WITNESS<-'000000000000'
F-00180	86b3dfa8d9572385272fe6ca46021b4d0d98fab2f7f6bb1f442e5271d7da69dd	1	REJECT_CLEAN	0	FAIL artifact: VOCAB hash mismatch (receipt  vs local a4cafc9649488987)		1	REJECT_CLEAN	0	VERIFY FAIL — strict: no newline after the last line (exactly one is required)		qemu_abstain/RECEIPT.TXT; trunc@107
F-00181	58fbea640bf93371624b624fbb820e5e416b47088e3f35e6557dea8570e660fa	1	REJECT_CLEAN	0	VERIFY FAIL — malformed receipt: prompt-hex: byte pair 0 splits a multi-byte character		1	REJECT_CLEAN	0	VERIFY FAIL — strict: byte 255: 0xc3 is not printable ASCII or LF		qemu_lookup/RECEIPT.TXT; prompt-hex<-'aé'
F-00182	ff8db9d9ce875fda59ed96b3ae1e61c8d91e0531bfc2605ef37376da8f291eda	1	REJECT_CLEAN	0	VERIFY FAIL — replay diverged from the receipt		1	REJECT_CLEAN	0	VERIFY FAIL — strict: line 10 (cis-digest): expected 16 lower-case hex digits		qemu_lookup/RECEIPT.TXT; prompt-hex<-hex('\x84\x85\x8f)😁͇\ue00c😚\x84t̤̓'..20ch); ins@420:b'+'
F-00183	52a66a59ebdcffe9f591cbe531e56d3de452119fb19b38bf1e08f6576f20db7e	1	REJECT_CLEAN	0	VERIFY FAIL — malformed receipt: not valid UTF-8		1	REJECT_CLEAN	0	VERIFY FAIL — strict: byte 488: 0xcf is not printable ASCII or LF		qemu_calc/RECEIPT.TXT; swap10/2; prompt-hex<-hex('\x00Ć#\r6&\ue00c\ue005\ue000😄Ŕ\ue005'..200ch); rep@488:0xcf
F-00184	fcb0d8fed196f4b12aad3e07cde85e558b3c2d9962781e4b82de3aa60906e04a	1	REJECT_CLEAN	0	FAIL artifact: EMBED hash mismatch (receipt FFFFFFFFFFFFFFFF vs local 8cbcd6b69df03539)		1	REJECT_CLEAN	0	VERIFY FAIL — strict: line 3 (embed): expected 64 lower-case hex digits		qemu_everyday/RECEIPT.TXT; prompt-hex<-hex('r×Ɛ\x1d%\ue010L\x00丛\n\x1f为'..20ch); prompt-hex<-hex('Z😐乂\ue00a丱Cƨ😕#\ue00dD\x10'..20ch); embed<-'FFFFFFFFFFFF'
F-00185	f709340b0589f65a9cc6366465525d64aaa99b83fb16d244b8b77434e6afccce	1	REJECT_CLEAN	0	VERIFY FAIL — malformed receipt: maxtok is not an unsigned integer		1	REJECT_CLEAN	0	VERIFY FAIL — strict: line 2 (model): expected 64 lower-case hex digits		qemu_lookup/RECEIPT2.TXT; dupline2; ins@71:b'999999999999999999999999999999'; maxtok<-18446744073709551617
F-00186	2a48d7dbc5124a9c40b45aedd27da0bc211f38810f0a1ae67c798cdef3b4b98e	1	REJECT_CLEAN	0	FAIL artifact: EMBED hash mismatch (receipt éé vs local 8cbcd6b69df03539)		1	REJECT_CLEAN	0	VERIFY FAIL — strict: byte 98: 0xc3 is not printable ASCII or LF		qemu_everyday/RECEIPT.TXT; embed<-'éé'; prompt-hex<-hex('\x07i͚\ue007😄丮̽😑.\x19̀ȱ'..60ch)
F-00187	b80c6569e79d43f2b828ba56859a444a0a59547ec41570110e4687254bf61ddc	1	REJECT_CLEAN	0	FAIL artifact: EMBED hash mismatch (receipt ff vs local 8cbcd6b69df03539)		1	REJECT_CLEAN	0	VERIFY FAIL — strict: line 3 (embed): expected 64 lower-case hex digits		qemu_calc_words/RECEIPT2.TXT; dupline6; maxtok<-2147483648; embed<-'ff'
F-00188	16dfd3368a932e4b4df9ddbd25607b24095efd1f48e81d3c446ecb455c6933af	1	REJECT_CLEAN	0	VERIFY FAIL — malformed receipt: prompt-hex does not decode to UTF-8 text		1	REJECT_CLEAN	0	VERIFY FAIL — strict: no newline after the last line (exactly one is required)		qemu_self/RECEIPT.TXT; dupline2; del[262:297]; del[684:686]
F-00189	c8e6e7c6dd431385bd55783aded63ac5daf03f15bf73d5044aae0a4843526469	1	REJECT_CLEAN	0	VERIFY FAIL — receipt inputs cannot be replayed: prompt tokenized to nothing		1	REJECT_CLEAN	0	VERIFY FAIL — strict: byte 254: 0x00 is not printable ASCII or LF		qemu_calc_words/RECEIPT2.TXT; prompt-hex<-'\x00'; del[331:356]
F-00190	9417725a6a092e80cab7ad2d4eebe556e7f20b830e82c97bf9ac32c01f23ac7e	1	REJECT_CLEAN	0	VERIFY FAIL — replay diverged from the receipt		1	REJECT_CLEAN	0	VERIFY FAIL — strict: byte 211: 0xc3 is not printable ASCII or LF		qemu_abstain/RECEIPT.TXT; swap1/9; prompt-hex<-'éé'; maxtok<-0
F-00191	c4a8a40b47c4819574f31b4da2c84f20903ab0885cb20f381eb83ca3efe359ff	1	REJECT_CLEAN	0	VERIFY FAIL — replay diverged from the receipt		1	REJECT_CLEAN	0	VERIFY FAIL — replay diverged from the receipt		qemu_receipt/RECEIPT.TXT; prompt-hex<-hex('\x87\x8b͙͞~丙OȄ\ue003之\x1do'..60ch)
F-00192	7b461d389d66151c0ffa1e5a943dd284975b3ede7f1b6798d8ae6bb8f3c3cd92	0	ACCEPT	0	VERIFY PASS — replay reproduced 30 tokens, the token digest, and the full logit chain bit-for-bit		1	REJECT_CLEAN	0	VERIFY FAIL — strict: line 9: key out of order "cis-digest", canonical order expects "token-ids"		qemu_self/RECEIPT.TXT; dupline9
F-00193	82b7961fd206aa7bfbea33312c4bf74c48693b8f25f496706fbbbc2a010c32bd	1	REJECT_CLEAN	0	VERIFY FAIL — malformed receipt: maxtok is not an unsigned integer		1	REJECT_CLEAN	0	VERIFY FAIL — strict: line 1: header must be exactly "AEGIS-WITNESS v1-CIS"		qemu_unknown_tool/RECEIPT.TXT; dupline11; maxtok<-18446744073709551616; dupline12
F-00194	0bf0f6d91165ba2af385afb25121eb79be7935d2d0430730a5f49ab094bd92ca	1	REJECT_CLEAN	0	FAIL artifact: VOCAB hash mismatch (receipt a999999999999999 vs local a4cafc9649488987)		1	REJECT_CLEAN	0	VERIFY FAIL — strict: line 4 (vocab): expected 64 lower-case hex digits		qemu_calc/RECEIPT.TXT; cis-digest<-'184467440737'; swap4/6; ins@170:b'999999999999999999999999999999'
F-00195	25be0fb900db57b3a1152659e767d6cb5e95ca5b4a9166f1a6bfef83df7dbbaa	1	REJECT_CLEAN	0	FAIL artifact: MODEL hash mismatch (receipt a44e4865c641b81 vs local a44e48965c641b81)		1	REJECT_CLEAN	0	VERIFY FAIL — strict: byte 33: 0x11 is not printable ASCII or LF		qemu_lookup/RECEIPT.TXT; rep@33:0x11
F-00196	2c98a5016d0c34fbfdb4397661150ba29f6bfd7353599d6978c36dae41683123	1	REJECT_CLEAN	0	VERIFY FAIL — receipt inputs cannot be replayed: prompt (9) + max_new (4096) exceeds max_position_embeddings (512)		1	REJECT_CLEAN	0	VERIFY FAIL — strict: line 7 (prompt-toks): expected a decimal integer without sign or leading zeros		qemu_unknown_tool/RECEIPT.TXT; maxtok<-4096; prompt-toks<-'ffffffffffff'
F-00197	efef5bc0c11e34fefe826fe3be29242521575e2dd245659601339d1a25b19865	1	REJECT_CLEAN	0	FAIL artifact: VOCAB hash mismatch (receipt  vs local a4cafc9649488987)		1	REJECT_CLEAN	0	VERIFY FAIL — strict: no newline after the last line (exactly one is required)		qemu_lookup/RECEIPT.TXT; trunc@27; model<-'184467440737'
F-00198	7ede0e28554955242f5f58957cfe3083aa1a1471b1434e8d442294ccd4d660b1	1	REJECT_CLEAN	0	VERIFY FAIL — malformed receipt: not valid UTF-8		1	REJECT_CLEAN	0	VERIFY FAIL — strict: byte 87: 0xd4 is not printable ASCII or LF		qemu_lookup/RECEIPT.TXT; rep@87:0xd4; rep@174:0x0c; prompt-hex<-hex('串|'..2ch)
F-00199	85a134ecfa357084bc43ef8cdb4a4b827316978b898c5061a27e1bfb04e4b6b7	1	REJECT_CLEAN	0	VERIFY FAIL — replay diverged from the receipt		1	REJECT_CLEAN	0	VERIFY FAIL — strict: line 11 (chain): expected 64 lower-case hex digits		qemu_calc_words/RECEIPT.TXT; del[450:461]
F-00200	31b686391aa39f87ebbff69f4f2aa54173f606dedb17a215dd8eb2ebd599e637	1	REJECT_CLEAN	0	FAIL artifact: VOCAB hash mismatch (receipt  vs local a4cafc9649488987)		1	REJECT_CLEAN	0	VERIFY FAIL — strict: blank line at the end (exactly one trailing newline is required)		garbage:newlines
F-00201	2cd37a200fadc8a6f626c433e3a4f2b70368bf0b6760dc272871e28b56d58cee	1	REJECT_CLEAN	0	FAIL artifact: VOCAB hash mismatch (receipt  vs local a4cafc9649488987)		1	REJECT_CLEAN	0	VERIFY FAIL — strict: no newline after the last line (exactly one is required)		qemu_calc_words/RECEIPT.TXT; trunc@111; trunc@101
F-00202	ccac28f2b460e69da4502e5f3fe2b821ae1fbad760a644f6ff4e27e327cb4e97	1	REJECT_CLEAN	0	VERIFY FAIL — malformed receipt: token id "\t" is not an unsigned 32-bit integer		1	REJECT_CLEAN	0	VERIFY FAIL — strict: byte 1125: 0x09 is not printable ASCII or LF		qemu_calc/RECEIPT2.TXT; prompt-hex<-hex('\ue008Ǒ丵L丳\x808\x01W\x1eĮ\x93'..200ch); token-ids<-'\t'
F-00203	4802ead6531f950eeb6f88f5571595ae77d3e6afaf0fdedaacab04885003e381	1	REJECT_CLEAN	0	VERIFY FAIL — replay diverged from the receipt		1	REJECT_CLEAN	0	VERIFY FAIL — strict: no newline after the last line (exactly one is required)		qemu_receipt/RECEIPT.TXT; trunc@426; swap4/5
F-00204	28b9eb6db25d1834bd80efc56da826de43096f58e56d5a49b7a7bc17eb557e1b	1	REJECT_CLEAN	0	VERIFY FAIL — receipt inputs cannot be replayed: prompt (12) + max_new (2147483648) exceeds max_position_embeddings (512)		1	REJECT_CLEAN	0	VERIFY FAIL — receipt inputs cannot be replayed: prompt (12) + max_new (2147483648) exceeds max_position_embeddings (512)		qemu_everyday/RECEIPT.TXT; maxtok<-2147483648
F-00205	f85e9bbe2ba48353371fb77a2551d04ea2565fe16c7f28f0e8d2e6861ea85038	0	ACCEPT	0	VERIFY PASS — replay reproduced 9 tokens, the token digest, and the full logit chain bit-for-bit		1	REJECT_CLEAN	0	VERIFY FAIL — strict: line 1: header must be exactly "AEGIS-WITNESS v1-CIS"		qemu_calc/RECEIPT2.TXT; swap0/1
F-00206	d270dc0bd657dbcc7b3bb3d8853628ceea54e1b0fbf2f94ef06e5dad7cded920	1	REJECT_CLEAN	0	FAIL artifact: EMBED hash mismatch (receipt 8cbcd6b69df03539 vs local 8cbcd6b69df03539)		1	REJECT_CLEAN	0	VERIFY FAIL — strict: byte 148: 0x00 is not printable ASCII or LF		qemu_receipt/RECEIPT.TXT; ins@153:b'\x00'; prompt-hex<-hex('😗丏乊'..3ch); AEGIS-WITNESS<-'0'
F-00207	c0377f059426e4c8fec4c9a1049e749a9e3c413ec9a89cda9526e613bb92b967	1	REJECT_CLEAN	0	FAIL artifact: EMBED hash mismatch (receipt 8cbcd6b69df03539 vs local 8cbcd6b69df03539)		1	REJECT_CLEAN	0	VERIFY FAIL — strict: line 3 (embed): expected 64 lower-case hex digits		qemu_receipt/RECEIPT.TXT; maxtok<-3; maxtok<-2147483648; ins@135:b'\n\n'
F-00208	12eeac0c950b145f6cdd4514a96d282bd9db0afb238b8b381fcb3116543ea7a6	1	REJECT_CLEAN	0	VERIFY FAIL — replay diverged from the receipt		1	REJECT_CLEAN	0	VERIFY FAIL — replay diverged from the receipt		qemu_calc/RECEIPT.TXT; prompt-hex<-hex('¬\ue004'..2ch)
F-00209	2e1fdfa5c80963f406fa4935ad6272e96516c9841c5bacc76edae773b492bdba	0	ACCEPT	0	VERIFY PASS — replay reproduced 8 tokens, the token digest, and the full logit chain bit-for-bit		1	REJECT_CLEAN	0	VERIFY FAIL — strict: line 1: header must be exactly "AEGIS-WITNESS v1-CIS"		qemu_calc_words/RECEIPT.TXT; swap6/0
F-00210	6ffd1b3bffbc8a77844ea202154e4e0cb6815f0b465abffea3d072662115c3fe	1	REJECT_CLEAN	0	VERIFY FAIL — malformed receipt: prompt-hex does not decode to UTF-8 text		1	REJECT_CLEAN	0	VERIFY FAIL — strict: byte 518: carriage return (CRLF line endings are not canonical)		qemu_calc_words/RECEIPT2.TXT; prompt-hex<-hex('😞\x13\x87Ã,\x7fƊ😐😓e丑̇'..60ch); ins@555:b'\r'; del[373:410]
F-00211	7eb65ebea40679b6dee8d196aa1313cfc116588ccee75db4bced08ac77b1d08e	1	REJECT_CLEAN	0	VERIFY FAIL — replay diverged from the receipt		1	REJECT_CLEAN	0	VERIFY FAIL — replay diverged from the receipt		qemu_self/RECEIPT.TXT; prompt-hex<-hex('\x98\x8d\x9fLş'..5ch); maxtok<-500
F-00212	d2beab4a1c7493f7018c82a8a94e42c753b0de863bb2855fc8858b9db3aa976f	1	REJECT_CLEAN	0	VERIFY FAIL — replay diverged from the receipt		1	REJECT_CLEAN	0	VERIFY FAIL — replay diverged from the receipt		qemu_lookup/RECEIPT.TXT; prompt-hex<-hex('W\ue00a·'..3ch)
F-00213	4971e5cf002598937cccc4a70e7afe6d994e21742adf3900f976d059ce983915	1	REJECT_CLEAN	0	VERIFY FAIL — receipt inputs cannot be replayed: prompt (12) + max_new (9223372036854775807) exceeds max_position_embeddings (512)		1	REJECT_CLEAN	0	VERIFY FAIL — receipt inputs cannot be replayed: prompt (12) + max_new (9223372036854775807) exceeds max_position_embeddings (512)		qemu_everyday/RECEIPT.TXT; maxtok<-18446744073709551615; maxtok<-9223372036854775807
F-00214	353e9c1cbfcfe0caa99059fb7f082b0fc6384a42ffc98debf407669c790f0655	1	REJECT_CLEAN	0	FAIL artifact: MODEL hash mismatch (receipt a44e48965c641b | 8 vs local a44e48965c641b81)		1	REJECT_CLEAN	0	VERIFY FAIL — strict: byte 448: carriage return (CRLF line endings are not canonical)		qemu_calc_words/RECEIPT2.TXT; swap10/1; prompt-hex<-hex('且VǼO\x02\x9e\ue005😃Ā,!😒'..20ch); ins@448:b'\r'
F-00215	b9237eb959f92e598bb9fffdab10319be82ce9a50d98ab0c2853ed92595e720f	1	REJECT_CLEAN	0	FAIL artifact: VOCAB hash mismatch (receipt  vs local a4cafc9649488987)		1	REJECT_CLEAN	0	VERIFY FAIL — strict: no newline after the last line (exactly one is required)		qemu_lookup/RECEIPT2.TXT; trunc@41; trunc@35; ins@9:b'\n\n'
F-00216	75d48556c8c1e741fc962aaee5f9af42088edf21f4309933ea2e9496d98dd448	1	REJECT_CLEAN	0	FAIL artifact: EMBED hash mismatch (receipt  vs local 8cbcd6b69df03539)		1	REJECT_CLEAN	0	VERIFY FAIL — strict: line 2 (model): expected 64 lower-case hex digits		qemu_calc_words/RECEIPT.TXT; swap7/9; del[89:123]; maxtok<-18446744073709551615
F-00217	3685f56f14604965b55f1fa4852d16fcd99b4016f2b509d611f1b7104c8e5679	1	REJECT_CLEAN	0	VERIFY FAIL — replay diverged from the receipt		1	REJECT_CLEAN	0	VERIFY FAIL — strict: no newline after the last line (exactly one is required)		qemu_receipt/RECEIPT.TXT; dupline7; trunc@578
F-00218	63f9b52d0074359635da9c04eae70c5f35e5e3b3d9184f69d131702e1cba31ea	1	REJECT_CLEAN	0	FAIL artifact: VOCAB hash mismatch (receipt éé vs local a4cafc9649488987)		1	REJECT_CLEAN	0	VERIFY FAIL — strict: byte 169: 0xc3 is not printable ASCII or LF		qemu_self/RECEIPT.TXT; vocab<-'éé'; prompt-hex<-hex('\ue00b\ue00dͣ么\x19並\ue001\x1a临\x1d\x9af'..20ch); maxtok<-512
F-00219	33a727e4d56a7503316b08b7caaccd6deabb6c5b83d7a80cb9ec282fbf6fda7e	1	REJECT_CLEAN	0	FAIL artifact: EMBED hash mismatch (receipt 8cbcd6b69df03539 vs local 8cbcd6b69df03539)		1	REJECT_CLEAN	0	VERIFY FAIL — strict: line 1: header must be exactly "AEGIS-WITNESS v1-CIS"		qemu_calc_words/RECEIPT2.TXT; swap0/10; token-ids<-'1,2,'; rep@171:0x35
F-00220	924906324e9753d457dd1afe3750e56924ab6504abc6b76d832352eb5b3c24db	1	REJECT_CLEAN	0	VERIFY FAIL — replay diverged from the receipt		1	REJECT_CLEAN	0	VERIFY FAIL — replay diverged from the receipt		qemu_calc/RECEIPT.TXT; prompt-hex<-hex('ƅ\x08😠eƅ😉😜C'..8ch)
F-00221	57ccff00a676bed3511167a1702f258b649b508c42fd6d250021cc71af9fcde9	1	REJECT_CLEAN	0	FAIL artifact: EMBED hash mismatch (receipt 8cbcd6b69df03539 vs local 8cbcd6b69df03539)		1	REJECT_CLEAN	0	VERIFY FAIL — strict: line 3 (embed): expected 64 lower-case hex digits		qemu_receipt/RECEIPT.TXT; rep@129:0x70; prompt-hex<-hex('\x87😜丢😜😐rĀŗ'..8ch)
F-00222	afc383cd7d491aa0a3f1fff4dc8c947fa6459d21936ed3da089658ab8bb28b19	1	REJECT_CLEAN	0	FAIL artifact: VOCAB hash mismatch (receipt  vs local a4cafc9649488987)		1	REJECT_CLEAN	0	VERIFY FAIL — strict: no newline after the last line (exactly one is required)		qemu_abstain/RECEIPT.TXT; trunc@160
F-00223	e3c69930bcefa3d2bac4ca7b1303cce80b76180726c48d46a6abf981854c94aa	1	REJECT_CLEAN	0	FAIL artifact: MODEL hash mismatch (receipt a44e48965c641b81 vs local a44e48965c641b81)		1	REJECT_CLEAN	0	VERIFY FAIL — strict: line 1: header must be exactly "AEGIS-WITNESS v1-CIS"		qemu_abstain/RECEIPT.TXT; ins@54:b'999999999999999999999999999999'; dupline10
F-00224	27ae500f8148ee9f02e28ba13076540b0672a2e21ad193678bdd24a01cc67375	1	REJECT_CLEAN	0	VERIFY FAIL — replay diverged from the receipt		1	REJECT_CLEAN	0	VERIFY FAIL — strict: line 7: duplicate key "prompt-hex", canonical order expects "prompt-toks"		qemu_unknown_tool/RECEIPT.TXT; prompt-hex<-hex('c̊ƝN😛͆\x19E'..8ch); prompt-hex<-hex('\x9aƩ\x92̼K\ue010\x88ũ'..8ch); dupline5
F-00225	9128651ce3a6cb72fb574e07804f49040d5ed64953c9197cd151e81772ce31c8	1	REJECT_CLEAN	0	VERIFY FAIL — replay diverged from the receipt		1	REJECT_CLEAN	0	VERIFY FAIL — strict: no newline after the last line (exactly one is required)		qemu_calc_words/RECEIPT2.TXT; trunc@482
F-00226	0f7742e192f79e1f0969981cf6c831594176074d87db92de1c74417d218ea519	1	REJECT_CLEAN	0	FAIL artifact: EMBED hash mismatch (receipt 8cbcd6b69df03539 vs local 8cbcd6b69df03539)		1	REJECT_CLEAN	0	VERIFY FAIL — strict: line 1: header must be exactly "AEGIS-WITNESS v1-CIS"		qemu_calc_words/RECEIPT2.TXT; swap1/0; ins@132:b'Z'
F-00227	31eeb93cfabf81845fe0102dd55ec8d1d395bc0733ddf742b5509ed60b098949	1	REJECT_CLEAN	0	VERIFY FAIL — malformed receipt: token id "xxxxxxxxxxxxxxxxxxxxxxxxxxxxxxxxxxxxxxxxxxxxxxxxxxxxxxxxxxxxxxxxxxxxxxxxxxxxxxxxxxxxxxxxxxxxxxxxxxxxxxxxxxxxxxxxxxxxxxxxxxxxxxxxxxxxxxxxxxxxxxxxxxxxxxxxxxxxxxxxxxxxxxxxxxxxxxxxxxxxxxxxxxxxxxxxxxxxxxxxxxxxxxxxxxxxxxxxxxxxxxxxxxxxxxxxxxxxxxxxxxxxxxxxxxxxxxxxxxxxxxxxxxxxxxxxxxxxxxxxxxxxxxxxxxxxxxxxxxxxxxxxxxxxxxxxxxxxxxxxxxxxxxxxxxxxxxxxxxxxxxxxxxxxxxxxxxxxx		1	REJECT_CLEAN	0	VERIFY FAIL — strict: line 9 (token-ids): expected comma-separated canonical decimal u32 ids		qemu_lookup/RECEIPT2.TXT; prompt-hex<-hex('\x916̡`丒乁\ue005Ǎ\x97̌.😔'..200ch); dupline2; token-ids<-'xxxxxxxxxxxx'
F-00228	f7ca9e9a6862ad19d1aaa3305c9e044346d3d3f4407cd3c3503f640b4fae6a23	1	REJECT_CLEAN	0	VERIFY FAIL — replay diverged from the receipt		1	REJECT_CLEAN	0	VERIFY FAIL — strict: line 2: key out of order "vocab", canonical order expects "model"		qemu_everyday/RECEIPT.TXT; del[357:365]; swap3/1
F-00229	c08963d99fb858e21e91a7506eb878fb97aafc7e5ff1fd5ed3785fba252da5c2	1	REJECT_CLEAN	0	VERIFY FAIL — replay diverged from the receipt		1	REJECT_CLEAN	0	VERIFY FAIL — replay diverged from the receipt		qemu_everyday/RECEIPT.TXT; prompt-hex<-hex('\ue009'..1ch); maxtok<-1
F-00230	0ce81267538307498803cc664eed4b7f331f5dc7ab5f2eb4e6d86bd07ce3c604	1	REJECT_CLEAN	0	VERIFY FAIL — replay diverged from the receipt		1	REJECT_CLEAN	0	VERIFY FAIL — strict: line 11 (chain): expected 64 lower-case hex digits		qemu_calc_words/RECEIPT.TXT; del[434:443]; prompt-hex<-hex('\x88Ȟn\x1e为😠😒n'..8ch); maxtok<-16
F-00231	9cc770eee69ecd182c9f7a04e80ead78504cb6743aaba691e4bea4d182918dff	1	REJECT_CLEAN	0	VERIFY FAIL — malformed receipt: prompt-hex does not decode to UTF-8 text		1	REJECT_CLEAN	0	VERIFY FAIL — strict: line 6 (prompt-hex): expected non-empty lower-case hex of even length		qemu_calc_words/RECEIPT2.TXT; del[258:279]; rep@461:0x72
F-00232	70c96aec312f709cfc67f687afede31b1a47d7649b5e443d492e20dc5487c7ce	1	REJECT_CLEAN	0	FAIL artifact: VOCAB hash mismatch (receipt ff vs local a4cafc9649488987)		1	REJECT_CLEAN	0	VERIFY FAIL — strict: no newline after the last line (exactly one is required)		qemu_everyday/RECEIPT.TXT; swap5/11; gen-toks<-'-1'; vocab<-'ff'
F-00233	ba31bb818c89ef32e16f3c1c205b3dc56af9f7a7ffc190d25c6609f4b238a48c	1	REJECT_CLEAN	0	VERIFY FAIL — receipt inputs cannot be replayed: prompt tokenized to nothing		1	REJECT_CLEAN	0	VERIFY FAIL — strict: line 6: key out of order "token-ids", canonical order expects "prompt-hex"		qemu_unknown_tool/RECEIPT.TXT; swap5/8; prompt-hex<-' '
F-00234	b1504db436577e695ec8ba53000f7a25f21d069868f71449876f94da842d7380	1	REJECT_CLEAN	0	VERIFY FAIL — malformed receipt: not valid UTF-8		1	REJECT_CLEAN	0	VERIFY FAIL — strict: byte 229: 0xc4 is not printable ASCII or LF		qemu_calc/RECEIPT2.TXT; swap1/6; rep@229:0xc4
F-00235	432d6629d2de02d34d5fc1255fe301df8abaf1f59930541659449648a6d2abbb	1	REJECT_CLEAN	0	VERIFY FAIL — receipt inputs cannot be replayed: prompt (19) + max_new (9223372036854775807) exceeds max_position_embeddings (512)		1	REJECT_CLEAN	0	VERIFY FAIL — strict: line 7: key out of order "cis-digest", canonical order expects "prompt-toks"		qemu_receipt/RECEIPT.TXT; swap6/9; maxtok<-9223372036854775807
F-00236	9caf2242e8dffe8ac3fd96e84ab1abd032cbf25403e294864b8104b1721d823b	1	REJECT_CLEAN	0	VERIFY FAIL — malformed receipt: maxtok is not an unsigned integer		1	REJECT_CLEAN	0	VERIFY FAIL — strict: no newline after the last line (exactly one is required)		qemu_calc_words/RECEIPT2.TXT; maxtok<-'xxxxxxxxxxxx'; trunc@4465; del[1742:1750]
F-00237	0a94192aa0087e02e6444d49497a2a78a71e8e9acd0dcb1f911c47a4582b8cbb	1	REJECT_CLEAN	0	VERIFY FAIL — replay diverged from the receipt		1	REJECT_CLEAN	0	VERIFY FAIL — replay diverged from the receipt		qemu_unknown_tool/RECEIPT.TXT; prompt-hex<-hex('̶\ue006'..2ch)
F-00238	2682cea73869bad07168f61f890fe04947e4aa6e6fe64c306753ec693dc8ef32	1	REJECT_CLEAN	0	VERIFY FAIL — receipt inputs cannot be replayed: prompt (2) + max_new (18446744073709551615) exceeds max_position_embeddings (512)		1	REJECT_CLEAN	0	VERIFY FAIL — strict: line 6 (prompt-hex): expected non-empty lower-case hex of even length		qemu_receipt/RECEIPT.TXT; prompt-hex<-'1,2,'; maxtok<-18446744073709551615
F-00239	f45cf13b20b9544c26ecb5fe99bfe0f5502d6b9e036ebcf3aa9fc945e885a5ac	1	REJECT_CLEAN	0	VERIFY FAIL — malformed receipt: maxtok is not an unsigned integer		1	REJECT_CLEAN	0	VERIFY FAIL — strict: line 5 (maxtok): expected a decimal integer without sign or leading zeros		qemu_calc/RECEIPT.TXT; maxtok<-18446744073709551617
F-00240	82f9a5d07d2ed70801a407aefc9336fb4582b17a23686cbd30ce31881a289b85	1	REJECT_CLEAN	0	FAIL artifact: VOCAB hash mismatch (receipt  vs local a4cafc9649488987)		1	REJECT_CLEAN	0	VERIFY FAIL — strict: byte 0: 0x00 is not printable ASCII or LF		garbage:nul
F-00241	0c3e101f50064c17dfdcd75bf82712ca15198c43b54ed91c872542e749bf2633	1	REJECT_CLEAN	0	VERIFY FAIL — receipt inputs cannot be replayed: prompt (17) + max_new (18446744073709551615) exceeds max_position_embeddings (512)		1	REJECT_CLEAN	0	VERIFY FAIL — strict: no newline after the last line (exactly one is required)		qemu_everyday/RECEIPT.TXT; swap8/11; prompt-hex<-hex('\x7f͟不¤̪😄\x02̜'..8ch); maxtok<-18446744073709551615
F-00242	8dc273abffc4b1a72d551b53ed5e3efb000b9796a5f96fe4d020b3e1581da0fe	1	REJECT_CLEAN	0	VERIFY FAIL — replay diverged from the receipt		1	REJECT_CLEAN	0	VERIFY FAIL — strict: line 11 (chain): expected 64 lower-case hex digits		qemu_calc/RECEIPT.TXT; rep@451:0x4a; prompt-hex<-hex('个tȍƼ͑😞_œƺk\x19\x11'..20ch)
F-00243	9db65977daa5e0c19d8e5ea7fc9dc5972b80fb8eac5576bedadffdf940805ae7	1	REJECT_CLEAN	0	VERIFY FAIL — receipt inputs cannot be replayed: prompt tokenized to nothing		1	REJECT_CLEAN	0	VERIFY FAIL — strict: byte 254: 0xc3 is not printable ASCII or LF		qemu_unknown_tool/RECEIPT.TXT; ins@254:b'\xc3\xa9'
F-00244	7a5afd402e9aa897a10299f088de115947c0e5a065c082c22cc6a6ce9bf88385	1	REJECT_CLEAN	0	VERIFY FAIL — malformed receipt: not valid UTF-8		1	REJECT_CLEAN	0	VERIFY FAIL — strict: byte 373: 0x8a is not printable ASCII or LF		qemu_calc/RECEIPT2.TXT; rep@373:0x8a; maxtok<-2
F-00245	5f704411598417ef2e765425fa91a7731fe8b3887b79a68f71491a4fe2c3bd5f	1	REJECT_CLEAN	0	FAIL artifact: EMBED hash mismatch (receipt 8cbcd6b69df03539 vs local 8cbcd6b69df03539)		1	REJECT_CLEAN	0	VERIFY FAIL — strict: line 3 (embed): expected 64 lower-case hex digits		qemu_lookup/RECEIPT.TXT; del[128:158]; maxtok<-4096
F-00246	7fe31140f98d49c6c0926137aa16e84de0144e5d06dc3b525f459ad53a9793bc	1	REJECT_CLEAN	0	FAIL artifact: VOCAB hash mismatch (receipt a4cafc9649488987 vs local a4cafc9649488987)		1	REJECT_CLEAN	0	VERIFY FAIL — strict: line 1: header must be exactly "AEGIS-WITNESS v1-CIS"		qemu_receipt/RECEIPT.TXT; AEGIS-WITNESS<-'000000000000'; del[266:306]
F-00247	4c48be770f56ee6b8a7e6dc27913db9f4700c0e4b6f2088c38426786a27c3476	1	REJECT_CLEAN	0	FAIL artifact: VOCAB hash mismatch (receipt aé vs local a4cafc9649488987)		1	REJECT_CLEAN	0	VERIFY FAIL — strict: byte 170: 0xc3 is not printable ASCII or LF		qemu_abstain/RECEIPT.TXT; vocab<-'aé'
F-00248	9a061b2a16b050c7e4efedb0b26ba3e9faa7a7bd0d439d5be752bb9d3050a27e	1	REJECT_CLEAN	0	FAIL artifact: VOCAB hash mismatch (receipt  vs local a4cafc9649488987)		1	REJECT_CLEAN	0	VERIFY FAIL — strict: no newline after the last line (exactly one is required)		qemu_calc/RECEIPT2.TXT; prompt-hex<-'00'; swap4/6; trunc@64
F-00249	f530acb2224a5dffe67c5fdb4b985878a14a615b6e76a4b4a38814229d80b61b	1	REJECT_CLEAN	0	VERIFY FAIL — malformed receipt: not valid UTF-8		1	REJECT_CLEAN	0	VERIFY FAIL — strict: byte 477: 0xc4 is not printable ASCII or LF		qemu_calc/RECEIPT.TXT; rep@477:0xc4
F-00250	9fac28cc79dd364dd9ad86cfdc82dfbde49bec2ba50d465fea6be24e0dba200a	1	REJECT_CLEAN	0	FAIL artifact: MODEL hash mismatch (receipt -1 vs local a44e48965c641b81)		1	REJECT_CLEAN	0	VERIFY FAIL — strict: line 2 (model): expected 64 lower-case hex digits		qemu_lookup/RECEIPT.TXT; model<-'-1'
F-00251	97732e1adf12d6c67d42972847bc24ebc914d62f5f4b68d96eafe70615f425e9	1	REJECT_CLEAN	0	VERIFY FAIL — malformed receipt: maxtok is not an unsigned integer		1	REJECT_CLEAN	0	VERIFY FAIL — strict: line 5 (maxtok): expected a decimal integer without sign or leading zeros		qemu_everyday/RECEIPT.TXT; maxtok<-'-1'; prompt-hex<-hex('\ue010😑\x916\x93丒😚\x9bcG\\%'..700ch)
F-00252	f0da9812e4356d027dcc827178ceb9159a02e19d120b6034d54f4afd1d65a3dd	0	ACCEPT	0	VERIFY PASS — replay reproduced 9 tokens, the token digest, and the full logit chain bit-for-bit		1	REJECT_CLEAN	0	VERIFY FAIL — strict: line 10: key out of order "chain", canonical order expects "cis-digest"		qemu_calc/RECEIPT2.TXT; dupline10
F-00253	d97f1b669a1532499e51520938ca1df2746a6ecdf56782cd8e4cb950f744620b	0	ACCEPT	0	VERIFY PASS — replay reproduced 9 tokens, the token digest, and the full logit chain bit-for-bit		1	REJECT_CLEAN	0	VERIFY FAIL — strict: line 5: key out of order "token-ids", canonical order expects "maxtok"		qemu_calc/RECEIPT.TXT; dupline8; token-ids<-','
F-00254	dac3c5495f1078ce23d5218fd24db6501ef9f4006fef41fdac134d840cf3b14b	0	ACCEPT	0	VERIFY PASS — replay reproduced 9 tokens, the token digest, and the full logit chain bit-for-bit		1	REJECT_CLEAN	0	VERIFY FAIL — strict: no newline after the last line (exactly one is required)		qemu_calc/RECEIPT2.TXT; swap11/0
F-00255	9014937cbdefdd6edde1703055a23822718059d57ae642b9f46246125cc6aa1d	1	REJECT_CLEAN	0	VERIFY FAIL — malformed receipt: maxtok is not an unsigned integer		1	REJECT_CLEAN	0	VERIFY FAIL — strict: byte 241: 0xe2 is not printable ASCII or LF		qemu_everyday/RECEIPT.TXT; prompt-hex<-hex('f'..1ch); prompt-hex<-hex('両\x01\x9eQ̒\x99t\x9a!\x9d\x95\ue003'..200ch); maxtok<-'\u202e'
F-00256	e8d1f000bc1cc6a9c907f7fe64dbb18e2f5d25fd28250205540629839fdeecde	1	REJECT_CLEAN	0	VERIFY FAIL — replay diverged from the receipt		1	REJECT_CLEAN	0	VERIFY FAIL — replay diverged from the receipt		qemu_lookup/RECEIPT2.TXT; prompt-hex<-hex('P̫\x12\ue00e😌丽J\x0b\x91\ue0025乆'..200ch)
F-00257	7cf79e04b04149a8d89cfa06de9a85ee781dc59ca37adfbf5e7df57b64cb345b	1	REJECT_CLEAN	0	VERIFY FAIL — malformed receipt: not valid UTF-8		1	REJECT_CLEAN	0	VERIFY FAIL — strict: byte 3341: 0xea is not printable ASCII or LF		qemu_calc_words/RECEIPT.TXT; rep@335:0xea; trunc@466; prompt-hex<-hex('\x15\x1a+\x13😋\x11͆丹丬丯\x1e\\'..700ch)
F-00258	009cb9330b13fad948c9fadea4ff40674e8d3333878c02b217adb9fe22492222	1	REJECT_CLEAN	0	VERIFY FAIL — replay diverged from the receipt		1	REJECT_CLEAN	0	VERIFY FAIL — replay diverged from the receipt		qemu_calc_words/RECEIPT.TXT; chain<-'ffffffffffff'; prompt-hex<-hex('w乐ͥ(̘😑\x98Pw\x94丘D'..200ch); prompt-hex<-hex('\x9c̺'..2ch)
F-00259	f88beb4ea5f9b717add31e82791322ad3d0dd3a101f01feb9ea93c4a670bf81c	1	REJECT_CLEAN	0	VERIFY FAIL — malformed receipt: token id "\t" is not an unsigned 32-bit integer		1	REJECT_CLEAN	0	VERIFY FAIL — strict: byte 341: 0x09 is not printable ASCII or LF		qemu_lookup/RECEIPT.TXT; swap0/3; token-ids<-'\t'; cis-digest<-'4294967296'
F-00260	e5d93940b6e3fefc22f1f141de94c067e771933a49c6c552031f86c5ddd4ecfa	1	REJECT_CLEAN	0	VERIFY FAIL — replay diverged from the receipt		1	REJECT_CLEAN	0	VERIFY FAIL — strict: line 9 (token-ids): expected comma-separated canonical decimal u32 ids		qemu_abstain/RECEIPT.TXT; token-ids<-'1,2,'
F-00261	212d93a232d2ef5fd8cf91e779ddc382bd9717e6900c730d2fdb8a573ea321e1	1	REJECT_CLEAN	0	VERIFY FAIL — replay diverged from the receipt		1	REJECT_CLEAN	0	VERIFY FAIL — strict: line 10: duplicate key "maxtok", canonical order expects "cis-digest"		qemu_abstain/RECEIPT.TXT; maxtok<-7; dupline4
F-00262	b8ebae90b6a6ead67b34c3f80de152e1620d908654fdc7d2c10cd52632af1a33	1	REJECT_CLEAN	0	VERIFY FAIL — malformed receipt: maxtok is not an unsigned integer		1	REJECT_CLEAN	0	VERIFY FAIL — strict: line 5 (maxtok): expected a decimal integer without sign or leading zeros		qemu_abstain/RECEIPT.TXT; maxtok<-18446744073709551616
F-00263	172aa12b66706dc7b8c72850115add4f8ead9325a90300f1990aa8382953bbcd	0	ACCEPT	0	VERIFY PASS — replay reproduced 30 tokens, the token digest, and the full logit chain bit-for-bit		1	REJECT_CLEAN	0	VERIFY FAIL — strict: line 3: key out of order "gen-toks", canonical order expects "embed"		qemu_self/RECEIPT.TXT; swap2/7
F-00264	d67c809a425c9a67089ed731490377db15cf254cfc5169d86448765c95707ceb	1	REJECT_CLEAN	0	VERIFY FAIL — replay diverged from the receipt		1	REJECT_CLEAN	0	VERIFY FAIL — replay diverged from the receipt		qemu_calc_words/RECEIPT2.TXT; maxtok<-1
F-00265	9ce1b9b68fbaf608ecd8298265a529a98311d452e48267a88a9724f6d1dfe052	1	REJECT_CLEAN	0	FAIL artifact: EMBED hash mismatch (receipt  vs local 8cbcd6b69df03539)		1	REJECT_CLEAN	0	VERIFY FAIL — strict: line 2 (model): expected 64 lower-case hex digits		qemu_calc_words/RECEIPT.TXT; ins@95:b'+'; model<-'184467440737'; prompt-hex<-hex('\x8d'..1ch)
F-00266	5b3ccf8eee6d442501ec559e465e9732194a9a935fe5a15ad4d6449b1ae57e82	1	REJECT_CLEAN	0	VERIFY FAIL — malformed receipt: not valid UTF-8		1	REJECT_CLEAN	0	VERIFY FAIL — strict: byte 173: 0xb5 is not printable ASCII or LF		qemu_calc_words/RECEIPT.TXT; rep@173:0xb5; del[184:203]; prompt-hex<-hex('\x02\x16\x97q\ue002\ue008\ue00b͋'..8ch)
F-00267	f1c8dec6c5c486eb1ee4ae537e8216d4ef94a212e4cdcda3047c4208ca507398	1	REJECT_CLEAN	0	VERIFY FAIL — malformed receipt: maxtok is not an unsigned integer		1	REJECT_CLEAN	0	VERIFY FAIL — strict: byte 231: 0xe2 is not printable ASCII or LF		qemu_calc/RECEIPT2.TXT; swap7/0; dupline10; maxtok<-'\u202e'
F-00268	e4d8704e4b0ae21307f091058a6c4e27bb6fdd43d54a231ab24a71ff2f9833f9	1	REJECT_CLEAN	0	FAIL artifact: VOCAB hash mismatch (receipt +1 vs local a4cafc9649488987)		1	REJECT_CLEAN	0	VERIFY FAIL — strict: no newline after the last line (exactly one is required)		qemu_calc/RECEIPT.TXT; vocab<-'+1'; swap7/11
F-00269	c5ba33bf98399929dc014ddb838629a2f95fd6f463e7dc56a8157388847dfd7b	1	REJECT_CLEAN	0	FAIL artifact: MODEL hash mismatch (receipt 1844674407370955 vs local a44e48965c641b81)		1	REJECT_CLEAN	0	VERIFY FAIL — strict: line 2 (model): expected 64 lower-case hex digits		qemu_lookup/RECEIPT2.TXT; swap9/3; model<-'184467440737'
F-00270	34fb624694b0a246f3eb2f22abe212ad01da5a3705e56a65f8ac34c04fc00323	1	REJECT_CLEAN	0	FAIL artifact: VOCAB hash mismatch (receipt  vs local a4cafc9649488987)		1	REJECT_CLEAN	0	VERIFY FAIL — strict: no newline after the last line (exactly one is required)		qemu_lookup/RECEIPT.TXT; trunc@241; trunc@90; AEGIS-WITNESS<-'+'
F-00271	bc5807be2fb158d83f956cdef1373ebb2ef0d2be8afa8c514743c05866e2b6b2	1	REJECT_CLEAN	0	VERIFY FAIL — receipt inputs cannot be replayed: prompt (19) + max_new (4294967296) exceeds max_position_embeddings (512)		1	REJECT_CLEAN	0	VERIFY FAIL — strict: byte 429: 0x1d is not printable ASCII or LF		qemu_receipt/RECEIPT.TXT; maxtok<-4294967296; rep@429:0x1d
F-00272	5bc39daee31687d64bd5b98ef609726f968c6afe1dbead71a1961173ed4152d7	1	REJECT_CLEAN	0	VERIFY FAIL — malformed receipt: not valid UTF-8		1	REJECT_CLEAN	0	VERIFY FAIL — strict: byte 383: 0xe4 is not printable ASCII or LF		qemu_calc/RECEIPT.TXT; rep@383:0xe4
F-00273	28e551faf3dabf98cdd14e9ce314b2c63ab2ec42257bcb3047503ef0406dd965	1	REJECT_CLEAN	0	VERIFY FAIL — replay diverged from the receipt		1	REJECT_CLEAN	0	VERIFY FAIL — replay diverged from the receipt		qemu_self/RECEIPT.TXT; prompt-hex<-hex('tͭ😊举̞'..5ch)
F-00274	e6d8b3728d5eeb451fa9e45e209404052b09d7a14be555975959527f901b583f	0	ACCEPT	0	VERIFY PASS — replay reproduced 25 tokens, the token digest, and the full logit chain bit-for-bit		1	REJECT_CLEAN	0	VERIFY FAIL — strict: line 3: key out of order "vocab", canonical order expects "embed"		qemu_abstain/RECEIPT.TXT; swap3/2; swap8/10
F-00275	62d786caaa1f7a4eb2317cd92b889cbddd70e40d2e8786adf09558331f52ff18	1	REJECT_CLEAN	0	VERIFY FAIL — malformed receipt: not valid UTF-8		1	REJECT_CLEAN	0	VERIFY FAIL — strict: byte 440: 0xc3 is not printable ASCII or LF		qemu_everyday/RECEIPT.TXT; ins@440:b'\xc3'
F-00276	182ceb71c1343fa5e86f900b865e3856f2e11e634ad1c7831504f13776f0b0ef	1	REJECT_CLEAN	0	VERIFY FAIL — replay diverged from the receipt		1	REJECT_CLEAN	0	VERIFY FAIL — strict: no newline after the last line (exactly one is required)		qemu_calc_words/RECEIPT2.TXT; prompt-hex<-hex('%\ue002ͨ丮丧\x00Ƀš丳ř=丢'..20ch); dupline4; trunc@470
F-00277	b855198f1259669a5d91375d3afdbc46b0c75f6f552f2e7baeaf256d09a51fff	1	REJECT_CLEAN	0	FAIL artifact: EMBED hash mismatch (receipt 1844674407370955 vs local 8cbcd6b69df03539)		1	REJECT_CLEAN	0	VERIFY FAIL — strict: byte 28: 0xc3 is not printable ASCII or LF		qemu_calc/RECEIPT.TXT; model<-'aé'; embed<-'184467440737'; maxtok<-100
F-00278	ea5b223d0d9343b26e3a72b0c69a2b617b26b48d43b4db1e20f155e5edf6c8ab	1	REJECT_CLEAN	0	VERIFY FAIL — malformed receipt: maxtok is not an unsigned integer		1	REJECT_CLEAN	0	VERIFY FAIL — strict: line 1: header must be exactly "AEGIS-WITNESS v1-CIS"		qemu_calc_words/RECEIPT2.TXT; swap0/4; vocab<-'1,2,'; maxtok<-''
F-00279	a78abb7a550d1a2cde9541fc47a406c2ccba7eb273e249ce59483d460e172d6e	1	REJECT_CLEAN	0	FAIL artifact: MODEL hash mismatch (receipt zz vs local a44e48965c641b81)		1	REJECT_CLEAN	0	VERIFY FAIL — strict: line 2 (model): expected 64 lower-case hex digits		qemu_unknown_tool/RECEIPT.TXT; model<-'zz'; dupline5
F-00280	0a3e4e170be2876226189cf4328074ed76ff65930daf2d0a5db2ea3ac621f0c5	1	REJECT_CLEAN	0	FAIL artifact: VOCAB hash mismatch (receipt  vs local a4cafc9649488987)		1	REJECT_CLEAN	0	VERIFY FAIL — strict: blank line at the end (exactly one trailing newline is required)		garbage:newlines
F-00281	d5d05f6a754b94a89038bd59973d02faf5c773dce5542ccfbf6065c99af7f47a	1	REJECT_CLEAN	0	VERIFY FAIL — replay diverged from the receipt		1	REJECT_CLEAN	0	VERIFY FAIL — replay diverged from the receipt		qemu_unknown_tool/RECEIPT.TXT; prompt-hex<-hex('\x9a\ue005\ue004个S\x14ȬǗ万B丱Ƞ'..60ch)
F-00282	68550663a3eacc6f189fd3e89cffc7c3d5ee15ecd663f58ead5f98364e7d78c3	1	REJECT_CLEAN	0	VERIFY FAIL — replay diverged from the receipt		1	REJECT_CLEAN	0	VERIFY FAIL — replay diverged from the receipt		qemu_self/RECEIPT.TXT; maxtok<-0
F-00283	d9183eacff400c9a459353c3cdbc5894f77aea3a49472aee1dea50e56622608d	1	REJECT_CLEAN	0	FAIL artifact: VOCAB hash mismatch (receipt a4 vs local a4cafc9649488987)		1	REJECT_CLEAN	0	VERIFY FAIL — strict: no newline after the last line (exactly one is required)		qemu_unknown_tool/RECEIPT.TXT; token-ids<-'FF'; del[184:203]; trunc@171
F-00284	533803f954b2319e2fdc29d1d7c688ad70aa0f911c287dcc3e4eabbcfffb0296	1	REJECT_CLEAN	0	FAIL artifact: MODEL hash mismatch (receipt a44e48965c641b81 vs local a44e48965c641b81)		1	REJECT_CLEAN	0	VERIFY FAIL — strict: line 2 (model): expected 64 lower-case hex digits		qemu_lookup/RECEIPT2.TXT; del[77:85]
F-00285	650df7299809ff7ba5c662c1c60d39c15042cd8b8ba0ffb113139b7ff6722d35	1	REJECT_CLEAN	0	FAIL artifact: VOCAB hash mismatch (receipt  vs local a4cafc9649488987)		1	REJECT_CLEAN	0	VERIFY FAIL — strict: no newline after the last line (exactly one is required)		qemu_calc_words/RECEIPT.TXT; trunc@220; trunc@8
F-00286	5658b156fc3e15c8d3be5f70c4eb5b0069ef54172da23aadac1e6738473e10f6	1	REJECT_CLEAN	0	VERIFY FAIL — receipt inputs cannot be replayed: prompt (12) + max_new (4294967296) exceeds max_position_embeddings (512)		1	REJECT_CLEAN	0	VERIFY FAIL — receipt inputs cannot be replayed: prompt (12) + max_new (4294967296) exceeds max_position_embeddings (512)		qemu_lookup/RECEIPT.TXT; maxtok<-4294967296
F-00287	054eadcafba3615f7003f82d557fcf2cb1d4aee690789b67fdb2fafcd3e30386	1	REJECT_CLEAN	0	VERIFY FAIL — receipt inputs cannot be replayed: prompt (9) + max_new (4294967296) exceeds max_position_embeddings (512)		1	REJECT_CLEAN	0	VERIFY FAIL — strict: gen-toks 35 does not equal the token-ids count 32		qemu_unknown_tool/RECEIPT.TXT; del[354:367]; maxtok<-4294967296
F-00288	0b963a61057f6e831555fc810fe40c42810b789bf9dfb7972bc4214b72c5472b	1	REJECT_CLEAN	0	VERIFY FAIL — replay diverged from the receipt		1	REJECT_CLEAN	0	VERIFY FAIL — strict: line 6 (prompt-hex): expected non-empty lower-case hex of even length		qemu_abstain/RECEIPT.TXT; del[333:363]
F-00289	370e567fcd526a66e7b35c79d2a5600d8edc0e8803c56209648551446eb84408	0	ACCEPT	0	VERIFY PASS — replay reproduced 8 tokens, the token digest, and the full logit chain bit-for-bit		1	REJECT_CLEAN	0	VERIFY FAIL — strict: line 1: header must be exactly "AEGIS-WITNESS v1-CIS"		qemu_calc_words/RECEIPT.TXT; dupline4; swap2/0
F-00290	3024d4fc3df19b78b52986419c7f8b4398d1ad4bdc1746fa181482b50043a4fc	1	REJECT_CLEAN	0	VERIFY FAIL — malformed receipt: maxtok is not an unsigned integer		1	REJECT_CLEAN	0	VERIFY FAIL — strict: line 5 (maxtok): expected a decimal integer without sign or leading zeros		qemu_unknown_tool/RECEIPT.TXT; ins@242:b' '
F-00291	df7c2a55da2e339d1bf5233db37218e24de36080f665b28f6dbb9d3e81a72ec7	1	REJECT_CLEAN	0	VERIFY FAIL — malformed receipt: prompt-hex does not decode to UTF-8 text		1	REJECT_CLEAN	0	VERIFY FAIL — strict: byte 1912: 0x00 is not printable ASCII or LF		qemu_calc/RECEIPT.TXT; trunc@316; prompt-hex<-hex('\ue003丛u丶~\x07ĝ丫y̏😔丘'..700ch); ins@1912:b'\x00'
F-00292	1ca6b58130785e184c32e7cb5bc4c131e99c9b092dc9efbc6f3fc1b174033bb8	1	REJECT_CLEAN	0	VERIFY FAIL — malformed receipt: not valid UTF-8		1	REJECT_CLEAN	0	VERIFY FAIL — strict: byte 80: 0xc4 is not printable ASCII or LF		qemu_self/RECEIPT.TXT; rep@80:0xc4; rep@606:0x1d
F-00293	3a26beaefcaff95d57644ae67f344a5ae96a690ece32fc5ea616a991f847ae72	1	REJECT_CLEAN	0	VERIFY FAIL — replay diverged from the receipt		1	REJECT_CLEAN	0	VERIFY FAIL — strict: line 2: key out of order "prompt-toks", canonical order expects "model"		qemu_lookup/RECEIPT.TXT; dupline10; swap6/1; cis-digest<-'-1'
F-00294	b851ae7ce89ef344b9a8bcd8b41e0423edd942e29c83d3530a520d079fee45b2	1	REJECT_CLEAN	0	FAIL artifact: VOCAB hash mismatch (receipt a4cafc9649488987 vs local a4cafc9649488987)		1	REJECT_CLEAN	0	VERIFY FAIL — strict: line 2: key out of order "vocab", canonical order expects "model"		qemu_lookup/RECEIPT.TXT; rep@32:0x65; swap3/1; del[82:110]
F-00295	f301540f4e8c8e59e3b1698897518414f934abbf9c0c003e8bd4021b89adf997	1	REJECT_CLEAN	0	VERIFY FAIL — replay diverged from the receipt		1	REJECT_CLEAN	0	VERIFY FAIL — strict: line 3: key out of order "prompt-hex", canonical order expects "embed"		qemu_calc/RECEIPT2.TXT; swap5/2; prompt-hex<-hex('\ue00aZ\x17\x19̜R̘̈́'..8ch)
F-00296	c2c1290415c84e704891c7086c3636894e766eedf420dff5b48ad24dd166eded	1	REJECT_CLEAN	0	VERIFY FAIL — replay diverged from the receipt		1	REJECT_CLEAN	0	VERIFY FAIL — strict: line 1: header must be exactly "AEGIS-WITNESS v1-CIS"		qemu_calc/RECEIPT.TXT; del[0:1]; rep@381:0x5c
F-00297	0ee3fd537f9a7dba0adb52cf42e0d284497fd316e7a40ed1ee2b491553c0a70b	1	REJECT_CLEAN	0	VERIFY FAIL — replay diverged from the receipt		1	REJECT_CLEAN	0	VERIFY FAIL — replay diverged from the receipt		qemu_self/RECEIPT.TXT; prompt-hex<-hex('/,'..2ch)
F-00298	f635deabe6d7f158290de9d980ac09e7a3aac27049260db9fa29d9ca3cfb6ad1	1	REJECT_CLEAN	0	VERIFY FAIL — malformed receipt: token id " " is not an unsigned 32-bit integer		1	REJECT_CLEAN	0	VERIFY FAIL — strict: byte 27: 0xc3 is not printable ASCII or LF		qemu_self/RECEIPT.TXT; model<-'é'; prompt-hex<-hex('😝临\x1e\x9aj\ue006%q\ue00c\ue003\x92̀'..60ch); token-ids<-' '
F-00299	ab5de29c4a88932dbee26227b77de216c5e1612d317e0a551f21f441dbc5ef62	1	REJECT_CLEAN	0	VERIFY FAIL — malformed receipt: not valid UTF-8		1	REJECT_CLEAN	0	VERIFY FAIL — strict: byte 345: 0xc7 is not printable ASCII or LF		qemu_calc_words/RECEIPT2.TXT; prompt-hex<-hex('8😗\x9c\ue001丑-\ue010😚\x02\ue00a_\x1d'..20ch); rep@345:0xc7
F-00300	ca35af605894f39c11551f411f3309fca353519e8730231259dbcb58498f7e8f	1	REJECT_CLEAN	0	VERIFY FAIL — replay diverged from the receipt		1	REJECT_CLEAN	0	VERIFY FAIL — replay diverged from the receipt		qemu_lookup/RECEIPT.TXT; prompt-hex<-hex('̾久ƬĚ丐'..5ch)
F-00301	2e90188d8064bec5ec9ce856b21ffa2c6ecb2aae6947d01c0b34911ba2237ae7	1	REJECT_CLEAN	0	VERIFY FAIL — malformed receipt: not valid UTF-8		1	REJECT_CLEAN	0	VERIFY FAIL — strict: byte 428: 0xf2 is not printable ASCII or LF		qemu_abstain/RECEIPT.TXT; rep@428:0xf2
F-00302	cb7b40754e236ea464eff8433221bd67d5b29055dd9ec96ed4353dd19ee8880e	1	REJECT_CLEAN	0	FAIL artifact: MODEL hash mismatch (receipt  vs local a44e48965c641b81)		1	REJECT_CLEAN	0	VERIFY FAIL — strict: byte 24: 0xe2 is not printable ASCII or LF		qemu_abstain/RECEIPT.TXT; maxtok<-9223372036854775808; prompt-hex<-hex('\ue00e丮😇丸丘\x1b,5\ue008😉\ue00e😔'..20ch); ins@24:b'\xe2\x80\xae'
F-00303	1213babbb99b61e0f5f0445e5338a5682cfa9cd837e1ee8d52b0ba9d34f79e74	1	REJECT_CLEAN	0	FAIL artifact: VOCAB hash mismatch (receipt ff vs local a4cafc9649488987)		1	REJECT_CLEAN	0	VERIFY FAIL — strict: line 4 (vocab): expected 64 lower-case hex digits		qemu_self/RECEIPT.TXT; vocab<-'ff'; del[510:545]; maxtok<-513
F-00304	68847d59e450674728d1049671d433a828aa4643a8955534deb38a753c4cdcf4	1	REJECT_CLEAN	0	VERIFY FAIL — replay diverged from the receipt		1	REJECT_CLEAN	0	VERIFY FAIL — replay diverged from the receipt		qemu_calc_words/RECEIPT.TXT; prompt-hex<-hex('f丿_\ue00e~tn\ue008[\x10̺严'..200ch)
F-00305	d55e35cbb625cd6bd9ca5f7a6379149ff3d3ce257c5f011c71c5fd4c7ae4bee9	1	REJECT_CLEAN	0	VERIFY FAIL — replay diverged from the receipt		1	REJECT_CLEAN	0	VERIFY FAIL — strict: no newline after the last line (exactly one is required)		qemu_unknown_tool/RECEIPT.TXT; swap9/11; prompt-hex<-hex('下両\ue00eMO😓\x02\ue008Ē丌丿\ue008'..200ch); trunc@543
F-00306	0c696ad280eabbd0946486269468de506f9a9bccfee565da6a2124ee320409a8	1	REJECT_CLEAN	0	VERIFY FAIL — replay diverged from the receipt		1	REJECT_CLEAN	0	VERIFY FAIL — strict: line 10: duplicate key "prompt-hex", canonical order expects "cis-digest"		qemu_self/RECEIPT.TXT; dupline5; del[571:609]
F-00307	760cf0f812d84cf91a825665ffebba03b7e7282a0233ff6e20d9cfbd2ea472c5	1	REJECT_CLEAN	0	VERIFY FAIL — malformed receipt: not valid UTF-8		1	REJECT_CLEAN	0	VERIFY FAIL — strict: byte 277: 0x93 is not printable ASCII or LF		qemu_calc/RECEIPT2.TXT; rep@277:0x93
F-00308	e52c4cca6c85fa6610c2d5a7b27e33f0a86440f5c9268750b49964f1b57b2ebe	1	REJECT_CLEAN	0	VERIFY FAIL — receipt inputs cannot be replayed: prompt (19) + max_new (512) exceeds max_position_embeddings (512)		1	REJECT_CLEAN	0	VERIFY FAIL — receipt inputs cannot be replayed: prompt (19) + max_new (512) exceeds max_position_embeddings (512)		qemu_receipt/RECEIPT.TXT; maxtok<-512
F-00309	19a99864b18eecc2625cc5bb5ee72f10c3a34ec36ee63ee6b7f552f24fced361	1	REJECT_CLEAN	0	VERIFY FAIL — malformed receipt: not valid UTF-8		1	REJECT_CLEAN	0	VERIFY FAIL — strict: byte 164: 0xfd is not printable ASCII or LF		qemu_lookup/RECEIPT2.TXT; rep@589:0xfd; swap3/9
F-00310	f0b1386ba90a99fe1f519a0925a05c1078bb9b2f0aa1b5a27b7fd629b66c542d	1	REJECT_CLEAN	0	FAIL artifact: EMBED hash mismatch (receipt 0 vs local 8cbcd6b69df03539)		1	REJECT_CLEAN	0	VERIFY FAIL — strict: no newline after the last line (exactly one is required)		qemu_self/RECEIPT.TXT; trunc@313; embed<-'0'; maxtok<-1000
F-00311	614e80fcace2317783cb06326a255db917b0dd04dd6452eed499ec72cd7c4b97	1	REJECT_CLEAN	0	VERIFY FAIL — replay diverged from the receipt		1	REJECT_CLEAN	0	VERIFY FAIL — strict: no newline after the last line (exactly one is required)		qemu_calc/RECEIPT2.TXT; trunc@491
F-00312	9b5c55dfce31f53f7e04f7bf7ea6ae725dee04fe7b922899d279a543df3196c2	1	REJECT_CLEAN	0	FAIL artifact: VOCAB hash mismatch (receipt - vs local a4cafc9649488987)		1	REJECT_CLEAN	0	VERIFY FAIL — strict: line 2 (model): expected 64 lower-case hex digits		qemu_calc_words/RECEIPT.TXT; prompt-hex<-hex("-\x00V͝丘\ue005̠#\x01'乊Ⱦ"..60ch); vocab<-'-'; del[31:60]
F-00313	38be564a0c5414a9aeffcb1181b2d8883a9a5ccd811a24e8ecc11fa464e9a940	1	REJECT_CLEAN	0	VERIFY FAIL — replay diverged from the receipt		1	REJECT_CLEAN	0	VERIFY FAIL — replay diverged from the receipt		qemu_calc_words/RECEIPT.TXT; prompt-hex<-hex('̆'..1ch); prompt-hex<-hex('Ɇ͈'..2ch)
F-00314	19774c3d97ebb4ab660743010f4739a20041c2847298610e37389bb5008e10af	1	REJECT_CLEAN	0	VERIFY FAIL — replay diverged from the receipt		1	REJECT_CLEAN	0	VERIFY FAIL — strict: line 10 (cis-digest): expected 16 lower-case hex digits		qemu_calc_words/RECEIPT2.TXT; del[451:463]; prompt-hex<-hex('\x19'..1ch)
F-00315	f039dafb448f15817a28c274824f1e92253902d6592e51d779fc17151d38411a	1	REJECT_CLEAN	0	VERIFY FAIL — replay diverged from the receipt		1	REJECT_CLEAN	0	VERIFY FAIL — strict: line 6 (prompt-hex): expected non-empty lower-case hex of even length		qemu_everyday/RECEIPT.TXT; del[317:333]
F-00316	038dcc3032862185cf58e4328d34a98c8db3cf0f492dfd380916c6f5ba4ea0fe	1	REJECT_CLEAN	0	VERIFY FAIL — receipt inputs cannot be replayed: prompt (14) + max_new (513) exceeds max_position_embeddings (512)		1	REJECT_CLEAN	0	VERIFY FAIL — receipt inputs cannot be replayed: prompt (14) + max_new (513) exceeds max_position_embeddings (512)		qemu_unknown_tool/RECEIPT.TXT; maxtok<-513; prompt-hex<-hex('4\x7fB\r丟\x99\ue00eƥ'..8ch)
F-00317	f3896170672e906096fd99bbcec9ff3128e9a3011f1b246225154318fcf6a08f	1	REJECT_CLEAN	0	FAIL artifact: VOCAB hash mismatch (receipt éé vs local a4cafc9649488987)		1	REJECT_CLEAN	0	VERIFY FAIL — strict: byte 169: 0xc3 is not printable ASCII or LF		qemu_lookup/RECEIPT.TXT; vocab<-'éé'; prompt-hex<-hex('\ue004¹\x13\x1a\ue0078\x17<\x89\x8c中\x1a'..20ch)
F-00318	f421c4d3a86d3af94b83c4b525f2ca3d7e1ef8e3e0af1680a64a380a26fbfe52	0	ACCEPT	0	VERIFY PASS — replay reproduced 50 tokens, the token digest, and the full logit chain bit-for-bit		1	REJECT_CLEAN	0	VERIFY FAIL — strict: line 1: header must be exactly "AEGIS-WITNESS v1-CIS"		qemu_receipt/RECEIPT.TXT; rep@11:0x63; AEGIS-WITNEcS<-'1,,2'
F-00319	9d4b683c11072a59bb3dcaa27346a34aae69cb07818de4cab10ba8cb16a0a1c0	1	REJECT_CLEAN	0	VERIFY FAIL — replay diverged from the receipt		1	REJECT_CLEAN	0	VERIFY FAIL — replay diverged from the receipt		qemu_everyday/RECEIPT.TXT; prompt-hex<-hex('J\x94!'..3ch)
F-00320	857a1d7fb3f3f0b4ce381a620ee2cc3e03a481248128b1b81a5b4341e9a11f0a	1	REJECT_CLEAN	0	VERIFY FAIL — malformed receipt: not valid UTF-8		1	REJECT_CLEAN	0	VERIFY FAIL — strict: byte 0: 0xf7 is not printable ASCII or LF		garbage:rand
F-00321	594c31f957b30fd465c8a62452f4bde62a92e695d719291338ef416819c97866	1	REJECT_CLEAN	0	FAIL artifact: EMBED hash mismatch (receipt 8cbcd6b69df03539 vs local 8cbcd6b69df03539)		1	REJECT_CLEAN	0	VERIFY FAIL — strict: line 3 (embed): expected 64 lower-case hex digits		qemu_lookup/RECEIPT.TXT; ins@134:b' '; prompt-hex<-hex('\x94\x14p丄\ue010Hơ不\ue001\x85\x06<'..60ch); gen-toks<-''
F-00322	1f9a632f434a5e49c32187e09463c42641f9532ccffa5c0fa24805ee7c605e02	1	REJECT_CLEAN	0	FAIL artifact: MODEL hash mismatch (receipt FF vs local a44e48965c641b81)		1	REJECT_CLEAN	0	VERIFY FAIL — strict: line 2 (model): expected 64 lower-case hex digits		qemu_self/RECEIPT.TXT; model<-'FF'; prompt-hex<-hex('乐\tW😈😌̍sw'..8ch)
F-00323	3ae8205706a9e1280e511fb5ee48ceccf3d9380fa121fd8bf8ea11fca050a22e	1	REJECT_CLEAN	0	FAIL artifact: MODEL hash mismatch (receipt a44e48965c641b81 vs local a44e48965c641b81)		1	REJECT_CLEAN	0	VERIFY FAIL — strict: line 2 (model): expected 64 lower-case hex digits		qemu_lookup/RECEIPT2.TXT; prompt-hex<-',,'; ins@88:b'+'
F-00324	8e3257680c14a62c019385ebecf9efb9e3713ce30ac72986661c6411d18405d2	1	REJECT_CLEAN	0	VERIFY FAIL — replay diverged from the receipt		1	REJECT_CLEAN	0	VERIFY FAIL — strict: line 9: unknown key "token-ios", canonical order expects "token-ids"		qemu_abstain/RECEIPT.TXT; rep@378:0x6f
F-00325	49834da5deeb2aed42b7e383b7b8c5e847479b33f3a1348f7d040778652c0ce3	1	REJECT_CLEAN	0	FAIL artifact: VOCAB hash mismatch (receipt  vs local a4cafc9649488987)		1	REJECT_CLEAN	0	VERIFY FAIL — strict: no newline after the last line (exactly one is required)		qemu_calc_words/RECEIPT.TXT; rep@206:0x9a; dupline1; trunc@78
F-00326	3f90f913013a3d0422b349f00cceadfa40d897c65bdfa319650f56885fec6a85	1	REJECT_CLEAN	0	VERIFY FAIL — replay diverged from the receipt		1	REJECT_CLEAN	0	VERIFY FAIL — replay diverged from the receipt		qemu_calc_words/RECEIPT.TXT; maxtok<-100
F-00327	f65ca4761a8f7024e0e5bd3e7e666979ae44dd35b065196e6c84775c7ff843fb	1	REJECT_CLEAN	0	FAIL artifact: VOCAB hash mismatch (receipt a4cafc9649488987 vs local a4cafc9649488987)		1	REJECT_CLEAN	0	VERIFY FAIL — strict: line 4 (vocab): expected 64 lower-case hex digits		qemu_abstain/RECEIPT.TXT; del[189:208]
F-00328	de14f8dfd1ea8dac63fa3e1f7c1e1953ae327020c07bb3be08825341b789080e	1	REJECT_CLEAN	0	VERIFY FAIL — replay diverged from the receipt		1	REJECT_CLEAN	0	VERIFY FAIL — replay diverged from the receipt		qemu_everyday/RECEIPT.TXT; prompt-hex<-hex('\x98\ue002\x08😃H\ue00b\ue00f之[丐º\x80'..60ch)
F-00329	9eb1849e7b5140bfcd8c6a1cb0e7468baec0ea9cad6be6eb2c845bc3d51ba428	1	REJECT_CLEAN	0	FAIL artifact: VOCAB hash mismatch (receipt aé vs local a4cafc9649488987)		1	REJECT_CLEAN	0	VERIFY FAIL — strict: byte 168: 0xc3 is not printable ASCII or LF		qemu_calc/RECEIPT.TXT; AEGIS-WITNESS<-'+1'; vocab<-'aé'; ins@99:b'\n\n'
F-00330	9d3b154b92ddb3ec1bd5408dceb82438c68437ae79c0d041a003eeb2e1d22497	1	REJECT_CLEAN	0	VERIFY FAIL — replay diverged from the receipt		1	REJECT_CLEAN	0	VERIFY FAIL — strict: line 6 (prompt-hex): expected non-empty lower-case hex of even length		qemu_lookup/RECEIPT.TXT; rep@292:0x7b
F-00331	445c7db55ddae2aa499070e69237e70b2ea36c808959920dd8a2e1c6a7f91751	1	REJECT_CLEAN	0	VERIFY FAIL — replay diverged from the receipt		1	REJECT_CLEAN	0	VERIFY FAIL — strict: line 10 (cis-digest): expected 16 lower-case hex digits		qemu_receipt/RECEIPT.TXT; prompt-hex<-hex('串\x1d\x106😄p乍\ue003'..8ch); del[566:571]; prompt-hex<-hex('͍丿\x0f\ue00e\x97丟\x88\x1b=\x9a\x92😘'..60ch)
F-00332	35952642a7e4dec47b7b4e1514f2634b92b986ddb484b1dc54c48d0a160258ec	1	REJECT_CLEAN	0	FAIL artifact: VOCAB hash mismatch (receipt  vs local a4cafc9649488987)		1	REJECT_CLEAN	0	VERIFY FAIL — strict: line 4: expected "vocab <value>"		qemu_lookup/RECEIPT.TXT; del[166:171]
F-00333	bb755d8301ef2eaa489d33df764be0ae46a1dc281fda65e45e9efd8010476af1	1	REJECT_CLEAN	0	VERIFY FAIL — replay diverged from the receipt		1	REJECT_CLEAN	0	VERIFY FAIL — strict: line 11: duplicate key "maxtok", canonical order expects "chain"		qemu_abstain/RECEIPT.TXT; prompt-hex<-hex('\x06Ī\x8f\x93\x80'..5ch); prompt-hex<-hex('̳\x89\x08ğ\x17'..5ch); dupline4
F-00334	b28c8211a425e2cf37d3faae5e00276234988054580294193b9c459cef4377b9	1	REJECT_CLEAN	0	VERIFY FAIL — malformed receipt: maxtok is not an unsigned integer		1	REJECT_CLEAN	0	VERIFY FAIL — strict: line 5 (maxtok): expected a decimal integer without sign or leading zeros		qemu_abstain/RECEIPT.TXT; del[336:338]; maxtok<-18446744073709551617
F-00335	5c5ca1e5546c247cb0a6ce1acb4acfc599131b84b34cfb787e2d91072ae48b1c	1	REJECT_CLEAN	0	VERIFY FAIL — malformed receipt: not valid UTF-8		1	REJECT_CLEAN	0	VERIFY FAIL — strict: byte 355: 0xf3 is not printable ASCII or LF		qemu_lookup/RECEIPT2.TXT; rep@355:0xf3
F-00336	bb41d17a705cdb9b932c190045efab0d990938ed2a0e072f4025a3f3750d18c1	1	REJECT_CLEAN	0	VERIFY FAIL — receipt inputs cannot be replayed: prompt (12) + max_new (1000) exceeds max_position_embeddings (512)		1	REJECT_CLEAN	0	VERIFY FAIL — receipt inputs cannot be replayed: prompt (12) + max_new (1000) exceeds max_position_embeddings (512)		qemu_lookup/RECEIPT.TXT; maxtok<-511; maxtok<-1000
F-00337	66665976febf6948aced2dcb395336e28e0edcf83d59833c8eb7b72c59897588	1	REJECT_CLEAN	0	VERIFY FAIL — receipt inputs cannot be replayed: prompt (12) + max_new (4096) exceeds max_position_embeddings (512)		1	REJECT_CLEAN	0	VERIFY FAIL — strict: line 5: key out of order "gen-toks", canonical order expects "maxtok"		qemu_abstain/RECEIPT.TXT; cis-digest<-'1 2'; dupline7; maxtok<-4096
F-00338	982070f331f1c01e3167a77e29c685a0abce1d94df575830499205500b285f39	1	REJECT_CLEAN	0	FAIL artifact: VOCAB hash mismatch (receipt a4cafc9649488987 vs local a4cafc9649488987)		1	REJECT_CLEAN	0	VERIFY FAIL — strict: byte 285: 0xc3 is not printable ASCII or LF		qemu_everyday/RECEIPT.TXT; trunc@373; dupline3; ins@285:b'\xc3\xa9'
F-00339	722556446ccb9192b0cf2a6ea3b0f165665f040539b685ea9d7f67ab962adeec	1	REJECT_CLEAN	0	VERIFY FAIL — replay diverged from the receipt		1	REJECT_CLEAN	0	VERIFY FAIL — strict: line 2: key out of order "token-ids", canonical order expects "model"		qemu_everyday/RECEIPT.TXT; prompt-hex<-hex('\x85'..1ch); swap8/1
F-00340	9fd7748463c4d62fca9e4cc0488f6a2f8e2f89244b06641d3d2976a4c8f3f00f	1	REJECT_CLEAN	0	VERIFY FAIL — replay diverged from the receipt		1	REJECT_CLEAN	0	VERIFY FAIL — strict: line 7: key out of order "gen-toks", canonical order expects "prompt-toks"		qemu_receipt/RECEIPT.TXT; chain<-'999999999999'; dupline7
F-00341	75415d53bf9b1718b5f75bf752a3e55de19f4ff5998ab0ff4bb328053f0aacd3	1	REJECT_CLEAN	0	VERIFY FAIL — replay diverged from the receipt		1	REJECT_CLEAN	0	VERIFY FAIL — replay diverged from the receipt		qemu_everyday/RECEIPT.TXT; prompt-hex<-hex('5\x9d'..2ch)
F-00342	d89a05ee5b38e284a1b0c5bbe17d251e1c2c3af10f9db3844e1532f327ecf160	1	REJECT_CLEAN	0	VERIFY FAIL — malformed receipt: token id "18446744073709551616" is not an unsigned 32-bit integer		1	REJECT_CLEAN	0	VERIFY FAIL — strict: line 9 (token-ids): expected comma-separated canonical decimal u32 ids		qemu_lookup/RECEIPT2.TXT; token-ids<-'184467440737'
F-00343	0dc1fbbefb8c6265758442a4d6a0642cec1e1f5cba72187011b6b0ffdc101bec	1	REJECT_CLEAN	0	VERIFY FAIL — malformed receipt: maxtok is not an unsigned integer		1	REJECT_CLEAN	0	VERIFY FAIL — strict: line 4 (vocab): expected 64 lower-case hex digits		qemu_lookup/RECEIPT2.TXT; maxtok<-'-'; token-ids<-'1,2,'; vocab<-'999999999999'
F-00344	6a4161730c6f107f19273e5b5b3c7ba76915535ecada97e94a49d6cb41c59ae7	1	REJECT_CLEAN	0	FAIL artifact: VOCAB hash mismatch (receipt  vs local a4cafc9649488987)		1	REJECT_CLEAN	0	VERIFY FAIL — strict: no newline after the last line (exactly one is required)		qemu_calc_words/RECEIPT.TXT; maxtok<-0; trunc@132
F-00345	644469d2a6de6719855359b42b245ee06b512feae0b398c53e72f054c7c21f0c	1	REJECT_CLEAN	0	VERIFY FAIL — replay diverged from the receipt		1	REJECT_CLEAN	0	VERIFY FAIL — replay diverged from the receipt		qemu_everyday/RECEIPT.TXT; prompt-hex<-hex('\x03C\x82\ue003 '..5ch)
F-00346	eee261c78fea0c06ae18742b4aa2c8a96fe396f2af47501d56d270b111d92cce	1	REJECT_CLEAN	0	VERIFY FAIL — receipt inputs cannot be replayed: prompt (4) + max_new (9223372036854775807) exceeds max_position_embeddings (512)		1	REJECT_CLEAN	0	VERIFY FAIL — receipt inputs cannot be replayed: prompt (4) + max_new (9223372036854775807) exceeds max_position_embeddings (512)		qemu_abstain/RECEIPT.TXT; maxtok<-9223372036854775807; prompt-hex<-hex('三h\x96\x81😂ƛ丈t8\ue00c丸😗'..20ch); prompt-hex<-hex('😚'..1ch)
F-00347	7bc4a4d77d2885ba86608489aa55784a5b0e623d9d2667d0347f2db467ec9627	1	REJECT_CLEAN	0	FAIL artifact: VOCAB hash mismatch (receipt  vs local a4cafc9649488987)		1	REJECT_CLEAN	0	VERIFY FAIL — strict: no newline after the last line (exactly one is required)		qemu_calc/RECEIPT.TXT; trunc@154
F-00348	332a8b020e04f2667d633ba6cfaf05ab3f77a6649cd9a7dcb111b758f697c627	1	REJECT_CLEAN	0	VERIFY FAIL — malformed receipt: not valid UTF-8		1	REJECT_CLEAN	0	VERIFY FAIL — strict: byte 552: 0xc3 is not printable ASCII or LF		qemu_self/RECEIPT.TXT; ins@553:b'\xc3'; maxtok<-2
F-00349	57a39c99b897a93ee4b1cbf450e71418cf778b096a6dc3d5fcc086eab3abacba	1	REJECT_CLEAN	0	VERIFY FAIL — replay diverged from the receipt		1	REJECT_CLEAN	0	VERIFY FAIL — strict: line 11 (chain): expected 64 lower-case hex digits		qemu_everyday/RECEIPT.TXT; maxtok<-500; chain<-'184467440737'
F-00350	7d39f5dd36d72fc3046fc011cd095cbae999865d6773614fb1672b2d4fa562b9	1	REJECT_CLEAN	0	FAIL artifact: EMBED hash mismatch (receipt FF vs local 8cbcd6b69df03539)		1	REJECT_CLEAN	0	VERIFY FAIL — strict: line 3 (embed): expected 64 lower-case hex digits		qemu_abstain/RECEIPT.TXT; embed<-'FF'
F-00351	90d06ab936ec1b116527135fd86922540ce7c139901c2e63792390e3b97e388e	1	REJECT_CLEAN	0	FAIL artifact: VOCAB hash mismatch (receipt a4cafc9649488987 vs local a4cafc9649488987)		1	REJECT_CLEAN	0	VERIFY FAIL — strict: no newline after the last line (exactly one is required)		qemu_calc/RECEIPT.TXT; ins@149:b'\n'; trunc@196
F-00352	4e2699965b8486792e972ae6350e44582b38e1d4ea38e93cbe1801eeee78c176	1	REJECT_CLEAN	0	FAIL artifact: EMBED hash mismatch (receipt 4294967296 vs local 8cbcd6b69df03539)		1	REJECT_CLEAN	0	VERIFY FAIL — strict: line 3 (embed): expected 64 lower-case hex digits		qemu_calc/RECEIPT2.TXT; embed<-'4294967296'
F-00353	f69e0ec21483cce6e0a6d75927097e02089e92f27c83560179b9725f61850aa6	1	REJECT_CLEAN	0	VERIFY FAIL — replay diverged from the receipt		1	REJECT_CLEAN	0	VERIFY FAIL — strict: line 1: header must be exactly "AEGIS-WITNESS v1-CIS"		qemu_calc/RECEIPT2.TXT; AEGIS-WITNESS<-'000000000000'; ins@370:b'g'; prompt-hex<-hex('😝ḗ'..3ch)
F-00354	c996ba1da6f6f35729f8d9f802824b601fb42f579f7fe9e487c79bbb2a929e96	1	REJECT_CLEAN	0	VERIFY FAIL — malformed receipt: not valid UTF-8		1	REJECT_CLEAN	0	VERIFY FAIL — strict: byte 63: 0xbc is not printable ASCII or LF		qemu_lookup/RECEIPT.TXT; rep@63:0xbc; prompt-hex<-hex('丽\ue003̽丰e\ue001fT'..8ch); del[385:392]
F-00355	29c05383f5f079ffe27b8d30732ebd4910dde3bb8908160996acbf4e64e5ab48	1	REJECT_CLEAN	0	VERIFY FAIL — malformed receipt: maxtok is not an unsigned integer		1	REJECT_CLEAN	0	VERIFY FAIL — strict: line 5 (maxtok): expected a decimal integer without sign or leading zeros		qemu_unknown_tool/RECEIPT.TXT; del[289:324]; rep@409:0x6f; maxtok<-18446744073709551616
F-00356	2bae70aeb04ac0ea3a748ecef0de9884e193639e6c20516a16d57d8b92005210	0	ACCEPT	0	VERIFY PASS — replay reproduced 9 tokens, the token digest, and the full logit chain bit-for-bit		1	REJECT_CLEAN	0	VERIFY FAIL — strict: line 1: header must be exactly "AEGIS-WITNESS v1-CIS"		qemu_calc/RECEIPT.TXT; swap2/4; swap0/3
F-00357	37df06f367f4298f884286632c89b44ffed21e3b1f344a7813e6107229b2eacc	1	REJECT_CLEAN	0	FAIL artifact: VOCAB hash mismatch (receipt a4cafc9649488987 vs local a4cafc9649488987)		1	REJECT_CLEAN	0	VERIFY FAIL — strict: line 4 (vocab): expected 64 lower-case hex digits		qemu_lookup/RECEIPT.TXT; dupline9; prompt-hex<-hex('Ü\x19\x19\ue00aȻùͯ😐5\x95\x011'..20ch); ins@195:b'\n'
F-00358	4186e3ee110ce641cb92cfdcd7872a08545dde4839eec3d394d6df0903517694	0	ACCEPT	0	VERIFY PASS — replay reproduced 9 tokens, the token digest, and the full logit chain bit-for-bit		1	REJECT_CLEAN	0	VERIFY FAIL — strict: line 2: key out of order "cis-digest", canonical order expects "model"		qemu_calc/RECEIPT.TXT; swap9/1
F-00359	1e3d1b54f427685395875d9d1ea73bd93d675df359b8de7d5dba184c9c2318b1	1	REJECT_CLEAN	0	FAIL artifact: EMBED hash mismatch (receipt 8cbcd6b69{f03539 vs local 8cbcd6b69df03539)		1	REJECT_CLEAN	0	VERIFY FAIL — strict: line 2 (model): expected 64 lower-case hex digits		qemu_lookup/RECEIPT.TXT; rep@107:0x7b; prompt-hex<-hex('İ丈W\t\x08'..5ch); del[52:61]
F-00360	9f1ff1d1a7c194e8404d203b77f6f190d8b9e7302522e64050e3081226735f9f	1	REJECT_CLEAN	0	VERIFY FAIL — malformed receipt: not valid UTF-8		1	REJECT_CLEAN	0	VERIFY FAIL — strict: byte 0: 0xff is not printable ASCII or LF		garbage:highbytes
F-00361	d1372d32fd029e29bb3855fd263d5c5b8eae59fc9d4a9e52bc669af67cf8e7c2	1	REJECT_CLEAN	0	FAIL artifact: VOCAB hash mismatch (receipt a4cafc964948899b vs local a4cafc9649488987)		1	REJECT_CLEAN	0	VERIFY FAIL — strict: no newline after the last line (exactly one is required)		qemu_lookup/RECEIPT.TXT; del[183:198]; prompt-hex<-hex('y😞̊'..3ch); swap1/11
F-00362	4254abcc90e8ec3c173cf45034d9e197a92c9bedb598de2a6d74ab9d42b2c4f4	1	REJECT_CLEAN	0	VERIFY FAIL — replay diverged from the receipt		1	REJECT_CLEAN	0	VERIFY FAIL — strict: line 10 (cis-digest): expected 16 lower-case hex digits		qemu_abstain/RECEIPT.TXT; dupline8; cis-digest<-'ff'
F-00363	35415fe915fa34f45a2d0878bc8768865c6f4ce29bf926c084371725b07f264d	1	REJECT_CLEAN	0	FAIL artifact: VOCAB hash mismatch (receipt a4cafc9649488987 vs local a4cafc9649488987)		1	REJECT_CLEAN	0	VERIFY FAIL — strict: byte 100: 0x10 is not printable ASCII or LF		qemu_calc/RECEIPT.TXT; rep@100:0x10; ins@206:b'\r'
F-00364	2051ab0fdd5a4d455e674c8ac6f7aa834b3ca21aad1ac08546a1c13af1ceaf04	0	ACCEPT	0	VERIFY PASS — replay reproduced 9 tokens, the token digest, and the full logit chain bit-for-bit		1	REJECT_CLEAN	0	VERIFY FAIL — strict: line 2: key out of order "vocab", canonical order expects "model"		qemu_calc/RECEIPT.TXT; prompt-toks<-'-1'; swap3/1
F-00365	cd90cbe3ce61f59f137ff37539d73105c821e2764329c55d30e2fe59c9e0e67a	1	REJECT_CLEAN	0	FAIL artifact: VOCAB hash mismatch (receipt a4cafc649488987a vs local a4cafc9649488987)		1	REJECT_CLEAN	0	VERIFY FAIL — strict: line 4 (vocab): expected 64 lower-case hex digits		qemu_lookup/RECEIPT2.TXT; del[175:176]; maxtok<-511; cis-digest<-'1 2'
F-00366	3f7ea3b819597c1e23b97dc9fb5c5e00af2051b3ef38888c4d007f0bd73df6da	1	REJECT_CLEAN	0	FAIL artifact: VOCAB hash mismatch (receipt a4cafc964948898b vs local a4cafc9649488987)		1	REJECT_CLEAN	0	VERIFY FAIL — strict: line 2 (model): expected 64 lower-case hex digits		qemu_calc_words/RECEIPT2.TXT; del[184:212]; model<-'FFFFFFFFFFFF'; ins@113:b'999999999999999999999999999999'
F-00367	873df199556c3937c1b30e950f2a4974eda2a592c81b27db39cfc883a6f4d84f	1	REJECT_CLEAN	0	FAIL artifact: MODEL hash mismatch (receipt a44e48965c641b81 vs local a44e48965c641b81)		1	REJECT_CLEAN	0	VERIFY FAIL — strict: byte 89: 0x05 is not printable ASCII or LF		qemu_lookup/RECEIPT.TXT; prompt-hex<-hex('\ue00c'..1ch); chain<-'ffffffffffff'; rep@89:0x05
F-00368	e4651127350d6a9f194282de022e0ab5d65aaf2b668e6b3c099c3e402aa33ead	1	REJECT_CLEAN	0	VERIFY FAIL — replay diverged from the receipt		1	REJECT_CLEAN	0	VERIFY FAIL — strict: no newline after the last line (exactly one is required)		qemu_self/RECEIPT.TXT; swap2/11; prompt-hex<-hex('8Lu\ue00d\x8b\ue004乂ƛ^Ǽ\x91😋'..20ch); prompt-hex<-hex('Ö\x82😂'..3ch)
F-00369	1573a1caf2343a27b0e81c5c2dc72f4cbb15c0e22680ed9579e6a46f4799ccdb	0	ACCEPT	0	VERIFY PASS — replay reproduced 7 tokens, the token digest, and the full logit chain bit-for-bit		1	REJECT_CLEAN	0	VERIFY FAIL — strict: no newline after the last line (exactly one is required)		qemu_lookup/RECEIPT.TXT; swap2/11; swap11/10; maxtok<-7
F-00370	329387f56dfe8a8487719ac97aceb6ea66b02f7d884f3b014c1bea224152d0aa	1	REJECT_CLEAN	0	FAIL artifact: EMBED hash mismatch (receipt , vs local 8cbcd6b69df03539)		1	REJECT_CLEAN	0	VERIFY FAIL — strict: line 3 (embed): expected 64 lower-case hex digits		qemu_everyday/RECEIPT.TXT; trunc@243; embed<-','
F-00371	7442a309ba1742b345da669b54f82238139b32b9f72939ca4810d1f37a69b4e2	1	REJECT_CLEAN	0	FAIL artifact: MODEL hash mismatch (receipt a44e48965c641b81 vs local a44e48965c641b81)		1	REJECT_CLEAN	0	VERIFY FAIL — strict: line 2 (model): expected 64 lower-case hex digits		qemu_calc/RECEIPT2.TXT; prompt-hex<-hex('\x86\x07\x94'..3ch); rep@87:0x0a
F-00372	f2e98a174b72bef1fb3dd9eed021aff5b2e4b31f3c2578eea7246f5fd32b5302	1	REJECT_CLEAN	0	VERIFY FAIL — replay diverged from the receipt		1	REJECT_CLEAN	0	VERIFY FAIL — replay diverged from the receipt		qemu_calc/RECEIPT.TXT; prompt-hex<-hex('rĿ͖̇v'..5ch); maxtok<-500
F-00373	ee37c3661154ca6362cb1ecc56b72814a02918f1a5f0f4314ac4ed74b6da055a	1	REJECT_CLEAN	0	VERIFY FAIL — replay diverged from the receipt		1	REJECT_CLEAN	0	VERIFY FAIL — strict: line 11 (chain): expected 64 lower-case hex digits		qemu_lookup/RECEIPT.TXT; ins@406:b' '
F-00374	dac3c5495f1078ce23d5218fd24db6501ef9f4006fef41fdac134d840cf3b14b	0	ACCEPT	0	VERIFY PASS — replay reproduced 9 tokens, the token digest, and the full logit chain bit-for-bit		1	REJECT_CLEAN	0	VERIFY FAIL — strict: no newline after the last line (exactly one is required)		qemu_calc/RECEIPT2.TXT; swap11/0
F-00375	184f77225c96fd768639874e5e135abd018d7c1b439207c4d6bd5bfbeb24cafd	1	REJECT_CLEAN	0	FAIL artifact: VOCAB hash mismatch (receipt a4cafc9 vs local a4cafc9649488987)		1	REJECT_CLEAN	0	VERIFY FAIL — strict: byte 176: carriage return (CRLF line endings are not canonical)		qemu_calc_words/RECEIPT2.TXT; ins@176:b'\r\n'; prompt-hex<-hex('\ue007😒丣\rė😂ḻ乍3\x82\x00'..700ch)
F-00376	8212292d2b6638c08d7ab9eb8aba09ab33a33dae95f001ba5982aed42286f01e	1	REJECT_CLEAN	0	VERIFY FAIL — replay diverged from the receipt		1	REJECT_CLEAN	0	VERIFY FAIL — strict: no newline after the last line (exactly one is required)		qemu_unknown_tool/RECEIPT.TXT; trunc@486
F-00377	03f59607ce33e043f7dd279fdcb421dde55b5250982381743def371f05948845	1	REJECT_CLEAN	0	VERIFY FAIL — malformed receipt: token id "FFFFFFFFFFFFFFFFFFFFFFFFFFFFFFFFFFFFFFFFFFFFFFFFFFFFFFFFFFFFFFFg" is not an unsigned 32-bit integer		1	REJECT_CLEAN	0	VERIFY FAIL — strict: line 9 (token-ids): expected comma-separated canonical decimal u32 ids		qemu_lookup/RECEIPT.TXT; token-ids<-'FFFFFFFFFFFF'
F-00378	83feef5417f258beca7bd78bc5238d39808e48a1332e08d06149a64c5a647a4f	1	REJECT_CLEAN	0	VERIFY FAIL — receipt inputs cannot be replayed: prompt (1486) + max_new (8) exceeds max_position_embeddings (512)		1	REJECT_CLEAN	0	VERIFY FAIL — receipt inputs cannot be replayed: prompt (1486) + max_new (8) exceeds max_position_embeddings (512)		qemu_calc_words/RECEIPT.TXT; prompt-hex<-hex('丳\x10̱😙ͨ\\$M中ť¸丨'..700ch)
F-00379	4555fd22d44522028628c3e2ad743bb738a44e620a027094f28f4d5dc8011206	1	REJECT_CLEAN	0	VERIFY FAIL — replay diverged from the receipt		1	REJECT_CLEAN	0	VERIFY FAIL — strict: line 5: key out of order "gen-toks", canonical order expects "maxtok"		qemu_calc/RECEIPT2.TXT; dupline7; del[500:522]; token-ids<-'000000000000'
F-00380	896135fb4a7900c66de8092dd535080b10fd2ce2e7a205987d7c7dee9d3e62ea	1	REJECT_CLEAN	0	VERIFY FAIL — malformed receipt: token id "ff" is not an unsigned 32-bit integer		1	REJECT_CLEAN	0	VERIFY FAIL — strict: line 9 (token-ids): expected comma-separated canonical decimal u32 ids		qemu_lookup/RECEIPT.TXT; token-ids<-'ff'
F-00381	abe2bbec4ba464c37b2a805c99873ecdae832d36cd54c5be909db8535574a349	1	REJECT_CLEAN	0	VERIFY FAIL — replay diverged from the receipt		1	REJECT_CLEAN	0	VERIFY FAIL — strict: line 12: unexpected extra line "token-ids" (a receipt has exactly 11 lines)		qemu_calc_words/RECEIPT.TXT; prompt-hex<-hex('m\ue00f̨😜F\x96<T'..8ch); dupline8
F-00382	773266372139597fe99dcc77cb6e0b35eec88aa7786c482427b7ffce360fc8cf	1	REJECT_CLEAN	0	VERIFY FAIL — malformed receipt: maxtok is not an unsigned integer		1	REJECT_CLEAN	0	VERIFY FAIL — strict: line 5 (maxtok): expected a decimal integer without sign or leading zeros		qemu_calc/RECEIPT2.TXT; maxtok<-18446744073709551616
F-00383	20df64c9f37cb5b96dcb6eedef23d2ab8a2507891541d9df85e38edc7ad5e822	1	REJECT_CLEAN	0	VERIFY FAIL — receipt inputs cannot be replayed: prompt (11) + max_new (512) exceeds max_position_embeddings (512)		1	REJECT_CLEAN	0	VERIFY FAIL — strict: line 1: header must be exactly "AEGIS-WITNESS v1-CIS"		qemu_calc_words/RECEIPT.TXT; AEGIS-WITNESS<-' '; maxtok<-512
F-00384	c98266db1a7a9213773bc6f53e78b5ddc490e9da52f08cd5b8e8128cd938a200	1	REJECT_CLEAN	0	FAIL artifact: MODEL hash mismatch (receipt   vs local a44e48965c641b81)		1	REJECT_CLEAN	0	VERIFY FAIL — strict: byte 27: 0x00 is not printable ASCII or LF		qemu_lookup/RECEIPT.TXT; chain<-'zz'; model<-'\x00'
F-00385	07b96e220144d97e79a5a1a2cb7fc68130b83da1c75066b8b4dca42757547ab3	1	REJECT_CLEAN	0	FAIL artifact: VOCAB hash mismatch (receipt , vs local a4cafc9649488987)		1	REJECT_CLEAN	0	VERIFY FAIL — strict: no newline after the last line (exactly one is required)		qemu_unknown_tool/RECEIPT.TXT; ins@185:b'999999999999999999999999999999'; vocab<-','; trunc@254
F-00386	909511940c5ca659eaf82c2791cc4617a22cb702a865ef7406ae9d54cd98f439	1	REJECT_CLEAN	0	FAIL artifact: VOCAB hash mismatch (receipt  vs local a4cafc9649488987)		1	REJECT_CLEAN	0	VERIFY FAIL — strict: no newline after the last line (exactly one is required)		qemu_calc_words/RECEIPT.TXT; trunc@446; del[301:308]; trunc@9
F-00387	767c65addcf63dbfd32fde9a602c2d5124002a81d56cd09fc706e5400a5c30bb	1	REJECT_CLEAN	0	FAIL artifact: VOCAB hash mismatch (receipt 1,,2 vs local a4cafc9649488987)		1	REJECT_CLEAN	0	VERIFY FAIL — strict: line 3: key out of order "prompt-hex", canonical order expects "embed"		qemu_calc_words/RECEIPT2.TXT; dupline5; vocab<-'1,,2'; maxtok<-16
F-00388	ac9946f284ff58430cc777ec84e49a0f230c7d52a43e814dbe06cff987b2c651	0	ACCEPT	0	VERIFY PASS — replay reproduced 23 tokens, the token digest, and the full logit chain bit-for-bit		1	REJECT_CLEAN	0	VERIFY FAIL — strict: line 7 (prompt-toks): expected a decimal integer without sign or leading zeros		qemu_lookup/RECEIPT2.TXT; prompt-toks<-'999999999999'
F-00389	4fa1a6053ac88c2e6c1131e700b1b5e0f7b47e5c3c3134fc81c8c487a70e11d1	1	REJECT_CLEAN	0	FAIL artifact: EMBED hash mismatch (receipt  vs local 8cbcd6b69df03539)		1	REJECT_CLEAN	0	VERIFY FAIL — strict: line 3: expected "embed <value>"		qemu_calc/RECEIPT2.TXT; dupline8; del[97:104]
F-00390	77c9905ed09af78fa7d98f67dd887d659ab49d9fdb2502b9a0d2056626967967	1	REJECT_CLEAN	0	VERIFY FAIL — malformed receipt: maxtok is not an unsigned integer		1	REJECT_CLEAN	0	VERIFY FAIL — strict: byte 170: 0xc3 is not printable ASCII or LF		qemu_calc/RECEIPT2.TXT; vocab<-'aéé'; maxtok<-18446744073709551616
F-00391	4035dbe93a9006f09e8bcfccfca38d556da6acda727037cc4f715b861fbaa05e	1	REJECT_CLEAN	0	VERIFY FAIL — malformed receipt: prompt-hex does not decode to UTF-8 text		1	REJECT_CLEAN	0	VERIFY FAIL — strict: line 6 (prompt-hex): does not decode to UTF-8 text		qemu_abstain/RECEIPT.TXT; maxtok<-1; prompt-hex<-'ffffffffffff'
F-00392	5dc30b25cb6e9203941b021c5a86abd7518016e854c3746d9cab1515d90c710b	1	REJECT_CLEAN	0	VERIFY FAIL — malformed receipt: prompt-hex: byte pair 6 splits a multi-byte character		1	REJECT_CLEAN	0	VERIFY FAIL — strict: byte 253: 0xe2 is not printable ASCII or LF		qemu_abstain/RECEIPT.TXT; ins@267:b'\xe2\x80\xae'; del[203:217]
F-00393	7a39631884186a0ca9e88df86d574fa7f3703217d7f73d3f4e005c4443c761be	1	REJECT_CLEAN	0	VERIFY FAIL — malformed receipt: maxtok is not an unsigned integer		1	REJECT_CLEAN	0	VERIFY FAIL — strict: line 5 (maxtok): expected a decimal integer without sign or leading zeros		qemu_calc_words/RECEIPT.TXT; maxtok<-''; rep@374:0x6a
F-00394	c252c72548d5035fd7bf2bd32e9f2ad653697f7b96e35ea8228f076d8dc3449d	1	REJECT_CLEAN	0	VERIFY FAIL — malformed receipt: not valid UTF-8		1	REJECT_CLEAN	0	VERIFY FAIL — strict: byte 466: 0xd4 is not printable ASCII or LF		qemu_calc/RECEIPT2.TXT; rep@466:0xd4
F-00395	0dbb9b102a8d1a80f7bb9b13c654b681ab9d1ccc7cde237d955736585c7d7b26	1	REJECT_CLEAN	0	VERIFY FAIL — replay diverged from the receipt		1	REJECT_CLEAN	0	VERIFY FAIL — replay diverged from the receipt		qemu_everyday/RECEIPT.TXT; prompt-hex<-hex('2̂'..2ch)
F-00396	fd019f027e7ef10f13097ddf836d7c89dce1b5e7d48f909c2e2f71a72d62321f	1	REJECT_CLEAN	0	VERIFY FAIL — malformed receipt: not valid UTF-8		1	REJECT_CLEAN	0	VERIFY FAIL — strict: byte 580: 0xd5 is not printable ASCII or LF		qemu_unknown_tool/RECEIPT.TXT; rep@578:0xd5; maxtok<-4096
F-00397	6e2b5810593b665f9aa53247e30d9a36f7e2b3301cd14c71d259186ff56a1d0f	0	ACCEPT	0	VERIFY PASS — replay reproduced 30 tokens, the token digest, and the full logit chain bit-for-bit		1	REJECT_CLEAN	0	VERIFY FAIL — strict: line 2: unknown key "AEGIS-WITNESS", canonical order expects "model"		qemu_self/RECEIPT.TXT; dupline0; dupline4; dupline0
F-00398	c0916d56614db72cd8cc084529dae051ead2fe96f7e492a5b14399b9adc1c90e	1	REJECT_CLEAN	0	VERIFY FAIL — malformed receipt: prompt-hex does not decode to UTF-8 text		1	REJECT_CLEAN	0	VERIFY FAIL — strict: byte 272: 0x00 is not printable ASCII or LF		qemu_unknown_tool/RECEIPT.TXT; prompt-toks<-'184467440737'; ins@272:b'\x00'
F-00399	43217a9fc313de8f8cb91d246631aa1305b98f45f93ca253e7062e94f53d53a8	1	REJECT_CLEAN	0	VERIFY FAIL — replay diverged from the receipt		1	REJECT_CLEAN	0	VERIFY FAIL — strict: no newline after the last line (exactly one is required)		qemu_calc_words/RECEIPT2.TXT; trunc@435
F-00400	3f4a62f7e7e0e474d850ff1e83113e2a5a994df549e2907b0d9115e3b3834cbd	1	REJECT_CLEAN	0	FAIL artifact: VOCAB hash mismatch (receipt  vs local a4cafc9649488987)		1	REJECT_CLEAN	0	VERIFY FAIL — strict: blank line at the end (exactly one trailing newline is required)		garbage:newlines
F-00401	263eb9e864125c0b57abbf3067924e85e729491d2e2b2e177cc8674a5597c53e	1	REJECT_CLEAN	0	VERIFY FAIL — replay diverged from the receipt		1	REJECT_CLEAN	0	VERIFY FAIL — replay diverged from the receipt		qemu_lookup/RECEIPT.TXT; prompt-hex<-hex('\x03\ue00cA\x02̮'..5ch)
F-00402	da227f2c82ede8ab1e81169c92f2f3ff09ca4634ca8cdcea25f25eb1e4ee2cb0	1	REJECT_CLEAN	0	FAIL artifact: VOCAB hash mismatch (receipt a4cafc9649488987 vs local a4cafc9649488987)		1	REJECT_CLEAN	0	VERIFY FAIL — strict: no newline after the last line (exactly one is required)		qemu_calc_words/RECEIPT.TXT; prompt-hex<-hex('\ue001'..1ch); trunc@203
F-00403	d2e1c0e2da3fc7f178b1fe364b3ecb66d4306bf8f3f0f10ecfbcae3bc2403cbf	1	REJECT_CLEAN	0	VERIFY FAIL — replay diverged from the receipt		1	REJECT_CLEAN	0	VERIFY FAIL — replay diverged from the receipt		qemu_abstain/RECEIPT.TXT; prompt-hex<-hex('tǆ͌\x99ĂY\x02\ue004'..8ch)
F-00404	9af4de3a90e0a0eb08ab6fbdbe1ced28c2389bde8095f1657043ab5b5e425be6	0	ACCEPT	0	VERIFY PASS — replay reproduced 9 tokens, the token digest, and the full logit chain bit-for-bit		1	REJECT_CLEAN	0	VERIFY FAIL — strict: line 2: key out of order "token-ids", canonical order expects "model"		qemu_calc/RECEIPT2.TXT; swap8/1
F-00405	088227fc5159f129cb400ae91668e03e4dcec6a7b671b83805d9824326a27b49	1	REJECT_CLEAN	0	VERIFY FAIL — replay diverged from the receipt		1	REJECT_CLEAN	0	VERIFY FAIL — strict: line 7: expected "prompt-toks <value>"		qemu_calc_words/RECEIPT2.TXT; prompt-hex<-hex("\x01'😒͍😒主\ue006\x1bĸ\x88\x03\x13"..60ch); dupline11; prompt-hex<-hex('\x8f'..1ch)
F-00406	9b5c682763b9488d61be1dbc43953eebfcf53323e2ef16b97aaaa99dc9c8bcbe	1	REJECT_CLEAN	0	VERIFY FAIL — receipt inputs cannot be replayed: prompt (1147) + max_new (23) exceeds max_position_embeddings (512)		1	REJECT_CLEAN	0	VERIFY FAIL — strict: byte 2554: carriage return (CRLF line endings are not canonical)		qemu_lookup/RECEIPT2.TXT; prompt-hex<-hex('\x85>B丄😎t3\\)\x03̓<'..700ch); ins@2554:b'\r\n'
F-00407	65e1efa6952c7bb7365694faa807ebf9c59f1676268308828e253d358df329e6	1	REJECT_CLEAN	0	VERIFY FAIL — replay diverged from the receipt		1	REJECT_CLEAN	0	VERIFY FAIL — strict: line 11 (chain): expected 64 lower-case hex digits		qemu_calc_words/RECEIPT2.TXT; del[527:531]
F-00408	c2391ded2336f814eac5c2ba8f7354bec56fccc7b19ff1a5a4496fdc450ccbb0	1	REJECT_CLEAN	0	FAIL artifact: VOCAB hash mismatch (receipt  vs local a4cafc9649488987)		1	REJECT_CLEAN	0	VERIFY FAIL — strict: no newline after the last line (exactly one is required)		qemu_calc/RECEIPT2.TXT; prompt-hex<-hex('ȳ'..1ch); ins@247:b'\xe2\x80\xae'; trunc@145
F-00409	1e22606db2676ce246a0fe4fd5813cfd8fa490b258b7f90d06a62d7af745541b	1	REJECT_CLEAN	0	VERIFY FAIL — malformed receipt: not valid UTF-8		1	REJECT_CLEAN	0	VERIFY FAIL — strict: byte 245: 0x98 is not printable ASCII or LF		qemu_lookup/RECEIPT2.TXT; rep@174:0x98; dupline2
F-00410	8caa64cce77d23d2cb3c7b9d16596c0f139361030a257f2d6dec5c193baa9dbf	1	REJECT_CLEAN	0	VERIFY FAIL — replay diverged from the receipt		1	REJECT_CLEAN	0	VERIFY FAIL — strict: byte 473: carriage return (CRLF line endings are not canonical)		qemu_abstain/RECEIPT.TXT; rep@16:0x68; ins@473:b'\r\n'; ins@521:b'\xe2\x80\xae'
F-00411	e04ee9ef2c6a4ec67f20a2b433191324443b0bb20027de7aceeb24e8886304cb	1	REJECT_CLEAN	0	FAIL artifact: EMBED hash mismatch (receipt ퟿ vs local 8cbcd6b69df03539)		1	REJECT_CLEAN	0	VERIFY FAIL — strict: byte 98: 0xed is not printable ASCII or LF		qemu_lookup/RECEIPT.TXT; embed<-'\ud7ff'
F-00412	cedcc8a492f77b9d88d5fcecf6a349658a713530777baa3d7bdb9087d93fbf8c	1	REJECT_CLEAN	0	VERIFY FAIL — receipt inputs cannot be replayed: prompt tokenized to nothing		1	REJECT_CLEAN	0	VERIFY FAIL — strict: no newline after the last line (exactly one is required)		qemu_calc_words/RECEIPT.TXT; trunc@376; swap5/8; trunc@307
F-00413	6f476c112a1775c9bf6fba37fdfcaa4ca20aba393e056e7536dff10bc4b0e5ab	1	REJECT_CLEAN	0	VERIFY FAIL — replay diverged from the receipt		1	REJECT_CLEAN	0	VERIFY FAIL — strict: line 6: duplicate key "model", canonical order expects "prompt-hex"		qemu_unknown_tool/RECEIPT.TXT; prompt-hex<-hex('\x05̲'..2ch); dupline1
F-00414	7df69691ee8881ce4122cdebaf2dc29b30dada6853de630cddf758e50bbe9f7e	1	REJECT_CLEAN	0	VERIFY FAIL — malformed receipt: token id " " is not an unsigned 32-bit integer		1	REJECT_CLEAN	0	VERIFY FAIL — strict: line 4: key out of order "prompt-toks", canonical order expects "vocab"		qemu_calc_words/RECEIPT.TXT; dupline6; prompt-hex<-hex('\x93y[\ue00b😂\ue00c\x7f̛)\x06😘\ue00a'..60ch); token-ids<-' '
F-00415	db20ee8a5690f2014fe1010ed38be143e874a4cf014e2d2010515902e87791c9	1	REJECT_CLEAN	0	FAIL artifact: VOCAB hash mismatch (receipt a4cafc9649488987 vs local a4cafc9649488987)		1	REJECT_CLEAN	0	VERIFY FAIL — strict: byte 206: 0x07 is not printable ASCII or LF		qemu_calc/RECEIPT2.TXT; dupline8; rep@206:0x07; maxtok<-0
F-00416	9e95e1b08f1a23084fa2089d94f4521c3e326fe37c5113dec6ac57029ec7771b	1	REJECT_CLEAN	0	FAIL artifact: MODEL hash mismatch (receipt a44e48965c640001 vs local a44e48965c641b81)		1	REJECT_CLEAN	0	VERIFY FAIL — strict: line 2 (model): expected 64 lower-case hex digits		qemu_lookup/RECEIPT.TXT; maxtok<-500; del[39:49]
F-00417	ee61270d4add535b44ac3e9632d868f551842fc5b5684a249789e2ef757d5a68	1	REJECT_CLEAN	0	FAIL artifact: VOCAB hash mismatch (receipt a4cafc9649488987 vs local a4cafc9649488987)		1	REJECT_CLEAN	0	VERIFY FAIL — strict: line 2 (model): expected 64 lower-case hex digits		qemu_calc_words/RECEIPT2.TXT; ins@51:b','; rep@149:0x32; ins@224:b'999999999999999999999999999999'
F-00418	29b1c99f357bb79547caa8754256f02dcad83429e43169bad01d8b50393f54da	1	REJECT_CLEAN	0	VERIFY FAIL — replay diverged from the receipt		1	REJECT_CLEAN	0	VERIFY FAIL — replay diverged from the receipt		qemu_calc/RECEIPT.TXT; maxtok<-100
F-00419	dd66ac3f9b38648848f3a8ff634d614f4df741296ac5c64ee3bb9090a2bc1cad	1	REJECT_CLEAN	0	VERIFY FAIL — replay diverged from the receipt		1	REJECT_CLEAN	0	VERIFY FAIL — replay diverged from the receipt		qemu_calc_words/RECEIPT2.TXT; prompt-hex<-hex('uU丒C😙'..5ch)
F-00420	2042fe63fda43512e13ff55ddc1d0a45763096437c36d6a922980164a9f0d374	1	REJECT_CLEAN	0	VERIFY FAIL — malformed receipt: maxtok is not an unsigned integer		1	REJECT_CLEAN	0	VERIFY FAIL — strict: byte 242: 0xc3 is not printable ASCII or LF		qemu_lookup/RECEIPT2.TXT; maxtok<-'aé'; prompt-toks<-''; model<-'ffffffffffff'
F-00421	fca0ca3c428c46033aa1c102208313f961ce9900155798d576ee1f9354f981a8	1	REJECT_CLEAN	0	VERIFY FAIL — replay diverged from the receipt		1	REJECT_CLEAN	0	VERIFY FAIL — strict: no newline after the last line (exactly one is required)		qemu_abstain/RECEIPT.TXT; swap8/3; trunc@482; AEGIS-WITNESS<-'ffffffffffff'
F-00422	b02463479d7ce393f94ffa52798b370abbf4fa478c6fa46c3ad020dbe32d3e86	1	REJECT_CLEAN	0	VERIFY FAIL — replay diverged from the receipt		1	REJECT_CLEAN	0	VERIFY FAIL — strict: byte 14: 0xc3 is not printable ASCII or LF		qemu_self/RECEIPT.TXT; AEGIS-WITNESS<-'éé'; del[645:648]
F-00423	4d73cc93e21a08dea85efb88fb89d70a83619b7e772b4fc83da7c575bef79070	1	REJECT_CLEAN	0	VERIFY FAIL — receipt inputs cannot be replayed: prompt (41) + max_new (1000) exceeds max_position_embeddings (512)		1	REJECT_CLEAN	0	VERIFY FAIL — receipt inputs cannot be replayed: prompt (41) + max_new (1000) exceeds max_position_embeddings (512)		qemu_lookup/RECEIPT2.TXT; maxtok<-1000
F-00424	35a2f498b5a9647969897a83ce062cd47ee199e8cffb302ab4d432fdb79ea33e	1	REJECT_CLEAN	0	FAIL artifact: VOCAB hash mismatch (receipt  vs local a4cafc9649488987)		1	REJECT_CLEAN	0	VERIFY FAIL — strict: no newline after the last line (exactly one is required)		qemu_calc_words/RECEIPT.TXT; trunc@431; trunc@167
F-00425	72d8be251fa064b7f11cf293513279e04725e19edc9d0067af71e050b44a55e8	1	REJECT_CLEAN	0	VERIFY FAIL — replay diverged from the receipt		1	REJECT_CLEAN	0	VERIFY FAIL — strict: byte 545: 0x1b is not printable ASCII or LF		qemu_abstain/RECEIPT.TXT; rep@533:0x1b; dupline7
F-00426	874ff97cb5a8b6f2ddeee1bcc652bfa7fa3a3301f64e97d48270ab8f5078edcc	1	REJECT_CLEAN	0	FAIL artifact: EMBED hash mismatch (receipt ퟿ vs local 8cbcd6b69df03539)		1	REJECT_CLEAN	0	VERIFY FAIL — strict: byte 98: 0xed is not printable ASCII or LF		qemu_calc_words/RECEIPT.TXT; prompt-hex<-hex('\x11x\ue00e\x86丧\x97\ue00a😒😈Ɔ\ue005乄'..60ch); embed<-'\ud7ff'
F-00427	9ff7bfd89f864c8c5d1f0a17409f79b511c99e3c1eab19bebf88f2a759a8dea6	1	REJECT_CLEAN	0	FAIL artifact: VOCAB hash mismatch (receipt  vs local a4cafc9649488987)		1	REJECT_CLEAN	0	VERIFY FAIL — strict: line 2 (model): expected 64 lower-case hex digits		qemu_calc_words/RECEIPT.TXT; del[42:66]; del[131:155]
F-00428	614df1abdff19371baacfcf1cff64928e8fee1e972936481900e4fdd99c9e38b	1	REJECT_CLEAN	0	VERIFY FAIL — malformed receipt: not valid UTF-8		1	REJECT_CLEAN	0	VERIFY FAIL — strict: byte 294: 0x06 is not printable ASCII or LF		qemu_everyday/RECEIPT.TXT; dupline9; rep@294:0x06; rep@446:0x90
F-00429	8f0b56317b7f70a8fb0d1fe290b9ca6770835b5a336eb74759b4bda5400b7a65	1	REJECT_CLEAN	0	VERIFY FAIL — malformed receipt: maxtok is not an unsigned integer		1	REJECT_CLEAN	0	VERIFY FAIL — strict: byte 234: 0xc3 is not printable ASCII or LF		qemu_calc/RECEIPT.TXT; maxtok<-'éé'; chain<-'\t'; swap5/2
F-00430	9078f33a2d5075db7ccee548ab6a9352a5f30fe5631816c104ee085935ff75ba	1	REJECT_CLEAN	0	VERIFY FAIL — malformed receipt: prompt-hex does not decode to UTF-8 text		1	REJECT_CLEAN	0	VERIFY FAIL — strict: line 1: header must be exactly "AEGIS-WITNESS v1-CIS"		qemu_self/RECEIPT.TXT; ins@264:b'-'; swap5/0
F-00431	1a64bbbf47c2382cd7f9576c8833c983b44766b630cab8a0bb12853f6d0e799d	1	REJECT_CLEAN	0	FAIL artifact: MODEL hash mismatch (receipt a44e48965c641b81 vs local a44e48965c641b81)		1	REJECT_CLEAN	0	VERIFY FAIL — strict: byte 65: carriage return (CRLF line endings are not canonical)		qemu_calc_words/RECEIPT2.TXT; maxtok<-4096; ins@65:b'\r\n'; prompt-hex<-hex('\x82̩丙'..3ch)
F-00432	ca9631ad18ce82c6cf74718573be35d90941d84d879e0128e8df82257becb8bc	1	REJECT_CLEAN	0	VERIFY FAIL — malformed receipt: token id "\u{d7ff}" is not an unsigned 32-bit integer		1	REJECT_CLEAN	0	VERIFY FAIL — strict: byte 413: 0xed is not printable ASCII or LF		qemu_calc_words/RECEIPT2.TXT; token-ids<-'\ud7ff'
F-00433	b9a207d99fbf6ed7157f11858951da27ceb0b72ffdfb079dd079fa261bb14c54	1	REJECT_CLEAN	0	VERIFY FAIL — malformed receipt: maxtok is not an unsigned integer		1	REJECT_CLEAN	0	VERIFY FAIL — strict: line 5 (maxtok): expected a decimal integer without sign or leading zeros		qemu_unknown_tool/RECEIPT.TXT; prompt-hex<-hex('$ƀ\x97\x16\x118Ė\ue009čȑ̠\x18'..700ch); maxtok<-18446744073709551616
F-00434	d956b5ec5ad1fa4490f428b3c2277b6bd3a3fedd500bbbf4642a5818163b0bb0	1	REJECT_CLEAN	0	VERIFY FAIL — malformed receipt: token id "éé" is not an unsigned 32-bit integer		1	REJECT_CLEAN	0	VERIFY FAIL — strict: byte 337: 0xc3 is not printable ASCII or LF		qemu_everyday/RECEIPT.TXT; token-ids<-'éé'; dupline8
F-00435	65886c80dc77e3d8ed3bb4aaaa7e44d6e4c3931b46ba2a166cc2261a100277d8	1	REJECT_CLEAN	0	VERIFY FAIL — replay diverged from the receipt		1	REJECT_CLEAN	0	VERIFY FAIL — strict: no newline after the last line (exactly one is required)		qemu_everyday/RECEIPT.TXT; prompt-hex<-hex('$'..1ch); prompt-hex<-hex('\x9d举\x0fSŪo\ue000h\ue00a乌̐f'..60ch); trunc@488
F-00436	686b47cc5f19579253bfd6c19b6913c876dc995abe86c9fec3c7c94b2b28a10d	1	REJECT_CLEAN	0	FAIL artifact: VOCAB hash mismatch (receipt a4cafc9649488987 vs local a4cafc9649488987)		1	REJECT_CLEAN	0	VERIFY FAIL — strict: no newline after the last line (exactly one is required)		qemu_calc_words/RECEIPT2.TXT; gen-toks<-'184467440737'; trunc@204; rep@15:0x2f
F-00437	a47f036a277a394b6f41fd99fbd480569714e27d375d5fe85752555cf3f31458	0	ACCEPT	0	VERIFY PASS — replay reproduced 23 tokens, the token digest, and the full logit chain bit-for-bit		1	REJECT_CLEAN	0	VERIFY FAIL — strict: byte 15: 0xc3 is not printable ASCII or LF		qemu_lookup/RECEIPT2.TXT; AEGIS-WITNESS<-'aéé'
F-00438	92c40b81da6c8939c6f3ccbfd07a29a8eb0cb94bac523f46356f6c46b1efbaaa	1	REJECT_CLEAN	0	VERIFY FAIL — receipt inputs cannot be replayed: prompt (44) + max_new (500) exceeds max_position_embeddings (512)		1	REJECT_CLEAN	0	VERIFY FAIL — strict: line 6 (prompt-hex): expected non-empty lower-case hex of even length		qemu_lookup/RECEIPT2.TXT; rep@356:0x2f; rep@257:0x68; maxtok<-500
F-00439	6d4a1c6aff3e39e73855d6d07b857f3d39633a591d42dcdd360acdedb8edea27	1	REJECT_CLEAN	0	FAIL artifact: MODEL hash mismatch (receipt a44e48965c641b81 vs local a44e48965c641b81)		1	REJECT_CLEAN	0	VERIFY FAIL — strict: line 2 (model): expected 64 lower-case hex digits		qemu_calc/RECEIPT2.TXT; ins@78:b'Z'; swap8/7
F-00440	312008c756f24357425ec447bade76e3361326aad2e7c8836152bfde3456d84c	1	REJECT_CLEAN	0	FAIL artifact: VOCAB hash mismatch (receipt  vs local a4cafc9649488987)		1	REJECT_CLEAN	0	VERIFY FAIL — strict: blank line at the end (exactly one trailing newline is required)		garbage:newlines
F-00441	d51b2ab78d22938522fa8f78b659a4c8f616d0a17b691dd654480405bf4f6f5d	1	REJECT_CLEAN	0	FAIL artifact: MODEL hash mismatch (receipt a4 | 4e48965c641b8 vs local a44e48965c641b81)		1	REJECT_CLEAN	0	VERIFY FAIL — strict: byte 23: 0x09 is not printable ASCII or LF		qemu_abstain/RECEIPT.TXT; ins@29:b'\t'; prompt-hex<-hex('丝Ã\ue00e中\ue006下̋😙'..8ch); AEGIS-WITNESS<-''
F-00442	112a2c7dbee631a921a3d357490e722d62016906c75504008906388593433f5c	1	REJECT_CLEAN	0	VERIFY FAIL — malformed receipt: not valid UTF-8		1	REJECT_CLEAN	0	VERIFY FAIL — strict: byte 257: 0x8d is not printable ASCII or LF		qemu_lookup/RECEIPT2.TXT; swap1/4; rep@266:0x8d; swap11/1
F-00443	33e024720c476fd6bb19faeab947538ef4ed599af42cfabc930decfe9f666c1f	1	REJECT_CLEAN	0	FAIL artifact: VOCAB hash mismatch (receipt  vs local a4cafc9649488987)		1	REJECT_CLEAN	0	VERIFY FAIL — strict: no newline after the last line (exactly one is required)		qemu_abstain/RECEIPT.TXT; dupline3; trunc@46
F-00444	b56139b6c3cd53d277d1fcb70707fe1b8fcdcd9b95d008b992672cda81c4bc25	1	REJECT_CLEAN	0	VERIFY FAIL — replay diverged from the receipt		1	REJECT_CLEAN	0	VERIFY FAIL — strict: line 11 (chain): expected 64 lower-case hex digits		qemu_calc/RECEIPT.TXT; del[416:426]
F-00445	7ca8da7ffaf6c5c3379b8035d3019911be438fb47ebfcab411846ae0bae303da	1	REJECT_CLEAN	0	VERIFY FAIL — receipt inputs cannot be replayed: prompt (1508) + max_new (9) exceeds max_position_embeddings (512)		1	REJECT_CLEAN	0	VERIFY FAIL — strict: line 8: key out of order "chain", canonical order expects "gen-toks"		qemu_calc/RECEIPT.TXT; swap7/10; prompt-hex<-hex('d😠乂\ue005Ơf\ue000\x87͇😓丽j'..700ch)
F-00446	8c65f54a36311f5c25d6d874ddd5b863893f3f7481a636c5d0b8e0a739687ccf	1	REJECT_CLEAN	0	VERIFY FAIL — malformed receipt: prompt-hex does not decode to UTF-8 text		1	REJECT_CLEAN	0	VERIFY FAIL — strict: line 6 (prompt-hex): expected non-empty lower-case hex of even length		qemu_receipt/RECEIPT.TXT; rep@301:0x42
F-00447	b262cd9fdd3ee26a22cd53c6343d12f5a45d8867b6ca354582ba03070374e6ee	0	ACCEPT	0	VERIFY PASS — replay reproduced 23 tokens, the token digest, and the full logit chain bit-for-bit		1	REJECT_CLEAN	0	VERIFY FAIL — strict: no newline after the last line (exactly one is required)		qemu_lookup/RECEIPT2.TXT; swap11/10
F-00448	e8c9a46438dc94f37950550aaf771f1bd133766cd86f7a65236bcf0b9bcad88d	1	REJECT_CLEAN	0	VERIFY FAIL — malformed receipt: not valid UTF-8		1	REJECT_CLEAN	0	VERIFY FAIL — strict: byte 404: 0xc3 is not printable ASCII or LF		qemu_lookup/RECEIPT2.TXT; ins@566:b'\xc3'; prompt-hex<-hex('乂😅😜😚̎p\x1aŪ'..8ch)
F-00449	ab69b0a59568ef558e375756a770cf3b2ccf2102ab835cbc24f74f00e74d432d	0	ACCEPT	0	VERIFY PASS — replay reproduced 8 tokens, the token digest, and the full logit chain bit-for-bit		1	REJECT_CLEAN	0	VERIFY FAIL — strict: line 9: key out of order "chain", canonical order expects "token-ids"		qemu_calc_words/RECEIPT.TXT; swap8/10
F-00450	bb1c202965ca241975a90c4d4db43001bad7ee64ba9b4411be5d2010ac8db164	1	REJECT_CLEAN	0	FAIL artifact: VOCAB hash mismatch (receipt  vs local a4cafc9649488987)		1	REJECT_CLEAN	0	VERIFY FAIL — strict: no newline after the last line (exactly one is required)		qemu_abstain/RECEIPT.TXT; trunc@2
F-00451	80acfcb5e816525350895b1c15722a51ecc547f644e5a3831fff6d8e7154bbaf	1	REJECT_CLEAN	0	VERIFY FAIL — replay diverged from the receipt		1	REJECT_CLEAN	0	VERIFY FAIL — strict: no newline after the last line (exactly one is required)		qemu_calc/RECEIPT2.TXT; trunc@525
F-00452	a8bfecea1513038e71cdb0198b5ae61a33676bd3b36105d0d98d06e7b2a29bd9	1	REJECT_CLEAN	0	VERIFY FAIL — replay diverged from the receipt		1	REJECT_CLEAN	0	VERIFY FAIL — strict: byte 395: 0x10 is not printable ASCII or LF		qemu_calc/RECEIPT.TXT; swap6/0; rep@426:0x10; token-ids<-'1,2,'
F-00453	4f25d8bd79896b7050a58ba58eeb897e74d9b3e59cd7597c8691c8ef403f8475	1	REJECT_CLEAN	0	VERIFY FAIL — replay diverged from the receipt		1	REJECT_CLEAN	0	VERIFY FAIL — strict: line 7: duplicate key "maxtok", canonical order expects "prompt-toks"		qemu_unknown_tool/RECEIPT.TXT; dupline4; prompt-hex<-hex('Ą#\x9b\x1d\x99😑͜丆'..8ch); prompt-hex<-hex('\x85̂\ue001'..3ch)
F-00454	4d25dd353f66cb609269915724e2bf038755954dbbe997b70ced7a8ace993881	0	ACCEPT	0	VERIFY PASS — replay reproduced 3 tokens, the token digest, and the full logit chain bit-for-bit		1	REJECT_CLEAN	0	VERIFY FAIL — strict: line 2: key out of order "embed", canonical order expects "model"		qemu_everyday/RECEIPT.TXT; dupline2
F-00455	53120bcb6b8b935088f6b0a2010ededd9e389fd6ee7167e9ff0e787b27d66c3b	1	REJECT_CLEAN	0	VERIFY FAIL — replay diverged from the receipt		1	REJECT_CLEAN	0	VERIFY FAIL — strict: line 5: key out of order "gen-toks", canonical order expects "maxtok"		qemu_receipt/RECEIPT.TXT; del[661:696]; dupline7
F-00456	ae713e8d381a13807cf165d70a8e364229e1c650b218faa9119c34975fe92474	1	REJECT_CLEAN	0	VERIFY FAIL — replay diverged from the receipt		1	REJECT_CLEAN	0	VERIFY FAIL — strict: byte 433: 0xed is not printable ASCII or LF		qemu_calc/RECEIPT2.TXT; cis-digest<-'\ud7ff'; swap10/11; del[396:433]
F-00457	a5732da9d79c2011b74bad91049fa4245f9656ba3ec39853cc477dd42608e266	1	REJECT_CLEAN	0	VERIFY FAIL — malformed receipt: prompt-hex does not decode to UTF-8 text		1	REJECT_CLEAN	0	VERIFY FAIL — strict: line 6 (prompt-hex): does not decode to UTF-8 text		qemu_everyday/RECEIPT.TXT; chain<-','; ins@276:b'999999999999999999999999999999'
F-00458	a9b4d7aea26dc8a7e39dc2f2bb318e185efe8dcbfd93f13386decbf587fe12dc	1	REJECT_CLEAN	0	VERIFY FAIL — malformed receipt: token id "925I" is not an unsigned 32-bit integer		1	REJECT_CLEAN	0	VERIFY FAIL — strict: no newline after the last line (exactly one is required)		qemu_calc/RECEIPT.TXT; trunc@416; rep@355:0x49; dupline0
F-00459	2261161000d37f251da40eecc8c82750286eb6efb31e2825e9bcc37cc55dff4a	1	REJECT_CLEAN	0	VERIFY FAIL — replay diverged from the receipt		1	REJECT_CLEAN	0	VERIFY FAIL — strict: line 1: header must be exactly "AEGIS-WITNESS v1-CIS"		qemu_calc_words/RECEIPT2.TXT; AEGIS-WITNESS<-'-'; maxtok<-7; prompt-hex<-hex('\x1b̳\ue008'..3ch)
F-00460	d3557562041c42e668033009caf2b653f018d809ad2f3e0e2618fab1f765b088	1	REJECT_CLEAN	0	FAIL artifact: VOCAB hash mismatch (receipt  vs local a4cafc9649488987)		1	REJECT_CLEAN	0	VERIFY FAIL — strict: no newline after the last line (exactly one is required)		qemu_lookup/RECEIPT.TXT; rep@6:0x58; trunc@25
F-00461	5d1c7cb0f8ddc858655d3ea918498ebed2258a11fa2ec2eba334feccd2fed841	1	REJECT_CLEAN	0	VERIFY FAIL — replay diverged from the receipt		1	REJECT_CLEAN	0	VERIFY FAIL — replay diverged from the receipt		qemu_calc/RECEIPT2.TXT; maxtok<-300
F-00462	36b3346754cb5dc12c94838ced3c0928fe7ad014c68a1529d142c68acedd339b	1	REJECT_CLEAN	0	VERIFY FAIL — replay diverged from the receipt		1	REJECT_CLEAN	0	VERIFY FAIL — strict: byte 390: 0xc3 is not printable ASCII or LF		qemu_calc/RECEIPT.TXT; cis-digest<-'é'
F-00463	a6f94ef10348793dd1f716867304becf408f8488a2cfd84507d94f649ace9ff0	1	REJECT_CLEAN	0	VERIFY FAIL — replay diverged from the receipt		1	REJECT_CLEAN	0	VERIFY FAIL — strict: line 11 (chain): expected 64 lower-case hex digits		qemu_lookup/RECEIPT.TXT; ins@428:b'\n'
F-00464	ac6e23fcbd246cd10d87f22b463221f7df74837f70799e58cfae340cf0139739	1	REJECT_CLEAN	0	VERIFY FAIL — malformed receipt: token id "FF" is not an unsigned 32-bit integer		1	REJECT_CLEAN	0	VERIFY FAIL — strict: line 9 (token-ids): expected comma-separated canonical decimal u32 ids		qemu_lookup/RECEIPT.TXT; token-ids<-'FF'; prompt-hex<-hex('UW̢ͨ\x91'..5ch)
F-00465	8e166fc75084f1dc7b58448bd597e1157fa6d2d7dd8c9b5903e7d78a4a518021	0	ACCEPT	0	VERIFY PASS — replay reproduced 50 tokens, the token digest, and the full logit chain bit-for-bit		1	REJECT_CLEAN	0	VERIFY FAIL — strict: line 1: header must be exactly "AEGIS-WITNESS v1-CIS"		qemu_receipt/RECEIPT.TXT; swap0/7; AEGIS-WITNESS<-'1 2'
F-00466	aaf3218a70fd4f166ceccd787fdad352512da533deee1a9cf29637119fb300df	1	REJECT_CLEAN	0	VERIFY FAIL — malformed receipt: token id "75a7fbbaf34604dab" is not an unsigned 32-bit integer		1	REJECT_CLEAN	0	VERIFY FAIL — strict: line 2: key out of order "token-ids", canonical order expects "model"		qemu_lookup/RECEIPT.TXT; prompt-hex<-hex('\x0e'..1ch); del[307:330]; swap8/1
F-00467	4c4246e5b16a8577ef231466a1639a867128671a68c799fa073d8c58c2c784e5	1	REJECT_CLEAN	0	VERIFY FAIL — malformed receipt: not valid UTF-8		1	REJECT_CLEAN	0	VERIFY FAIL — strict: byte 383: 0xda is not printable ASCII or LF		qemu_self/RECEIPT.TXT; rep@413:0xaa; swap8/3; rep@383:0xda
F-00468	0d6236e5530c1277d2f14775b13062551befa7a78e6b8c1c7864cf1ac8d41c1a	1	REJECT_CLEAN	0	VERIFY FAIL — malformed receipt: not valid UTF-8		1	REJECT_CLEAN	0	VERIFY FAIL — strict: byte 229: 0xbb is not printable ASCII or LF		qemu_calc_words/RECEIPT.TXT; rep@229:0xbb
F-00469	9a7f924ca5798dfba8a5d225770a246902e94838d769fe5d59588add8e1de05a	1	REJECT_CLEAN	0	FAIL artifact: VOCAB hash mismatch (receipt  vs local a4cafc9649488987)		1	REJECT_CLEAN	0	VERIFY FAIL — strict: no newline after the last line (exactly one is required)		qemu_calc/RECEIPT2.TXT; trunc@68
F-00470	787243d921a2cb69b88cdece4d9b1bcf81b09349b1423df5b19885dbf06102c8	1	REJECT_CLEAN	0	VERIFY FAIL — malformed receipt: not valid UTF-8		1	REJECT_CLEAN	0	VERIFY FAIL — strict: byte 147: 0xb3 is not printable ASCII or LF		qemu_calc_words/RECEIPT.TXT; rep@147:0xb3
F-00471	a287e8154c149382c5db6dc7b25962ea51e9c85184e012b83d87f97df8fe8d71	1	REJECT_CLEAN	0	FAIL artifact: VOCAB hash mismatch (receipt  vs local a4cafc9649488987)		1	REJECT_CLEAN	0	VERIFY FAIL — strict: no newline after the last line (exactly one is required)		qemu_everyday/RECEIPT.TXT; vocab<-'999999999999'; dupline6; trunc@105
F-00472	b03a3c38bb151c5aa88d767d694ac96b42402bd47baf6581a123405170110ea9	0	ACCEPT	0	VERIFY PASS — replay reproduced 30 tokens, the token digest, and the full logit chain bit-for-bit		1	REJECT_CLEAN	0	VERIFY FAIL — strict: byte 415: 0xc3 is not printable ASCII or LF		qemu_self/RECEIPT.TXT; gen-toks<-'aéé'
F-00473	5f09ea203012a4074c88bf4a4263302ab9beac271163f508dde23747acedca78	1	REJECT_CLEAN	0	VERIFY FAIL — malformed receipt: prompt-hex does not decode to UTF-8 text		1	REJECT_CLEAN	0	VERIFY FAIL — strict: line 1: header must be exactly "AEGIS-WITNESS v1-CIS"		qemu_unknown_tool/RECEIPT.TXT; prompt-hex<-hex(',)\x96😍\ue00f\x14%\x1d!ȩ両😖'..200ch); rep@0:0x34; ins@758:b','
F-00474	48d2808d5c585470788debb9abbe536d60b8ef7ed1f425007bd974444a3d7cbc	0	ACCEPT	0	VERIFY PASS — replay reproduced 3 tokens, the token digest, and the full logit chain bit-for-bit		1	REJECT_CLEAN	0	VERIFY FAIL — strict: line 2: key out of order "prompt-hex", canonical order expects "model"		qemu_everyday/RECEIPT.TXT; dupline8; swap8/1; swap5/1
F-00475	03d77cd6bc6cc68732580b02a124848c6b14d92286a1fac8ab682b72000ec649	1	REJECT_CLEAN	0	VERIFY FAIL — malformed receipt: token id "310\0" is not an unsigned 32-bit integer		1	REJECT_CLEAN	0	VERIFY FAIL — strict: byte 383: 0x00 is not printable ASCII or LF		qemu_unknown_tool/RECEIPT.TXT; ins@383:b'\x00'
F-00476	676defa5513e2b2b5c664761561484ff257c1b66cb0219241182de5a8b676e02	1	REJECT_CLEAN	0	VERIFY FAIL — replay diverged from the receipt		1	REJECT_CLEAN	0	VERIFY FAIL — strict: line 11 (chain): expected 64 lower-case hex digits		qemu_receipt/RECEIPT.TXT; chain<-'4294967296'
F-00477	3a8df3e2e83ac545ac37fbd450bdcaa1d9476303fd57c5a454f8b49bbc2892f6	1	REJECT_CLEAN	0	VERIFY FAIL — replay diverged from the receipt		1	REJECT_CLEAN	0	VERIFY FAIL — strict: line 3: key out of order "prompt-hex", canonical order expects "embed"		qemu_everyday/RECEIPT.TXT; maxtok<-'+1'; swap5/2
F-00478	2c9214ddd58eb0fb1e2613bc7c46ee80b9d36359fa2423b0377b1e73fd702051	1	REJECT_CLEAN	0	FAIL artifact: VOCAB hash mismatch (receipt a4cafc9649488987 vs local a4cafc9649488987)		1	REJECT_CLEAN	0	VERIFY FAIL — strict: no newline after the last line (exactly one is required)		qemu_unknown_tool/RECEIPT.TXT; rep@3:0x4e; trunc@196; swap2/0
F-00479	d30648ef4fc8be99c6f71b65ebfd2047937df38c7d021dcc9cb367e6747d8527	1	REJECT_CLEAN	0	VERIFY FAIL — malformed receipt: prompt-hex does not decode to UTF-8 text		1	REJECT_CLEAN	0	VERIFY FAIL — strict: line 4 (vocab): expected 64 lower-case hex digits		qemu_calc/RECEIPT2.TXT; rep@255:0x35; vocab<-' '; rep@249:0x38
F-00480	c15b227aed2bd6baebef4d0e7995ab2ae0496845bff88c19f96ef7d7de5c1e3b	1	REJECT_CLEAN	0	VERIFY FAIL — malformed receipt: not valid UTF-8		1	REJECT_CLEAN	0	VERIFY FAIL — strict: byte 0: 0xff is not printable ASCII or LF		garbage:highbytes
F-00481	5c02604ae6c44d4b18ae4a5f238291746de4e2cfa4bc24546d4e3267980888e6	1	REJECT_CLEAN	0	FAIL artifact: VOCAB hash mismatch (receipt  vs local a4cafc9649488987)		1	REJECT_CLEAN	0	VERIFY FAIL — strict: no newline after the last line (exactly one is required)		qemu_calc/RECEIPT2.TXT; trunc@138
F-00482	66ecd4a79f5f3c3131b0da58c01078094bdcd244d5d1c999768e466a5c1f0493	1	REJECT_CLEAN	0	FAIL artifact: MODEL hash mismatch (receipt a44e4896 5c641b8 vs local a44e48965c641b81)		1	REJECT_CLEAN	0	VERIFY FAIL — strict: byte 35: 0x00 is not printable ASCII or LF		qemu_everyday/RECEIPT.TXT; ins@35:b'\x00'; prompt-hex<-hex('͉😁主\x1d😒)\x1ḁ么\ue003😕̧'..200ch); dupline10
F-00483	db2554f317f14311c594f14c4ac5b7a07bfa93ff15946672cce5ac3e95a6344a	1	REJECT_CLEAN	0	VERIFY FAIL — replay diverged from the receipt		1	REJECT_CLEAN	0	VERIFY FAIL — replay diverged from the receipt		qemu_lookup/RECEIPT2.TXT; prompt-hex<-hex("\x1a\x08x\x18v久8\x17ƖL丵'"..700ch); prompt-hex<-hex('\ue008>6😃\x028\x89丅世͐=Ř'..200ch)
F-00484	2c2a005925ecede3255e8463a1749b3440fb8ae7aa73a04dc7083fb775a802a2	1	REJECT_CLEAN	0	VERIFY FAIL — replay diverged from the receipt		1	REJECT_CLEAN	0	VERIFY FAIL — strict: line 10 (cis-digest): expected 16 lower-case hex digits		qemu_unknown_tool/RECEIPT.TXT; cis-digest<-'FF'
F-00485	02951b96fb6d9e18f742cb773be710e75f1d7871de21cd03c548740d03d1a7e0	1	REJECT_CLEAN	0	VERIFY FAIL — replay diverged from the receipt		1	REJECT_CLEAN	0	VERIFY FAIL — strict: line 5: key out of order "prompt-toks", canonical order expects "maxtok"		qemu_calc/RECEIPT2.TXT; prompt-hex<-hex('C̥😎̶业😏üWİ\ue006ÏȂ'..200ch); dupline6
F-00486	a09587a3063ff99e735724be8b5f510d07f86b836b585c5a85453889c6c4012c	1	REJECT_CLEAN	0	VERIFY FAIL — malformed receipt: prompt-hex does not decode to UTF-8 text		1	REJECT_CLEAN	0	VERIFY FAIL — strict: byte 283: 0x09 is not printable ASCII or LF		qemu_abstain/RECEIPT.TXT; del[66:106]; ins@283:b'\t'
F-00487	ed5ef43181030236c0a74663f9cd6d2e6c5d284cfdbb232583070f85bc4f7446	1	REJECT_CLEAN	0	FAIL artifact: EMBED hash mismatch (receipt aéé vs local 8cbcd6b69df03539)		1	REJECT_CLEAN	0	VERIFY FAIL — strict: byte 99: 0xc3 is not printable ASCII or LF		qemu_lookup/RECEIPT.TXT; prompt-hex<-hex('$t\x91乌\x95\x0f\ue00eş\ue008\x07与\x9d'..700ch); embed<-'aéé'; del[1783:1785]
F-00488	dcae8cd195024a019c2565f47361b2d5ff6847317e503f957b737e55d7d3f5a2	1	REJECT_CLEAN	0	FAIL artifact: VOCAB hash mismatch (receipt aéé vs local a4cafc9649488987)		1	REJECT_CLEAN	0	VERIFY FAIL — strict: byte 170: 0xc3 is not printable ASCII or LF		qemu_self/RECEIPT.TXT; del[322:358]; vocab<-'aéé'; dupline9
F-00489	5a401f81b67084c80523a51105cd819602e0e925d63275812dc55e636e102306	1	REJECT_CLEAN	0	FAIL artifact: MODEL hash mismatch (receipt a44e48965c641b81 vs local a44e48965c641b81)		1	REJECT_CLEAN	0	VERIFY FAIL — strict: byte 48: 0xe2 is not printable ASCII or LF		qemu_calc_words/RECEIPT2.TXT; ins@48:b'\xe2\x80\xae'; ins@347:b'\x00'; prompt-hex<-hex('丷\x1e😛Ŕ\ue007中̇😉º\x8c\x17H'..200ch)
F-00490	8626d5c5a1359883d44c70e414dbdbbd7a4aae738acb551c30569cd1ab25baac	1	REJECT_CLEAN	0	FAIL artifact: VOCAB hash mismatch (receipt a4cafc9649488987 vs local a4cafc9649488987)		1	REJECT_CLEAN	0	VERIFY FAIL — strict: no newline after the last line (exactly one is required)		qemu_calc/RECEIPT2.TXT; prompt-hex<-hex('\x17ǿ́\x88😑'..5ch); trunc@192
F-00491	3d1d978f078ba410d67d0814435321f0e748f1ce3918445dd5a5866828d3981a	1	REJECT_CLEAN	0	VERIFY FAIL — replay diverged from the receipt		1	REJECT_CLEAN	0	VERIFY FAIL — strict: byte 607: 0xc3 is not printable ASCII or LF		qemu_self/RECEIPT.TXT; ins@559:b'\xc3\xa9'; maxtok<-'000000000000'; del[246:260]
F-00492	896594a2d9e07df2d0614cb6f3ff42fdc2c0154138e2480d2fb61166224c3b1e	1	REJECT_CLEAN	0	VERIFY FAIL — replay diverged from the receipt		1	REJECT_CLEAN	0	VERIFY FAIL — replay diverged from the receipt		qemu_self/RECEIPT.TXT; prompt-hex<-hex('\x8e丘'..2ch)
F-00493	b9109068539a3671a9005f747c0d025c6eba904655156ebf4830d546cf904daf	0	ACCEPT	0	VERIFY PASS — replay reproduced 3 tokens, the token digest, and the full logit chain bit-for-bit		1	REJECT_CLEAN	0	VERIFY FAIL — strict: line 5: key out of order "prompt-hex", canonical order expects "maxtok"		qemu_everyday/RECEIPT.TXT; swap5/4
F-00494	5ea51ae8ff50001e2c0f2e93e1918a8d6e70da4a1300ea24a0e17b4b3c149884	1	REJECT_CLEAN	0	FAIL artifact: MODEL hash mismatch (receipt  |  vs local a44e48965c641b81)		1	REJECT_CLEAN	0	VERIFY FAIL — strict: byte 27: 0x09 is not printable ASCII or LF		qemu_calc_words/RECEIPT2.TXT; model<-'\t'; prompt-hex<-hex('\ue004͝'..2ch); dupline3
F-00495	e456767ef0ed77267eb58146fcc157da7ce818839c3b45f8a708a79a7f6338f0	1	REJECT_CLEAN	0	VERIFY FAIL — receipt inputs cannot be replayed: prompt (19) + max_new (18446744073709551615) exceeds max_position_embeddings (512)		1	REJECT_CLEAN	0	VERIFY FAIL — strict: no newline after the last line (exactly one is required)		qemu_self/RECEIPT.TXT; maxtok<-18446744073709551615; del[656:668]; gen-toks<-'+'
F-00496	809c3f5c559a932ec0e580ee6f8c70b8df19b4db73c881200b401b909c1b908f	1	REJECT_CLEAN	0	VERIFY FAIL — malformed receipt: maxtok is not an unsigned integer		1	REJECT_CLEAN	0	VERIFY FAIL — strict: byte 241: 0x09 is not printable ASCII or LF		qemu_everyday/RECEIPT.TXT; maxtok<-'\t'
F-00497	8404e4cfc6eb2403641f598c8f2e2b1cbdcccd0d14f0c05f1e33f5b8fb013c92	1	REJECT_CLEAN	0	FAIL artifact: VOCAB hash mismatch (receipt  vs local a4cafc9649488987)		1	REJECT_CLEAN	0	VERIFY FAIL — strict: no newline after the last line (exactly one is required)		qemu_abstain/RECEIPT.TXT; trunc@35
F-00498	a732d5e51e622107b6802874a35f23f832cef0139becfa25a3a80da33e4958e1	1	REJECT_CLEAN	0	VERIFY FAIL — receipt inputs cannot be replayed: prompt (9) + max_new (4294967296) exceeds max_position_embeddings (512)		1	REJECT_CLEAN	0	VERIFY FAIL — strict: line 1: header must be exactly "AEGIS-WITNESS v1-CIS"		qemu_unknown_tool/RECEIPT.TXT; maxtok<-4294967296; swap0/6
F-00499	979e2607ab242f8ab1f22956e3d3019c09d40ce3a1ad829e3dab426283500406	1	REJECT_CLEAN	0	VERIFY FAIL — malformed receipt: prompt-hex does not decode to UTF-8 text		1	REJECT_CLEAN	0	VERIFY FAIL — strict: line 6 (prompt-hex): does not decode to UTF-8 text		qemu_calc_words/RECEIPT2.TXT; ins@300:b'999999999999999999999999999999'
F-00500	41e40ac0fec273f73514d2c99529a4be181ae285f402a1f1c9d8e5652608dfdd	1	REJECT_CLEAN	0	VERIFY FAIL — replay diverged from the receipt		1	REJECT_CLEAN	0	VERIFY FAIL — strict: line 9: key out of order "chain", canonical order expects "token-ids"		qemu_calc_words/RECEIPT.TXT; dupline10; prompt-hex<-hex('̌þ😚😒\ue010串̙Ȕ並\ue001\ue003\x11'..200ch)
F-00501	337cd703395c295f5081a07aba334a32ab8134c374775452401e5df6d8846d8f	1	REJECT_CLEAN	0	FAIL artifact: MODEL hash mismatch (receipt a44e1994a670001c vs local a44e48965c641b81)		1	REJECT_CLEAN	0	VERIFY FAIL — strict: line 2 (model): expected 64 lower-case hex digits		qemu_everyday/RECEIPT.TXT; del[31:42]
F-00502	3f9722b5c0f5b1b2fd2e7371c0d58fa68c55096aa3e51500b71572753fe15f7f	1	REJECT_CLEAN	0	VERIFY FAIL — malformed receipt: not valid UTF-8		1	REJECT_CLEAN	0	VERIFY FAIL — strict: byte 227: 0xc3 is not printable ASCII or LF		qemu_calc/RECEIPT.TXT; ins@140:b'+'; ins@226:b'\xc3'; dupline11
F-00503	677f3b9fe3a60acceaa51dcc7a0c76d350c549b516e8bda285ef1e2964f0d7ef	1	REJECT_CLEAN	0	VERIFY FAIL — replay diverged from the receipt		1	REJECT_CLEAN	0	VERIFY FAIL — replay diverged from the receipt		qemu_calc/RECEIPT2.TXT; prompt-hex<-hex('丕\x874😛\x7fƪx\x93\x8eÞ😊😛'..200ch); prompt-hex<-hex('😝\ue00e?\ue007B😂\x13\x12f\x00c7'..60ch)
F-00504	4093acf5321e3e22da96669ea324715d17f3ffd2a61139b62696f669cf98a25f	1	REJECT_CLEAN	0	FAIL artifact: MODEL hash mismatch (receipt - vs local a44e48965c641b81)		1	REJECT_CLEAN	0	VERIFY FAIL — strict: line 2 (model): expected 64 lower-case hex digits		qemu_lookup/RECEIPT2.TXT; model<-'-'; prompt-hex<-hex('\x91丙Ɖ̀\ue001\x9a\x18\x89(两3\x18'..20ch)
F-00505	5da2d8fe66c37324eda6b8ee82ea66aa819ee185cf57fae0516f77d58d531b3c	1	REJECT_CLEAN	0	FAIL artifact: EMBED hash mismatch (receipt 8cbcd6b69df035]9 vs local 8cbcd6b69df03539)		1	REJECT_CLEAN	0	VERIFY FAIL — strict: line 3 (embed): expected 64 lower-case hex digits		qemu_calc/RECEIPT.TXT; rep@112:0x5d; prompt-hex<-hex('\ue00e̢\ue000\x97͉乁\x83̞\ue00c̙*😀'..20ch)
F-00506	b67978795eb7bfbcd8e36a28081b5b8ff3b352ed833541e294039427eae9fca4	1	REJECT_CLEAN	0	VERIFY FAIL — replay diverged from the receipt		1	REJECT_CLEAN	0	VERIFY FAIL — strict: line 7: expected "prompt-toks <value>"		qemu_abstain/RECEIPT.TXT; ins@289:b'\n'
F-00507	1f7be79b5708a776267bc65f3cb2278b3e4166a31f60f27d4936a72fc44f09be	1	REJECT_CLEAN	0	VERIFY FAIL — replay diverged from the receipt		1	REJECT_CLEAN	0	VERIFY FAIL — strict: byte 346: 0x19 is not printable ASCII or LF		qemu_everyday/RECEIPT.TXT; rep@346:0x19; maxtok<-1; rep@314:0x67
F-00508	0a0fd6bfa477d3da4e3066bcf5ad46dd5e0030651bbbb65618c8bb7692ea8874	1	REJECT_CLEAN	0	FAIL artifact: EMBED hash mismatch (receipt 8cbcd6b69df03539 vs local 8cbcd6b69df03539)		1	REJECT_CLEAN	0	VERIFY FAIL — strict: line 3 (embed): expected 64 lower-case hex digits		qemu_calc_words/RECEIPT2.TXT; prompt-hex<-hex('ǣ\x81̲̌©'..5ch); del[118:158]; maxtok<-16
F-00509	a2ac80dd5806c68fce665532915f9926705408ea09148af09457ad1d0b99fa93	0	ACCEPT	0	VERIFY PASS — replay reproduced 23 tokens, the token digest, and the full logit chain bit-for-bit		1	REJECT_CLEAN	0	VERIFY FAIL — strict: line 1: header must be exactly "AEGIS-WITNESS v1-CIS"		qemu_lookup/RECEIPT2.TXT; dupline6
F-00510	38bb02eb74c3ba75d639b43c5ca1588fef2e08d7bde16f1e424aabda46621358	1	REJECT_CLEAN	0	FAIL artifact: VOCAB hash mismatch (receipt a4cafc9649488987 vs local a4cafc9649488987)		1	REJECT_CLEAN	0	VERIFY FAIL — strict: no newline after the last line (exactly one is required)		qemu_everyday/RECEIPT.TXT; trunc@228; swap2/1
F-00511	ec9a7c9a43247024c1675f4e870d71bb132aa4c170b5b8edfd2bb728302f7b4b	1	REJECT_CLEAN	0	VERIFY FAIL — replay diverged from the receipt		1	REJECT_CLEAN	0	VERIFY FAIL — strict: no newline after the last line (exactly one is required)		qemu_calc_words/RECEIPT.TXT; trunc@332
F-00512	661f603f1a4814e06f45b72bcc15b87e62ddf8fb1ba51521f4d8a374c1fe49ce	0	ACCEPT	0	VERIFY PASS — replay reproduced 9 tokens, the token digest, and the full logit chain bit-for-bit		1	REJECT_CLEAN	0	VERIFY FAIL — strict: line 6: key out of order "cis-digest", canonical order expects "prompt-hex"		qemu_calc/RECEIPT2.TXT; swap5/9
F-00513	e5850930dfa79d8e1a80f0e6e25657482bb1ba80845b8dc1965242c4ba7be748	1	REJECT_CLEAN	0	FAIL artifact: VOCAB hash mismatch (receipt  vs local a4cafc9649488987)		1	REJECT_CLEAN	0	VERIFY FAIL — strict: no newline after the last line (exactly one is required)		qemu_calc/RECEIPT.TXT; swap5/3; trunc@217
F-00514	fcaf4e2c10a0af996ab8d5913cef76b8a777888636876528878d818374251e6d	1	REJECT_CLEAN	0	VERIFY FAIL — replay diverged from the receipt		1	REJECT_CLEAN	0	VERIFY FAIL — replay diverged from the receipt		qemu_calc_words/RECEIPT2.TXT; prompt-hex<-hex('ǖ\x87\ue007'..3ch)
F-00515	821ef00e04848ba8a661d6ce7d9ae01195ced1a0a6f2c9e9c2636f2f0921712a	1	REJECT_CLEAN	0	VERIFY FAIL — replay diverged from the receipt		1	REJECT_CLEAN	0	VERIFY FAIL — strict: line 11: duplicate key "maxtok", canonical order expects "chain"		qemu_everyday/RECEIPT.TXT; chain<-' '; dupline4
F-00516	7bed0201582683dbee6408b4d66b0e5bf6d43e276780c35cc0f08ee3c4d33bb9	1	REJECT_CLEAN	0	VERIFY FAIL — receipt inputs cannot be replayed: prompt (9) + max_new (2147483648) exceeds max_position_embeddings (512)		1	REJECT_CLEAN	0	VERIFY FAIL — strict: line 8 (gen-toks): expected a decimal integer without sign or leading zeros		qemu_unknown_tool/RECEIPT.TXT; gen-toks<-'999999999999'; maxtok<-2147483648
F-00517	272eff7a25d141226a7a86544dbc7710e9d9fd7589376e4cb8daa6aa367651ef	1	REJECT_CLEAN	0	FAIL artifact: VOCAB hash mismatch (receipt  vs local a4cafc9649488987)		1	REJECT_CLEAN	0	VERIFY FAIL — strict: no newline after the last line (exactly one is required)		qemu_receipt/RECEIPT.TXT; trunc@102
F-00518	3e3a16f3e81ba80515d52db7d5f8c37fe6c4efcce43727faa338e07a718d9af0	1	REJECT_CLEAN	0	FAIL artifact: VOCAB hash mismatch (receipt  vs local a4cafc9649488987)		1	REJECT_CLEAN	0	VERIFY FAIL — strict: no newline after the last line (exactly one is required)		qemu_unknown_tool/RECEIPT.TXT; trunc@40
F-00519	6125333d3af3ad1c89f5b2ac220d220953b6e8128068f37fe9a84a10ae933598	1	REJECT_CLEAN	0	VERIFY FAIL — replay diverged from the receipt		1	REJECT_CLEAN	0	VERIFY FAIL — strict: line 7 (prompt-toks): expected a decimal integer without sign or leading zeros		qemu_calc_words/RECEIPT2.TXT; prompt-hex<-'zz'; prompt-toks<-' '; prompt-hex<-hex('C'..1ch)
F-00520	6a23f1e3df2a0cc1080341b837baddb5c6eac08a430efb91178bb8d05f055fa8	1	REJECT_CLEAN	0	FAIL artifact: VOCAB hash mismatch (receipt  vs local a4cafc9649488987)		1	REJECT_CLEAN	0	VERIFY FAIL — strict: byte 0: 0x00 is not printable ASCII or LF		garbage:nul
F-00521	a2993296846b73478a3b6815585564d9090adc18ebd670361d93740c4088b1c1	1	REJECT_CLEAN	0	FAIL artifact: MODEL hash mismatch (receipt  |  vs local a44e48965c641b81)		1	REJECT_CLEAN	0	VERIFY FAIL — strict: byte 27: 0x09 is not printable ASCII or LF		qemu_abstain/RECEIPT.TXT; trunc@279; model<-'\t'
F-00522	1e55fe25e7fbc450b29cab1265d88ddfb8ff2ae3f962de15182cd0206179c2e2	1	REJECT_CLEAN	0	FAIL artifact: VOCAB hash mismatch (receipt , vs local a4cafc9649488987)		1	REJECT_CLEAN	0	VERIFY FAIL — strict: line 4 (vocab): expected 64 lower-case hex digits		qemu_calc_words/RECEIPT.TXT; prompt-hex<-hex('*Ȕ丙丸ͪ&ǝGW\ue00b1\x13'..200ch); vocab<-','
F-00523	f7acdc6bad74a1965ecfdfcf6badf46fe1b3835316d56ddf1cb083390009af7e	0	ACCEPT	0	VERIFY PASS — replay reproduced 25 tokens, the token digest, and the full logit chain bit-for-bit		1	REJECT_CLEAN	0	VERIFY FAIL — strict: line 1: header must be exactly "AEGIS-WITNESS v1-CIS"		qemu_abstain/RECEIPT.TXT; dupline11
F-00524	ae17835edd9f83ae61d21dfb702e30f6f788e031ef5b166cbae8a72c23f6c9cf	1	REJECT_CLEAN	0	VERIFY FAIL — replay diverged from the receipt		1	REJECT_CLEAN	0	VERIFY FAIL — strict: line 10 (cis-digest): expected 16 lower-case hex digits		qemu_lookup/RECEIPT.TXT; cis-digest<-'ff'
F-00525	a520bd1314a058d1003caa4e7a32e40b7d638ee1aa696e4c83e6bd08e66c72ab	1	REJECT_CLEAN	0	FAIL artifact: VOCAB hash mismatch (receipt a4cafc9649488987 vs local a4cafc9649488987)		1	REJECT_CLEAN	0	VERIFY FAIL — strict: byte 14: 0x09 is not printable ASCII or LF		qemu_unknown_tool/RECEIPT.TXT; trunc@228; swap2/3; AEGIS-WITNESS<-'\t'
F-00526	847fe90b1186103a0d2345d2c70398de31cfafbaa3ed4476d34ddb0346f5753b	1	REJECT_CLEAN	0	VERIFY FAIL — replay diverged from the receipt		1	REJECT_CLEAN	0	VERIFY FAIL — strict: line 1: header must be exactly "AEGIS-WITNESS v1-CIS"		qemu_everyday/RECEIPT.TXT; swap0/8; ins@465:b'-'; prompt-hex<-hex('\ue004'..1ch)
F-00527	71f3204bde32729f703939a6fa0aef1b039a9ba502645cbce3de5f38623b5d76	1	REJECT_CLEAN	0	VERIFY FAIL — receipt inputs cannot be replayed: prompt (1444) + max_new (7) exceeds max_position_embeddings (512)		1	REJECT_CLEAN	0	VERIFY FAIL — receipt inputs cannot be replayed: prompt (1444) + max_new (7) exceeds max_position_embeddings (512)		qemu_calc_words/RECEIPT2.TXT; ins@376:b' '; prompt-hex<-hex('\ue00f,😙ȡD̊5vÓ͏ͭǧ'..700ch)
F-00528	7f9b3be114380b054968c53189f497dc53c3b6606019b9b7a642ce228492c45f	1	REJECT_CLEAN	0	VERIFY FAIL — replay diverged from the receipt		1	REJECT_CLEAN	0	VERIFY FAIL — strict: line 6 (prompt-hex): expected non-empty lower-case hex of even length		qemu_calc/RECEIPT2.TXT; rep@375:0x53
F-00529	b03dcf95d0dac1dfca630131a7771628b97d158ecf27e650c92b956ee61d0959	1	REJECT_CLEAN	0	VERIFY FAIL — replay diverged from the receipt		1	REJECT_CLEAN	0	VERIFY FAIL — strict: line 6: key out of order "token-ids", canonical order expects "prompt-hex"		qemu_calc_words/RECEIPT.TXT; prompt-hex<-hex('ưȸ6\x15Q\t😈j'..8ch); swap5/8; dupline7
F-00530	ce5a33c72e87803e0be95a4c63266648ebdc4cf35ef5a6071383663b33673e28	1	REJECT_CLEAN	0	VERIFY FAIL — malformed receipt: token id "1055g" is not an unsigned 32-bit integer		1	REJECT_CLEAN	0	VERIFY FAIL — strict: line 9 (token-ids): expected comma-separated canonical decimal u32 ids		qemu_receipt/RECEIPT.TXT; ins@462:b'g'
F-00531	d9ce1f79abd3dcef267d87fd5d86e8d06ad14fd2aa822bcef1b01dcf1c6356c0	1	REJECT_CLEAN	0	VERIFY FAIL — malformed receipt: not valid UTF-8		1	REJECT_CLEAN	0	VERIFY FAIL — strict: byte 184: 0xb5 is not printable ASCII or LF		qemu_calc_words/RECEIPT.TXT; rep@227:0xb5; trunc@430; swap9/2
F-00532	63584cf9a89c0c1823dca82c8154eaf95ae647af2ff0d104ee61f35e9502fba1	1	REJECT_CLEAN	0	VERIFY FAIL — receipt inputs cannot be replayed: prompt (19) + max_new (513) exceeds max_position_embeddings (512)		1	REJECT_CLEAN	0	VERIFY FAIL — strict: line 10 (cis-digest): expected 16 lower-case hex digits		qemu_self/RECEIPT.TXT; dupline5; maxtok<-513; cis-digest<-'4294967296'
F-00533	4645689f8fdcdfbdb58312fe864625a91e23b3a5c90381c3e025a0cb6d2e7b52	1	REJECT_CLEAN	0	VERIFY FAIL — receipt inputs cannot be replayed: prompt tokenized to nothing		1	REJECT_CLEAN	0	VERIFY FAIL — strict: byte 14: 0x00 is not printable ASCII or LF		qemu_calc_words/RECEIPT2.TXT; del[237:277]; AEGIS-WITNESS<-'\x00'; swap10/5
F-00534	2748f897516347f70bf5d1467ff1e796c269c937c69f9f51841825b61feae0dd	1	REJECT_CLEAN	0	VERIFY FAIL — receipt inputs cannot be replayed: prompt tokenized to nothing		1	REJECT_CLEAN	0	VERIFY FAIL — strict: no newline after the last line (exactly one is required)		qemu_abstain/RECEIPT.TXT; prompt-hex<-hex("'"..1ch); trunc@252
F-00535	3c34a9cda9ccdbf67172f6222bd67806fe66630118db0f7359b73a410118b70e	1	REJECT_CLEAN	0	FAIL artifact: VOCAB hash mismatch (receipt  vs local a4cafc9649488987)		1	REJECT_CLEAN	0	VERIFY FAIL — strict: no newline after the last line (exactly one is required)		qemu_calc/RECEIPT2.TXT; dupline9; trunc@142
F-00536	cc4b64910b17b8cdb081bb9fdc7dd8f2f2a071040760f372b641ef8bbcbe154a	1	REJECT_CLEAN	0	VERIFY FAIL — malformed receipt: token id "18446744073709551616" is not an unsigned 32-bit integer		1	REJECT_CLEAN	0	VERIFY FAIL — strict: line 9 (token-ids): expected comma-separated canonical decimal u32 ids		qemu_receipt/RECEIPT.TXT; prompt-hex<-hex('8\x0e'..2ch); token-ids<-'184467440737'
F-00537	ac734b6a7de15ec8fe823f7f7acc278a329aece460a8e3be51b7f40056d98214	1	REJECT_CLEAN	0	VERIFY FAIL — malformed receipt: not valid UTF-8		1	REJECT_CLEAN	0	VERIFY FAIL — strict: byte 45: 0x9e is not printable ASCII or LF		qemu_calc_words/RECEIPT2.TXT; maxtok<-'+'; rep@45:0x9e
F-00538	fef3520c07861294af5b224edaa50f9b2fbfa296e70614bdf931a7f2d352d7fe	1	REJECT_CLEAN	0	FAIL artifact: MODEL hash mismatch (receipt ퟿ vs local a44e48965c641b81)		1	REJECT_CLEAN	0	VERIFY FAIL — strict: byte 27: 0xed is not printable ASCII or LF		qemu_self/RECEIPT.TXT; model<-'\ud7ff'
F-00539	9b4892684c287daf74bd8ff431d2df1774547c81eadfb5a5d708d4e9d252aeea	1	REJECT_CLEAN	0	FAIL artifact: VOCAB hash mismatch (receipt a4cafc9649488987 vs local a4cafc9649488987)		1	REJECT_CLEAN	0	VERIFY FAIL — strict: no newline after the last line (exactly one is required)		qemu_lookup/RECEIPT2.TXT; prompt-hex<-hex('̟😠\x8e'..3ch); trunc@189; swap3/2
F-00540	d2f26c0dd627cfc884d373f30edc681388597b9c5a671236b35283a32908c325	1	REJECT_CLEAN	0	VERIFY FAIL — replay diverged from the receipt		1	REJECT_CLEAN	0	VERIFY FAIL — replay diverged from the receipt		qemu_calc_words/RECEIPT.TXT; prompt-hex<-hex('\ue005\x9f\x9ao\ue004😖̷̎Vͭ😞ͯ'..200ch)
F-00541	5b7f1f6d3b4c618026e4520acc32055fe9d5efd66b2f2b3fd0d849bc1f2540df	1	REJECT_CLEAN	0	VERIFY FAIL — malformed receipt: token id "183 8" is not an unsigned 32-bit integer		1	REJECT_CLEAN	0	VERIFY FAIL — strict: line 9 (token-ids): expected comma-separated canonical decimal u32 ids		qemu_lookup/RECEIPT2.TXT; ins@500:b' '
F-00542	21f256dfb1d2ae872e1b38f34ef60612f704ccce738dcda998e9ea4a1f85f7ae	1	REJECT_CLEAN	0	FAIL artifact: VOCAB hash mismatch (receipt 1 2 vs local a4cafc9649488987)		1	REJECT_CLEAN	0	VERIFY FAIL — strict: line 3 (embed): expected 64 lower-case hex digits		qemu_calc/RECEIPT.TXT; vocab<-'1 2'; ins@100:b'g'; maxtok<-3
F-00543	98433aff8482f63a49706e46dc616263a2bb8f6c371d0cce9675537e96004edd	1	REJECT_CLEAN	0	VERIFY FAIL — malformed receipt: prompt-hex does not decode to UTF-8 text		1	REJECT_CLEAN	0	VERIFY FAIL — strict: byte 170: 0xc3 is not printable ASCII or LF		qemu_calc/RECEIPT2.TXT; vocab<-'aéé'; del[223:230]
F-00544	53e1dc64004060e412c3911203db046ade542eb3e35f15b4b63e5447806a4dde	0	ACCEPT	0	VERIFY PASS — replay reproduced 9 tokens, the token digest, and the full logit chain bit-for-bit		1	REJECT_CLEAN	0	VERIFY FAIL — strict: line 1: header must be exactly "AEGIS-WITNESS v1-CIS"		qemu_calc/RECEIPT2.TXT; dupline2; rep@8:0x58
F-00545	12173f5166ebd9d7613cd73d585f20b7918e7f95cecbb6df98ed46bb6884355c	1	REJECT_CLEAN	0	FAIL artifact: MODEL hash mismatch (receipt a44e48965c 641b8 vs local a44e48965c641b81)		1	REJECT_CLEAN	0	VERIFY FAIL — strict: no newline after the last line (exactly one is required)		qemu_self/RECEIPT.TXT; ins@37:b' '; swap11/5
F-00546	e6fdf5c08b2d02ee3f4d7e0c7a2473d0dfff3a914b2c18fc0ace0eb70c5dc003	1	REJECT_CLEAN	0	FAIL artifact: MODEL hash mismatch (receipt 0 vs local a44e48965c641b81)		1	REJECT_CLEAN	0	VERIFY FAIL — strict: line 2 (model): expected 64 lower-case hex digits		qemu_calc/RECEIPT.TXT; prompt-hex<-hex('Tĝ\x98😀N丑\x85😟\ue007!乇ƴ'..60ch); swap2/7; model<-'0'
F-00547	217a12fb8b0757c59b7946e06dcc7289e293da6852b77c0efe2cc1fdcb1e30e8	1	REJECT_CLEAN	0	VERIFY FAIL — malformed receipt: not valid UTF-8		1	REJECT_CLEAN	0	VERIFY FAIL — strict: byte 488: 0x9a is not printable ASCII or LF		qemu_abstain/RECEIPT.TXT; rep@568:0x9a; prompt-hex<-hex('͍ǹ'..2ch); maxtok<-16
F-00548	5261f029a5264301251b94444e52cfab21db85220966f96fecc73f82e1e98331	0	ACCEPT	0	VERIFY PASS — replay reproduced 3 tokens, the token digest, and the full logit chain bit-for-bit		1	REJECT_CLEAN	0	VERIFY FAIL — strict: line 7: key out of order "cis-digest", canonical order expects "prompt-toks"		qemu_everyday/RECEIPT.TXT; prompt-toks<-'000000000000'; swap9/6
F-00549	f22d29f042359154efe7402370d66bac1bf52bc15bf8087ac2c98fa2ded6bc38	1	REJECT_CLEAN	0	VERIFY FAIL — receipt inputs cannot be replayed: prompt (1429) + max_new (8) exceeds max_position_embeddings (512)		1	REJECT_CLEAN	0	VERIFY FAIL — receipt inputs cannot be replayed: prompt (1429) + max_new (8) exceeds max_position_embeddings (512)		qemu_calc_words/RECEIPT.TXT; prompt-hex<-hex('\ue00f\ue00d̟g😏\x06\ue000\x83ƺ丠\x91\ue00a'..700ch)
F-00550	0a75b7cdaf919f22ce2767eb85729308907b6032eca43c96ba34cef37476e7b6	1	REJECT_CLEAN	0	VERIFY FAIL — malformed receipt: prompt-hex does not decode to UTF-8 text		1	REJECT_CLEAN	0	VERIFY FAIL — strict: line 6 (prompt-hex): does not decode to UTF-8 text		qemu_lookup/RECEIPT.TXT; prompt-hex<-hex('\x9bp与\x8f3\ue00c\ue010ǀ😂\ue00aJ͊'..700ch); del[1241:1253]
F-00551	eaa5b75e05f8d0f86ed5e77d4f3ba25d1f160e8ea1cab74afef19c3593a3ed16	1	REJECT_CLEAN	0	FAIL artifact: EMBED hash mismatch (receipt +1 vs local 8cbcd6b69df03539)		1	REJECT_CLEAN	0	VERIFY FAIL — strict: line 3 (embed): expected 64 lower-case hex digits		qemu_lookup/RECEIPT2.TXT; embed<-'+1'; prompt-hex<-hex('\x9f\x98j乂😞z\x7fH̓3H͆'..60ch)
F-00552	4ca252ec3028133138f75238a07feedd95c1b184f555e21fcc5f25db0caf0d7c	1	REJECT_CLEAN	0	FAIL artifact: VOCAB hash mismatch (receipt  vs local a4cafc9649488987)		1	REJECT_CLEAN	0	VERIFY FAIL — strict: no newline after the last line (exactly one is required)		qemu_abstain/RECEIPT.TXT; trunc@86; trunc@24
F-00553	fb84eaec6a511eb6007dbff1c8b7dadf1c797a9007d321d1cc7d684628469ed3	1	REJECT_CLEAN	0	VERIFY FAIL — malformed receipt: not valid UTF-8		1	REJECT_CLEAN	0	VERIFY FAIL — strict: byte 569: 0xea is not printable ASCII or LF		qemu_calc/RECEIPT2.TXT; del[502:534]; rep@431:0xea; prompt-hex<-hex('\ue006\x90丸\ue008😛\ue007丨,乍"😐\x8f'..60ch)
F-00554	31410f584c63222aa1b8dfaaf092d0e33182a0c03e75688684679957eb45f819	1	REJECT_CLEAN	0	VERIFY FAIL — receipt inputs cannot be replayed: prompt (41) + max_new (500) exceeds max_position_embeddings (512)		1	REJECT_CLEAN	0	VERIFY FAIL — strict: line 6: duplicate key "model", canonical order expects "prompt-hex"		qemu_lookup/RECEIPT2.TXT; dupline1; dupline9; maxtok<-500
F-00555	a49bcdbce5448b633fdb051dc645602ac766e4f7e854c4bc6611682125ed82ef	1	REJECT_CLEAN	0	VERIFY FAIL — malformed receipt: not valid UTF-8		1	REJECT_CLEAN	0	VERIFY FAIL — strict: byte 293: 0xc3 is not printable ASCII or LF		qemu_abstain/RECEIPT.TXT; ins@293:b'\xc3'
F-00556	c75e11d10375e5d07c9a1012e78c132fc98a1cd48a9d67d8cf6499b63b759a2f	1	REJECT_CLEAN	0	VERIFY FAIL — malformed receipt: token id "1756+" is not an unsigned 32-bit integer		1	REJECT_CLEAN	0	VERIFY FAIL — strict: line 7: key out of order "cis-digest", canonical order expects "prompt-toks"		qemu_unknown_tool/RECEIPT.TXT; swap9/6; ins@415:b'+'; dupline1
F-00557	841f3bd55b624f339defcbc6f336e8a514a08627fb73aa4bc93ce3c0f0e840be	1	REJECT_CLEAN	0	FAIL artifact: VOCAB hash mismatch (receipt  vs local a4cafc9649488987)		1	REJECT_CLEAN	0	VERIFY FAIL — strict: no newline after the last line (exactly one is required)		qemu_everyday/RECEIPT.TXT; dupline8; trunc@42
F-00558	4e855bf460f437af4d75d699ad564f2fe38b0cb21cda8c626c5b88b082736424	1	REJECT_CLEAN	0	VERIFY FAIL — replay diverged from the receipt		1	REJECT_CLEAN	0	VERIFY FAIL — strict: no newline after the last line (exactly one is required)		qemu_calc/RECEIPT2.TXT; trunc@256
F-00559	011b389426c78a8f5886d4d47834c856605e7a0a294898e425c06ff919cffb6d	1	REJECT_CLEAN	0	FAIL artifact: MODEL hash mismatch (receipt a44e48965c641b81 vs local a44e48965c641b81)		1	REJECT_CLEAN	0	VERIFY FAIL — strict: byte 117: 0x09 is not printable ASCII or LF		qemu_self/RECEIPT.TXT; ins@0:b'999999999999999999999999999999'; ins@117:b'\t'
F-00560	f2149820d3d4e469a1975c196523e678141469465760ab996567b15070689ae3	1	REJECT_CLEAN	0	FAIL artifact: VOCAB hash mismatch (receipt  vs local a4cafc9649488987)		1	REJECT_CLEAN	0	VERIFY FAIL — strict: blank line at the end (exactly one trailing newline is required)		garbage:newlines
F-00561	c40efaf96009e7e1928be461cd2a2e15fd4b717de482c0120c5e20acb6813a3a	1	REJECT_CLEAN	0	VERIFY FAIL — malformed receipt: prompt-hex does not decode to UTF-8 text		1	REJECT_CLEAN	0	VERIFY FAIL — strict: byte 314: 0x00 is not printable ASCII or LF		qemu_everyday/RECEIPT.TXT; ins@314:b'\x00'; gen-toks<-'1 2'
F-00562	6c15bb8610b9ee545939306e8837d5ce0a02a32e2cdfc568dd6df5977d606fac	1	REJECT_CLEAN	0	VERIFY FAIL — replay diverged from the receipt		1	REJECT_CLEAN	0	VERIFY FAIL — strict: no newline after the last line (exactly one is required)		qemu_calc_words/RECEIPT2.TXT; trunc@524
F-00563	2fa1f57ea37dfdd50f04d8f45e7c13cd97f32a5f5884f73888ef463942eb1ab5	1	REJECT_CLEAN	0	VERIFY FAIL — receipt inputs cannot be replayed: prompt (1524) + max_new (7) exceeds max_position_embeddings (512)		1	REJECT_CLEAN	0	VERIFY FAIL — receipt inputs cannot be replayed: prompt (1524) + max_new (7) exceeds max_position_embeddings (512)		qemu_calc_words/RECEIPT2.TXT; prompt-hex<-hex('ǐH͆ͬ😄乁\x10ͪ乃😞\x86ȕ'..700ch)
F-00564	d8c5635d00fd77341700876c9f4222028345453bbe08ef733971ced10ed10373	1	REJECT_CLEAN	0	VERIFY FAIL — replay diverged from the receipt		1	REJECT_CLEAN	0	VERIFY FAIL — replay diverged from the receipt		qemu_calc/RECEIPT.TXT; maxtok<-16
F-00565	4d4297b2aea26a7dba7bb7cf1afd28885ab8fd91a9a8bc8994ebe70e2456a4b0	1	REJECT_CLEAN	0	VERIFY FAIL — receipt inputs cannot be replayed: prompt (7) + max_new (9223372036854775808) exceeds max_position_embeddings (512)		1	REJECT_CLEAN	0	VERIFY FAIL — strict: line 10 (cis-digest): expected 16 lower-case hex digits		qemu_calc/RECEIPT.TXT; maxtok<-9223372036854775808; prompt-hex<-hex('😄P̙'..3ch); ins@379:b','
F-00566	f79e6c25b6b1eafd553679860b8b515e1147712d5c8ed3b3a1fed36126946a2a	1	REJECT_CLEAN	0	VERIFY FAIL — replay diverged from the receipt		1	REJECT_CLEAN	0	VERIFY FAIL — strict: line 11 (chain): expected 64 lower-case hex digits		qemu_calc_words/RECEIPT2.TXT; rep@522:0x2f
F-00567	22c3dfca6855ccdc69b9d8645dfafd3a278bd2ad8d072da2f07bb865a86e2c88	1	REJECT_CLEAN	0	VERIFY FAIL — malformed receipt: not valid UTF-8		1	REJECT_CLEAN	0	VERIFY FAIL — strict: byte 438: 0x95 is not printable ASCII or LF		qemu_calc/RECEIPT2.TXT; rep@419:0x95; swap9/4; maxtok<-100
F-00568	5bad55e4352399d0dbd7754aee5521132f114bdb7fcf1d37283a06adb4f46a8b	1	REJECT_CLEAN	0	VERIFY FAIL — replay diverged from the receipt		1	REJECT_CLEAN	0	VERIFY FAIL — replay diverged from the receipt		qemu_receipt/RECEIPT.TXT; prompt-hex<-hex('#;'..2ch)
F-00569	4813cef23da888af0422314f1536367c903d30e0e4c0da442b7c307d5a25c53f	1	REJECT_CLEAN	0	VERIFY FAIL — replay diverged from the receipt		1	REJECT_CLEAN	0	VERIFY FAIL — replay diverged from the receipt		qemu_abstain/RECEIPT.TXT; maxtok<-500
F-00570	f2649bc6ac60ca34aea57a61f90f609167ac4e11f076ac71102439ab126c4099	0	ACCEPT	0	VERIFY PASS — replay reproduced 7 tokens, the token digest, and the full logit chain bit-for-bit		1	REJECT_CLEAN	0	VERIFY FAIL — strict: line 7: key out of order "chain", canonical order expects "prompt-toks"		qemu_lookup/RECEIPT.TXT; swap6/10
F-00571	04b19074005a48ad3ec12e00b59ba3ccff46d852755bb4b2d62b3ccb08d5f2b7	1	REJECT_CLEAN	0	VERIFY FAIL — malformed receipt: not valid UTF-8		1	REJECT_CLEAN	0	VERIFY FAIL — strict: byte 178: 0xa8 is not printable ASCII or LF		qemu_calc_words/RECEIPT.TXT; swap7/8; swap7/4; rep@178:0xa8
F-00572	b5ba8d5d7fbe740de3b59e7b8806b6d3e8715edd7e946fb8685152460500fd4c	1	REJECT_CLEAN	0	VERIFY FAIL — replay diverged from the receipt		1	REJECT_CLEAN	0	VERIFY FAIL — strict: line 2: key out of order "gen-toks", canonical order expects "model"		qemu_receipt/RECEIPT.TXT; maxtok<-0; prompt-hex<-hex('ţX\ue000(S😌丌\x1b\ue006\x0c\x86l'..60ch); swap7/1
F-00573	c37f5fa15c8629afbce34d5f57791e298398d30209cba26822c2391fa53639e5	1	REJECT_CLEAN	0	FAIL artifact: VOCAB hash mismatch (receipt a4cafc964 vs local a4cafc9649488987)		1	REJECT_CLEAN	0	VERIFY FAIL — strict: no newline after the last line (exactly one is required)		qemu_calc_words/RECEIPT.TXT; trunc@178
F-00574	cc8b0dac1b7f5810f39aff2e9108dd59676897dc58beae68361581c1bfc5ac5c	1	REJECT_CLEAN	0	VERIFY FAIL — replay diverged from the receipt		1	REJECT_CLEAN	0	VERIFY FAIL — replay diverged from the receipt		qemu_everyday/RECEIPT.TXT; maxtok<-500
F-00575	1a04cb592ee2495b53fa4b40aa317823fb406d032678129e5885fdb64e2cb398	1	REJECT_CLEAN	0	VERIFY FAIL — replay diverged from the receipt		1	REJECT_CLEAN	0	VERIFY FAIL — strict: byte 455: 0xe2 is not printable ASCII or LF		qemu_unknown_tool/RECEIPT.TXT; cis-digest<-'\u202e'; prompt-hex<-hex('̑'..1ch)
F-00576	8d3cfb0d4ef3cc42fc08530fda8369c1fbb3af45488b0fd12be9336539e38eda	1	REJECT_CLEAN	0	VERIFY FAIL — receipt inputs cannot be replayed: prompt tokenized to nothing		1	REJECT_CLEAN	0	VERIFY FAIL — strict: no newline after the last line (exactly one is required)		qemu_lookup/RECEIPT.TXT; del[253:274]; dupline5
F-00577	7b650b99f02274518f28f7e88c56cb37a4c5a1832a49a92d73aad1d7fafa55b5	1	REJECT_CLEAN	0	VERIFY FAIL — replay diverged from the receipt		1	REJECT_CLEAN	0	VERIFY FAIL — strict: line 7 (prompt-toks): expected a decimal integer without sign or leading zeros		qemu_everyday/RECEIPT.TXT; dupline1; prompt-hex<-hex('̒ƹ世\ue001\ue002\x85ŀ丱\r\x87\x99̟'..20ch); prompt-toks<-''
F-00578	1b5f44081970cd6a8deb1b7f1593651a105de7e37ea2070eb41213cc42634636	1	REJECT_CLEAN	0	FAIL artifact: VOCAB hash mismatch (receipt  vs local a4cafc9649488987)		1	REJECT_CLEAN	0	VERIFY FAIL — strict: no newline after the last line (exactly one is required)		qemu_calc/RECEIPT2.TXT; prompt-hex<-hex('̗Tlǆ\x11😄]^͠A乂)'..20ch); rep@139:0x20; trunc@23
F-00579	4bce19a2474a4aed89d0a6c54e8ffc262bf4a0aefb4bf9104640ff64cce4b491	0	ACCEPT	0	VERIFY PASS — replay reproduced 7 tokens, the token digest, and the full logit chain bit-for-bit		1	REJECT_CLEAN	0	VERIFY FAIL — strict: line 7: duplicate key "prompt-hex", canonical order expects "prompt-toks"		qemu_calc_words/RECEIPT2.TXT; dupline5; dupline9; prompt-toks<-'+1'
F-00580	a66ba76da8a9133f61613b05c9b86a71adf8c581788bbc2a81da40a02eb10d42	1	REJECT_CLEAN	0	VERIFY FAIL — malformed receipt: not valid UTF-8		1	REJECT_CLEAN	0	VERIFY FAIL — strict: byte 305: 0xb6 is not printable ASCII or LF		qemu_calc/RECEIPT2.TXT; gen-toks<-'éé'; trunc@406; rep@305:0xb6
F-00581	aed886ca6b74c95282526fdd03e2f31511c635707f26d35d64e118933a2d95f2	1	REJECT_CLEAN	0	VERIFY FAIL — malformed receipt: prompt-hex: byte pair 42 splits a multi-byte character		1	REJECT_CLEAN	0	VERIFY FAIL — strict: byte 340: 0xc3 is not printable ASCII or LF		qemu_abstain/RECEIPT.TXT; ins@340:b'\xc3\xa9'
F-00582	0efb27f31ccfafef477b30fe3bafa25ad31efbab35166603708a69c38d37cb18	0	ACCEPT	0	VERIFY PASS — replay reproduced 3 tokens, the token digest, and the full logit chain bit-for-bit		1	REJECT_CLEAN	0	VERIFY FAIL — strict: line 4: key out of order "cis-digest", canonical order expects "vocab"		qemu_everyday/RECEIPT.TXT; dupline9
F-00583	7afe7004a84ee23259e41d17f471b6c1d4612d1a9b0c49c4d388ef78811ee419	1	REJECT_CLEAN	0	FAIL artifact: VOCAB hash mismatch (receipt 0 vs local a4cafc9649488987)		1	REJECT_CLEAN	0	VERIFY FAIL — strict: no newline after the last line (exactly one is required)		qemu_calc/RECEIPT.TXT; trunc@192; dupline0; vocab<-'0'
F-00584	37b216949fd76118ea5d01b9dff53dde3147bec639d3fae989dac37ec3d66945	0	ACCEPT	0	VERIFY PASS — replay reproduced 9 tokens, the token digest, and the full logit chain bit-for-bit		1	REJECT_CLEAN	0	VERIFY FAIL — strict: line 1: header must be exactly "AEGIS-WITNESS v1-CIS"		qemu_calc/RECEIPT.TXT; swap7/0
F-00585	a374a49d4fa743fc461a9ba3c849ca341308ef43417dd20650c1cb13064b23ef	1	REJECT_CLEAN	0	VERIFY FAIL — replay diverged from the receipt		1	REJECT_CLEAN	0	VERIFY FAIL — strict: gen-toks 30 does not equal the token-ids count 0		qemu_self/RECEIPT.TXT; token-ids<-''
F-00586	0a3aa938d54eb17a0cd3d09e6e65f71e139f110e08a27428492d2781d062d2d0	1	REJECT_CLEAN	0	VERIFY FAIL — malformed receipt: not valid UTF-8		1	REJECT_CLEAN	0	VERIFY FAIL — strict: byte 176: 0x91 is not printable ASCII or LF		qemu_calc/RECEIPT2.TXT; prompt-hex<-hex('\ue007Z\ue010I3'..5ch); del[166:187]; rep@176:0x91
F-00587	bb2434c82bb4f2415309e81a692d3b05a5af2d3891c2930ce68ac9375ba90892	1	REJECT_CLEAN	0	VERIFY FAIL — receipt inputs cannot be replayed: prompt (19) + max_new (9223372036854775807) exceeds max_position_embeddings (512)		1	REJECT_CLEAN	0	VERIFY FAIL — strict: no newline after the last line (exactly one is required)		qemu_receipt/RECEIPT.TXT; swap3/11; maxtok<-9223372036854775807
F-00588	22debf0602e93ff86bdc71c82e2f5200b82ca6a57ac334553313d34e5a3844c6	0	ACCEPT	0	VERIFY PASS — replay reproduced 3 tokens, the token digest, and the full logit chain bit-for-bit		1	REJECT_CLEAN	0	VERIFY FAIL — strict: line 10: unknown key "AEGIS-WITNESS", canonical order expects "cis-digest"		qemu_everyday/RECEIPT.TXT; dupline0; maxtok<-3
F-00589	c0f3049e413278b239130b5c66568283f1aa04f32dedc80dafbf4e59020687c7	1	REJECT_CLEAN	0	VERIFY FAIL — malformed receipt: token id "aé" is not an unsigned 32-bit integer		1	REJECT_CLEAN	0	VERIFY FAIL — strict: byte 423: 0xc3 is not printable ASCII or LF		qemu_receipt/RECEIPT.TXT; trunc@636; gen-toks<-'0'; token-ids<-'aé'
F-00590	f00c8339f921675d82946b733eee2766f96789150a566da0b911c963e122effd	1	REJECT_CLEAN	0	VERIFY FAIL — malformed receipt: not valid UTF-8		1	REJECT_CLEAN	0	VERIFY FAIL — strict: byte 170: 0xdf is not printable ASCII or LF		qemu_self/RECEIPT.TXT; maxtok<-500; rep@170:0xdf; prompt-hex<-hex('\ue00c ̕MĚ'..5ch)
F-00591	d7d990f25655e9e8da53646ce969ab6489a64b141ca8ddfe7c16da2fed30e8e4	1	REJECT_CLEAN	0	FAIL artifact: VOCAB hash mismatch (receipt -a4cafc964948898 vs local a4cafc9649488987)		1	REJECT_CLEAN	0	VERIFY FAIL — strict: line 1: header must be exactly "AEGIS-WITNESS v1-CIS"		qemu_unknown_tool/RECEIPT.TXT; trunc@480; AEGIS-WITNESS<-',,'; ins@165:b'-'
F-00592	85ebec34eba47d4566d78cf9d3d2891328ac10112c549ed5d8563b527e611936	1	REJECT_CLEAN	0	VERIFY FAIL — malformed receipt: maxtok is not an unsigned integer		1	REJECT_CLEAN	0	VERIFY FAIL — strict: byte 241: 0xc3 is not printable ASCII or LF		qemu_calc_words/RECEIPT2.TXT; prompt-hex<-hex('😞\ue008'..2ch); maxtok<-'é'
F-00593	4e535eb6363643d838d6fdb2b908f15c3fe14f340a6d2cfc7afee0c6badbc347	1	REJECT_CLEAN	0	FAIL artifact: VOCAB hash mismatch (receipt xxxxxxxxxxxxxxxx vs local a4cafc9649488987)		1	REJECT_CLEAN	0	VERIFY FAIL — strict: line 4 (vocab): expected 64 lower-case hex digits		qemu_calc_words/RECEIPT2.TXT; vocab<-'xxxxxxxxxxxx'
F-00594	2bef250e32bf97cd5c2862b1434e6e3b9cda060354b04ab930a4371b499caf64	1	REJECT_CLEAN	0	FAIL artifact: EMBED hash mismatch (receipt FF vs local 8cbcd6b69df03539)		1	REJECT_CLEAN	0	VERIFY FAIL — strict: line 3 (embed): expected 64 lower-case hex digits		qemu_calc/RECEIPT.TXT; embed<-'FF'
F-00595	3d37b05bbd5ecf966ee07f07ea93c88a55ed2c9cb8795e8b9244279a07dfa9b0	1	REJECT_CLEAN	0	VERIFY FAIL — replay diverged from the receipt		1	REJECT_CLEAN	0	VERIFY FAIL — strict: byte 384: 0x09 is not printable ASCII or LF		qemu_everyday/RECEIPT.TXT; cis-digest<-'\t'
F-00596	d1e488c6c7a252cb431c32fc2921b899f5071223bdc48b69476e40cf238a6e85	1	REJECT_CLEAN	0	VERIFY FAIL — replay diverged from the receipt		1	REJECT_CLEAN	0	VERIFY FAIL — replay diverged from the receipt		qemu_self/RECEIPT.TXT; prompt-hex<-hex('\x9f😌̪'..3ch)
F-00597	d7428836c8f985a74467ee97d23d2aa7a958fa1a12019d957ba195fbad0528ee	1	REJECT_CLEAN	0	VERIFY FAIL — malformed receipt: not valid UTF-8		1	REJECT_CLEAN	0	VERIFY FAIL — strict: byte 41: 0xb1 is not printable ASCII or LF		qemu_abstain/RECEIPT.TXT; maxtok<-300; del[148:188]; rep@41:0xb1
F-00598	cad74ca1d13250a70143772c32d1cf31c559b108578d1e7f5b528c1e6337c87c	1	REJECT_CLEAN	0	VERIFY FAIL — replay diverged from the receipt		1	REJECT_CLEAN	0	VERIFY FAIL — strict: line 8: expected "gen-toks <value>"		qemu_calc_words/RECEIPT.TXT; del[320:348]
F-00599	fd92c2c0e2c0d2b608e7efd17d3b9815ea1fb59e32aff33342dab7f5ad8897ba	1	REJECT_CLEAN	0	VERIFY FAIL — replay diverged from the receipt		1	REJECT_CLEAN	0	VERIFY FAIL — strict: byte 254: 0xc3 is not printable ASCII or LF		qemu_lookup/RECEIPT.TXT; prompt-hex<-'éé'; dupline7
F-00600	7533eb155854b6b185c81a7deb57825c5cb696b86792809b7184e1acc9f753ec	1	REJECT_CLEAN	0	VERIFY FAIL — malformed receipt: not valid UTF-8		1	REJECT_CLEAN	0	VERIFY FAIL — strict: byte 0: 0xf4 is not printable ASCII or LF		garbage:rand
F-00601	4aca415780a66289feb363d54ba07d90a4e18e876ab7546cb203e2c3919aa1f0	1	REJECT_CLEAN	0	FAIL artifact: EMBED hash mismatch (receipt 8cbc53349c5bb577 vs local 8cbcd6b69df03539)		1	REJECT_CLEAN	0	VERIFY FAIL — strict: no newline after the last line (exactly one is required)		qemu_calc/RECEIPT.TXT; trunc@238; del[102:139]
F-00602	9691f71224015bb1262e5209327509b05b6603c552dc30a8b6272e3e168abe03	0	ACCEPT	0	VERIFY PASS — replay reproduced 7 tokens, the token digest, and the full logit chain bit-for-bit		1	REJECT_CLEAN	0	VERIFY FAIL — strict: line 9: duplicate key "model", canonical order expects "token-ids"		qemu_calc_words/RECEIPT2.TXT; dupline1
F-00603	ebdea5ba68bbf6ef3b27ad8abdb1bda77d71ac29fcd750b1c95e9d0f2cfa9bb7	1	REJECT_CLEAN	0	FAIL artifact: EMBED hash mismatch (receipt 8cbcd6b69df0-353 vs local 8cbcd6b69df03539)		1	REJECT_CLEAN	0	VERIFY FAIL — strict: line 3 (embed): expected 64 lower-case hex digits		qemu_calc/RECEIPT2.TXT; ins@110:b'-'; swap5/3
F-00604	e34e1c74137b573503289d4582dea614cac4eb3fc915d7f786c2727cd8a9f12b	1	REJECT_CLEAN	0	VERIFY FAIL — replay diverged from the receipt		1	REJECT_CLEAN	0	VERIFY FAIL — strict: line 10: expected "cis-digest <value>"		qemu_abstain/RECEIPT.TXT; ins@390:b'\n'
F-00605	ee9b6638deb1f069e27fa2307fbf626c211f29af61730a001c374e471a51e521	1	REJECT_CLEAN	0	VERIFY FAIL — malformed receipt: not valid UTF-8		1	REJECT_CLEAN	0	VERIFY FAIL — strict: byte 18: 0xc3 is not printable ASCII or LF		qemu_lookup/RECEIPT.TXT; ins@18:b'\xc3'; ins@199:b'\x00'; swap4/7
F-00606	15da4e1f3409def8fc50b74c7d634e89e9ac33f357bd488c124e33822cf8eb61	1	REJECT_CLEAN	0	VERIFY FAIL — replay diverged from the receipt		1	REJECT_CLEAN	0	VERIFY FAIL — replay diverged from the receipt		qemu_lookup/RECEIPT2.TXT; prompt-hex<-hex('\ue005\x98Ǟ😕\x95丄😛̈\x06̑😎G'..200ch)
F-00607	e1068188aaac83828fef64a9f8d1defaa9fc386514e9dd3dde2063cdca53a341	1	REJECT_CLEAN	0	VERIFY FAIL — replay diverged from the receipt		1	REJECT_CLEAN	0	VERIFY FAIL — strict: line 8 (gen-toks): expected a decimal integer without sign or leading zeros		qemu_calc_words/RECEIPT.TXT; del[330:353]
F-00608	4a20bdec18b95314914a0af2920cb05f5d12e67f9610b9a50e90732b2921486f	0	ACCEPT	0	VERIFY PASS — replay reproduced 50 tokens, the token digest, and the full logit chain bit-for-bit		1	REJECT_CLEAN	0	VERIFY FAIL — strict: line 4: unknown key "AEGIS-WITNESS", canonical order expects "vocab"		qemu_receipt/RECEIPT.TXT; dupline0
F-00609	31f9b9902b3bba3a3587075a1ed544d24ba376d2ac530cd166bf1990bca0d387	1	REJECT_CLEAN	0	VERIFY FAIL — malformed receipt: token id "1\u{f}" is not an unsigned 32-bit integer		1	REJECT_CLEAN	0	VERIFY FAIL — strict: byte 423: 0x0f is not printable ASCII or LF		qemu_abstain/RECEIPT.TXT; swap7/11; del[543:579]; rep@423:0x0f
F-00610	5f5bb2144fc1569dbac9ea30f6e952a1ce84cece5716ca12c00ad92f0b9201eb	0	ACCEPT	0	VERIFY PASS — replay reproduced 7 tokens, the token digest, and the full logit chain bit-for-bit		1	REJECT_CLEAN	0	VERIFY FAIL — strict: byte 14: 0xc3 is not printable ASCII or LF		qemu_lookup/RECEIPT.TXT; AEGIS-WITNESS<-'éé'; prompt-toks<-'184467440737'
F-00611	56d827896c61133a3fa79f1dc2be30d68a08a43df1e7f121cdf914a0a5ae1450	1	REJECT_CLEAN	0	FAIL artifact: MODEL hash mismatch (receipt  vs local a44e48965c641b81)		1	REJECT_CLEAN	0	VERIFY FAIL — strict: line 1: header must be exactly "AEGIS-WITNESS v1-CIS"		qemu_calc_words/RECEIPT2.TXT; del[51:58]; del[18:45]; prompt-hex<-hex('\x1b\x8b😘\x02😖G¥\r丙\ue00b\ue00eU'..200ch)
F-00612	0b24285813fe2d861f873d9aa3be1250487efcf045f91bf398c2360b660bebfa	1	REJECT_CLEAN	0	VERIFY FAIL — replay diverged from the receipt		1	REJECT_CLEAN	0	VERIFY FAIL — replay diverged from the receipt		qemu_lookup/RECEIPT2.TXT; prompt-hex<-hex('😃\x1bO\ue002.Ȣ\x1bGƝ̱丅Ŝ'..200ch)
F-00613	b12cfa4066af753089f70075c6c74f8e07a90288ffa837c22a840535e2260005	1	REJECT_CLEAN	0	VERIFY FAIL — replay diverged from the receipt		1	REJECT_CLEAN	0	VERIFY FAIL — strict: line 10 (cis-digest): expected 16 lower-case hex digits		qemu_calc_words/RECEIPT2.TXT; cis-digest<-'1,2,'; rep@308:0x99; prompt-hex<-hex('m\x81'..2ch)
F-00614	79338b0db6ca6dd3c10a576e6f8a67f53565e7c107cce9226acad90ee10956c7	1	REJECT_CLEAN	0	FAIL artifact: VOCAB hash mismatch (receipt  vs local a4cafc9649488987)		1	REJECT_CLEAN	0	VERIFY FAIL — strict: no newline after the last line (exactly one is required)		qemu_receipt/RECEIPT.TXT; gen-toks<-'00'; trunc@159; del[17:25]
F-00615	3e0e0d426d0ce27f4e15739102aaee51d08ddbbf4364841cf9475aa3c9167eda	1	REJECT_CLEAN	0	FAIL artifact: EMBED hash mismatch (receipt éé vs local 8cbcd6b69df03539)		1	REJECT_CLEAN	0	VERIFY FAIL — strict: byte 38: 0xc3 is not printable ASCII or LF		qemu_lookup/RECEIPT.TXT; embed<-'éé'; model<-'1,,2'
F-00616	1654bdc891beec211d745a651d6266e7860ae15db40efb52b8e617187d2d6f88	1	REJECT_CLEAN	0	VERIFY FAIL — receipt inputs cannot be replayed: prompt tokenized to nothing		1	REJECT_CLEAN	0	VERIFY FAIL — strict: line 6: unknown key "pr*mpt-hex", canonical order expects "prompt-hex"		qemu_lookup/RECEIPT2.TXT; rep@246:0x2a; dupline9
F-00617	b1696dd8f67f21c9b4ba7a564bdd334312ba03b9afacaec7309634d29132f988	1	REJECT_CLEAN	0	VERIFY FAIL — replay diverged from the receipt		1	REJECT_CLEAN	0	VERIFY FAIL — replay diverged from the receipt		qemu_calc/RECEIPT2.TXT; prompt-hex<-hex('丁ͭ'..2ch)
F-00618	e11d62cbe6da8bbb4cfac570367c5b0cfb0ee761b5e59514ebed2f27f1054c5d	1	REJECT_CLEAN	0	VERIFY FAIL — replay diverged from the receipt		1	REJECT_CLEAN	0	VERIFY FAIL — strict: byte 14: 0xe2 is not printable ASCII or LF		qemu_calc/RECEIPT2.TXT; AEGIS-WITNESS<-'\u202e'; chain<-'-1'; chain<-'1 2'
F-00619	5524de3e16c9f23adb7d7efd18fb6221537b11db4b50b417bf400d12a584024e	1	REJECT_CLEAN	0	VERIFY FAIL — replay diverged from the receipt		1	REJECT_CLEAN	0	VERIFY FAIL — strict: no newline after the last line (exactly one is required)		qemu_lookup/RECEIPT2.TXT; del[523:548]; trunc@612; swap4/6
F-00620	0f1a18378792af9f89a07d7052acd649a93c16bef61bb417c8d2561644274540	1	REJECT_CLEAN	0	VERIFY FAIL — replay diverged from the receipt		1	REJECT_CLEAN	0	VERIFY FAIL — strict: line 8: expected "gen-toks <value>"		qemu_abstain/RECEIPT.TXT; del[364:386]
F-00621	d5f0b70ba308b62e57f4a8feacc80c660e19fa2c5afac8be2816a25f48355d88	1	REJECT_CLEAN	0	FAIL artifact: MODEL hash mismatch (receipt 1 2 vs local a44e48965c641b81)		1	REJECT_CLEAN	0	VERIFY FAIL — strict: line 2 (model): expected 64 lower-case hex digits		qemu_lookup/RECEIPT2.TXT; model<-'1 2'; swap7/6
F-00622	f1bb6221b6f011a4801f7924b5148cfe8a0885a5bb78c1836664a8ed9a91bf7e	1	REJECT_CLEAN	0	VERIFY FAIL — replay diverged from the receipt		1	REJECT_CLEAN	0	VERIFY FAIL — strict: byte 495: carriage return (CRLF line endings are not canonical)		qemu_self/RECEIPT.TXT; ins@495:b'\r\n'; ins@649:b'\n'
F-00623	2dd07f5d54b5e3c69d070e8322b9e77133a50025829a7b9e73e11f3b83190792	1	REJECT_CLEAN	0	FAIL artifact: VOCAB hash mismatch (receipt a4cafc9649488987 vs local a4cafc9649488987)		1	REJECT_CLEAN	0	VERIFY FAIL — strict: line 4 (vocab): expected 64 lower-case hex digits		qemu_receipt/RECEIPT.TXT; ins@222:b'\n'
F-00624	86c878358948107d0093e5f84bac3266f5926a0da0777726838e1b74ab63fd55	1	REJECT_CLEAN	0	VERIFY FAIL — malformed receipt: not valid UTF-8		1	REJECT_CLEAN	0	VERIFY FAIL — strict: byte 264: 0xc3 is not printable ASCII or LF		qemu_calc/RECEIPT.TXT; prompt-hex<-hex('Ŷͧ\ue00cW̪Àl\x0b'..8ch); ins@264:b'\xc3'
F-00625	aa9a7f681acd0d0a105559e3b1721c15292d44ba2cde8e3fae1e4e3ce55ad0db	0	ACCEPT	0	VERIFY PASS — replay reproduced 30 tokens, the token digest, and the full logit chain bit-for-bit		1	REJECT_CLEAN	0	VERIFY FAIL — strict: byte 414: 0x09 is not printable ASCII or LF		qemu_self/RECEIPT.TXT; prompt-toks<-'\t'; dupline7
F-00626	5775fc80597f067709298732c2232967fc02a2584a70ceba48260c8f988bc993	1	REJECT_CLEAN	0	FAIL artifact: MODEL hash mismatch (receipt ffffffffffffffff vs local a44e48965c641b81)		1	REJECT_CLEAN	0	FAIL artifact: MODEL hash mismatch (receipt ffffffffffffffff vs local a44e48965c641b81)		qemu_unknown_tool/RECEIPT.TXT; model<-'ffffffffffff'
F-00627	063a9c540c759203b606b6fb43283953f7b10125e316ffbc7852a0c7e6862df5	0	ACCEPT	0	VERIFY PASS — replay reproduced 35 tokens, the token digest, and the full logit chain bit-for-bit		1	REJECT_CLEAN	0	VERIFY FAIL — strict: byte 320: 0xc3 is not printable ASCII or LF		qemu_unknown_tool/RECEIPT.TXT; gen-toks<-'aéé'
F-00628	3c5c43e5f9d797fc0ddaccb03aba7eb0a813f09963ebc000e3df53fce6f1e842	1	REJECT_CLEAN	0	FAIL artifact: MODEL hash mismatch (receipt 4294967296 vs local a44e48965c641b81)		1	REJECT_CLEAN	0	VERIFY FAIL — strict: line 2 (model): expected 64 lower-case hex digits		qemu_everyday/RECEIPT.TXT; model<-'4294967296'; dupline3
F-00629	4dca9cce985052174d5836af109ce3eccb74dbdf67c771d5ac2af73a3e32dc7b	1	REJECT_CLEAN	0	VERIFY FAIL — replay diverged from the receipt		1	REJECT_CLEAN	0	VERIFY FAIL — strict: line 1: header must be exactly "AEGIS-WITNESS v1-CIS"		qemu_calc_words/RECEIPT2.TXT; rep@0:0x5e; prompt-hex<-hex('ͅ '..2ch)
F-00630	a814b8471ac28955b93cfdd727cb954def6cc93d3463d8517aa72a42f90cda4f	1	REJECT_CLEAN	0	VERIFY FAIL — receipt inputs cannot be replayed: prompt (3) + max_new (4294967296) exceeds max_position_embeddings (512)		1	REJECT_CLEAN	0	VERIFY FAIL — receipt inputs cannot be replayed: prompt (3) + max_new (4294967296) exceeds max_position_embeddings (512)		qemu_calc/RECEIPT.TXT; maxtok<-'0'; maxtok<-4294967296; prompt-hex<-hex('̻\x1e'..2ch)
F-00631	ed7fa23d99ab07e2b91a61c9ead9be8dca06d053e80ff5dea797a23670b6cf22	1	REJECT_CLEAN	0	FAIL artifact: MODEL hash mismatch (receipt a44e48965c641b81 vs local a44e48965c641b81)		1	REJECT_CLEAN	0	FAIL artifact: MODEL hash mismatch (receipt a44e48965c641b81 vs local a44e48965c641b81)		qemu_lookup/RECEIPT2.TXT; rep@87:0x31; prompt-hex<-hex('\ue00c\x85'..2ch)
F-00632	8225b61ac70e3a58a215b9f9c33709e655f55db27f108358b8f9fbf66c2d9eca	1	REJECT_CLEAN	0	VERIFY FAIL — replay diverged from the receipt		1	REJECT_CLEAN	0	VERIFY FAIL — replay diverged from the receipt		qemu_unknown_tool/RECEIPT.TXT; prompt-hex<-hex('Ƨ'..1ch)
F-00633	81c174c52c2fc56627e77274c03dc9b78a726f59666c70763416422a5bf20057	1	REJECT_CLEAN	0	VERIFY FAIL — receipt inputs cannot be replayed: prompt (1505) + max_new (30) exceeds max_position_embeddings (512)		1	REJECT_CLEAN	0	VERIFY FAIL — receipt inputs cannot be replayed: prompt (1505) + max_new (30) exceeds max_position_embeddings (512)		qemu_self/RECEIPT.TXT; prompt-hex<-hex('\x9b\ue00cǶȤŀh\ue004😟"丿ê下'..700ch)
F-00634	a5783e18d91ca63b50e15b879e1419ff2065fc52af9638ea8005db1d7b20354b	1	REJECT_CLEAN	0	FAIL artifact: VOCAB hash mismatch (receipt  vs local a4cafc9649488987)		1	REJECT_CLEAN	0	VERIFY FAIL — strict: truncated: line 3 (embed) is missing		qemu_calc/RECEIPT2.TXT; cis-digest<-'1 2'; prompt-hex<-hex('q😁8\n久'..5ch); trunc@92
F-00635	96a13a61af00936694cf610bb0a9da6311829ba5484fa212394043ea77ecba16	1	REJECT_CLEAN	0	VERIFY FAIL — replay diverged from the receipt		1	REJECT_CLEAN	0	VERIFY FAIL — strict: line 11 (chain): expected 64 lower-case hex digits		qemu_receipt/RECEIPT.TXT; dupline9; prompt-hex<-hex('\ue00e\x8e[\ue00e为'..5ch); chain<-'1 2'
F-00636	85e5c96c9b4e0959ab6752dfa360aac01a1961c38f17d7454b7797f99acb5407	1	REJECT_CLEAN	0	FAIL artifact: VOCAB hash mismatch (receipt a4cafc9649488987 vs local a4cafc9649488987)		1	REJECT_CLEAN	0	VERIFY FAIL — strict: line 1: header must be exactly "AEGIS-WITNESS v1-CIS"		qemu_lookup/RECEIPT2.TXT; swap10/0; ins@1:b'g'; del[265:269]
F-00637	98ab7bb9e2ebdae01bcbf446d280d498cdce984c86eb0fd72b27f0c15c0bf273	1	REJECT_CLEAN	0	VERIFY FAIL — malformed receipt: not valid UTF-8		1	REJECT_CLEAN	0	VERIFY FAIL — strict: byte 195: 0xef is not printable ASCII or LF		qemu_abstain/RECEIPT.TXT; rep@195:0xef
F-00638	0b715f4057f386a8f3bdc21223d2963445515ea2ef89978a657fda7c6bc1e375	1	REJECT_CLEAN	0	FAIL artifact: VOCAB hash mismatch (receipt a4cafc9649488987 vs local a4cafc9649488987)		1	REJECT_CLEAN	0	VERIFY FAIL — strict: line 4 (vocab): expected 64 lower-case hex digits		qemu_calc/RECEIPT.TXT; dupline11; maxtok<-'aéé'; del[213:249]
F-00639	8d38e0ca2eb368522bc3720cf295da08c41249f7df25da3b743d1d945c43f0e8	1	REJECT_CLEAN	0	VERIFY FAIL — malformed receipt: token id "\u{1e}60" is not an unsigned 32-bit integer		1	REJECT_CLEAN	0	VERIFY FAIL — strict: byte 441: 0x1e is not printable ASCII or LF		qemu_unknown_tool/RECEIPT.TXT; rep@458:0x1e; del[217:234]
F-00640	143db4ec5938c13e6b0c87edfa930560a118973816dd96b0f252b430fccdb817	1	REJECT_CLEAN	0	VERIFY FAIL — malformed receipt: not valid UTF-8		1	REJECT_CLEAN	0	VERIFY FAIL — strict: byte 0: 0xff is not printable ASCII or LF		garbage:highbytes
F-00641	1d2a6b994d9e99b36fa22732a8ce1d9816bc02d9c07a80bc052a3c6a96540abb	1	REJECT_CLEAN	0	FAIL artifact: MODEL hash mismatch (receipt éé vs local a44e48965c641b81)		1	REJECT_CLEAN	0	VERIFY FAIL — strict: byte 27: 0xc3 is not printable ASCII or LF		qemu_calc_words/RECEIPT2.TXT; model<-'éé'
F-00642	105a120dd7f457a090175ea1573012afb4d03c5e23bd413b88a7d7f98ba6fc8c	1	REJECT_CLEAN	0	VERIFY FAIL — replay diverged from the receipt		1	REJECT_CLEAN	0	VERIFY FAIL — replay diverged from the receipt		qemu_calc_words/RECEIPT2.TXT; prompt-hex<-hex('̶eC\ņ̗̕😚\ue007丣\x87\x82'..20ch); ins@296:b'Z'; prompt-hex<-hex('|U\ue007\ue00d丘丨ħ\ue000\x1b\x897f'..60ch)
F-00643	d0193edf4e6f6c0e232914e5f28b30c81476f37a0bd6a5beff6f09a8bf13cf71	1	REJECT_CLEAN	0	VERIFY FAIL — replay diverged from the receipt		1	REJECT_CLEAN	0	VERIFY FAIL — strict: line 8: expected "gen-toks <value>"		qemu_abstain/RECEIPT.TXT; del[364:393]; prompt-hex<-hex('\ue00c+Ȋ'..3ch)
F-00644	0db5b8b85edec2479a40080b3a7fdffcf280cc76d3985d685cfefb534332163a	1	REJECT_CLEAN	0	VERIFY FAIL — replay diverged from the receipt		1	REJECT_CLEAN	0	VERIFY FAIL — strict: no newline after the last line (exactly one is required)		qemu_self/RECEIPT.TXT; prompt-hex<-hex(',\x07'..2ch); trunc@459; prompt-hex<-'184467440737'
F-00645	24993eb4a3d1a39e9fe49ba58581620d92dad0eace1604a6a08a725d2929b2b2	1	REJECT_CLEAN	0	VERIFY FAIL — malformed receipt: prompt-hex: byte pair 0 splits a multi-byte character		1	REJECT_CLEAN	0	VERIFY FAIL — strict: byte 223: 0xed is not printable ASCII or LF		qemu_calc/RECEIPT.TXT; del[371:403]; prompt-hex<-'\ud7ff'; del[177:208]
F-00646	cc9e5630da56b82967ed2900c9bcbc4e11fb031861a18eb9ba5fdd60e55ed923	1	REJECT_CLEAN	0	VERIFY FAIL — replay diverged from the receipt		1	REJECT_CLEAN	0	VERIFY FAIL — strict: line 4: key out of order "maxtok", canonical order expects "vocab"		qemu_calc_words/RECEIPT.TXT; gen-toks<-''; cis-digest<-'+1'; swap3/4
F-00647	15fadae5550f8078a3555519e491f6cac7f0c7ae2877964f2a84fcc1dfa83eab	1	REJECT_CLEAN	0	FAIL artifact: MODEL hash mismatch (receipt  vs local a44e48965c641b81)		1	REJECT_CLEAN	0	VERIFY FAIL — strict: line 2: unknown key "modelg", canonical order expects "model"		qemu_everyday/RECEIPT.TXT; prompt-hex<-hex('丳14丑X😙😊$'..8ch); prompt-hex<-hex('9\ue006😔\r\x99\x9b%😋'..8ch); ins@26:b'g'
F-00648	ad2cb027b178b0d5cc1f6238963755af87994faca6d02a55466487f223996a41	1	REJECT_CLEAN	0	FAIL artifact: VOCAB hash mismatch (receipt a4ca87a8eb053476 vs local a4cafc9649488987)		1	REJECT_CLEAN	0	VERIFY FAIL — strict: line 2 (model): expected 64 lower-case hex digits		qemu_self/RECEIPT.TXT; del[54:60]; prompt-hex<-hex('😒😘'..2ch); del[167:177]
F-00649	e423e9a0cefa595ef8a8e717e7c4ff24854c52b6d387955f86885528a87af2bc	1	REJECT_CLEAN	0	FAIL artifact: EMBED hash mismatch (receipt 1844674407370955 vs local 8cbcd6b69df03539)		1	REJECT_CLEAN	0	VERIFY FAIL — strict: line 3 (embed): expected 64 lower-case hex digits		qemu_abstain/RECEIPT.TXT; embed<-'184467440737'
F-00650	5b0cde8e126f80d3090eebd4a51731c63778aa667d35aa078733bec007708d51	1	REJECT_CLEAN	0	FAIL artifact: VOCAB hash mismatch (receipt a4cafc9649488987 vs local a4cafc9649488987)		1	REJECT_CLEAN	0	VERIFY FAIL — strict: line 4 (vocab): expected 64 lower-case hex digits		qemu_receipt/RECEIPT.TXT; del[195:201]
F-00651	f16290e57d3a1fe1f6887ca7467f210d40d3513eaeb7afcdce017f9f8e19ea87	1	REJECT_CLEAN	0	FAIL artifact: VOCAB hash mismatch (receipt a4cafc9649488987 vs local a4cafc9649488987)		1	REJECT_CLEAN	0	VERIFY FAIL — strict: byte 196: 0xe2 is not printable ASCII or LF		qemu_lookup/RECEIPT2.TXT; ins@196:b'\xe2\x80\xae'
F-00652	f3af1e27eaa7986db41b0cd1af41f2c268837c31b762e2556e9d28597576a93e	1	REJECT_CLEAN	0	FAIL artifact: VOCAB hash mismatch (receipt   vs local a4cafc9649488987)		1	REJECT_CLEAN	0	VERIFY FAIL — strict: byte 169: 0x00 is not printable ASCII or LF		qemu_unknown_tool/RECEIPT.TXT; prompt-hex<-'1,,2'; vocab<-'\x00'; del[252:266]
F-00653	2d814b857053f2c587b3e08f65d8043aabed6a3e4b79f33dccdf6e80c9f2c93f	1	REJECT_CLEAN	0	VERIFY FAIL — receipt inputs cannot be replayed: prompt (13) + max_new (4096) exceeds max_position_embeddings (512)		1	REJECT_CLEAN	0	VERIFY FAIL — strict: no newline after the last line (exactly one is required)		qemu_calc/RECEIPT.TXT; maxtok<-4096; swap11/10
F-00654	a287e8154c149382c5db6dc7b25962ea51e9c85184e012b83d87f97df8fe8d71	1	REJECT_CLEAN	0	FAIL artifact: VOCAB hash mismatch (receipt  vs local a4cafc9649488987)		1	REJECT_CLEAN	0	VERIFY FAIL — strict: no newline after the last line (exactly one is required)		qemu_lookup/RECEIPT.TXT; maxtok<-4096; trunc@105
F-00655	e5fa29863ef64f058868e45b37ef9311d1a6c5eecc08033f51ebd8ba766740da	1	REJECT_CLEAN	0	FAIL artifact: EMBED hash mismatch (receipt aéé vs local 8cbcd6b69df03539)		1	REJECT_CLEAN	0	VERIFY FAIL — strict: byte 99: 0xc3 is not printable ASCII or LF		qemu_everyday/RECEIPT.TXT; embed<-'aéé'; dupline1
F-00656	5a0e0b22a1456f66f478648dd8900c5e691c6c5282ed2845813079ecb429ca51	1	REJECT_CLEAN	0	VERIFY FAIL — replay diverged from the receipt		1	REJECT_CLEAN	0	VERIFY FAIL — replay diverged from the receipt		qemu_everyday/RECEIPT.TXT; prompt-hex<-hex('Ǟ'..1ch)
F-00657	dd6452f8e2dd2d7847b1ae598d32120d3da73871d2ca051a1fe240bee862b613	1	REJECT_CLEAN	0	VERIFY FAIL — replay diverged from the receipt		1	REJECT_CLEAN	0	VERIFY FAIL — strict: line 7 (prompt-toks): expected a decimal integer without sign or leading zeros		qemu_calc/RECEIPT2.TXT; prompt-toks<-'1,,2'; ins@542:b'+'
F-00658	ffbc65b3fea6d8119289048e34cf5ee57a9fc5e09759e67532e8b4cc110605c1	1	REJECT_CLEAN	0	VERIFY FAIL — replay diverged from the receipt		1	REJECT_CLEAN	0	VERIFY FAIL — strict: no newline after the last line (exactly one is required)		qemu_self/RECEIPT.TXT; trunc@603
F-00659	620bcef84e06f0916e2fff9a50afc1b9735ffb7a7b094bb35647b5e70b2953cd	1	REJECT_CLEAN	0	VERIFY FAIL — malformed receipt: prompt-hex does not decode to UTF-8 text		1	REJECT_CLEAN	0	VERIFY FAIL — strict: line 6 (prompt-hex): does not decode to UTF-8 text		qemu_abstain/RECEIPT.TXT; cis-digest<-'-1'; prompt-hex<-hex('̑\ue007😑\x9b\x01😔么\ue00f̥̎b\x17'..60ch); del[396:416]
F-00660	b49cbff52d44cfbb269f889c551ac733390dcdd0a1b3b1cdbc1a49c3003936e2	1	REJECT_CLEAN	0	VERIFY FAIL — replay diverged from the receipt		1	REJECT_CLEAN	0	VERIFY FAIL — strict: byte 471: carriage return (CRLF line endings are not canonical)		qemu_lookup/RECEIPT2.TXT; AEGIS-WITNESS<-'000000000000'; maxtok<-2; ins@471:b'\r\n'
F-00661	97892d7370bfe21f3f7c726d8cdb0aae033c59a3ef44ca9d6157c25836c5fbed	1	REJECT_CLEAN	0	FAIL artifact: EMBED hash mismatch (receipt ‮ vs local 8cbcd6b69df03539)		1	REJECT_CLEAN	0	VERIFY FAIL — strict: byte 93: 0xe2 is not printable ASCII or LF		qemu_calc_words/RECEIPT2.TXT; AEGIS-WITNESS<-'-'; embed<-'\u202e'; dupline5
F-00662	a2d17653cc3647b59469d7a492442cafcc63b040b955d187a0e31c45729b794b	1	REJECT_CLEAN	0	FAIL artifact: VOCAB hash mismatch (receipt 4294967296 vs local a4cafc9649488987)		1	REJECT_CLEAN	0	VERIFY FAIL — strict: line 4 (vocab): expected 64 lower-case hex digits		qemu_unknown_tool/RECEIPT.TXT; prompt-hex<-hex('[̶😇J\x85q😑😟`\x0e\x15\ue007'..60ch); vocab<-'4294967296'; prompt-hex<-'1,2,'
F-00663	a1ee2bd03f4807d15c342ed80ce7c1ff910d4b4f8ab9212bba3e45fe2ba77ce4	1	REJECT_CLEAN	0	VERIFY FAIL — malformed receipt: not valid UTF-8		1	REJECT_CLEAN	0	VERIFY FAIL — strict: byte 308: 0xc2 is not printable ASCII or LF		qemu_self/RECEIPT.TXT; ins@175:b'+'; rep@308:0xc2
F-00664	1b7aa2be697cd0f32d68d12bf54e130a42fdb018edbc2bde6e2962dd850c3226	1	REJECT_CLEAN	0	VERIFY FAIL — replay diverged from the receipt		1	REJECT_CLEAN	0	VERIFY FAIL — strict: line 2: unknown key "AEGIS-WITNESS", canonical order expects "model"		qemu_self/RECEIPT.TXT; maxtok<-100; dupline0
F-00665	c6d8e2fc7a54e4ae22e6f0085b040bab235552f2dec2f9b84932258812b63223	1	REJECT_CLEAN	0	VERIFY FAIL — replay diverged from the receipt		1	REJECT_CLEAN	0	VERIFY FAIL — strict: no newline after the last line (exactly one is required)		qemu_unknown_tool/RECEIPT.TXT; maxtok<-100; trunc@470; swap8/1
F-00666	f73cba69af69afc7ef596a7c7d71ef6fe52a64076cfe312c29413ebdff898fb0	1	REJECT_CLEAN	0	VERIFY FAIL — malformed receipt: prompt-hex does not decode to UTF-8 text		1	REJECT_CLEAN	0	VERIFY FAIL — strict: no newline after the last line (exactly one is required)		qemu_lookup/RECEIPT2.TXT; prompt-hex<-hex('Ƣ丗}Ņ😒两\ue00e😅😜😓#丳'..200ch); trunc@1015
F-00667	a50d0aa2b3ed5af9585fe657862901e50e46105b899c72fc953ec599830138ae	1	REJECT_CLEAN	0	FAIL artifact: VOCAB hash mismatch (receipt a4cafc9649488987 vs local a4cafc9649488987)		1	REJECT_CLEAN	0	VERIFY FAIL — strict: no newline after the last line (exactly one is required)		qemu_calc/RECEIPT.TXT; trunc@238; swap0/4; trunc@176
F-00668	2e09fcf852a63651896bb93ce28cf8f481438e111c7fbed8295adc62db8108ea	1	REJECT_CLEAN	0	VERIFY FAIL — replay diverged from the receipt		1	REJECT_CLEAN	0	VERIFY FAIL — replay diverged from the receipt		qemu_calc_words/RECEIPT.TXT; prompt-hex<-'000000000000'
F-00669	fa367f494c900ab82e3d0ab808609e54c954503762d86a832d2c481d32be75a4	1	REJECT_CLEAN	0	VERIFY FAIL — replay diverged from the receipt		1	REJECT_CLEAN	0	VERIFY FAIL — strict: line 11 (chain): expected 64 lower-case hex digits		qemu_calc_words/RECEIPT2.TXT; prompt-hex<-hex('\x11ƍ😞W严😆\x13\x9bL😕为A'..60ch); ins@672:b'\n'
F-00670	4eaa8382e263e5fd3a4f1131ba52ccd1da64ce15b2d4efa35176d9335abb9732	1	REJECT_CLEAN	0	VERIFY FAIL — replay diverged from the receipt		1	REJECT_CLEAN	0	VERIFY FAIL — strict: line 11 (chain): expected 64 lower-case hex digits		qemu_everyday/RECEIPT.TXT; chain<-'00'
F-00671	1c1b6d2dfe59c6eec725bdfa869b1059c42294978d6f606a153d1abc6e08b308	1	REJECT_CLEAN	0	VERIFY FAIL — malformed receipt: not valid UTF-8		1	REJECT_CLEAN	0	VERIFY FAIL — strict: byte 409: 0x8b is not printable ASCII or LF		qemu_calc_words/RECEIPT2.TXT; rep@409:0x8b; maxtok<-7
F-00672	b9c9f904922f4b93363e0e5c74c11d8802220f3ad83c43a834db847a89812e0d	1	REJECT_CLEAN	0	VERIFY FAIL — malformed receipt: prompt-hex does not decode to UTF-8 text		1	REJECT_CLEAN	0	VERIFY FAIL — strict: line 6 (prompt-hex): expected non-empty lower-case hex of even length		qemu_unknown_tool/RECEIPT.TXT; prompt-hex<-hex('̹n串\x9e\x8e丽\ue005丼\ue00e Ȝ\ue005'..60ch); prompt-toks<-'000000000000'; ins@273:b'-'
F-00673	98115574a7c048cb02a2868815949df8c1dc5a851e913434d7bedce1652711fb	1	REJECT_CLEAN	0	VERIFY FAIL — malformed receipt: maxtok is not an unsigned integer		1	REJECT_CLEAN	0	VERIFY FAIL — strict: line 5 (maxtok): expected a decimal integer without sign or leading zeros		qemu_abstain/RECEIPT.TXT; maxtok<-'+'
F-00674	e6504d4feac11c153cc458271014ead6adc7ea7c16c20a1aea46013e37db8e1a	1	REJECT_CLEAN	0	VERIFY FAIL — replay diverged from the receipt		1	REJECT_CLEAN	0	VERIFY FAIL — replay diverged from the receipt		qemu_calc/RECEIPT2.TXT; prompt-hex<-hex('̗'..1ch)
F-00675	9b2e869beb8b79b12554de9946ec199a5dcf4bec0e752815add62f88e223840a	1	REJECT_CLEAN	0	FAIL artifact: EMBED hash mismatch (receipt +1 vs local 8cbcd6b69df03539)		1	REJECT_CLEAN	0	VERIFY FAIL — strict: no newline after the last line (exactly one is required)		qemu_abstain/RECEIPT.TXT; swap11/2; prompt-hex<-hex("'=Ɠ̒\ue00cɇõ͙"..8ch); embed<-'+1'
F-00676	c0501df106d0a22882603046c74bd7c2b220f331b1ec23c337a4414ca973bc07	1	REJECT_CLEAN	0	VERIFY FAIL — replay diverged from the receipt		1	REJECT_CLEAN	0	VERIFY FAIL — strict: line 1: header must be exactly "AEGIS-WITNESS v1-CIS"		qemu_self/RECEIPT.TXT; prompt-hex<-hex('l'..1ch); swap0/2
F-00677	d975e913ef326f36919d3d9b93e1a935eeb31130d5e36a70fd85f5cda7fc87cd	0	ACCEPT	0	VERIFY PASS — replay reproduced 7 tokens, the token digest, and the full logit chain bit-for-bit		1	REJECT_CLEAN	0	VERIFY FAIL — strict: line 10: duplicate key "embed", canonical order expects "cis-digest"		qemu_calc_words/RECEIPT2.TXT; dupline2
F-00678	54d426b93d1e5b742ea6d1f0bb4e295562c296cd7d33c57034bb76639efe2e53	1	REJECT_CLEAN	0	FAIL artifact: VOCAB hash mismatch (receipt  vs local a4cafc9649488987)		1	REJECT_CLEAN	0	VERIFY FAIL — strict: no newline after the last line (exactly one is required)		qemu_calc_words/RECEIPT.TXT; del[260:273]; trunc@74; model<-'-1'
F-00679	9223dd87779df0c48740d072c7dd1b46c7da92b5b7fd78448de464ad065a38ca	0	ACCEPT	0	VERIFY PASS — replay reproduced 8 tokens, the token digest, and the full logit chain bit-for-bit		1	REJECT_CLEAN	0	VERIFY FAIL — strict: line 11: duplicate key "model", canonical order expects "chain"		qemu_calc_words/RECEIPT.TXT; dupline1
F-00680	a3c59616c62e55ca1d7fdb2eb3c3d75e21bd699068184175749dd00414f12fe2	1	REJECT_CLEAN	0	VERIFY FAIL — malformed receipt: not valid UTF-8		1	REJECT_CLEAN	0	VERIFY FAIL — strict: byte 0: 0xff is not printable ASCII or LF		garbage:highbytes
F-00681	12f7387f022132e23d99caf5148ef25234424d6bc675267ea16d33ba9373ecf3	1	REJECT_CLEAN	0	VERIFY FAIL — replay diverged from the receipt		1	REJECT_CLEAN	0	VERIFY FAIL — replay diverged from the receipt		qemu_calc_words/RECEIPT2.TXT; maxtok<-18446744073709551615; prompt-hex<-hex('\rƶ?̃J\ue00a\n\x96\x8d\x03\ue0017'..20ch); maxtok<-0
F-00682	a906c0ec499a353196208ee66e32b25941bb3a659c9db2850e9fabfbbf1ab296	1	REJECT_CLEAN	0	VERIFY FAIL — malformed receipt: not valid UTF-8		1	REJECT_CLEAN	0	VERIFY FAIL — strict: byte 140: 0xd3 is not printable ASCII or LF		qemu_lookup/RECEIPT.TXT; rep@140:0xd3; swap8/9
F-00683	ace765a7d232599d799a53fbb7bd7a6155c72d64da036048db9cf13958ab8127	1	REJECT_CLEAN	0	VERIFY FAIL — malformed receipt: token id "99999999999999999999999999" is not an unsigned 32-bit integer		1	REJECT_CLEAN	0	VERIFY FAIL — strict: line 9 (token-ids): expected comma-separated canonical decimal u32 ids		qemu_lookup/RECEIPT.TXT; token-ids<-'999999999999'
F-00684	d539252ea2cc46fcc9d1180333ece15de86d34407f030151b0a384640135c772	1	REJECT_CLEAN	0	FAIL artifact: VOCAB hash mismatch (receipt a4cafc9649488987 vs local a4cafc9649488987)		1	REJECT_CLEAN	0	VERIFY FAIL — strict: line 4 (vocab): expected 64 lower-case hex digits		qemu_calc_words/RECEIPT.TXT; rep@217:0x26
F-00685	286c84b09da1fa9dc0d18a69563cddd001e89258a346c72fb6166a8471bd6109	1	REJECT_CLEAN	0	VERIFY FAIL — malformed receipt: prompt-hex does not decode to UTF-8 text		1	REJECT_CLEAN	0	VERIFY FAIL — strict: line 6 (prompt-hex): does not decode to UTF-8 text		qemu_self/RECEIPT.TXT; prompt-hex<-'4294967296'
F-00686	2e2918a00f5a1931af4416cce8b0a73c7608c431193957c1d94918f322bc0d3a	1	REJECT_CLEAN	0	VERIFY FAIL — replay diverged from the receipt		1	REJECT_CLEAN	0	VERIFY FAIL — strict: byte 426: carriage return (CRLF line endings are not canonical)		qemu_calc_words/RECEIPT.TXT; ins@412:b'\r\n'; prompt-hex<-'184467440737'; prompt-hex<-'000000000000'
F-00687	9867f21fc7a113302dfe0f6f74a41c46909648ef612bba985f956a889e5b82a4	1	REJECT_CLEAN	0	VERIFY FAIL — replay diverged from the receipt		1	REJECT_CLEAN	0	VERIFY FAIL — strict: no newline after the last line (exactly one is required)		qemu_calc_words/RECEIPT2.TXT; prompt-hex<-hex('😠'..1ch); trunc@322
F-00688	ad69a2fd15889500c520753b6ba5d02b7af1093a3ee0b3a1de5332a5127afda0	1	REJECT_CLEAN	0	FAIL artifact: VOCAB hash mismatch (receipt a4cafc9649488987 vs local a4cafc9649488987)		1	REJECT_CLEAN	0	VERIFY FAIL — strict: no newline after the last line (exactly one is required)		qemu_lookup/RECEIPT.TXT; trunc@230; swap1/2; AEGIS-WITNESS<-'ff'
F-00689	0347149c47be3a167680e1389e745449d48b627f48e63047b8de333537b14b08	1	REJECT_CLEAN	0	VERIFY FAIL — replay diverged from the receipt		1	REJECT_CLEAN	0	VERIFY FAIL — strict: byte 376: 0x07 is not printable ASCII or LF		qemu_calc_words/RECEIPT.TXT; rep@376:0x07; swap0/2
F-00690	15660f704c66f5f6f3151443feabbe1e377400947edd71b6bc09fa13245b3fe3	1	REJECT_CLEAN	0	VERIFY FAIL — receipt inputs cannot be replayed: prompt (1454) + max_new (7) exceeds max_position_embeddings (512)		1	REJECT_CLEAN	0	VERIFY FAIL — strict: no newline after the last line (exactly one is required)		qemu_lookup/RECEIPT.TXT; cis-digest<-'\x00'; trunc@337; prompt-hex<-hex('\x83¥\ue00d\x0c😛丌😈\ue00b̀😛Ȋ\ue00b'..700ch)
F-00691	2625a6a3b26ffcf1c5606cf549f3d6c5101b30f5d1bc150f16b3ea7620dc2020	1	REJECT_CLEAN	0	FAIL artifact: EMBED hash mismatch (receipt + vs local 8cbcd6b69df03539)		1	REJECT_CLEAN	0	VERIFY FAIL — strict: line 3 (embed): expected 64 lower-case hex digits		qemu_lookup/RECEIPT.TXT; prompt-hex<-hex('Ǵ三x'..3ch); embed<-'+'; prompt-hex<-hex('😗丒ͯ\ue008I\ue00f̝\ue005'..8ch)
F-00692	cfeca9117f9666855444f24041664815029859eb96e53bb513fb2394a0bf0017	1	REJECT_CLEAN	0	FAIL artifact: VOCAB hash mismatch (receipt  vs local a4cafc9649488987)		1	REJECT_CLEAN	0	VERIFY FAIL — strict: line 3 (embed): expected 64 lower-case hex digits		qemu_calc_words/RECEIPT.TXT; del[152:167]
F-00693	931c22affba1c66eacc20db1190ad9b888a066e7308a452becd8eb5981603949	1	REJECT_CLEAN	0	FAIL artifact: EMBED hash mismatch (receipt 8cbcd6b69df03539 vs local 8cbcd6b69df03539)		1	REJECT_CLEAN	0	VERIFY FAIL — strict: line 3 (embed): expected 64 lower-case hex digits		qemu_calc_words/RECEIPT2.TXT; rep@140:0x4a; prompt-hex<-hex('丝丯丐'..3ch); prompt-hex<-hex('F1͒\x84Ư'..5ch)
F-00694	27211ab79cea12758183172acbfa444adda79e02cf936a74d4343165dc7a33fd	1	REJECT_CLEAN	0	VERIFY FAIL — receipt inputs cannot be replayed: prompt (12) + max_new (512) exceeds max_position_embeddings (512)		1	REJECT_CLEAN	0	VERIFY FAIL — strict: line 8 (gen-toks): expected a decimal integer without sign or leading zeros		qemu_lookup/RECEIPT.TXT; maxtok<-511; gen-toks<-'zz'; maxtok<-512
F-00695	19cd4d8476a8a78441d81713292972c4cafe000233efb2359b244c9fca385e86	0	ACCEPT	0	VERIFY PASS — replay reproduced 50 tokens, the token digest, and the full logit chain bit-for-bit		1	REJECT_CLEAN	0	VERIFY FAIL — strict: line 2: key out of order "prompt-hex", canonical order expects "model"		qemu_receipt/RECEIPT.TXT; swap1/5
F-00696	ce1ac631402db43b35a8c7586e7f694d4994552422de3248e64e902d1c1d6935	1	REJECT_CLEAN	0	VERIFY FAIL — replay diverged from the receipt		1	REJECT_CLEAN	0	VERIFY FAIL — strict: line 10 (cis-digest): expected 16 lower-case hex digits		qemu_calc_words/RECEIPT.TXT; ins@385:b'999999999999999999999999999999'
F-00697	11797ef3a3b66eabaf1c9c4b5b277cfccfe515a63a24ba6534e7c587e97a2214	1	REJECT_CLEAN	0	VERIFY FAIL — replay diverged from the receipt		1	REJECT_CLEAN	0	VERIFY FAIL — strict: no newline after the last line (exactly one is required)		qemu_self/RECEIPT.TXT; trunc@364; prompt-hex<-hex('͛ĲȀı\x81̼\x87\x07\x01Ǻ]1'..20ch)
F-00698	32d9ad92443c5e5a4d6f3bec17b8fe4c23c54d262c85ea2f462dea08f9e97c67	1	REJECT_CLEAN	0	VERIFY FAIL — replay diverged from the receipt		1	REJECT_CLEAN	0	VERIFY FAIL — replay diverged from the receipt		qemu_lookup/RECEIPT2.TXT; maxtok<-0
F-00699	a25477da8437d9bcdd6eeeb58a65fe9e612c10022c78b508060c2d3d4438e03b	1	REJECT_CLEAN	0	FAIL artifact: VOCAB hash mismatch (receipt 1,,2 vs local a4cafc9649488987)		1	REJECT_CLEAN	0	VERIFY FAIL — strict: no newline after the last line (exactly one is required)		qemu_lookup/RECEIPT.TXT; trunc@224; vocab<-'1,,2'
F-00700	bd49bb6470aa3443293d41c9f0237afb264e5ca02527d2ff8a63a877021a9fbc	1	REJECT_CLEAN	0	FAIL artifact: EMBED hash mismatch (receipt  vs local 8cbcd6b69df03539)		1	REJECT_CLEAN	0	VERIFY FAIL — strict: line 3: expected "embed <value>"		qemu_calc/RECEIPT2.TXT; prompt-hex<-'00'; del[94:117]
F-00701	ffd256aca3d021bfe4cc4f696376cace230065b65876f9bd120646428aac47d5	1	REJECT_CLEAN	0	FAIL artifact: VOCAB hash mismatch (receipt a4cafc9649488987 vs local a4cafc9649488987)		1	REJECT_CLEAN	0	VERIFY FAIL — strict: line 4 (vocab): expected 64 lower-case hex digits		qemu_receipt/RECEIPT.TXT; rep@665:0x27; del[210:248]; swap8/5
F-00702	01ed1f6e2c6f5428e2d3d2034e6783fb7d2dae239dc68c9e8f1186ea5fc04744	1	REJECT_CLEAN	0	VERIFY FAIL — malformed receipt: not valid UTF-8		1	REJECT_CLEAN	0	VERIFY FAIL — strict: byte 109: 0x95 is not printable ASCII or LF		qemu_calc/RECEIPT.TXT; dupline6; rep@109:0x95
F-00703	4ad77005a498401f7907d63dd9e79c54f66f159e4419ec5eb3ab262cf3d1d725	1	REJECT_CLEAN	0	VERIFY FAIL — malformed receipt: token id " " is not an unsigned 32-bit integer		1	REJECT_CLEAN	0	VERIFY FAIL — strict: line 3 (embed): expected 64 lower-case hex digits		qemu_calc/RECEIPT2.TXT; prompt-hex<-''; ins@158:b'999999999999999999999999999999'; token-ids<-' '
F-00704	49129ca9c207e91ef218a0e94de3283a57b1ad1b4880e6681704a5137e79a3e0	1	REJECT_CLEAN	0	FAIL artifact: MODEL hash mismatch (receipt a44e48965c641b81 vs local a44e48965c641b81)		1	REJECT_CLEAN	0	VERIFY FAIL — strict: line 2 (model): expected 64 lower-case hex digits		qemu_unknown_tool/RECEIPT.TXT; prompt-hex<-hex('\ue0062😌😑\ue00a'..5ch); rep@68:0x4b; maxtok<-2
F-00705	470022df4c439a58ab1e07703709830ace4edc905ea2b08803380da52f712299	1	REJECT_CLEAN	0	VERIFY FAIL — receipt inputs cannot be replayed: prompt tokenized to nothing		1	REJECT_CLEAN	0	VERIFY FAIL — strict: no newline after the last line (exactly one is required)		qemu_unknown_tool/RECEIPT.TXT; rep@518:0x06; trunc@237
F-00706	8b9b1ac39effb564c8682b58e7538bf0bdd541632b67ead9c35dc2990b9a1ee1	1	REJECT_CLEAN	0	VERIFY FAIL — replay diverged from the receipt		1	REJECT_CLEAN	0	VERIFY FAIL — strict: line 10 (cis-digest): expected 16 lower-case hex digits		qemu_unknown_tool/RECEIPT.TXT; cis-digest<-'+'
F-00707	327b9e40a4ec5e5abd516ca47f2eceb5160e96f63a5ab757737e5e5e7b6aeff2	1	REJECT_CLEAN	0	VERIFY FAIL — malformed receipt: not valid UTF-8		1	REJECT_CLEAN	0	VERIFY FAIL — strict: byte 236: 0xa6 is not printable ASCII or LF		qemu_everyday/RECEIPT.TXT; rep@236:0xa6; prompt-hex<-hex('ÿZ<'..3ch); del[397:407]
F-00708	e3a9eb444974b100ce64707a923d1d6c96124ac260ba876f934d0b371e01581e	1	REJECT_CLEAN	0	VERIFY FAIL — malformed receipt: token id "\0" is not an unsigned 32-bit integer		1	REJECT_CLEAN	0	VERIFY FAIL — strict: byte 361: 0x00 is not printable ASCII or LF		qemu_calc/RECEIPT2.TXT; prompt-hex<-hex('\x88¦X\ue007>ȅǘ\ue00fĐ!og'..700ch); token-ids<-'\x00'; prompt-hex<-hex('0:\x8d&ķ\x11\ue00f\x81}\x8b\x88😐'..20ch)
F-00709	08d7f707306932a285050010d8e7efb281d38be407ff2b7ade8d5fe2dfc072ed	1	REJECT_CLEAN	0	VERIFY FAIL — malformed receipt: maxtok is not an unsigned integer		1	REJECT_CLEAN	0	VERIFY FAIL — strict: no newline after the last line (exactly one is required)		qemu_lookup/RECEIPT2.TXT; trunc@464; maxtok<-'zz'
F-00710	1d45b30c864235fccb7eb8e64301f24b367f87cbd8ac8496f66bfc671c8ed2da	0	ACCEPT	0	VERIFY PASS — replay reproduced 35 tokens, the token digest, and the full logit chain bit-for-bit		1	REJECT_CLEAN	0	VERIFY FAIL — strict: line 1: header must be exactly "AEGIS-WITNESS v1-CIS"		qemu_unknown_tool/RECEIPT.TXT; prompt-toks<-'999999999999'; swap0/4
F-00711	29a99742821b819a2a8fe994336c71a655cbf7f5b8bbd374d77ef338ca6c1212	1	REJECT_CLEAN	0	VERIFY FAIL — replay diverged from the receipt		1	REJECT_CLEAN	0	VERIFY FAIL — strict: line 5: key out of order "chain", canonical order expects "maxtok"		qemu_calc_words/RECEIPT.TXT; swap10/4; token-ids<-'+1'
F-00712	c948483b6f9a122a5e02395d3fd4b32dd217214e4087563b184867ef63d27f61	1	REJECT_CLEAN	0	VERIFY FAIL — malformed receipt: prompt-hex does not decode to UTF-8 text		1	REJECT_CLEAN	0	VERIFY FAIL — strict: line 2 (model): expected 64 lower-case hex digits		qemu_unknown_tool/RECEIPT.TXT; ins@289:b'+'; dupline0; model<-''
F-00713	141711e212c475960128c8c66b58adf0d0fcee47bf170d355a9ccf14b64cf760	1	REJECT_CLEAN	0	VERIFY FAIL — replay diverged from the receipt		1	REJECT_CLEAN	0	VERIFY FAIL — strict: line 10 (cis-digest): expected 16 lower-case hex digits		qemu_abstain/RECEIPT.TXT; del[492:526]; prompt-hex<-hex('ZƦ\ue00b😝\x124\x85\ue00b丸YC😊'..200ch)
F-00714	8535f489380a2748dc3dfc8f93b7f81a8af6629bfce56e43022b816929ca5928	1	REJECT_CLEAN	0	VERIFY FAIL — malformed receipt: prompt-hex does not decode to UTF-8 text		1	REJECT_CLEAN	0	VERIFY FAIL — strict: line 1: header must be exactly "AEGIS-WITNESS v1-CIS"		qemu_calc/RECEIPT.TXT; prompt-hex<-'FFFFFFFFFFFF'; dupline10; maxtok<-1
F-00715	9a79c8325725ea4e1c2a683e4e64c52f5294725452d3adce4471879ec2b581f7	1	REJECT_CLEAN	0	FAIL artifact: EMBED hash mismatch (receipt ffffffffffffffff vs local 8cbcd6b69df03539)		1	REJECT_CLEAN	0	FAIL artifact: EMBED hash mismatch (receipt ffffffffffffffff vs local 8cbcd6b69df03539)		qemu_unknown_tool/RECEIPT.TXT; embed<-'ffffffffffff'; prompt-hex<-hex('与\ue004\x10\ue00a业\ue009J\x05'..8ch)
F-00716	0f195e274686074a9aecf99ed6ee1e210e14dd3f657170ef67ca6f15315c2e33	1	REJECT_CLEAN	0	VERIFY FAIL — malformed receipt: not valid UTF-8		1	REJECT_CLEAN	0	VERIFY FAIL — strict: byte 55: carriage return (CRLF line endings are not canonical)		qemu_lookup/RECEIPT.TXT; prompt-hex<-hex('̉\ue00a与😞\t\x03\x19̜¾b\ue006\x12'..60ch); ins@55:b'\r'; rep@356:0xbe
F-00717	3b39ae1c722d5cb14a85baee2e7b6fd5acaf74d8418568b676ff96a6875fc7ea	1	REJECT_CLEAN	0	VERIFY FAIL — malformed receipt: not valid UTF-8		1	REJECT_CLEAN	0	VERIFY FAIL — strict: byte 212: 0xe7 is not printable ASCII or LF		qemu_receipt/RECEIPT.TXT; prompt-hex<-hex('\x1b😆😟̧%乀̇I'..8ch); trunc@535; rep@212:0xe7
F-00718	405bd0603b2cfe505761d40133de88030a1acac912e29a0ed2b99788d9d07550	1	REJECT_CLEAN	0	VERIFY FAIL — malformed receipt: not valid UTF-8		1	REJECT_CLEAN	0	VERIFY FAIL — strict: byte 27: 0xe2 is not printable ASCII or LF		qemu_lookup/RECEIPT.TXT; model<-'\u202e'; swap2/4; rep@230:0xbe
F-00719	bcdeb494a577e9f79ade8620e0ce047aa76d9a1eaf67175d0d8499f80891ea18	1	REJECT_CLEAN	0	VERIFY FAIL — malformed receipt: not valid UTF-8		1	REJECT_CLEAN	0	VERIFY FAIL — strict: byte 13: 0xc3 is not printable ASCII or LF		qemu_abstain/RECEIPT.TXT; maxtok<-1; ins@13:b'\xc3'; prompt-hex<-hex('\x85l'..2ch)
F-00720	e3b0c44298fc1c149afbf4c8996fb92427ae41e4649b934ca495991b7852b855	1	REJECT_CLEAN	0	FAIL artifact: VOCAB hash mismatch (receipt  vs local a4cafc9649488987)		1	REJECT_CLEAN	0	VERIFY FAIL — strict: empty file		garbage:empty
F-00721	b6cc15966f70e73c9e6a6e3d95822ddc62d79c33a82bdbe0f903e1abb82fbad4	1	REJECT_CLEAN	0	FAIL artifact: MODEL hash mismatch (receipt a44e48965c641b81 vs local a44e48965c641b81)		1	REJECT_CLEAN	0	VERIFY FAIL — strict: line 2 (model): expected 64 lower-case hex digits		qemu_calc/RECEIPT2.TXT; prompt-hex<-hex('̌乏😞'..3ch); del[45:82]; rep@308:0x3d
F-00722	5195fa8eb276972d16d2d9e6eb13039364931433983caf526085cee94de4dabc	1	REJECT_CLEAN	0	VERIFY FAIL — receipt inputs cannot be replayed: prompt tokenized to nothing		1	REJECT_CLEAN	0	VERIFY FAIL — strict: line 4: key out of order "cis-digest", canonical order expects "vocab"		qemu_unknown_tool/RECEIPT.TXT; ins@245:b' '; swap9/3
F-00723	047d39fa71ee68c52d13dc148acfdec78d74fa3a618b09a847c199958f6fe2e4	1	REJECT_CLEAN	0	VERIFY FAIL — replay diverged from the receipt		1	REJECT_CLEAN	0	VERIFY FAIL — strict: no newline after the last line (exactly one is required)		qemu_calc/RECEIPT2.TXT; trunc@374
F-00724	ee7a0ee6f4b925d7b12e55081fe6f98f8f41ccc34d60d2df7ed02b3850be87a7	1	REJECT_CLEAN	0	FAIL artifact: EMBED hash mismatch (receipt 8cbcd(b69df03539 vs local 8cbcd6b69df03539)		1	REJECT_CLEAN	0	VERIFY FAIL — strict: no newline after the last line (exactly one is required)		qemu_lookup/RECEIPT2.TXT; cis-digest<-'\ud7ff'; trunc@400; rep@103:0x28
F-00725	989b56ce9423bba191a4f678d9b539f0a9097129f9d33f682b5899a05e8aad86	1	REJECT_CLEAN	0	VERIFY FAIL — replay diverged from the receipt		1	REJECT_CLEAN	0	VERIFY FAIL — replay diverged from the receipt		qemu_lookup/RECEIPT.TXT; prompt-hex<-hex('ƒPǛ'..3ch)
F-00726	472457c8f528357d2af8b40ccf4c5ea88f79bc3405594886feebfc8792186b65	1	REJECT_CLEAN	0	VERIFY FAIL — malformed receipt: not valid UTF-8		1	REJECT_CLEAN	0	VERIFY FAIL — strict: byte 169: 0x09 is not printable ASCII or LF		qemu_calc_words/RECEIPT2.TXT; maxtok<-18446744073709551617; vocab<-'\t'; rep@475:0x82
F-00727	ebb63a1ff08e1e575f2ea2b96508873415d63cf1acb90cea1172647c26d8a51d	1	REJECT_CLEAN	0	FAIL artifact: EMBED hash mismatch (receipt FFFFFFFFFFFFFFFF vs local 8cbcd6b69df03539)		1	REJECT_CLEAN	0	VERIFY FAIL — strict: line 1: header must be exactly "AEGIS-WITNESS v1-CIS"		qemu_unknown_tool/RECEIPT.TXT; del[48:74]; AEGIS-WITNESS<-',,'; embed<-'FFFFFFFFFFFF'
F-00728	99e7b5a00345662f9920672e20a330c1fbc93fcb2ff792daeb86d81f1c892b2e	0	ACCEPT	0	VERIFY PASS — replay reproduced 8 tokens, the token digest, and the full logit chain bit-for-bit		1	REJECT_CLEAN	0	VERIFY FAIL — strict: line 7 (prompt-toks): expected a decimal integer without sign or leading zeros		qemu_calc_words/RECEIPT.TXT; prompt-toks<-'+'
F-00729	1c66da71f2639a879a15bac64291342ce63abcf39178f5956228ff98d858a3a2	1	REJECT_CLEAN	0	VERIFY FAIL — replay diverged from the receipt		1	REJECT_CLEAN	0	VERIFY FAIL — replay diverged from the receipt		qemu_calc/RECEIPT.TXT; prompt-hex<-hex('\x8a\x05😛\nǆ\x00乂ͫ\xa0\x8d😞😌'..60ch)
F-00730	a8ffc641da093cb0838c3cb46d879c11e09dfa029216cfb1aaf7985a38f5b50a	1	REJECT_CLEAN	0	VERIFY FAIL — malformed receipt: not valid UTF-8		1	REJECT_CLEAN	0	VERIFY FAIL — strict: byte 10: 0xf7 is not printable ASCII or LF		qemu_calc/RECEIPT2.TXT; swap7/8; prompt-hex<-hex('丈😟̅q\n乂丒\x98¤>\x7f$'..60ch); rep@10:0xf7
F-00731	f4483d8a20de34ee528bdd710cf6044880accb7fcae2a1d3b70178fb40efcb38	0	ACCEPT	0	VERIFY PASS — replay reproduced 35 tokens, the token digest, and the full logit chain bit-for-bit		1	REJECT_CLEAN	0	VERIFY FAIL — strict: line 3: key out of order "prompt-hex", canonical order expects "embed"		qemu_unknown_tool/RECEIPT.TXT; swap6/3; swap10/2; swap5/2
F-00732	db7d1b3d18bccd304ea0c48ed03cdca47e2d1a7b20d4b5f409a6291df25abf8d	1	REJECT_CLEAN	0	VERIFY FAIL — receipt inputs cannot be replayed: prompt (1508) + max_new (7) exceeds max_position_embeddings (512)		1	REJECT_CLEAN	0	VERIFY FAIL — receipt inputs cannot be replayed: prompt (1508) + max_new (7) exceeds max_position_embeddings (512)		qemu_calc_words/RECEIPT2.TXT; prompt-hex<-hex('😟͌😂😍͈\ue00f"\x00😐😝\x8e̲'..700ch)
F-00733	b95a31aa763ee9667459ac921f439f0a9d5cd2fd50d2b2869f166ae89c89f6f7	1	REJECT_CLEAN	0	FAIL artifact: VOCAB hash mismatch (receipt a4cafc9649488987 vs local a4cafc9649488987)		1	REJECT_CLEAN	0	VERIFY FAIL — strict: no newline after the last line (exactly one is required)		qemu_lookup/RECEIPT2.TXT; del[222:253]; trunc@314
F-00734	40a80a9c463e2822ca1e0759c7e604ab08d87297a1afb0a4121360187a14af26	1	REJECT_CLEAN	0	VERIFY FAIL — malformed receipt: not valid UTF-8		1	REJECT_CLEAN	0	VERIFY FAIL — strict: byte 171: 0xee is not printable ASCII or LF		qemu_calc_words/RECEIPT2.TXT; swap3/8; dupline6; rep@171:0xee
F-00735	32ee06b15511e247cc3b89544ba4123fbb349c8b29cbf5cbdeb7a44682253f49	1	REJECT_CLEAN	0	VERIFY FAIL — replay diverged from the receipt		1	REJECT_CLEAN	0	VERIFY FAIL — replay diverged from the receipt		qemu_everyday/RECEIPT.TXT; del[297:319]
F-00736	acd0c1b27fff7ae470247e849f1defc150412287b53def36f3fc2f0144b02f89	1	REJECT_CLEAN	0	VERIFY FAIL — malformed receipt: maxtok is not an unsigned integer		1	REJECT_CLEAN	0	VERIFY FAIL — strict: byte 63: carriage return (CRLF line endings are not canonical)		qemu_calc/RECEIPT.TXT; del[414:454]; ins@63:b'\r'; maxtok<-18446744073709551616
F-00737	a61d870e65e702169bf8f6e214d8afba43c3a5fdcfea05b6f5d25620feb200c9	1	REJECT_CLEAN	0	FAIL artifact: VOCAB hash mismatch (receipt  vs local a4cafc9649488987)		1	REJECT_CLEAN	0	VERIFY FAIL — strict: no newline after the last line (exactly one is required)		qemu_abstain/RECEIPT.TXT; ins@310:b'\xe2\x80\xae'; del[210:244]; trunc@85
F-00738	f97d04b7d66fe20b14aee631239fa4e8557a2c6ff3d55da33d23dea0820c5a15	1	REJECT_CLEAN	0	VERIFY FAIL — replay diverged from the receipt		1	REJECT_CLEAN	0	VERIFY FAIL — strict: line 10 (cis-digest): expected 16 lower-case hex digits		qemu_calc_words/RECEIPT2.TXT; cis-digest<-'1,2,'; maxtok<-16
F-00739	fbfaebead8d8f53f3c066bc2fa79d4235afe30ef02d700adca48bfbaefaeafac	1	REJECT_CLEAN	0	VERIFY FAIL — malformed receipt: not valid UTF-8		1	REJECT_CLEAN	0	VERIFY FAIL — strict: byte 512: 0x9b is not printable ASCII or LF		qemu_lookup/RECEIPT.TXT; rep@441:0x9b; dupline2
F-00740	203a58051a67841daa94824f1be6a48975b0fe276eaa078eff29d1ab4fd8c025	1	REJECT_CLEAN	0	VERIFY FAIL — malformed receipt: not valid UTF-8		1	REJECT_CLEAN	0	VERIFY FAIL — strict: byte 126: 0xc3 is not printable ASCII or LF		qemu_lookup/RECEIPT.TXT; swap0/11; trunc@352; ins@126:b'\xc3'
F-00741	56c8328c8c750296f282ab06ce6e640788546f897b86f20ba545b70c12af55d8	1	REJECT_CLEAN	0	FAIL artifact: VOCAB hash mismatch (receipt a4cafc9649488987 vs local a4cafc9649488987)		1	REJECT_CLEAN	0	VERIFY FAIL — strict: no newline after the last line (exactly one is required)		qemu_lookup/RECEIPT2.TXT; trunc@220
F-00742	cf29c16c4a47852666f03203842f80e9b3e2128d49a8de7ae879b6600eb682a7	1	REJECT_CLEAN	0	FAIL artifact: VOCAB hash mismatch (receipt  vs local a4cafc9649488987)		1	REJECT_CLEAN	0	VERIFY FAIL — strict: line 1: header must be exactly "AEGIS-WITNESS v1-CIS"		qemu_abstain/RECEIPT.TXT; del[151:183]; rep@15:0x66
F-00743	239f66d4a81f21e0ed873f1fdea6ebd5ea5f5c1910d888e078ad646c64bab57d	1	REJECT_CLEAN	0	VERIFY FAIL — malformed receipt: not valid UTF-8		1	REJECT_CLEAN	0	VERIFY FAIL — strict: byte 257: 0xa2 is not printable ASCII or LF		qemu_lookup/RECEIPT.TXT; rep@257:0xa2
F-00744	338c198925aabcb3d583c91c7fc2f44d99ee9dec2a11222319dd59ac8adeaf60	1	REJECT_CLEAN	0	VERIFY FAIL — malformed receipt: token id "\u{202e}" is not an unsigned 32-bit integer		1	REJECT_CLEAN	0	VERIFY FAIL — strict: byte 435: 0xe2 is not printable ASCII or LF		qemu_self/RECEIPT.TXT; maxtok<-2147483648; trunc@633; token-ids<-'\u202e'
F-00745	2b0591d218c4ea60f465ca62b742884fdfdc9f0a162209bd42ef4619236aa0bb	1	REJECT_CLEAN	0	FAIL artifact: VOCAB hash mismatch (receipt  vs local a4cafc9649488987)		1	REJECT_CLEAN	0	VERIFY FAIL — strict: no newline after the last line (exactly one is required)		qemu_unknown_tool/RECEIPT.TXT; vocab<-','; del[144:172]; trunc@165
F-00746	cf68f74f94c8f4ab3768abbd50c0d6c4f886744c4a16964788dd44aad8d137fa	1	REJECT_CLEAN	0	VERIFY FAIL — replay diverged from the receipt		1	REJECT_CLEAN	0	VERIFY FAIL — replay diverged from the receipt		qemu_calc/RECEIPT2.TXT; prompt-hex<-hex('\x8f😊̈\x91Mt\x8dõ͌S乌 '..60ch)
F-00747	2a7d44b697f5274a13cc7869c36107b485241195f52e50a7c9688746e8f5cdff	1	REJECT_CLEAN	0	VERIFY FAIL — replay diverged from the receipt		1	REJECT_CLEAN	0	VERIFY FAIL — strict: line 4: key out of order "token-ids", canonical order expects "vocab"		qemu_calc_words/RECEIPT.TXT; dupline8; prompt-hex<-hex('Kl\x1f'..3ch); prompt-hex<-hex('\ue006>\x9b\x9e\x94'..5ch)
F-00748	664ddf7b407f2d0c928cf70a194e35b647342648069c68aec6d6c661afd4d916	1	REJECT_CLEAN	0	VERIFY FAIL — malformed receipt: not valid UTF-8		1	REJECT_CLEAN	0	VERIFY FAIL — strict: byte 397: 0x99 is not printable ASCII or LF		qemu_receipt/RECEIPT.TXT; rep@397:0x99; rep@706:0xd7
F-00749	6e336246a17a0672c653fc0ba8ed7f0c118c0ee64462a9ced908a736c747a90b	1	REJECT_CLEAN	0	FAIL artifact: VOCAB hash mismatch (receipt  vs local a4cafc9649488987)		1	REJECT_CLEAN	0	VERIFY FAIL — strict: no newline after the last line (exactly one is required)		qemu_calc/RECEIPT.TXT; trunc@179; del[146:172]; trunc@119
F-00750	32a1c4b9d52db7d721c64918ced6faab7786110fe7be02b02ac3a0d41ab59711	1	REJECT_CLEAN	0	VERIFY FAIL — malformed receipt: prompt-hex does not decode to UTF-8 text		1	REJECT_CLEAN	0	VERIFY FAIL — strict: byte 201: 0xe2 is not printable ASCII or LF		qemu_self/RECEIPT.TXT; prompt-hex<-hex('丽乆😚î\x99̪up😘/\ue00fǭ'..700ch); ins@201:b'\xe2\x80\xae'; del[698:727]
F-00751	d82d2b3f5ce2898c6cd8235e58e08300a6767e83afe50ee5668640ae5b417631	1	REJECT_CLEAN	0	FAIL artifact: VOCAB hash mismatch (receipt a4cafc9649488987 vs local a4cafc9649488987)		1	REJECT_CLEAN	0	VERIFY FAIL — strict: line 4 (vocab): expected 64 lower-case hex digits		qemu_unknown_tool/RECEIPT.TXT; ins@215:b'g'
F-00752	3e09a934027ea1a58fd844acd56f97b49bf5e70cad6544e2297457c0a74203d3	1	REJECT_CLEAN	0	VERIFY FAIL — receipt inputs cannot be replayed: prompt (13) + max_new (9223372036854775807) exceeds max_position_embeddings (512)		1	REJECT_CLEAN	0	VERIFY FAIL — receipt inputs cannot be replayed: prompt (13) + max_new (9223372036854775807) exceeds max_position_embeddings (512)		qemu_calc/RECEIPT.TXT; maxtok<-9223372036854775807
F-00753	123fe3fdb6d695c288c8d9057c7a8f96c7a301b5ff28a66896fe3400d946011e	1	REJECT_CLEAN	0	FAIL artifact: MODEL hash mismatch (receipt -1 vs local a44e48965c641b81)		1	REJECT_CLEAN	0	VERIFY FAIL — strict: line 2 (model): expected 64 lower-case hex digits		qemu_calc_words/RECEIPT2.TXT; model<-'-1'; gen-toks<-'1,,2'
F-00754	8ac3d5a3697f50c867a000410d89e3df9d22438f67c6d4c1f6f84d344743b73c	1	REJECT_CLEAN	0	VERIFY FAIL — replay diverged from the receipt		1	REJECT_CLEAN	0	VERIFY FAIL — strict: line 6 (prompt-hex): expected non-empty lower-case hex of even length		qemu_self/RECEIPT.TXT; del[406:433]; prompt-hex<-'1,2,'
F-00755	284532871950729fdb58278b0084ea6584567ae0817483f677f39e810ab78b9a	1	REJECT_CLEAN	0	VERIFY FAIL — malformed receipt: prompt-hex does not decode to UTF-8 text		1	REJECT_CLEAN	0	VERIFY FAIL — strict: line 6 (prompt-hex): expected non-empty lower-case hex of even length		qemu_self/RECEIPT.TXT; ins@340:b' '
F-00756	04cb39b513b8f6ed4de48ab7dc49e5e9d769752c3a303d556f1e1c73b92bf5af	1	REJECT_CLEAN	0	VERIFY FAIL — receipt inputs cannot be replayed: prompt (1461) + max_new (7) exceeds max_position_embeddings (512)		1	REJECT_CLEAN	0	VERIFY FAIL — receipt inputs cannot be replayed: prompt (1461) + max_new (7) exceeds max_position_embeddings (512)		qemu_lookup/RECEIPT.TXT; prompt-hex<-hex('2Q\x0cĩ乍Ď😛ŤĕÎ\x1c'..700ch)
F-00757	8626d5c5a1359883d44c70e414dbdbbd7a4aae738acb551c30569cd1ab25baac	1	REJECT_CLEAN	0	FAIL artifact: VOCAB hash mismatch (receipt a4cafc9649488987 vs local a4cafc9649488987)		1	REJECT_CLEAN	0	VERIFY FAIL — strict: no newline after the last line (exactly one is required)		qemu_unknown_tool/RECEIPT.TXT; rep@321:0xb7; prompt-hex<-hex('\ue007M«ͪc'..5ch); trunc@192
F-00758	89f9f66784891c1921b93fd17556373a479f8c9e18461255595c6e9c4299d2bf	0	ACCEPT	0	VERIFY PASS — replay reproduced 25 tokens, the token digest, and the full logit chain bit-for-bit		1	REJECT_CLEAN	0	VERIFY FAIL — strict: no newline after the last line (exactly one is required)		qemu_abstain/RECEIPT.TXT; swap3/11
F-00759	b9bf5a194302e0d97b5ab371d8e9d0e039a78a4b806521d87ad06d5101349102	1	REJECT_CLEAN	0	VERIFY FAIL — receipt inputs cannot be replayed: prompt tokenized to nothing		1	REJECT_CLEAN	0	VERIFY FAIL — strict: line 6 (prompt-hex): expected non-empty lower-case hex of even length		qemu_self/RECEIPT.TXT; prompt-hex<-','
F-00760	be62b458062beea78e4cd1907af0db3f9a79f0f08d90ab1156e65cff03718e51	1	REJECT_CLEAN	0	VERIFY FAIL — malformed receipt: not valid UTF-8		1	REJECT_CLEAN	0	VERIFY FAIL — strict: byte 0: 0xff is not printable ASCII or LF		garbage:highbytes
F-00761	53051b1f99c836c103a97becf0800fdeb07325dcd3a05c9d9d8e53acb8d4c67b	1	REJECT_CLEAN	0	FAIL artifact: VOCAB hash mismatch (receipt  vs local a4cafc9649488987)		1	REJECT_CLEAN	0	VERIFY FAIL — strict: byte 166: 0x7f is not printable ASCII or LF		qemu_calc_words/RECEIPT2.TXT; rep@166:0x7f; maxtok<-300; ins@411:b'\x00'
F-00762	eef9397a5e56b8181c0d8c6581f3b47846400aff7341ef218d4f5c8fa3f3c034	1	REJECT_CLEAN	0	VERIFY FAIL — receipt inputs cannot be replayed: prompt (125) + max_new (4294967296) exceeds max_position_embeddings (512)		1	REJECT_CLEAN	0	VERIFY FAIL — strict: line 11 (chain): expected 64 lower-case hex digits		qemu_receipt/RECEIPT.TXT; maxtok<-4294967296; chain<-'184467440737'; prompt-hex<-hex('\x9b[丢gp举\x86\ue00c̖😇乎Ȫ'..60ch)
F-00763	dea200bd9e52bd3c8761dc818e81af31787ca8659584f644af73ea131044e5e4	1	REJECT_CLEAN	0	VERIFY FAIL — replay diverged from the receipt		1	REJECT_CLEAN	0	VERIFY FAIL — strict: no newline after the last line (exactly one is required)		qemu_lookup/RECEIPT.TXT; trunc@337
F-00764	d6deade886bb277191070483775fef8dd0d21cd2fc1d125f8021207dc31b7bf7	1	REJECT_CLEAN	0	VERIFY FAIL — replay diverged from the receipt		1	REJECT_CLEAN	0	VERIFY FAIL — strict: line 10: unknown key "cigest", canonical order expects "cis-digest"		qemu_calc/RECEIPT.TXT; del[381:385]
F-00765	4887badee75f50e58bbca96e0b50593952cf42db501bee9492f5afc6d2be6ca6	0	ACCEPT	0	VERIFY PASS — replay reproduced 9 tokens, the token digest, and the full logit chain bit-for-bit		1	REJECT_CLEAN	0	VERIFY FAIL — strict: no newline after the last line (exactly one is required)		qemu_calc/RECEIPT.TXT; swap0/11
F-00766	13fbc0ad6b28669cd36c6cb166b46968b093f6b2973e9d4fcd89d3235d5eac5c	1	REJECT_CLEAN	0	FAIL artifact: VOCAB hash mismatch (receipt 0 vs local a4cafc9649488987)		1	REJECT_CLEAN	0	VERIFY FAIL — strict: line 12: unexpected extra line "vocab" (a receipt has exactly 11 lines)		qemu_lookup/RECEIPT.TXT; dupline3; del[490:493]; vocab<-'0'
F-00767	87fd869a9228366ef5576a195e2fb899068ac5034f91382ce355392ef240b54c	1	REJECT_CLEAN	0	VERIFY FAIL — replay diverged from the receipt		1	REJECT_CLEAN	0	VERIFY FAIL — strict: byte 255: 0xc3 is not printable ASCII or LF		qemu_abstain/RECEIPT.TXT; prompt-hex<-'éé'
F-00768	fff02ee451abf4f50e17a0309deb5639a1e4bb93124ccf44624fa8ac6eb54d22	1	REJECT_CLEAN	0	VERIFY FAIL — replay diverged from the receipt		1	REJECT_CLEAN	0	VERIFY FAIL — strict: no newline after the last line (exactly one is required)		qemu_lookup/RECEIPT2.TXT; trunc@446; prompt-hex<-hex('\x9b'..1ch); swap1/4
F-00769	77f0c983068dd68a266617b77d3d14cd995a094996d2a324e42e84a7590d8868	1	REJECT_CLEAN	0	FAIL artifact: EMBED hash mismatch (receipt ff vs local 8cbcd6b69df03539)		1	REJECT_CLEAN	0	VERIFY FAIL — strict: line 3 (embed): expected 64 lower-case hex digits		qemu_calc_words/RECEIPT2.TXT; embed<-'ff'
F-00770	4e839db09740efdca4b8545ba3666e6cfab2165dfc71d0bc22e317e544c5a872	1	REJECT_CLEAN	0	VERIFY FAIL — receipt inputs cannot be replayed: prompt (43) + max_new (9223372036854775808) exceeds max_position_embeddings (512)		1	REJECT_CLEAN	0	VERIFY FAIL — receipt inputs cannot be replayed: prompt (43) + max_new (9223372036854775808) exceeds max_position_embeddings (512)		qemu_calc_words/RECEIPT2.TXT; prompt-hex<-hex('丫😜ǡ/͛/i\x94\ue000丧T['..20ch); maxtok<-9223372036854775808
F-00771	890a045de96fc5379efa26c733584dc7e1f904cbe1b7ec34d5a55279326dbc5e	1	REJECT_CLEAN	0	FAIL artifact: MODEL hash mismatch (receipt  vs local a44e48965c641b81)		1	REJECT_CLEAN	0	VERIFY FAIL — strict: line 1: header must be exactly "AEGIS-WITNESS v1-CIS"		qemu_lookup/RECEIPT2.TXT; del[13:32]; del[10:24]; dupline7
F-00772	2dba54c8b44041dd8d49b6bab36ebc246f0cebaae5a2c14b44845a06f2868a9d	1	REJECT_CLEAN	0	VERIFY FAIL — malformed receipt: token id "18446744073709551615" is not an unsigned 32-bit integer		1	REJECT_CLEAN	0	VERIFY FAIL — strict: line 9 (token-ids): expected comma-separated canonical decimal u32 ids		qemu_abstain/RECEIPT.TXT; token-ids<-'184467440737'; dupline8
F-00773	83a358ca3b53d064157f9ddeaa0d135b029566cc10e247fb864be5ecd6bc8354	1	REJECT_CLEAN	0	VERIFY FAIL — malformed receipt: not valid UTF-8		1	REJECT_CLEAN	0	VERIFY FAIL — strict: byte 138: 0xd9 is not printable ASCII or LF		qemu_calc_words/RECEIPT.TXT; ins@236:b'\n\n'; chain<-'aé'; rep@138:0xd9
F-00774	e0386e70eb207416bb389e61103572573d679f05e98804f83291042791d8ec1c	1	REJECT_CLEAN	0	VERIFY FAIL — malformed receipt: not valid UTF-8		1	REJECT_CLEAN	0	VERIFY FAIL — strict: byte 50: 0xd0 is not printable ASCII or LF		qemu_calc/RECEIPT2.TXT; rep@50:0xd0
F-00775	b82c62ad47e03c7465422ef926d324bd797370f6578c48ef5ac4b02d5facb4f0	1	REJECT_CLEAN	0	VERIFY FAIL — malformed receipt: prompt-hex does not decode to UTF-8 text		1	REJECT_CLEAN	0	VERIFY FAIL — strict: line 6 (prompt-hex): expected non-empty lower-case hex of even length		qemu_receipt/RECEIPT.TXT; dupline10; dupline0; del[306:343]
F-00776	09fcd404f73104266d689954aa6152a68c4f227c5c080dda0477e54c027a565a	1	REJECT_CLEAN	0	FAIL artifact: VOCAB hash mismatch (receipt  vs local a4cafc9649488987)		1	REJECT_CLEAN	0	VERIFY FAIL — strict: byte 31: carriage return (CRLF line endings are not canonical)		qemu_calc/RECEIPT.TXT; ins@31:b'\r\n'; trunc@145
F-00777	84afbd1bf59d3652efeb86238d49212b851b8e1021b1ac0ec2f95452632aa3b6	1	REJECT_CLEAN	0	VERIFY FAIL — receipt inputs cannot be replayed: prompt (1446) + max_new (4294967296) exceeds max_position_embeddings (512)		1	REJECT_CLEAN	0	VERIFY FAIL — strict: line 5: key out of order "gen-toks", canonical order expects "maxtok"		qemu_self/RECEIPT.TXT; prompt-hex<-hex('̼͐\x9b\ue008\ue00f\ue00a😛\ue008͏Ĳ\x80\x98'..700ch); swap4/7; maxtok<-4294967296
F-00778	4411e61dc51c3731789cdd55cd328b803f0a5d97fba38c04bdc251ea31313260	1	REJECT_CLEAN	0	VERIFY FAIL — replay diverged from the receipt		1	REJECT_CLEAN	0	VERIFY FAIL — replay diverged from the receipt		qemu_lookup/RECEIPT.TXT; prompt-hex<-hex('̀😎͉9̱̑\ue00e͖͔业\x97\ue009'..60ch)
F-00779	e4e5f23156bd1975acf25b261763b0cc632242ebfcc802d213e74c012aaf0679	1	REJECT_CLEAN	0	FAIL artifact: VOCAB hash mismatch (receipt  vs local a4cafc9649488987)		1	REJECT_CLEAN	0	VERIFY FAIL — strict: line 4 (vocab): expected 64 lower-case hex digits		qemu_unknown_tool/RECEIPT.TXT; prompt-hex<-hex('9'..1ch); vocab<-''; ins@189:b'-'
F-00780	39620c16780326acc0f1dbda911ab610d91efdb2c853268706c72d49e6527897	1	REJECT_CLEAN	0	VERIFY FAIL — replay diverged from the receipt		1	REJECT_CLEAN	0	VERIFY FAIL — strict: line 4: key out of order "maxtok", canonical order expects "vocab"		qemu_unknown_tool/RECEIPT.TXT; gen-toks<-'1 2'; ins@525:b'999999999999999999999999999999'; swap4/3
F-00781	a2a9b7f67b02faffe22a8f8d5e14e028f7037b80057ce6b2a7bfe23c8cc3623a	1	REJECT_CLEAN	0	VERIFY FAIL — malformed receipt: not valid UTF-8		1	REJECT_CLEAN	0	VERIFY FAIL — strict: byte 275: 0xed is not printable ASCII or LF		qemu_unknown_tool/RECEIPT.TXT; rep@275:0xed; rep@305:0x3f
F-00782	b6bbd46363a0859799063e6b3453af50ca321aa89c6861d77540d28b54073c3f	0	ACCEPT	0	VERIFY PASS — replay reproduced 25 tokens, the token digest, and the full logit chain bit-for-bit		1	REJECT_CLEAN	0	VERIFY FAIL — strict: byte 369: 0xc3 is not printable ASCII or LF		qemu_abstain/RECEIPT.TXT; gen-toks<-'aé'; prompt-toks<-'-1'
F-00783	52522fff8f8b0e4fe84b9f3a010c20898a6ee5e1aec237284e75c08b8573265f	1	REJECT_CLEAN	0	VERIFY FAIL — replay diverged from the receipt		1	REJECT_CLEAN	0	VERIFY FAIL — strict: byte 401: 0xc3 is not printable ASCII or LF		qemu_lookup/RECEIPT.TXT; chain<-'aéé'
F-00784	8d28946cb0279c779c0a9850b8b6b069c63e11b5e8fece1b7d1a612633949535	1	REJECT_CLEAN	0	VERIFY FAIL — malformed receipt: maxtok is not an unsigned integer		1	REJECT_CLEAN	0	VERIFY FAIL — strict: byte 11: carriage return (CRLF line endings are not canonical)		qemu_calc/RECEIPT2.TXT; dupline4; ins@11:b'\r'; maxtok<-'\u202e'
F-00785	b2137bec4fdc683a416dcbf2a60f883c1841c938ea14c3bdd87fb0b34288b749	1	REJECT_CLEAN	0	VERIFY FAIL — malformed receipt: prompt-hex does not decode to UTF-8 text		1	REJECT_CLEAN	0	VERIFY FAIL — strict: line 3: key out of order "chain", canonical order expects "embed"		qemu_calc_words/RECEIPT2.TXT; swap2/10; prompt-hex<-'FF'
F-00786	0795f0d464315cf1744c6dd628e6ca1be16e721b26c5ade0c6812bd3f0f53ce6	1	REJECT_CLEAN	0	VERIFY FAIL — replay diverged from the receipt		1	REJECT_CLEAN	0	VERIFY FAIL — strict: no newline after the last line (exactly one is required)		qemu_unknown_tool/RECEIPT.TXT; prompt-hex<-hex('\x86\ue00d<'..3ch); trunc@334; dupline7
F-00787	6c3a317f1e43576bead08833eced38929562bd1f3cef20e224cea29a63856c68	1	REJECT_CLEAN	0	FAIL artifact: MODEL hash mismatch (receipt 4294967296 vs local a44e48965c641b81)		1	REJECT_CLEAN	0	VERIFY FAIL — strict: line 2 (model): expected 64 lower-case hex digits		qemu_everyday/RECEIPT.TXT; dupline3; chain<-'999999999999'; model<-'4294967296'
F-00788	1e0859efd04a05cf6f4970efb68046cab139b2f32804ae0483e055837a2156f0	1	REJECT_CLEAN	0	VERIFY FAIL — replay diverged from the receipt		1	REJECT_CLEAN	0	VERIFY FAIL — replay diverged from the receipt		qemu_calc/RECEIPT2.TXT; prompt-hex<-hex('|\x1b'..2ch)
F-00789	192e5b39437112e360c72236fbab60f9dca49b20161f52b36f6ca4797a6c3d65	1	REJECT_CLEAN	0	VERIFY FAIL — replay diverged from the receipt		1	REJECT_CLEAN	0	VERIFY FAIL — strict: line 11 (chain): expected 64 lower-case hex digits		qemu_receipt/RECEIPT.TXT; chain<-'xxxxxxxxxxxx'; prompt-hex<-hex('丬\ue002'..2ch); prompt-hex<-hex('Ȃė\ue008\x0b\x8d'..5ch)
F-00790	909511940c5ca659eaf82c2791cc4617a22cb702a865ef7406ae9d54cd98f439	1	REJECT_CLEAN	0	FAIL artifact: VOCAB hash mismatch (receipt  vs local a4cafc9649488987)		1	REJECT_CLEAN	0	VERIFY FAIL — strict: no newline after the last line (exactly one is required)		qemu_everyday/RECEIPT.TXT; rep@427:0x8b; trunc@9
F-00791	dd158abd4836119cdb3b824f4d3a052be55f71efcf751b266dff4a9e9ef5089f	1	REJECT_CLEAN	0	FAIL artifact: MODEL hash mismatch (receipt éé vs local a44e48965c641b81)		1	REJECT_CLEAN	0	VERIFY FAIL — strict: byte 27: 0xc3 is not printable ASCII or LF		qemu_calc_words/RECEIPT2.TXT; gen-toks<-'000000000000'; model<-'éé'; trunc@268
F-00792	29107e4622628b1ec41bfc162a08d339825cf2e46df1aff94ac7f53bb1699768	1	REJECT_CLEAN	0	FAIL artifact: MODEL hash mismatch (receipt a44e48965c641b81 vs local a44e48965c641b81)		1	REJECT_CLEAN	0	FAIL artifact: MODEL hash mismatch (receipt a44e48965c641b81 vs local a44e48965c641b81)		qemu_self/RECEIPT.TXT; rep@76:0x65; maxtok<-9223372036854775808; prompt-hex<-hex('HQÈ'..3ch)
F-00793	3725027aafb2c4bdff182bb0c103ca5f1f7a4fd1d69f58fcf39064a08356fc49	0	ACCEPT	0	VERIFY PASS — replay reproduced 30 tokens, the token digest, and the full logit chain bit-for-bit		1	REJECT_CLEAN	0	VERIFY FAIL — strict: line 10: key out of order "chain", canonical order expects "cis-digest"		qemu_self/RECEIPT.TXT; swap9/10
F-00794	5c24cbfbc2198b63b43190d05175defe575ed13021c142800e37b2085a15a29c	1	REJECT_CLEAN	0	FAIL artifact: MODEL hash mismatch (receipt FF vs local a44e48965c641b81)		1	REJECT_CLEAN	0	VERIFY FAIL — strict: line 2 (model): expected 64 lower-case hex digits		qemu_abstain/RECEIPT.TXT; prompt-hex<-hex('̸c\ue00d\ue00c\ṫ+T😀Ģ4\x14'..60ch); model<-'FF'
F-00795	a268860776d73ef61c33a513d14f713dfe6c336b8f707e090f1b3b42b37a7e6e	1	REJECT_CLEAN	0	FAIL artifact: MODEL hash mismatch (receipt a44e48965c641b81 vs local a44e48965c641b81)		1	REJECT_CLEAN	0	VERIFY FAIL — strict: byte 88: carriage return (CRLF line endings are not canonical)		qemu_calc/RECEIPT.TXT; ins@88:b'\r'
F-00796	58b0ce5d70dc41964f1a8439b67426fde3685142cc512b96e294eaee9ef061d7	1	REJECT_CLEAN	0	FAIL artifact: VOCAB hash mismatch (receipt  vs local a4cafc9649488987)		1	REJECT_CLEAN	0	VERIFY FAIL — strict: no newline after the last line (exactly one is required)		qemu_lookup/RECEIPT.TXT; trunc@103
F-00797	b26b529bfc3475ad9bbac231e75f54f73709e5b580c12045963d157810f463e1	1	REJECT_CLEAN	0	VERIFY FAIL — replay diverged from the receipt		1	REJECT_CLEAN	0	VERIFY FAIL — replay diverged from the receipt		qemu_calc/RECEIPT.TXT; prompt-hex<-hex('両'..1ch)
F-00798	78e9b9be9d225650c69150494cd5e5d4657d6ee26d232aedd7d61b4a256bbd2b	1	REJECT_CLEAN	0	VERIFY FAIL — malformed receipt: not valid UTF-8		1	REJECT_CLEAN	0	VERIFY FAIL — strict: byte 102: 0x9e is not printable ASCII or LF		qemu_everyday/RECEIPT.TXT; rep@102:0x9e; cis-digest<-'\u202e'; prompt-hex<-hex('Ȱ乀\x17̊Ⱥ\x02̉丛\x01Xz😛'..20ch)
F-00799	45b0ec69b690118ac899c22f06c7bf6678d660d2389aa1475292fe8fcfc4f004	1	REJECT_CLEAN	0	VERIFY FAIL — malformed receipt: prompt-hex does not decode to UTF-8 text		1	REJECT_CLEAN	0	VERIFY FAIL — strict: byte 343: 0x09 is not printable ASCII or LF		qemu_receipt/RECEIPT.TXT; prompt-toks<-'\u202e'; ins@343:b'\t'
F-00800	8fdfd77a487ef5f16d1536a2d4b96ac87ba01d3550cf7ca287e7aec78377291f	1	REJECT_CLEAN	0	FAIL artifact: VOCAB hash mismatch (receipt  vs local a4cafc9649488987)		1	REJECT_CLEAN	0	VERIFY FAIL — strict: byte 0: 0x00 is not printable ASCII or LF		garbage:nul
F-00801	745a800687912d868f748aa7bf99ede11bab16eeccfc46f7ec35e242ce1147e9	1	REJECT_CLEAN	0	FAIL artifact: VOCAB hash mismatch (receipt  vs local a4cafc9649488987)		1	REJECT_CLEAN	0	VERIFY FAIL — strict: no newline after the last line (exactly one is required)		qemu_receipt/RECEIPT.TXT; prompt-hex<-hex('#r̐>😕|.i@\ue00c😁ͤ'..60ch); trunc@645; trunc@20
F-00802	d3723c12ae00fc75d027dcc57cb3d29096122dfc732052ae0fc0fc7f3b49de10	1	REJECT_CLEAN	0	VERIFY FAIL — replay diverged from the receipt		1	REJECT_CLEAN	0	VERIFY FAIL — strict: byte 492: 0xc3 is not printable ASCII or LF		qemu_abstain/RECEIPT.TXT; cis-digest<-'aé'
F-00803	d2cbaa7a7e8d0130a113d8c8a783a123ad13aba3d4173e9f7a12ad0c58e9c4b3	1	REJECT_CLEAN	0	VERIFY FAIL — replay diverged from the receipt		1	REJECT_CLEAN	0	VERIFY FAIL — strict: gen-toks 7 does not equal the token-ids count 1		qemu_calc_words/RECEIPT2.TXT; token-ids<-'0'
F-00804	4fb761f07582381c0d6cd24dc6b2fa31b518b4bec39555455f38c385732eca5a	1	REJECT_CLEAN	0	FAIL artifact: VOCAB hash mismatch (receipt a4cafc9649488987 vs local a4cafc9649488987)		1	REJECT_CLEAN	0	VERIFY FAIL — strict: no newline after the last line (exactly one is required)		qemu_calc_words/RECEIPT2.TXT; trunc@189
F-00805	2faefc12fa742566e2c75f033130089143d7d3745e677a3709a6569b2f443649	1	REJECT_CLEAN	0	VERIFY FAIL — replay diverged from the receipt		1	REJECT_CLEAN	0	VERIFY FAIL — strict: line 10 (cis-digest): expected 16 lower-case hex digits		qemu_calc/RECEIPT.TXT; del[405:427]
F-00806	01f04d971db4042af5e3aa35834aa95625900afb5185565a9d1ac9cd9bf6552c	1	REJECT_CLEAN	0	FAIL artifact: VOCAB hash mismatch (receipt  vs local a4cafc9649488987)		1	REJECT_CLEAN	0	VERIFY FAIL — strict: no newline after the last line (exactly one is required)		qemu_calc/RECEIPT.TXT; maxtok<-'4294967296'; ins@110:b','; trunc@51
F-00807	b8d7c41b77b41ad2ae0d2ccb859ae6068629ec9966306eb975f806371e005407	1	REJECT_CLEAN	0	VERIFY FAIL — malformed receipt: maxtok is not an unsigned integer		1	REJECT_CLEAN	0	VERIFY FAIL — strict: byte 241: 0xed is not printable ASCII or LF		qemu_calc/RECEIPT.TXT; maxtok<-'\ud7ff'; prompt-hex<-hex('丳'..1ch)
F-00808	00ff38c33d80f61afe3568a5c5a8f47a660a74c085b49df8c33d8ca1c1e9c570	1	REJECT_CLEAN	0	VERIFY FAIL — malformed receipt: not valid UTF-8		1	REJECT_CLEAN	0	VERIFY FAIL — strict: byte 78: 0xc8 is not printable ASCII or LF		qemu_abstain/RECEIPT.TXT; rep@78:0xc8
F-00809	74cbdf3c66fdfd19dca17c6aea98be3e81fff10909f3dab1fc0d7a3d30423308	1	REJECT_CLEAN	0	VERIFY FAIL — malformed receipt: maxtok is not an unsigned integer		1	REJECT_CLEAN	0	VERIFY FAIL — strict: byte 255: 0xc3 is not printable ASCII or LF		qemu_unknown_tool/RECEIPT.TXT; prompt-hex<-hex('&́並͚o临\ue00f\x89ȳŃ\x07😎'..200ch); maxtok<-'é'; dupline6
F-00810	15d526101e6527ed07222ba22927325d66ff10862bba1874d98ec6d06f8bc2d3	1	REJECT_CLEAN	0	VERIFY FAIL — replay diverged from the receipt		1	REJECT_CLEAN	0	VERIFY FAIL — strict: line 2: unknown key "AEGIS-WITNESS", canonical order expects "model"		qemu_abstain/RECEIPT.TXT; dupline9; del[306:338]; dupline0
F-00811	5658b156fc3e15c8d3be5f70c4eb5b0069ef54172da23aadac1e6738473e10f6	1	REJECT_CLEAN	0	VERIFY FAIL — receipt inputs cannot be replayed: prompt (12) + max_new (4294967296) exceeds max_position_embeddings (512)		1	REJECT_CLEAN	0	VERIFY FAIL — receipt inputs cannot be replayed: prompt (12) + max_new (4294967296) exceeds max_position_embeddings (512)		qemu_lookup/RECEIPT.TXT; maxtok<-4294967296
F-00812	357bcc5b01d3605a1324e0e776e760e11055e9f1c010421483a3a0d3fdf09db4	0	ACCEPT	0	VERIFY PASS — replay reproduced 8 tokens, the token digest, and the full logit chain bit-for-bit		1	REJECT_CLEAN	0	VERIFY FAIL — strict: line 7: key out of order "chain", canonical order expects "prompt-toks"		qemu_calc_words/RECEIPT.TXT; swap10/6
F-00813	e5ec2029458027899a395bfc66c98f4bf926e03fb52c7cc4252fe68cb868b3a0	1	REJECT_CLEAN	0	VERIFY FAIL — malformed receipt: not valid UTF-8		1	REJECT_CLEAN	0	VERIFY FAIL — strict: byte 102: 0xec is not printable ASCII or LF		qemu_calc_words/RECEIPT2.TXT; maxtok<-511; swap8/6; rep@102:0xec
F-00814	ab520bd6369afae439db72b4741be548fcd26354e7f845075602c5ca7353c329	1	REJECT_CLEAN	0	VERIFY FAIL — replay diverged from the receipt		1	REJECT_CLEAN	0	VERIFY FAIL — replay diverged from the receipt		qemu_everyday/RECEIPT.TXT; maxtok<-4294967296; del[241:250]
F-00815	1da4e4ee292b6bc6474daf6bf7a4128e787a3850ddb19e3c436c021c14d2e019	1	REJECT_CLEAN	0	FAIL artifact: MODEL hash mismatch (receipt  vs local a44e48965c641b81)		1	REJECT_CLEAN	0	VERIFY FAIL — strict: byte 21: 0x03 is not printable ASCII or LF		qemu_everyday/RECEIPT.TXT; rep@21:0x03; swap4/11; swap10/9
F-00816	a33bda1265862d8a7ea5bf2cf06cd90d9e31445a8c0727989c63af176b5ec403	1	REJECT_CLEAN	0	VERIFY FAIL — malformed receipt: not valid UTF-8		1	REJECT_CLEAN	0	VERIFY FAIL — strict: byte 426: 0xff is not printable ASCII or LF		qemu_lookup/RECEIPT.TXT; rep@424:0xff; del[431:465]; ins@192:b'\n\n'
F-00817	9f948e8b72119e44000e92d510fe1ca54fb07a4b7869ae6fa6e4257b74a65247	1	REJECT_CLEAN	0	VERIFY FAIL — malformed receipt: prompt-hex does not decode to UTF-8 text		1	REJECT_CLEAN	0	VERIFY FAIL — strict: line 6: key out of order "cis-digest", canonical order expects "prompt-hex"		qemu_lookup/RECEIPT2.TXT; dupline9; del[354:363]
F-00818	a2aea03b6bb26dc63875c457fb58fef1487040e7c54a5d29c38a717c0c7655f7	1	REJECT_CLEAN	0	VERIFY FAIL — replay diverged from the receipt		1	REJECT_CLEAN	0	VERIFY FAIL — strict: no newline after the last line (exactly one is required)		qemu_receipt/RECEIPT.TXT; trunc@670; prompt-hex<-hex('V̀😀\ue00f̒😆中̋'..8ch)
F-00819	a85ddb721069b4e1f49209dfc2e042feea35a7956025655d3f9da7369c086938	1	REJECT_CLEAN	0	VERIFY FAIL — replay diverged from the receipt		1	REJECT_CLEAN	0	VERIFY FAIL — strict: byte 652: 0xed is not printable ASCII or LF		qemu_receipt/RECEIPT.TXT; cis-digest<-'\ud7ff'
F-00820	d00187a027852c814bc052eae16e01820d657d2fe04f2a97d6c2bb7a71053be3	1	REJECT_CLEAN	0	VERIFY FAIL — replay diverged from the receipt		1	REJECT_CLEAN	0	VERIFY FAIL — strict: byte 553: 0x00 is not printable ASCII or LF		qemu_unknown_tool/RECEIPT.TXT; ins@552:b'\x00'; maxtok<-100
F-00821	e10c197e72d2f7a2d56ea95f3615625f766786134138d2933d4b003eb2e1d8c4	1	REJECT_CLEAN	0	FAIL artifact: EMBED hash mismatch (receipt 8cbcd6b69df03539 vs local 8cbcd6b69df03539)		1	REJECT_CLEAN	0	VERIFY FAIL — strict: byte 146: carriage return (CRLF line endings are not canonical)		qemu_abstain/RECEIPT.TXT; trunc@254; ins@146:b'\r\n'
F-00822	243deb22919c42b1ae3e8cf5a7e08a48b5610486c6d49da68fbed1ae1cccb2c5	1	REJECT_CLEAN	0	VERIFY FAIL — malformed receipt: not valid UTF-8		1	REJECT_CLEAN	0	VERIFY FAIL — strict: byte 217: 0xf3 is not printable ASCII or LF		qemu_calc/RECEIPT.TXT; rep@217:0xf3; prompt-hex<-hex('\ue010\ue00d\ue009\ue005Ÿ'..5ch)
F-00823	39855302a74d4bccb105a0d6e4ae5c73f987dcecf247f71f2f0fe2d95e3dd69b	1	REJECT_CLEAN	0	VERIFY FAIL — replay diverged from the receipt		1	REJECT_CLEAN	0	VERIFY FAIL — strict: no newline after the last line (exactly one is required)		qemu_calc/RECEIPT.TXT; trunc@436
F-00824	cd7bec6dc239f56677f6dbdf6912ce57288ff766d065fd76f26c2c8b6c53c28a	1	REJECT_CLEAN	0	FAIL artifact: VOCAB hash mismatch (receipt  vs local a4cafc9649488987)		1	REJECT_CLEAN	0	VERIFY FAIL — strict: no newline after the last line (exactly one is required)		qemu_lookup/RECEIPT.TXT; trunc@109
F-00825	0458474b8d6221e3174f8d08d631ecf4f08597c4c51602e1774a898b1205b76f	1	REJECT_CLEAN	0	VERIFY FAIL — malformed receipt: maxtok is not an unsigned integer		1	REJECT_CLEAN	0	VERIFY FAIL — strict: byte 28: 0xc3 is not printable ASCII or LF		qemu_receipt/RECEIPT.TXT; dupline4; del[431:467]; maxtok<-'éé'
F-00826	d581b0287be030fba25516a8cffdeecbb5314c68aed7ccff0787ec2bec187137	1	REJECT_CLEAN	0	FAIL artifact: VOCAB hash mismatch (receipt a4cafc9649488987 vs local a4cafc9649488987)		1	REJECT_CLEAN	0	VERIFY FAIL — strict: no newline after the last line (exactly one is required)		qemu_abstain/RECEIPT.TXT; trunc@227; del[64:69]
F-00827	74024dddb79976ba868c05501c4a16f52d3988430749d47c88e0460d003c2dad	1	REJECT_CLEAN	0	VERIFY FAIL — receipt inputs cannot be replayed: prompt (13) + max_new (9223372036854775808) exceeds max_position_embeddings (512)		1	REJECT_CLEAN	0	VERIFY FAIL — receipt inputs cannot be replayed: prompt (13) + max_new (9223372036854775808) exceeds max_position_embeddings (512)		qemu_calc/RECEIPT.TXT; maxtok<-9223372036854775808
F-00828	e8976dc45e1fe6b3fc3b82d4cb115a96b7c4f158d0f622ba091cf6f375889c1a	1	REJECT_CLEAN	0	FAIL artifact: VOCAB hash mismatch (receipt a4caf vs local a4cafc9649488987)		1	REJECT_CLEAN	0	VERIFY FAIL — strict: no newline after the last line (exactly one is required)		qemu_everyday/RECEIPT.TXT; trunc@174; AEGIS-WITNESS<-'zz'; del[38:40]
F-00829	d94ad0d00422de962c680ad8095b6fa91763e6a433d5f8fad4c4b9736e2530ca	1	REJECT_CLEAN	0	FAIL artifact: MODEL hash mismatch (receipt  |  vs local a44e48965c641b81)		1	REJECT_CLEAN	0	VERIFY FAIL — strict: byte 27: 0x09 is not printable ASCII or LF		qemu_calc/RECEIPT2.TXT; model<-'\t'
F-00830	5a860b614fead1f576ec3b3e5e1882b2686046b1d78871117be7a5f7150fb9ba	1	REJECT_CLEAN	0	VERIFY FAIL — malformed receipt: token id "3ddebefc84f1ad58" is not an unsigned 32-bit integer		1	REJECT_CLEAN	0	VERIFY FAIL — strict: line 9 (token-ids): expected comma-separated canonical decimal u32 ids		qemu_calc/RECEIPT.TXT; del[372:391]
F-00831	1e95973e26efa403438220b9fe17c19e1eef279c5645569fc22a56c236a1095b	1	REJECT_CLEAN	0	VERIFY FAIL — malformed receipt: maxtok is not an unsigned integer		1	REJECT_CLEAN	0	VERIFY FAIL — strict: byte 241: 0xed is not printable ASCII or LF		qemu_lookup/RECEIPT2.TXT; cis-digest<-'xxxxxxxxxxxx'; maxtok<-'\ud7ff'
F-00832	20c433ef8b5ff35dc193345d71f96fa62a5bd93bc13255fa5e120e2e9cb62541	1	REJECT_CLEAN	0	VERIFY FAIL — replay diverged from the receipt		1	REJECT_CLEAN	0	VERIFY FAIL — strict: line 10: expected "cis-digest <value>"		qemu_lookup/RECEIPT.TXT; del[373:378]
F-00833	d413ad84c973a4af114ffa46eab413e062b73e2963ca0d2c15a1812be12a049b	1	REJECT_CLEAN	0	FAIL artifact: EMBED hash mismatch (receipt +1 vs local 8cbcd6b69df03539)		1	REJECT_CLEAN	0	VERIFY FAIL — strict: line 3 (embed): expected 64 lower-case hex digits		qemu_abstain/RECEIPT.TXT; embed<-'+1'; prompt-toks<-'-'
F-00834	154f43ea472e5d08b4b386e0e231272d011dda3bc0b8341f4c76ad67bd26789f	1	REJECT_CLEAN	0	VERIFY FAIL — malformed receipt: not valid UTF-8		1	REJECT_CLEAN	0	VERIFY FAIL — strict: byte 498: 0xff is not printable ASCII or LF		qemu_unknown_tool/RECEIPT.TXT; ins@525:b'\xff'; del[348:376]; maxtok<-100
F-00835	a068ba195956fd759577252c602b201fc8684e2cd54985a17167b345bcf27a93	1	REJECT_CLEAN	0	FAIL artifact: VOCAB hash mismatch (receipt  vs local a4cafc9649488987)		1	REJECT_CLEAN	0	VERIFY FAIL — strict: byte 28: 0xc3 is not printable ASCII or LF		qemu_calc/RECEIPT2.TXT; ins@247:b'\x00'; trunc@66; model<-'aé'
F-00836	34c9e769d5dfecf8386fd071667be149a4f82fc6891c0a2597966d7e845c51d0	1	REJECT_CLEAN	0	VERIFY FAIL — malformed receipt: not valid UTF-8		1	REJECT_CLEAN	0	VERIFY FAIL — strict: byte 570: 0x87 is not printable ASCII or LF		qemu_self/RECEIPT.TXT; rep@603:0x87; del[500:533]
F-00837	965d5152cbe026e8e052cd8b800f59f2638157e54e9774eebaed5bb0d745daad	1	REJECT_CLEAN	0	FAIL artifact: VOCAB hash mismatch (receipt  vs local a4cafc9649488987)		1	REJECT_CLEAN	0	VERIFY FAIL — strict: no newline after the last line (exactly one is required)		qemu_lookup/RECEIPT.TXT; model<-'+'; trunc@106
F-00838	9b6505dbe65b676e5a00bab3c9a23db3c9ab582d33fade9eff803e0a70154e2f	1	REJECT_CLEAN	0	FAIL artifact: VOCAB hash mismatch (receipt a4cafc9649488987 vs local a4cafc9649488987)		1	REJECT_CLEAN	0	VERIFY FAIL — strict: line 4 (vocab): expected 64 lower-case hex digits		qemu_calc/RECEIPT.TXT; ins@203:b'+'; prompt-hex<-hex('\x88\x8c\x8f😘\ue00bƍƞ义😂B😊\ue007'..20ch); maxtok<-2
F-00839	10566a7cfcb92de65d6bf67dbfea69edb27a20aef316430ce6cf68ddb3a543cb	1	REJECT_CLEAN	0	VERIFY FAIL — malformed receipt: maxtok is not an unsigned integer		1	REJECT_CLEAN	0	VERIFY FAIL — strict: line 5 (maxtok): expected a decimal integer without sign or leading zeros		qemu_abstain/RECEIPT.TXT; maxtok<-18446744073709551617; prompt-hex<-hex('ȧ\x0e\x8e-NḲ[µ#😛\x97'..20ch)
F-00840	4342e2367b8c28b5651b8e2cfa56a2fdc8be69a19765e79592ffebf39bb9cac0	1	REJECT_CLEAN	0	FAIL artifact: VOCAB hash mismatch (receipt  vs local a4cafc9649488987)		1	REJECT_CLEAN	0	VERIFY FAIL — strict: byte 0: 0x00 is not printable ASCII or LF		garbage:nul
F-00841	aef58fce8e77be24aa76aa2656d4c119659673378c0b65924de1db9e2b875399	1	REJECT_CLEAN	0	VERIFY FAIL — replay diverged from the receipt		1	REJECT_CLEAN	0	VERIFY FAIL — replay diverged from the receipt		qemu_calc_words/RECEIPT.TXT; prompt-hex<-hex('\x1ey😐uM😒B,'..8ch)
F-00842	050158dd54c325f10365d23e79b761285afa66f11b41788eebd1ba033f9c37aa	1	REJECT_CLEAN	0	VERIFY FAIL — receipt inputs cannot be replayed: prompt tokenized to nothing		1	REJECT_CLEAN	0	VERIFY FAIL — strict: line 6: expected "prompt-hex <value>"		qemu_calc/RECEIPT.TXT; del[250:276]
F-00843	b0e8a2a592fab91bde5b8eecb9c050682e77005a1be4fc5954fa19d2b0527596	1	REJECT_CLEAN	0	VERIFY FAIL — replay diverged from the receipt		1	REJECT_CLEAN	0	VERIFY FAIL — strict: line 3: unknown key "AEGIS-WITNESS", canonical order expects "embed"		qemu_calc_words/RECEIPT2.TXT; prompt-hex<-hex("严乎\n'\x88"..5ch); dupline0; swap11/4
F-00844	5eb91b2446eb3058326de08720341f5474b3b82803a582e409c5b611726634a3	1	REJECT_CLEAN	0	VERIFY FAIL — malformed receipt: not valid UTF-8		1	REJECT_CLEAN	0	VERIFY FAIL — strict: byte 239: 0x9d is not printable ASCII or LF		qemu_everyday/RECEIPT.TXT; swap2/0; dupline3; rep@239:0x9d
F-00845	db9ee3791b3cf541c63873f16ba1db08feb4740a32967a4525c3b2e2b9706277	1	REJECT_CLEAN	0	VERIFY FAIL — malformed receipt: prompt-hex does not decode to UTF-8 text		1	REJECT_CLEAN	0	VERIFY FAIL — strict: no newline after the last line (exactly one is required)		qemu_calc/RECEIPT2.TXT; prompt-hex<-hex('a😑ͫ😂\x1e\x81😎下乊乐̿\x8e'..700ch); trunc@2159; trunc@1602
F-00846	40389818e588b0f1feb66e5967974d75ac98e0731ae3458b4e770efe9e6aec3e	0	ACCEPT	0	VERIFY PASS — replay reproduced 30 tokens, the token digest, and the full logit chain bit-for-bit		1	REJECT_CLEAN	0	VERIFY FAIL — strict: line 4: key out of order "prompt-toks", canonical order expects "vocab"		qemu_self/RECEIPT.TXT; swap6/3
F-00847	143a104429a0cd7b51e31867e2e03ea98f635516d52a9b52596ebce73be30f2c	0	ACCEPT	0	VERIFY PASS — replay reproduced 50 tokens, the token digest, and the full logit chain bit-for-bit		1	REJECT_CLEAN	0	VERIFY FAIL — strict: no newline after the last line (exactly one is required)		qemu_receipt/RECEIPT.TXT; swap5/7; dupline3; swap12/6
F-00848	cba3875d6a23fad5e7680bc6d58ffbad07ec98efae71e81336686c8b46614d39	0	ACCEPT	0	VERIFY PASS — replay reproduced 7 tokens, the token digest, and the full logit chain bit-for-bit		1	REJECT_CLEAN	0	VERIFY FAIL — strict: line 7: key out of order "chain", canonical order expects "prompt-toks"		qemu_calc_words/RECEIPT2.TXT; dupline10
F-00849	c83c9ce910175ed041554bd6b6be1fe3e24516fe5c88e993304e905c16d949e9	1	REJECT_CLEAN	0	VERIFY FAIL — replay diverged from the receipt		1	REJECT_CLEAN	0	VERIFY FAIL — replay diverged from the receipt		qemu_abstain/RECEIPT.TXT; prompt-hex<-hex('t'..1ch)
F-00850	d5654940164f1b9a9894dc3b589881cb132404811297ee38f783e3903c6e59c7	1	REJECT_CLEAN	0	FAIL artifact: MODEL hash mismatch (receipt a44e48965c641b81 vs local a44e48965c641b81)		1	REJECT_CLEAN	0	VERIFY FAIL — strict: line 2: key out of order "gen-toks", canonical order expects "model"		qemu_lookup/RECEIPT2.TXT; ins@88:b' '; swap1/7
F-00851	e8562238a638462196fd67cd2ec6597691a90dbb98790fba25c8c154d02b1a82	1	REJECT_CLEAN	0	FAIL artifact: MODEL hash mismatch (receipt a44e48965c641bcc vs local a44e48965c641b81)		1	REJECT_CLEAN	0	VERIFY FAIL — strict: line 2 (model): expected 64 lower-case hex digits		qemu_calc/RECEIPT2.TXT; del[41:72]
F-00852	b3ac936b1d3140b372827fa799284a268ee50fd6a4f7b8d66d334d6dadc486a3	1	REJECT_CLEAN	0	FAIL artifact: VOCAB hash mismatch (receipt  vs local a4cafc9649488987)		1	REJECT_CLEAN	0	VERIFY FAIL — strict: no newline after the last line (exactly one is required)		qemu_receipt/RECEIPT.TXT; prompt-hex<-hex('\x0c,.\x00\x17三{(乎😔\x89\x9c'..20ch); trunc@19
F-00853	c0896ae0e116c06118ba3a7af68db9e04a81269fa303ac5f0896292bb00b2dff	1	REJECT_CLEAN	0	VERIFY FAIL — replay diverged from the receipt		1	REJECT_CLEAN	0	VERIFY FAIL — strict: no newline after the last line (exactly one is required)		qemu_lookup/RECEIPT2.TXT; del[685:687]; dupline6
F-00854	90786c946d1126d312334da978776e93405347c960e704a137030ce8f1dafdcc	0	ACCEPT	0	VERIFY PASS — replay reproduced 50 tokens, the token digest, and the full logit chain bit-for-bit		1	REJECT_CLEAN	0	VERIFY FAIL — strict: line 2: key out of order "cis-digest", canonical order expects "model"		qemu_receipt/RECEIPT.TXT; swap9/1
F-00855	dc01e701eabea90587f38fae89bf00cfc494cd4855bffd56e49aff3369fbc2d0	1	REJECT_CLEAN	0	VERIFY FAIL — receipt inputs cannot be replayed: prompt (9) + max_new (511) exceeds max_position_embeddings (512)		1	REJECT_CLEAN	0	VERIFY FAIL — receipt inputs cannot be replayed: prompt (9) + max_new (511) exceeds max_position_embeddings (512)		qemu_unknown_tool/RECEIPT.TXT; maxtok<-100; maxtok<-511
F-00856	9a34af8fdabc348a68a92150608a5184b1c9505330c782fdf0cf788e5c20caa0	1	REJECT_CLEAN	0	VERIFY FAIL — replay diverged from the receipt		1	REJECT_CLEAN	0	VERIFY FAIL — strict: byte 466: 0xc3 is not printable ASCII or LF		qemu_calc/RECEIPT2.TXT; cis-digest<-'aéé'; AEGIS-WITNESS<-'+'
F-00857	6f1a4a3f4e4ca7285577bdc6d5aa8f451e907974a8acb0d7f25505d62a94bed2	0	ACCEPT	0	VERIFY PASS — replay reproduced 9 tokens, the token digest, and the full logit chain bit-for-bit		1	REJECT_CLEAN	0	VERIFY FAIL — strict: line 3: key out of order "cis-digest", canonical order expects "embed"		qemu_calc/RECEIPT.TXT; dupline9
F-00858	0a8253cafabcf4891e92ed6ccb4741893199aaabfff78017d2e21706fbab6f64	1	REJECT_CLEAN	0	VERIFY FAIL — receipt inputs cannot be replayed: prompt (1452) + max_new (513) exceeds max_position_embeddings (512)		1	REJECT_CLEAN	0	VERIFY FAIL — strict: no newline after the last line (exactly one is required)		qemu_abstain/RECEIPT.TXT; trunc@455; prompt-hex<-hex('\ue00dz̵̭̦ͥͨ1=\ue000Ŋ😜'..700ch); maxtok<-513
F-00859	daefb7bcc815428a9868587b8041dfdc4121577a81f0cacdb0eb86d3d889ab6d	1	REJECT_CLEAN	0	VERIFY FAIL — replay diverged from the receipt		1	REJECT_CLEAN	0	VERIFY FAIL — replay diverged from the receipt		qemu_lookup/RECEIPT2.TXT; maxtok<-7
F-00860	6936acc053e0c747dfbf7c5ae4ce643477108091f348e151c856d4a2140d3926	0	ACCEPT	0	VERIFY PASS — replay reproduced 9 tokens, the token digest, and the full logit chain bit-for-bit		1	REJECT_CLEAN	0	VERIFY FAIL — strict: line 12: unexpected extra line "prompt-hex" (a receipt has exactly 11 lines)		qemu_calc/RECEIPT.TXT; dupline5
F-00861	768462c15c6475ce54ef0e018547dfdf797dffc50ce73e3c44e660f45bf24b4d	0	ACCEPT	0	VERIFY PASS — replay reproduced 8 tokens, the token digest, and the full logit chain bit-for-bit		1	REJECT_CLEAN	0	VERIFY FAIL — strict: line 1: header must be exactly "AEGIS-WITNESS v1-CIS"		qemu_calc_words/RECEIPT.TXT; AEGIS-WITNESS<-'1,,2'
F-00862	9c37de7e4c79b1ad262ea8f41449b962d638146b348fad867c0e60d625448cd6	0	ACCEPT	0	VERIFY PASS — replay reproduced 50 tokens, the token digest, and the full logit chain bit-for-bit		1	REJECT_CLEAN	0	VERIFY FAIL — strict: no newline after the last line (exactly one is required)		qemu_receipt/RECEIPT.TXT; swap11/8
F-00863	69304c6814d6d3dfbedb21f780f24b43d424d443baebf98ce221dc3b9ea2200d	0	ACCEPT	0	VERIFY PASS — replay reproduced 25 tokens, the token digest, and the full logit chain bit-for-bit		1	REJECT_CLEAN	0	VERIFY FAIL — strict: byte 356: 0xed is not printable ASCII or LF		qemu_abstain/RECEIPT.TXT; prompt-toks<-'\ud7ff'
F-00864	5294b09604fa6c499ecd468eba26b0c38a25c2efde1fd0caf834a32235ed6725	1	REJECT_CLEAN	0	VERIFY FAIL — receipt inputs cannot be replayed: prompt (27) + max_new (9223372036854775808) exceeds max_position_embeddings (512)		1	REJECT_CLEAN	0	VERIFY FAIL — strict: line 2: key out of order "prompt-hex", canonical order expects "model"		qemu_calc_words/RECEIPT2.TXT; maxtok<-9223372036854775808; swap1/5
F-00865	2898b244f5127cdfb0b8700f880359c72220a1122d33a9126c2c2f39832f616a	0	ACCEPT	0	VERIFY PASS — replay reproduced 30 tokens, the token digest, and the full logit chain bit-for-bit		1	REJECT_CLEAN	0	VERIFY FAIL — strict: line 2: key out of order "token-ids", canonical order expects "model"		qemu_self/RECEIPT.TXT; swap8/1
F-00866	4738576a4270eca77eb50bb477a7c864443e4c0181595cbc7b4a2e156804c899	1	REJECT_CLEAN	0	VERIFY FAIL — replay diverged from the receipt		1	REJECT_CLEAN	0	VERIFY FAIL — strict: line 8: key out of order "token-ids", canonical order expects "gen-toks"		qemu_receipt/RECEIPT.TXT; dupline11; prompt-hex<-hex('😙͒\x91😠/😏H\t😒\ue007u😂'..200ch); dupline9
F-00867	a9f46c817945f4f94b96231dde3606cd9a7ab4cdf98ee00d6c5b0d1d45bf4a35	1	REJECT_CLEAN	0	VERIFY FAIL — malformed receipt: prompt-hex does not decode to UTF-8 text		1	REJECT_CLEAN	0	VERIFY FAIL — strict: line 6: key out of order "gen-toks", canonical order expects "prompt-hex"		qemu_lookup/RECEIPT.TXT; prompt-hex<-'ff'; dupline2; swap8/5
F-00868	d98bc78dcbb1a7075c857371bab4aa7e49cc1bfb14e43fbe5e194780c86a7ac2	1	REJECT_CLEAN	0	VERIFY FAIL — receipt inputs cannot be replayed: prompt (12) + max_new (513) exceeds max_position_embeddings (512)		1	REJECT_CLEAN	0	VERIFY FAIL — strict: line 11: duplicate key "prompt-hex", canonical order expects "chain"		qemu_lookup/RECEIPT.TXT; dupline5; maxtok<-513
F-00869	ff9127cd314def17fac48ee97ba368f274e38ba817d241adcc006d90cdb8b944	1	REJECT_CLEAN	0	VERIFY FAIL — malformed receipt: maxtok is not an unsigned integer		1	REJECT_CLEAN	0	VERIFY FAIL — strict: line 2 (model): expected 64 lower-case hex digits		qemu_abstain/RECEIPT.TXT; dupline1; maxtok<-'ff'; del[38:53]
F-00870	863d8034fe9d1209b4bf50cd9eb9bc3390b5e403b114265910d0f5b13ff47cad	1	REJECT_CLEAN	0	VERIFY FAIL — receipt inputs cannot be replayed: prompt (1466) + max_new (500) exceeds max_position_embeddings (512)		1	REJECT_CLEAN	0	VERIFY FAIL — receipt inputs cannot be replayed: prompt (1466) + max_new (500) exceeds max_position_embeddings (512)		qemu_receipt/RECEIPT.TXT; prompt-hex<-hex('两̟)\x93\ue010̑\x12\x84\x89丐̘\x05'..200ch); maxtok<-500; prompt-hex<-hex('\x1dȟX\ue009̦̦\ue008\ue00e\x0f\x1fT\x0b'..700ch)
F-00871	b53fef4f7487b726d660c8a637c3491e61d8833ce64037de0aa5fb1d6f86fa3a	0	ACCEPT	0	VERIFY PASS — replay reproduced 25 tokens, the token digest, and the full logit chain bit-for-bit		1	REJECT_CLEAN	0	VERIFY FAIL — strict: line 8: key out of order "cis-digest", canonical order expects "gen-toks"		qemu_abstain/RECEIPT.TXT; swap9/7
F-00872	8761887941bc0926b8536eda31b820400b7cf5580cbdfe3e003a7f123aa5d3de	1	REJECT_CLEAN	0	VERIFY FAIL — malformed receipt: prompt-hex does not decode to UTF-8 text		1	REJECT_CLEAN	0	VERIFY FAIL — strict: byte 304: 0x09 is not printable ASCII or LF		qemu_calc/RECEIPT2.TXT; ins@304:b'\t'
F-00873	a92373098db0c6c2b3c913a9e13d62a95fc2aeca25876994932a3c3431e25095	0	ACCEPT	0	VERIFY PASS — replay reproduced 9 tokens, the token digest, and the full logit chain bit-for-bit		1	REJECT_CLEAN	0	VERIFY FAIL — strict: line 1: header must be exactly "AEGIS-WITNESS v1-CIS"		qemu_calc/RECEIPT2.TXT; swap8/7; AEGIS-WITNESS<-'184467440737'
F-00874	d6d141c70defcf1b175d36ab2543d2040304b282168ef92573b30451a128594c	0	ACCEPT	0	VERIFY PASS — replay reproduced 9 tokens, the token digest, and the full logit chain bit-for-bit		1	REJECT_CLEAN	0	VERIFY FAIL — strict: line 9: key out of order "cis-digest", canonical order expects "token-ids"		qemu_calc/RECEIPT2.TXT; dupline9
F-00875	5821b205a6bdfd5bbfa21f8ac6c889eb0225c62130aa8a16f9d9ecdabbadcdd1	1	REJECT_CLEAN	0	FAIL artifact: VOCAB hash mismatch (receipt  vs local a4cafc9649488987)		1	REJECT_CLEAN	0	VERIFY FAIL — strict: no newline after the last line (exactly one is required)		qemu_calc/RECEIPT.TXT; trunc@53; dupline0; trunc@54
F-00876	160012566764a551d92833422e5f37ab4674ee02d0cf2d7694cda6fce59bb51e	1	REJECT_CLEAN	0	VERIFY FAIL — receipt inputs cannot be replayed: prompt (9) + max_new (512) exceeds max_position_embeddings (512)		1	REJECT_CLEAN	0	VERIFY FAIL — strict: line 10: key out of order "chain", canonical order expects "cis-digest"		qemu_unknown_tool/RECEIPT.TXT; maxtok<-512; dupline10
F-00877	286290dc2272a21351669dc3d1636c3c33afe899fd309907f8a1bde1c5b15af0	1	REJECT_CLEAN	0	VERIFY FAIL — receipt inputs cannot be replayed: prompt (41) + max_new (4294967296) exceeds max_position_embeddings (512)		1	REJECT_CLEAN	0	VERIFY FAIL — receipt inputs cannot be replayed: prompt (41) + max_new (4294967296) exceeds max_position_embeddings (512)		qemu_lookup/RECEIPT2.TXT; maxtok<-4294967296
F-00878	4ec4364bc4922622cc6a095775ca39f25abb6f94f7c78b9fc50b081e6e197573	1	REJECT_CLEAN	0	VERIFY FAIL — replay diverged from the receipt		1	REJECT_CLEAN	0	VERIFY FAIL — strict: no newline after the last line (exactly one is required)		qemu_lookup/RECEIPT2.TXT; trunc@322
F-00879	b5ae18817077dba17015445c07db8273d4a919d2a44aaaab3a81afd226a536a3	1	REJECT_CLEAN	0	VERIFY FAIL — malformed receipt: not valid UTF-8		1	REJECT_CLEAN	0	VERIFY FAIL — strict: byte 43: 0xff is not printable ASCII or LF		qemu_everyday/RECEIPT.TXT; prompt-hex<-hex('😠\ue00c'..2ch); ins@43:b'\xff'; rep@367:0x4a
F-00880	7ac002a65832b1976b3bff2e18db45986742ecea097c32656b6730fbc806cdff	1	REJECT_CLEAN	0	VERIFY FAIL — malformed receipt: not valid UTF-8		1	REJECT_CLEAN	0	VERIFY FAIL — strict: byte 0: 0xe6 is not printable ASCII or LF		garbage:rand
F-00881	224be32833d11f4328bd54b348f2a222e342d93e0b9a847466e6bb12e3211f20	1	REJECT_CLEAN	0	FAIL artifact: EMBED hash mismatch (receipt 8cbcd6b69df03539 vs local 8cbcd6b69df03539)		1	REJECT_CLEAN	0	VERIFY FAIL — strict: byte 129: 0x09 is not printable ASCII or LF		qemu_calc/RECEIPT2.TXT; ins@129:b'\t'; prompt-hex<-hex('Z\x8aÅ\ue00bXŨ\ue008並\ue00c\x04$̐'..20ch); swap4/7
F-00882	b7a6da32613b524e5fa2d8f3c9c64e39b994b8de69c31bbbf0ba8c1810a9fbd6	1	REJECT_CLEAN	0	VERIFY FAIL — receipt inputs cannot be replayed: prompt (19) + max_new (2147483648) exceeds max_position_embeddings (512)		1	REJECT_CLEAN	0	VERIFY FAIL — strict: line 10: expected "cis-digest <value>"		qemu_self/RECEIPT.TXT; del[559:574]; maxtok<-2147483648
F-00883	82ec135d7e3b3bc43b68d27e9da5fa4ac1a4c99c9a2b888c3149c9c5980a1634	1	REJECT_CLEAN	0	VERIFY FAIL — receipt inputs cannot be replayed: prompt tokenized to nothing		1	REJECT_CLEAN	0	VERIFY FAIL — strict: line 6: expected "prompt-hex <value>"		qemu_calc_words/RECEIPT.TXT; del[249:258]
F-00884	9a061b2a16b050c7e4efedb0b26ba3e9faa7a7bd0d439d5be752bb9d3050a27e	1	REJECT_CLEAN	0	FAIL artifact: VOCAB hash mismatch (receipt  vs local a4cafc9649488987)		1	REJECT_CLEAN	0	VERIFY FAIL — strict: no newline after the last line (exactly one is required)		qemu_lookup/RECEIPT.TXT; prompt-hex<-hex('\n̻'..2ch); trunc@64
F-00885	f8e13769ee63548b5c6a11a37b587f135b5519660cae4038325deec713f15ed3	1	REJECT_CLEAN	0	VERIFY FAIL — malformed receipt: prompt-hex does not decode to UTF-8 text		1	REJECT_CLEAN	0	VERIFY FAIL — strict: byte 292: 0x00 is not printable ASCII or LF		qemu_unknown_tool/RECEIPT.TXT; ins@306:b'\x00'; ins@466:b'\xc3\xa9'; prompt-hex<-'999999999999'
F-00886	e175931b942343be74dae09afd7b11522255bd6e3e038ea133ee7ef21edf2e63	0	ACCEPT	0	VERIFY PASS — replay reproduced 3 tokens, the token digest, and the full logit chain bit-for-bit		1	REJECT_CLEAN	0	VERIFY FAIL — strict: line 2: key out of order "maxtok", canonical order expects "model"		qemu_everyday/RECEIPT.TXT; dupline4; dupline9
F-00887	f47c6b6458b555c12711a073043dd8b7191aa5b932aa9b730ad79a677c0c23f4	0	ACCEPT	0	VERIFY PASS — replay reproduced 30 tokens, the token digest, and the full logit chain bit-for-bit		1	REJECT_CLEAN	0	VERIFY FAIL — strict: no newline after the last line (exactly one is required)		qemu_self/RECEIPT.TXT; swap11/3
F-00888	fc12d2be851f5eaf88c93082ebb9f3b9ba1c7f03ff48de58d1381837d14356c1	1	REJECT_CLEAN	0	VERIFY FAIL — replay diverged from the receipt		1	REJECT_CLEAN	0	VERIFY FAIL — replay diverged from the receipt		qemu_lookup/RECEIPT2.TXT; prompt-hex<-hex('\x89丧7'..3ch)
F-00889	af53438bf8e074dfa201dcdf5deab5e18c1dea50cf147175fb621ab0f1704d06	1	REJECT_CLEAN	0	VERIFY FAIL — malformed receipt: not valid UTF-8		1	REJECT_CLEAN	0	VERIFY FAIL — strict: byte 102: 0xff is not printable ASCII or LF		qemu_calc_words/RECEIPT2.TXT; prompt-hex<-hex('Ɩ\ue00a丱'..3ch); trunc@379; ins@102:b'\xff'
F-00890	9d0a95dba788158c96a00d3f2136b6f9b379221295649d5a130ba4c894df3a09	1	REJECT_CLEAN	0	VERIFY FAIL — replay diverged from the receipt		1	REJECT_CLEAN	0	VERIFY FAIL — replay diverged from the receipt		qemu_lookup/RECEIPT.TXT; prompt-hex<-hex('Y̿\ue004̵&.😙\x06'..8ch)
F-00891	2cfb8496f163592c5c67808947a8ae59f6cce0eb93443e7a5f103cd5f627909b	1	REJECT_CLEAN	0	VERIFY FAIL — malformed receipt: token id "-1" is not an unsigned 32-bit integer		1	REJECT_CLEAN	0	VERIFY FAIL — strict: line 2: key out of order "chain", canonical order expects "model"		qemu_calc/RECEIPT2.TXT; token-ids<-'-1'; dupline10
F-00892	dc48123f9d1e65f21c6e2709eb915cefeb6784dc387a27174f516efd590b3518	0	ACCEPT	0	VERIFY PASS — replay reproduced 7 tokens, the token digest, and the full logit chain bit-for-bit		1	REJECT_CLEAN	0	VERIFY FAIL — strict: line 1: header must be exactly "AEGIS-WITNESS v1-CIS"		qemu_lookup/RECEIPT.TXT; AEGIS-WITNESS<-'-'; swap6/9
F-00893	39dd82320a02511ec9f109c80499f7368ba7e1163e452cdb462cf0c36db5865b	1	REJECT_CLEAN	0	FAIL artifact: MODEL hash mismatch (receipt 1,2, vs local a44e48965c641b81)		1	REJECT_CLEAN	0	VERIFY FAIL — strict: line 2 (model): expected 64 lower-case hex digits		qemu_calc/RECEIPT2.TXT; model<-'1,2,'
F-00894	17cc98f981e19f3e0d60a9b8432b493c4fb0a189fc1330fa0f95dfe1b4557675	1	REJECT_CLEAN	0	FAIL artifact: EMBED hash mismatch (receipt 8cbcd6b69df03539 vs local 8cbcd6b69df03539)		1	REJECT_CLEAN	0	VERIFY FAIL — strict: line 3: key out of order "gen-toks", canonical order expects "embed"		qemu_calc_words/RECEIPT2.TXT; del[135:144]; prompt-hex<-hex('\ue003%\x07乊;ͦ\x9af\x82\x7f\x89 '..200ch); swap7/2
F-00895	26f55a680b7afe3efd22b4f05f39e86b0a53ce40dd15c86b628cdb515422d4ce	1	REJECT_CLEAN	0	VERIFY FAIL — replay diverged from the receipt		1	REJECT_CLEAN	0	VERIFY FAIL — strict: line 8 (gen-toks): expected a decimal integer without sign or leading zeros		qemu_lookup/RECEIPT.TXT; del[338:369]; ins@329:b' '
F-00896	14044960bc2c66800cbbdaeba93267fa7105d8a878f637178575027c5e7c654a	1	REJECT_CLEAN	0	VERIFY FAIL — receipt inputs cannot be replayed: prompt tokenized to nothing		1	REJECT_CLEAN	0	VERIFY FAIL — strict: line 6: expected "prompt-hex <value>"		qemu_self/RECEIPT.TXT; del[246:258]
F-00897	c21e375ff78e946c485541cd4ba596679951e740bcc406d5403c10ba1d74d55d	1	REJECT_CLEAN	0	VERIFY FAIL — replay diverged from the receipt		1	REJECT_CLEAN	0	VERIFY FAIL — strict: line 10 (cis-digest): expected 16 lower-case hex digits		qemu_calc/RECEIPT.TXT; rep@399:0x71
F-00898	20c5523138154bab01b8b2447f51c286750493d233e7952b19c72e5c8dd4018a	1	REJECT_CLEAN	0	VERIFY FAIL — malformed receipt: maxtok is not an unsigned integer		1	REJECT_CLEAN	0	VERIFY FAIL — strict: byte 331: 0x12 is not printable ASCII or LF		qemu_self/RECEIPT.TXT; rep@341:0x12; swap4/5; maxtok<-18446744073709551617
F-00899	b9656f1ecf1a094ab73347d53e27a7551f6e44c0189e8a99c95537d8caad7499	1	REJECT_CLEAN	0	FAIL artifact: VOCAB hash mismatch (receipt  vs local a4cafc9649488987)		1	REJECT_CLEAN	0	VERIFY FAIL — strict: truncated: line 4 (vocab) is missing		qemu_lookup/RECEIPT2.TXT; dupline7; trunc@163
F-00900	63f272011d1bdf3c03cd39e254184387a81c9c66575f6f931dcac1f7a5cfb02f	0	ACCEPT	0	VERIFY PASS — replay reproduced 9 tokens, the token digest, and the full logit chain bit-for-bit		1	REJECT_CLEAN	0	VERIFY FAIL — strict: line 11: duplicate key "prompt-hex", canonical order expects "chain"		qemu_calc/RECEIPT.TXT; dupline5
F-00901	2bfb13f00cb86a152f9dc55b4d81a05a5fd042811fd94cb5cd4a44650512d92e	1	REJECT_CLEAN	0	VERIFY FAIL — malformed receipt: token id "3$9" is not an unsigned 32-bit integer		1	REJECT_CLEAN	0	VERIFY FAIL — strict: byte 28: 0xc3 is not printable ASCII or LF		qemu_lookup/RECEIPT2.TXT; model<-'aé'; rep@457:0x24
F-00902	bd1fc407f17b88589495cfc19b876c48cbb9fd9a9774db2857cdd156460621dc	1	REJECT_CLEAN	0	VERIFY FAIL — replay diverged from the receipt		1	REJECT_CLEAN	0	VERIFY FAIL — strict: byte 431: 0xe2 is not printable ASCII or LF		qemu_calc/RECEIPT.TXT; ins@431:b'\xe2\x80\xae'
F-00903	d7a08da083316a53b43e787cfefe0a92d65cf91ba6387565352d301827c4b9d6	1	REJECT_CLEAN	0	VERIFY FAIL — malformed receipt: not valid UTF-8		1	REJECT_CLEAN	0	VERIFY FAIL — strict: byte 20: 0xf0 is not printable ASCII or LF		qemu_everyday/RECEIPT.TXT; rep@20:0xf0; gen-toks<-'-1'
F-00904	ff40e683e78bc6b0100e6393debb115a854bb0ad9c770635298a1aa8de97a211	1	REJECT_CLEAN	0	VERIFY FAIL — replay diverged from the receipt		1	REJECT_CLEAN	0	VERIFY FAIL — strict: gen-toks 8 does not equal the token-ids count 3		qemu_calc_words/RECEIPT.TXT; prompt-hex<-hex('ǉǹ'..2ch); del[300:318]
F-00905	eebd1f89924f2967f243fbc9fc42436bebf2df4a83d8b2525def33a8978540f4	1	REJECT_CLEAN	0	FAIL artifact: VOCAB hash mismatch (receipt  vs local a4cafc9649488987)		1	REJECT_CLEAN	0	VERIFY FAIL — strict: no newline after the last line (exactly one is required)		qemu_receipt/RECEIPT.TXT; trunc@104; dupline0
F-00906	06177050c57623c590b6d0c96edc691fcd1afaa6f1e1851b4dd0e1c0d0d4035e	1	REJECT_CLEAN	0	VERIFY FAIL — malformed receipt: not valid UTF-8		1	REJECT_CLEAN	0	VERIFY FAIL — strict: byte 499: 0xc6 is not printable ASCII or LF		qemu_unknown_tool/RECEIPT.TXT; swap9/2; rep@499:0xc6
F-00907	5ad4620da22efdd3e910c6a41ad73a841152e4bafdac55483f0e52364f175edd	1	REJECT_CLEAN	0	VERIFY FAIL — replay diverged from the receipt		1	REJECT_CLEAN	0	VERIFY FAIL — strict: no newline after the last line (exactly one is required)		qemu_self/RECEIPT.TXT; chain<-'\u202e'; maxtok<-0; trunc@412
F-00908	7e085c409dd9c78de1054a573bbe6eb71e5e30716c1c98f8579ea1d5ceac6608	1	REJECT_CLEAN	0	VERIFY FAIL — replay diverged from the receipt		1	REJECT_CLEAN	0	VERIFY FAIL — strict: no newline after the last line (exactly one is required)		qemu_abstain/RECEIPT.TXT; AEGIS-WITNESS<-'+1'; prompt-hex<-hex('😒C\x13义ĝr\ue007̵̰TI\x16'..20ch); trunc@479
F-00909	84576e4b3771625ebd0c8c713fe17e70d0c9a502ad5431fbd62a39cdde1acdd4	1	REJECT_CLEAN	0	VERIFY FAIL — replay diverged from the receipt		1	REJECT_CLEAN	0	VERIFY FAIL — strict: line 1: header must be exactly "AEGIS-WITNESS v1-CIS"		qemu_receipt/RECEIPT.TXT; chain<-'ff'; AEGIS-WITNESS<-' '
F-00910	6cdedbc1107b038d8eb9a3d989907154d41c7f4da1c35c9b0577311ff6b8d388	1	REJECT_CLEAN	0	VERIFY FAIL — malformed receipt: prompt-hex does not decode to UTF-8 text		1	REJECT_CLEAN	0	VERIFY FAIL — strict: line 6 (prompt-hex): expected non-empty lower-case hex of even length		qemu_calc/RECEIPT2.TXT; ins@270:b'Z'
F-00911	7470f30a04502d3b1ce2f2f04dd5889b42b74479cbafaeba89ec5b7a04c0a23d	1	REJECT_CLEAN	0	VERIFY FAIL — replay diverged from the receipt		1	REJECT_CLEAN	0	VERIFY FAIL — strict: line 7: expected "prompt-toks <value>"		qemu_everyday/RECEIPT.TXT; ins@290:b'\n'
F-00912	b14aec6cb915d38ab96af32891ea20b30e5250728b0f81e4c880434f80240fcc	1	REJECT_CLEAN	0	VERIFY FAIL — receipt inputs cannot be replayed: prompt (41) + max_new (18446744073709551615) exceeds max_position_embeddings (512)		1	REJECT_CLEAN	0	VERIFY FAIL — strict: line 1: header must be exactly "AEGIS-WITNESS v1-CIS"		qemu_lookup/RECEIPT2.TXT; swap2/0; maxtok<-18446744073709551615
F-00913	ada4292c60f417c62355623c991662e95406c0919c6818c2115fd6f080242648	1	REJECT_CLEAN	0	VERIFY FAIL — replay diverged from the receipt		1	REJECT_CLEAN	0	VERIFY FAIL — strict: line 8: key out of order "cis-digest", canonical order expects "gen-toks"		qemu_lookup/RECEIPT.TXT; del[447:464]; prompt-hex<-hex('三😄😘'..3ch); swap7/9
F-00914	bc9f6f32b6c546a247b384b74ebecb10441269b22e6e9892ac958d2de8051cad	1	REJECT_CLEAN	0	VERIFY FAIL — replay diverged from the receipt		1	REJECT_CLEAN	0	VERIFY FAIL — strict: line 11: duplicate key "token-ids", canonical order expects "chain"		qemu_calc/RECEIPT2.TXT; maxtok<-300; dupline8
F-00915	f01fd902c2f20aaf31ca4a20672beff1265925f43b10ce4f54cf8f17127b54f0	1	REJECT_CLEAN	0	FAIL artifact: MODEL hash mismatch (receipt é vs local a44e48965c641b81)		1	REJECT_CLEAN	0	VERIFY FAIL — strict: byte 27: 0xc3 is not printable ASCII or LF		qemu_self/RECEIPT.TXT; prompt-hex<-hex("😜O̤\ue006乍\x83😘丢ē'\ue000\x05"..60ch); rep@48:0x36; model<-'é'
F-00916	a709ee7719ad2599618af8c2b2b69e783967e4f393c7c4fa90ad2e2b84d8e0de	1	REJECT_CLEAN	0	VERIFY FAIL — malformed receipt: not valid UTF-8		1	REJECT_CLEAN	0	VERIFY FAIL — strict: byte 426: 0xee is not printable ASCII or LF		qemu_lookup/RECEIPT2.TXT; rep@426:0xee
F-00917	09464cb0e8c7d9877b1ca4660adc01e2c679f68f22fc98b407efa11cf2847a6a	1	REJECT_CLEAN	0	VERIFY FAIL — replay diverged from the receipt		1	REJECT_CLEAN	0	VERIFY FAIL — replay diverged from the receipt		qemu_abstain/RECEIPT.TXT; prompt-hex<-hex('\x18'..1ch)
F-00918	65be4c637baf7ecc9ade0c45df66d958aca540e533113e5cd3abd5ed28e27904	1	REJECT_CLEAN	0	VERIFY FAIL — receipt inputs cannot be replayed: prompt (121) + max_new (4096) exceeds max_position_embeddings (512)		1	REJECT_CLEAN	0	VERIFY FAIL — receipt inputs cannot be replayed: prompt (121) + max_new (4096) exceeds max_position_embeddings (512)		qemu_calc/RECEIPT.TXT; prompt-hex<-hex('乇\x8c😝̵`ɀŗ\x90\x0f|̞ͧ'..60ch); maxtok<-4096
F-00919	0c31994266c2620bc066ab9a06469105e402d6f9feeb6d9171811fa980f447a6	1	REJECT_CLEAN	0	VERIFY FAIL — replay diverged from the receipt		1	REJECT_CLEAN	0	VERIFY FAIL — strict: no newline after the last line (exactly one is required)		qemu_unknown_tool/RECEIPT.TXT; prompt-hex<-hex('('..1ch); trunc@507
F-00920	06ad39acbfd21f175e805a570ae200462eb47385ea85d8d1f583f9699c4a5d0b	1	REJECT_CLEAN	0	VERIFY FAIL — malformed receipt: not valid UTF-8		1	REJECT_CLEAN	0	VERIFY FAIL — strict: byte 0: 0xff is not printable ASCII or LF		garbage:highbytes
F-00921	09164fccccb9edcc903ed274a910461ddcaf3be61d9bfa48ef234dc3e576b010	1	REJECT_CLEAN	0	FAIL artifact: VOCAB hash mismatch (receipt  vs local a4cafc9649488987)		1	REJECT_CLEAN	0	VERIFY FAIL — strict: no newline after the last line (exactly one is required)		qemu_calc_words/RECEIPT.TXT; trunc@130
F-00922	a1b3ade4fd65c220c70d699682da33eda6ce1644b806fa6fd00560248341ab2f	1	REJECT_CLEAN	0	FAIL artifact: MODEL hash mismatch (receipt a44e48965c641b81 vs local a44e48965c641b81)		1	REJECT_CLEAN	0	VERIFY FAIL — strict: byte 68: 0xc3 is not printable ASCII or LF		qemu_unknown_tool/RECEIPT.TXT; ins@68:b'\xc3\xa9'
F-00923	6365dcf2305e2de46d3e872d63104a6062f7506fc7ba23da2fc9e79b9bcf2892	1	REJECT_CLEAN	0	VERIFY FAIL — receipt inputs cannot be replayed: prompt (12) + max_new (512) exceeds max_position_embeddings (512)		1	REJECT_CLEAN	0	VERIFY FAIL — receipt inputs cannot be replayed: prompt (12) + max_new (512) exceeds max_position_embeddings (512)		qemu_abstain/RECEIPT.TXT; maxtok<-512
F-00924	8acb62bc4e74f16a037670ba30b642d1803d3e05963b8f8d5f154eb0beac20ce	1	REJECT_CLEAN	0	VERIFY FAIL — malformed receipt: prompt-hex does not decode to UTF-8 text		1	REJECT_CLEAN	0	VERIFY FAIL — strict: byte 349: 0x09 is not printable ASCII or LF		qemu_self/RECEIPT.TXT; ins@2:b'\n\n'; ins@349:b'\t'
F-00925	db67f372e7c79abdb4b69bccb2afb8988741551606dc8f236f440122bfc98c0a	1	REJECT_CLEAN	0	VERIFY FAIL — replay diverged from the receipt		1	REJECT_CLEAN	0	VERIFY FAIL — strict: gen-toks 35 does not equal the token-ids count 29		qemu_unknown_tool/RECEIPT.TXT; del[358:380]
F-00926	31d6cc48054d4250a8c6706e4458c2ce14eddcba4175f04bb3ba6c7722ff458e	1	REJECT_CLEAN	0	FAIL artifact: VOCAB hash mismatch (receipt a4cafb053476d389 vs local a4cafc9649488987)		1	REJECT_CLEAN	0	VERIFY FAIL — strict: line 4: duplicate key "embed", canonical order expects "vocab"		qemu_calc/RECEIPT.TXT; del[174:188]; dupline2
F-00927	e276b4a90ee3ffcbf8c10790bed31b9afcaa07e6dcd13505fc19e49f6cbc74d3	1	REJECT_CLEAN	0	FAIL artifact: EMBED hash mismatch (receipt 8cbcd6b69df03539 vs local 8cbcd6b69df03539)		1	REJECT_CLEAN	0	VERIFY FAIL — strict: byte 120: 0x1a is not printable ASCII or LF		qemu_calc_words/RECEIPT2.TXT; chain<-'\t'; rep@120:0x1a
F-00928	a08702c9dc6022fe2ea083eaeccc578adb3a67092b2d9f01f3bdf3e17d368e4a	1	REJECT_CLEAN	0	VERIFY FAIL — replay diverged from the receipt		1	REJECT_CLEAN	0	VERIFY FAIL — strict: byte 360: carriage return (CRLF line endings are not canonical)		qemu_abstain/RECEIPT.TXT; chain<-''; cis-digest<-'xxxxxxxxxxxx'; ins@360:b'\r'
F-00929	351d36342ff574afb0fad996cb802bce90cfd89372ebda5fbbce300507fd570a	1	REJECT_CLEAN	0	VERIFY FAIL — replay diverged from the receipt		1	REJECT_CLEAN	0	VERIFY FAIL — strict: byte 1117: 0xc3 is not printable ASCII or LF		qemu_calc_words/RECEIPT.TXT; prompt-toks<-'é'; prompt-hex<-hex('\ue00fg\x87ĜÕ乁øD\x1d_\x8b̄'..200ch)
F-00930	2dd108a64cc851058166bbdee864e59955a6a660ce759d5118563370008a794c	1	REJECT_CLEAN	0	VERIFY FAIL — replay diverged from the receipt		1	REJECT_CLEAN	0	VERIFY FAIL — replay diverged from the receipt		qemu_unknown_tool/RECEIPT.TXT; prompt-hex<-hex('七RȞh😂😐丧乃😉Z\ue007\x84'..60ch)
F-00931	9a55df0e07d28652c562b56cf3d89f0b8d1c1cae58ba8bc81791197fee476055	1	REJECT_CLEAN	0	VERIFY FAIL — replay diverged from the receipt		1	REJECT_CLEAN	0	VERIFY FAIL — replay diverged from the receipt		qemu_calc/RECEIPT.TXT; prompt-hex<-hex('̃😁\x9e'..3ch)
F-00932	2ac314b96c7aab9258769dcde1935e2d44c9933f49cd917048bb945a9e8a7718	0	ACCEPT	0	VERIFY PASS — replay reproduced 35 tokens, the token digest, and the full logit chain bit-for-bit		1	REJECT_CLEAN	0	VERIFY FAIL — strict: line 1: header must be exactly "AEGIS-WITNESS v1-CIS"		qemu_unknown_tool/RECEIPT.TXT; AEGIS-WITNESS<-',,'; swap2/3; gen-toks<-'184467440737'
F-00933	f486cbe59fc64d1e8f2dbf6c3cb55bfe728b3ed971d09b378b8e1015e332bb7e	1	REJECT_CLEAN	0	VERIFY FAIL — malformed receipt: prompt-hex: byte pair 0 splits a multi-byte character		1	REJECT_CLEAN	0	VERIFY FAIL — strict: byte 286: 0xc3 is not printable ASCII or LF		qemu_abstain/RECEIPT.TXT; rep@336:0x52; ins@151:b'999999999999999999999999999999'; prompt-hex<-'aé'
F-00934	8e870fc8f51ca68adc0d95ab61876a4a37bccfab50b305deaba297d5bad60f83	0	ACCEPT	0	VERIFY PASS — replay reproduced 9 tokens, the token digest, and the full logit chain bit-for-bit		1	REJECT_CLEAN	0	VERIFY FAIL — strict: line 9: duplicate key "vocab", canonical order expects "token-ids"		qemu_calc/RECEIPT2.TXT; dupline3
F-00935	a08d1ff894910275653bb6fada7955605c48c3cb1102d21e33224da6970d85cd	1	REJECT_CLEAN	0	VERIFY FAIL — malformed receipt: maxtok is not an unsigned integer		1	REJECT_CLEAN	0	VERIFY FAIL — strict: byte 333: 0xc3 is not printable ASCII or LF		qemu_calc/RECEIPT.TXT; maxtok<-',,'; gen-toks<-'aéé'
F-00936	7833262f8d9ea76082706fea7a7ae01f6e654a376cd936b929ae3e14216f49cb	1	REJECT_CLEAN	0	VERIFY FAIL — malformed receipt: not valid UTF-8		1	REJECT_CLEAN	0	VERIFY FAIL — strict: byte 143: 0xa7 is not printable ASCII or LF		qemu_calc_words/RECEIPT.TXT; rep@143:0xa7
F-00937	7ec0ec44a3b8d4bcf14c0e507cd314f67f84d22c3fc24addbc12a9a539f87e22	1	REJECT_CLEAN	0	FAIL artifact: EMBED hash mismatch (receipt   vs local 8cbcd6b69df03539)		1	REJECT_CLEAN	0	VERIFY FAIL — strict: byte 98: 0x00 is not printable ASCII or LF		qemu_everyday/RECEIPT.TXT; embed<-'\x00'
F-00938	6350297841694fec422e2728340195c5d1403a1e06f246f1a0dda1a1774874b9	1	REJECT_CLEAN	0	VERIFY FAIL — receipt inputs cannot be replayed: prompt tokenized to nothing		1	REJECT_CLEAN	0	VERIFY FAIL — strict: line 5: expected "maxtok <value>"		qemu_lookup/RECEIPT2.TXT; del[237:258]
F-00939	7caf6c47cc6c6f7ea370ff11af69d2e3a49290ab9edf9334819b1779b3a4f4c9	1	REJECT_CLEAN	0	VERIFY FAIL — malformed receipt: token id "99999999999999999999999999" is not an unsigned 32-bit integer		1	REJECT_CLEAN	0	VERIFY FAIL — strict: line 9 (token-ids): expected comma-separated canonical decimal u32 ids		qemu_everyday/RECEIPT.TXT; token-ids<-'999999999999'; prompt-hex<-hex('G̔😊\ue002ͩ\x8c😎\x8d'..8ch)
F-00940	415a931a4e5ca3ffe112d95a64a06950735df5c8be99e699146384d52957ce82	1	REJECT_CLEAN	0	FAIL artifact: MODEL hash mismatch (receipt a44e48965c641b81 vs local a44e48965c641b81)		1	REJECT_CLEAN	0	VERIFY FAIL — strict: byte 48: 0xc3 is not printable ASCII or LF		qemu_abstain/RECEIPT.TXT; ins@48:b'\xc3\xa9'
F-00941	359b66ec16be16f5b8f35e6b5dcd1d9a09c94aca9c2bd73f9ed3b70df24c404b	1	REJECT_CLEAN	0	VERIFY FAIL — malformed receipt: maxtok is not an unsigned integer		1	REJECT_CLEAN	0	VERIFY FAIL — strict: line 1: header must be exactly "AEGIS-WITNESS v1-CIS"		qemu_receipt/RECEIPT.TXT; prompt-hex<-hex('丕̧ͦKÞư丝\ue010`\x18😞a'..60ch); AEGIS-WITNESS<-'184467440737'; maxtok<-'xxxxxxxxxxxx'
F-00942	a8c1e284a23b5e3aa341226cd8d4afdc1d767d6bc3cc17c1e9418f02a8be7eb3	1	REJECT_CLEAN	0	VERIFY FAIL — replay diverged from the receipt		1	REJECT_CLEAN	0	VERIFY FAIL — strict: line 11 (chain): expected 64 lower-case hex digits		qemu_calc_words/RECEIPT2.TXT; prompt-hex<-hex('\x17'..1ch); maxtok<-511; ins@403:b'\n'
F-00943	64e83bcbdc336f420c25455fa270a2db053d9d7ab4ff2ada7540c58a9f1bca5f	1	REJECT_CLEAN	0	FAIL artifact: EMBED hash mismatch (receipt 8cbcd6b69df03539 vs local 8cbcd6b69df03539)		1	REJECT_CLEAN	0	VERIFY FAIL — strict: line 3 (embed): expected 64 lower-case hex digits		qemu_calc_words/RECEIPT2.TXT; prompt-hex<-hex('且'..1ch); rep@152:0x70; prompt-hex<-hex('À\ue00a\ue000'..3ch)
F-00944	09937a71d43a8827243f5dc41fc75b4cdac99def5f051a088d1d52e0b5b41ceb	1	REJECT_CLEAN	0	VERIFY FAIL — malformed receipt: maxtok is not an unsigned integer		1	REJECT_CLEAN	0	VERIFY FAIL — strict: byte 241: carriage return (CRLF line endings are not canonical)		qemu_abstain/RECEIPT.TXT; trunc@283; ins@241:b'\r'; prompt-hex<-hex('\ue00d͌ɎPȎ丷q&\x08😎丳r'..60ch)
F-00945	834d6cda5738a9ce63ed99cbe1ae1798a7d912313250fd3890bfcdb3e905320c	1	REJECT_CLEAN	0	VERIFY FAIL — malformed receipt: not valid UTF-8		1	REJECT_CLEAN	0	VERIFY FAIL — strict: byte 388: 0xd6 is not printable ASCII or LF		qemu_calc/RECEIPT.TXT; rep@388:0xd6
F-00946	b8371502108f94aa00a5f1e4ce363d163cf8354fe0754f9d2042aa318a260d85	1	REJECT_CLEAN	0	VERIFY FAIL — malformed receipt: token id "8s-digest fddebefc84f1ad58" is not an unsigned 32-bit integer		1	REJECT_CLEAN	0	VERIFY FAIL — strict: no newline after the last line (exactly one is required)		qemu_calc/RECEIPT.TXT; trunc@422; ins@353:b' '; del[348:382]
F-00947	5c648b67f8c03330cc9df6240d4c4224955574f82b47b026de8d6c808f5a2bf7	1	REJECT_CLEAN	0	FAIL artifact: EMBED hash mismatch (receipt FF vs local 8cbcd6b69df03539)		1	REJECT_CLEAN	0	VERIFY FAIL — strict: line 3 (embed): expected 64 lower-case hex digits		qemu_calc/RECEIPT2.TXT; embed<-'FF'
F-00948	10fdafe2c43602204508059d7e5f7da6d37c18a68b13f619e0476c6b9d591fd9	1	REJECT_CLEAN	0	FAIL artifact: MODEL hash mismatch (receipt a44e48965c641b81 vs local a44e48965c641b81)		1	REJECT_CLEAN	0	VERIFY FAIL — strict: line 1: header must be exactly "AEGIS-WITNESS v1-CIS"		qemu_calc/RECEIPT2.TXT; prompt-hex<-hex('个͏😜͊\x16\t\x02\x8e丹😕\ue002v'..20ch); del[78:84]; AEGIS-WITNESS<-'-'
F-00949	74a78c552245d6bc9d7cba4c87ce1ce11ac2d0d7996ee40592694c3e6c746842	1	REJECT_CLEAN	0	VERIFY FAIL — replay diverged from the receipt		1	REJECT_CLEAN	0	VERIFY FAIL — replay diverged from the receipt		qemu_unknown_tool/RECEIPT.TXT; prompt-hex<-hex('\ue00b\x92Tɇ{?\x1ci͉\x9c乍丬'..60ch)
F-00950	24385667b56b83bda88c609e760ae571deed3f23969f1da5c78c09b2020c3cd5	0	ACCEPT	0	VERIFY PASS — replay reproduced 30 tokens, the token digest, and the full logit chain bit-for-bit		1	REJECT_CLEAN	0	VERIFY FAIL — strict: no newline after the last line (exactly one is required)		qemu_self/RECEIPT.TXT; swap7/11
F-00951	627d93b764f365af2cdcfeb8b00c8b8d26c8de9cd8e9090ac37319f105fd6b4c	1	REJECT_CLEAN	0	VERIFY FAIL — replay diverged from the receipt		1	REJECT_CLEAN	0	VERIFY FAIL — strict: no newline after the last line (exactly one is required)		qemu_calc_words/RECEIPT.TXT; del[440:472]; dupline6
F-00952	b418edce8bcf6610a5986e0e5c9633bc1b353d276252ab8f82d1e577a2aba722	1	REJECT_CLEAN	0	VERIFY FAIL — malformed receipt: not valid UTF-8		1	REJECT_CLEAN	0	VERIFY FAIL — strict: byte 74: 0xa8 is not printable ASCII or LF		qemu_calc_words/RECEIPT2.TXT; rep@74:0xa8
F-00953	e4adbc243f2ec8893a8df1fcfdf2e3b31409018015e907796850e3287d4b2987	1	REJECT_CLEAN	0	FAIL artifact: VOCAB hash mismatch (receipt a4cafc9649488987 vs local a4cafc9649488987)		1	REJECT_CLEAN	0	VERIFY FAIL — strict: no newline after the last line (exactly one is required)		qemu_unknown_tool/RECEIPT.TXT; dupline10; trunc@214
F-00954	466381f590c4d1c45a517aef47f1456a60a8330e1a142a45c4830a378dcbb9a9	0	ACCEPT	0	VERIFY PASS — replay reproduced 7 tokens, the token digest, and the full logit chain bit-for-bit		1	REJECT_CLEAN	0	VERIFY FAIL — strict: no newline after the last line (exactly one is required)		qemu_calc_words/RECEIPT2.TXT; swap11/1; swap4/11
F-00955	118fa67d152dfb6dbd19b3223328a5f45d16d1998e4715328a31595794551963	1	REJECT_CLEAN	0	VERIFY FAIL — receipt inputs cannot be replayed: prompt (12) + max_new (1000) exceeds max_position_embeddings (512)		1	REJECT_CLEAN	0	VERIFY FAIL — strict: line 8 (gen-toks): expected a decimal integer without sign or leading zeros		qemu_abstain/RECEIPT.TXT; maxtok<-1000; gen-toks<-'1,,2'
F-00956	e3029e5cd1eb9e4ca098acf98d898905849e863c8b88d94836322bec40487671	1	REJECT_CLEAN	0	VERIFY FAIL — replay diverged from the receipt		1	REJECT_CLEAN	0	VERIFY FAIL — strict: no newline after the last line (exactly one is required)		qemu_everyday/RECEIPT.TXT; prompt-hex<-'1 2'; swap8/11
F-00957	a9dff7f1e1fa136b74a52c1069234c91c97b50a4f2c4458fb67488333bf1478a	1	REJECT_CLEAN	0	VERIFY FAIL — replay diverged from the receipt		1	REJECT_CLEAN	0	VERIFY FAIL — replay diverged from the receipt		qemu_receipt/RECEIPT.TXT; prompt-hex<-hex('\x11😇~Ƣ\x13J͊\x1d'..8ch)
F-00958	1aaac63cfdaa30a9357bd1f4d1d10b0284ce4982ec2f1a1cdc600af92ae4da28	1	REJECT_CLEAN	0	VERIFY FAIL — malformed receipt: token id "<074" is not an unsigned 32-bit integer		1	REJECT_CLEAN	0	VERIFY FAIL — strict: no newline after the last line (exactly one is required)		qemu_unknown_tool/RECEIPT.TXT; rep@419:0x3c; trunc@503; dupline6
F-00959	742294e954fbc07c066e6ac155775b3043fc3bedf5e225ed74936778f38225eb	1	REJECT_CLEAN	0	VERIFY FAIL — malformed receipt: token id "\0" is not an unsigned 32-bit integer		1	REJECT_CLEAN	0	VERIFY FAIL — strict: byte 363: 0x00 is not printable ASCII or LF		qemu_everyday/RECEIPT.TXT; token-ids<-'\x00'
F-00960	96497e49c11ebeb0f73bc01b033b7f45cd9f8eee478176e11b1c7342efa63569	1	REJECT_CLEAN	0	FAIL artifact: VOCAB hash mismatch (receipt  vs local a4cafc9649488987)		1	REJECT_CLEAN	0	VERIFY FAIL — strict: byte 0: 0x00 is not printable ASCII or LF		garbage:nul
F-00961	d4302a46241f3238cd30fabfbdf4b95105b222cd7f598b111331abc538175b79	1	REJECT_CLEAN	0	FAIL artifact: EMBED hash mismatch (receipt 1,,2 vs local 8cbcd6b69df03539)		1	REJECT_CLEAN	0	VERIFY FAIL — strict: line 3 (embed): expected 64 lower-case hex digits		qemu_unknown_tool/RECEIPT.TXT; embed<-'1,,2'
F-00962	cde234da4b560fa3e3c99f4eb2ed232df901e32e362e1ba9b2acdfc489da5343	1	REJECT_CLEAN	0	VERIFY FAIL — replay diverged from the receipt		1	REJECT_CLEAN	0	VERIFY FAIL — strict: byte 571: 0x01 is not printable ASCII or LF		qemu_self/RECEIPT.TXT; rep@571:0x01
F-00963	01d965ca965fb438001b39e6de0c19c716da431846bbf4445d07e025c1582498	1	REJECT_CLEAN	0	FAIL artifact: VOCAB hash mismatch (receipt a4cafc9649488987 vs local a4cafc9649488987)		1	REJECT_CLEAN	0	VERIFY FAIL — strict: line 4 (vocab): expected 64 lower-case hex digits		qemu_calc/RECEIPT.TXT; prompt-hex<-hex('\x16żm中东'..5ch); ins@230:b','
F-00964	4e001c5565716681f44602a1c7291c14c5df5c2764d47dbf1e34db993774009f	1	REJECT_CLEAN	0	FAIL artifact: MODEL hash mismatch (receipt a44e48965c641b81 vs local a44e48965c641b81)		1	REJECT_CLEAN	0	VERIFY FAIL — strict: line 2 (model): expected 64 lower-case hex digits		qemu_lookup/RECEIPT2.TXT; rep@71:0x4d; prompt-hex<-hex('I\x10¹͙中丟\x95ŶǱ\x10丱ͪ'..200ch); maxtok<-1
F-00965	a766768f2f74107f2051c30620f6590e12bf2c386d45d42fb1333db1eb52e903	1	REJECT_CLEAN	0	VERIFY FAIL — replay diverged from the receipt		1	REJECT_CLEAN	0	VERIFY FAIL — strict: line 2: key out of order "gen-toks", canonical order expects "model"		qemu_unknown_tool/RECEIPT.TXT; prompt-hex<-hex('x丱<'..3ch); ins@547:b','; dupline7
F-00966	a6d4e73e10f9979907cbe7becea3a8fee9b25cc3490cb3fb23d1cb16b8085c26	0	ACCEPT	0	VERIFY PASS — replay reproduced 35 tokens, the token digest, and the full logit chain bit-for-bit		1	REJECT_CLEAN	0	VERIFY FAIL — strict: line 8: duplicate key "maxtok", canonical order expects "gen-toks"		qemu_unknown_tool/RECEIPT.TXT; dupline4
F-00967	6188767c72223bd2017f044c49365f3cbcaa96d7d723cc2ee9a609590088085c	1	REJECT_CLEAN	0	VERIFY FAIL — replay diverged from the receipt		1	REJECT_CLEAN	0	VERIFY FAIL — strict: no newline after the last line (exactly one is required)		qemu_calc_words/RECEIPT.TXT; del[300:337]; prompt-hex<-hex('\x82\x85\x93\n͡'..5ch); del[349:372]
F-00968	0d6b5a4cd5bc40b7fc7c2b59c2f2ae29f849f93fb1bc936c850f1b3efaa43767	1	REJECT_CLEAN	0	VERIFY FAIL — replay diverged from the receipt		1	REJECT_CLEAN	0	VERIFY FAIL — replay diverged from the receipt		qemu_lookup/RECEIPT.TXT; maxtok<-3; prompt-hex<-hex('严'..1ch)
F-00969	1c1ea8e3ffbce81d54e1629acb67ae8aa8ef7ca67195a787281655ca33c930fc	1	REJECT_CLEAN	0	VERIFY FAIL — replay diverged from the receipt		1	REJECT_CLEAN	0	VERIFY FAIL — strict: byte 388: 0xc3 is not printable ASCII or LF		qemu_calc/RECEIPT.TXT; swap10/1; ins@388:b'\xc3\xa9'
F-00970	e831d0bc0b68e8a5f035bbfb1cf5781bc8e315529c75eabf27a2f37a50668f15	1	REJECT_CLEAN	0	VERIFY FAIL — replay diverged from the receipt		1	REJECT_CLEAN	0	VERIFY FAIL — replay diverged from the receipt		qemu_receipt/RECEIPT.TXT; prompt-hex<-hex("őƎ😌\x14丢\x19\ue009\ue002乆'乌\x11"..200ch)
F-00971	83fdd9d929ffa906601ea0ee052bba812bc025f0e01d31f8a3bc82190533668e	1	REJECT_CLEAN	0	VERIFY FAIL — replay diverged from the receipt		1	REJECT_CLEAN	0	VERIFY FAIL — replay diverged from the receipt		qemu_calc/RECEIPT2.TXT; prompt-hex<-hex('̋\x1d😍'..3ch)
F-00972	8e626b3ec0d0091b7c6c83159e0c04b972009016309334f39fbbb5d7005cc2d4	1	REJECT_CLEAN	0	VERIFY FAIL — malformed receipt: maxtok is not an unsigned integer		1	REJECT_CLEAN	0	VERIFY FAIL — strict: line 5 (maxtok): expected a decimal integer without sign or leading zeros		qemu_calc_words/RECEIPT2.TXT; prompt-hex<-hex('̛'..1ch); ins@242:b'g'
F-00973	593c2c576d4574a2eaeb42ded8bd73d21f5fe76e578b4548c115cc9bb3fd1974	1	REJECT_CLEAN	0	VERIFY FAIL — malformed receipt: not valid UTF-8		1	REJECT_CLEAN	0	VERIFY FAIL — strict: byte 261: 0x99 is not printable ASCII or LF		qemu_lookup/RECEIPT2.TXT; rep@541:0x44; dupline1; rep@261:0x99
F-00974	2c9d32242534dbfb73e5b7beac0b1c125dd7ec160b166428756b1b6d0f8c3a1b	1	REJECT_CLEAN	0	FAIL artifact: VOCAB hash mismatch (receipt a4cafc9649488‮ vs local a4cafc9649488987)		1	REJECT_CLEAN	0	VERIFY FAIL — strict: byte 182: 0xe2 is not printable ASCII or LF		qemu_lookup/RECEIPT2.TXT; ins@182:b'\xe2\x80\xae'
F-00975	9d840e587105c0e10b7c443e9ed96c78fd73fd4e40da8294120d70e70a15f0d2	1	REJECT_CLEAN	0	VERIFY FAIL — malformed receipt: token id "3Z085" is not an unsigned 32-bit integer		1	REJECT_CLEAN	0	VERIFY FAIL — strict: no newline after the last line (exactly one is required)		qemu_unknown_tool/RECEIPT.TXT; ins@341:b'Z'; trunc@474
F-00976	3570d414c4c8c1fe24559a8e8f5a178f663f920f0c75c3cfc737deae1b9fb0a5	1	REJECT_CLEAN	0	VERIFY FAIL — receipt inputs cannot be replayed: prompt (1334) + max_new (23) exceeds max_position_embeddings (512)		1	REJECT_CLEAN	0	VERIFY FAIL — strict: byte 2925: carriage return (CRLF line endings are not canonical)		qemu_lookup/RECEIPT2.TXT; prompt-hex<-hex('̎ǟ(😌ȩƒ\ue001\x9fïY2\x08'..700ch); ins@2925:b'\r\n'
F-00977	aa1d9cd53b70953b929588b5f197e27333fdaa21a0b66c1c02f3ca10aa5c600c	1	REJECT_CLEAN	0	FAIL artifact: EMBED hash mismatch (receipt 00 vs local 8cbcd6b69df03539)		1	REJECT_CLEAN	0	VERIFY FAIL — strict: line 3 (embed): expected 64 lower-case hex digits		qemu_unknown_tool/RECEIPT.TXT; maxtok<-16; prompt-hex<-hex('\x181\ue008̂Z😅乊pƎ\ue00b\x8a\ue00e'..60ch); embed<-'00'
F-00978	d2a7d2c63f5a985d57d85466a296650bfd2529f51997eaf7f6e81ed114fff377	1	REJECT_CLEAN	0	VERIFY FAIL — malformed receipt: token id "29%" is not an unsigned 32-bit integer		1	REJECT_CLEAN	0	VERIFY FAIL — strict: line 9 (token-ids): expected comma-separated canonical decimal u32 ids		qemu_unknown_tool/RECEIPT.TXT; prompt-hex<-hex('\ue007X😌'..3ch); rep@362:0x25
F-00979	67dc2a103d142d7cdfb4f7175171a17fdc7456701a3989a742035ff2bc7b0069	1	REJECT_CLEAN	0	VERIFY FAIL — replay diverged from the receipt		1	REJECT_CLEAN	0	VERIFY FAIL — strict: byte 510: 0x10 is not printable ASCII or LF		qemu_calc_words/RECEIPT2.TXT; swap3/2; rep@510:0x10
F-00980	f3f5b817dceb05f9e9e9d2de918163f65bd3ec8c4a401fd61565e55c61a6bdcb	1	REJECT_CLEAN	0	VERIFY FAIL — receipt inputs cannot be replayed: prompt tokenized to nothing		1	REJECT_CLEAN	0	VERIFY FAIL — strict: line 6: unknown key "prompt-h", canonical order expects "prompt-hex"		qemu_lookup/RECEIPT.TXT; prompt-hex<-hex('͕\x06😅\ue00eq东5\x04'..8ch); ins@251:b' '
F-00981	c411348fbbdb5bbb673fe7e823c9618256f64b8cd12e4a34c1e84b61d04e8f92	1	REJECT_CLEAN	0	VERIFY FAIL — replay diverged from the receipt		1	REJECT_CLEAN	0	VERIFY FAIL — strict: byte 312: 0x1e is not printable ASCII or LF		qemu_receipt/RECEIPT.TXT; rep@312:0x1e; dupline10
F-00982	b68541024a8479db01fd9abf050128d3eae4df1a678a7b72a74a73ab774b2274	1	REJECT_CLEAN	0	FAIL artifact: MODEL hash mismatch (receipt a44e48965c641b81 vs local a44e48965c641b81)		1	REJECT_CLEAN	0	VERIFY FAIL — strict: byte 84: 0xe2 is not printable ASCII or LF		qemu_self/RECEIPT.TXT; dupline7; dupline8; ins@84:b'\xe2\x80\xae'
F-00983	ae8649450bd0f82bacf92c630ceaa7c7d172fe248425cd1fa3378c9f369e119d	1	REJECT_CLEAN	0	VERIFY FAIL — malformed receipt: not valid UTF-8		1	REJECT_CLEAN	0	VERIFY FAIL — strict: byte 494: 0x84 is not printable ASCII or LF		qemu_abstain/RECEIPT.TXT; rep@555:0x84; del[153:191]; del[284:307]
F-00984	78ae1007081f87be5b30a122a608a11a15a8f860505926728880fbe6dd1afc75	1	REJECT_CLEAN	0	VERIFY FAIL — replay diverged from the receipt		1	REJECT_CLEAN	0	VERIFY FAIL — replay diverged from the receipt		qemu_calc/RECEIPT2.TXT; prompt-hex<-hex('\ue003丷'..2ch); prompt-hex<-hex('/😓😓\x94\x9f̏̉ '..8ch)
F-00985	fd94cd7da2ffb02c64fe2808596a86d06e2ac9754f730f07f0b3e192d052e125	1	REJECT_CLEAN	0	VERIFY FAIL — malformed receipt: token id "k" is not an unsigned 32-bit integer		1	REJECT_CLEAN	0	VERIFY FAIL — strict: line 9 (token-ids): expected comma-separated canonical decimal u32 ids		qemu_abstain/RECEIPT.TXT; dupline4; rep@478:0x6b; dupline12
F-00986	7e2a49360722ed1aaae893afd1c156b8604e71a0381305849293aaae2e2a94ff	1	REJECT_CLEAN	0	FAIL artifact: VOCAB hash mismatch (receipt   vs local a4cafc9649488987)		1	REJECT_CLEAN	0	VERIFY FAIL — strict: no newline after the last line (exactly one is required)		qemu_lookup/RECEIPT.TXT; trunc@270; swap0/3; vocab<-' '
F-00987	fdcb657282aa1b78ab448aa705c8ea7796559d9d3a97ffdedf04665fa8a7bd03	1	REJECT_CLEAN	0	VERIFY FAIL — malformed receipt: not valid UTF-8		1	REJECT_CLEAN	0	VERIFY FAIL — strict: byte 458: 0xd2 is not printable ASCII or LF		qemu_calc_words/RECEIPT.TXT; rep@463:0xd2; del[41:46]
F-00988	7d5f736788184a4f7446fe3116865d80bfda749430a4ce3f501e71fdba045a2b	1	REJECT_CLEAN	0	VERIFY FAIL — malformed receipt: token id "aé" is not an unsigned 32-bit integer		1	REJECT_CLEAN	0	VERIFY FAIL — strict: byte 344: 0xc3 is not printable ASCII or LF		qemu_calc/RECEIPT.TXT; swap2/7; token-ids<-'aé'
F-00989	cefe6043b3ef0b8ee91b1a959b1d3e16b0af675bf8fbc9f5437caa754b577466	1	REJECT_CLEAN	0	VERIFY FAIL — replay diverged from the receipt		1	REJECT_CLEAN	0	VERIFY FAIL — strict: gen-toks 23 does not equal the token-ids count 16		qemu_lookup/RECEIPT2.TXT; del[508:534]
F-00990	e923bafa89d9633348e07da793bb3abcde681a28050f2614d794a6cddbc9fb10	1	REJECT_CLEAN	0	VERIFY FAIL — replay diverged from the receipt		1	REJECT_CLEAN	0	VERIFY FAIL — strict: line 7: unknown key "toOen-ids", canonical order expects "prompt-toks"		qemu_calc/RECEIPT.TXT; swap6/8; rep@309:0x4f; cis-digest<-'xxxxxxxxxxxx'
F-00991	47db210df8edcf9e1270dd46cd0847ce82812c8f9c8629bb75b55d13e690206b	0	ACCEPT	0	VERIFY PASS — replay reproduced 23 tokens, the token digest, and the full logit chain bit-for-bit		1	REJECT_CLEAN	0	VERIFY FAIL — strict: line 3: key out of order "vocab", canonical order expects "embed"		qemu_lookup/RECEIPT2.TXT; swap3/2
F-00992	2f5a94a3627c937bef1642e9dd8f31e726a5f7fa54e7e3c9cb70d97cdbd46e5e	1	REJECT_CLEAN	0	FAIL artifact: VOCAB hash mismatch (receipt  vs local a4cafc9649488987)		1	REJECT_CLEAN	0	VERIFY FAIL — strict: no newline after the last line (exactly one is required)		qemu_abstain/RECEIPT.TXT; del[428:434]; rep@265:0x5c; trunc@140
F-00993	6b835a7d0708937b278269537da3a251c29828230823e2224958418f0493a8a8	0	ACCEPT	0	VERIFY PASS — replay reproduced 8 tokens, the token digest, and the full logit chain bit-for-bit		1	REJECT_CLEAN	0	VERIFY FAIL — strict: line 8: duplicate key "maxtok", canonical order expects "gen-toks"		qemu_calc_words/RECEIPT.TXT; dupline4; maxtok<-1000
F-00994	e2814c0ad3fb5983f3a1d0362439961b877fe577d08e51fb8c9d2c9a500ffe74	0	ACCEPT	0	VERIFY PASS — replay reproduced 8 tokens, the token digest, and the full logit chain bit-for-bit		1	REJECT_CLEAN	0	VERIFY FAIL — strict: line 8 (gen-toks): expected a decimal integer without sign or leading zeros		qemu_calc_words/RECEIPT.TXT; gen-toks<-' '
F-00995	385ed0901fcd843f13dca56c31789dab0698666d651f4b79daea6d44e915deec	1	REJECT_CLEAN	0	VERIFY FAIL — replay diverged from the receipt		1	REJECT_CLEAN	0	VERIFY FAIL — strict: byte 325: 0xc3 is not printable ASCII or LF		qemu_lookup/RECEIPT.TXT; dupline2; prompt-hex<-'é'
F-00996	a5c97ca0687e6fa35b4d224c70a64051a1791ba0d002684a25d55171c405aff9	1	REJECT_CLEAN	0	FAIL artifact: VOCAB hash mismatch (receipt  vs local a4cafc9649488987)		1	REJECT_CLEAN	0	VERIFY FAIL — strict: byte 14: 0x09 is not printable ASCII or LF		qemu_calc_words/RECEIPT2.TXT; AEGIS-WITNESS<-'zz'; trunc@123; AEGIS-WITNESS<-'\t'
F-00997	9ae160b36ef7123f1203f8f766824635611903b348df7e85305714381217aaf2	1	REJECT_CLEAN	0	VERIFY FAIL — malformed receipt: prompt-hex does not decode to UTF-8 text		1	REJECT_CLEAN	0	VERIFY FAIL — strict: byte 585: 0x09 is not printable ASCII or LF		qemu_calc/RECEIPT2.TXT; swap3/10; prompt-hex<-hex('\x1f\x96\ue004😞😠w(Ă\x18😉&\ue000'..700ch); ins@585:b'\t'
F-00998	31b92a77d53704fa08afaf1d32f207e7d4490923ad95dfd1a6fa9106f6129296	1	REJECT_CLEAN	0	VERIFY FAIL — replay diverged from the receipt		1	REJECT_CLEAN	0	VERIFY FAIL — strict: line 7 (prompt-toks): expected a decimal integer without sign or leading zeros		qemu_calc_words/RECEIPT.TXT; del[317:356]
F-00999	d4e8f8c7031d4d4902c87facb8e02ab63492e697cd1bfa6fe79ab2f0970d8751	1	REJECT_CLEAN	0	VERIFY FAIL — malformed receipt: not valid UTF-8		1	REJECT_CLEAN	0	VERIFY FAIL — strict: byte 426: 0xf2 is not printable ASCII or LF		qemu_receipt/RECEIPT.TXT; swap10/7; rep@548:0xf2; prompt-hex<-hex('ÚT\x0b'..3ch)
F-01000	da5365bac98368480bb0052b94ebd3725df248c6e69ac5962cc67e6cd7c13772	1	REJECT_CLEAN	0	VERIFY FAIL — malformed receipt: not valid UTF-8		1	REJECT_CLEAN	0	VERIFY FAIL — strict: byte 0: 0x97 is not printable ASCII or LF		garbage:rand
F-01001	fb335c13d798dd58c4a992f5ede7dcb3c8a6d0dec4175041a5a5ec07baa68e8a	1	REJECT_CLEAN	0	VERIFY FAIL — replay diverged from the receipt		1	REJECT_CLEAN	0	VERIFY FAIL — strict: line 9 (token-ids): expected comma-separated canonical decimal u32 ids		qemu_self/RECEIPT.TXT; token-ids<-'00'; prompt-hex<-hex('\x8fy\x05'..3ch)
F-01002	3010a924ddd8d970cf46bfd5bc6070b4717a329b93a767f58ba72c0d5613f3ee	1	REJECT_CLEAN	0	FAIL artifact: VOCAB hash mismatch (receipt  vs local a4cafc9649488987)		1	REJECT_CLEAN	0	VERIFY FAIL — strict: line 4 (vocab): expected 64 lower-case hex digits		qemu_lookup/RECEIPT2.TXT; vocab<-''; swap5/10
F-01003	fa7cabfe91a9f13058b2d8ecfb60199c82213e02349a4ff11740462efd64f921	1	REJECT_CLEAN	0	VERIFY FAIL — replay diverged from the receipt		1	REJECT_CLEAN	0	VERIFY FAIL — replay diverged from the receipt		qemu_calc_words/RECEIPT2.TXT; maxtok<-16; prompt-hex<-hex('\x07\x08\x02举😐Ò\ue010`\x88😑_並'..60ch)
F-01004	bcb9ce9bf7db65d16c73777a3115e1791d52f83c7cd601dea34469da4026b99b	1	REJECT_CLEAN	0	VERIFY FAIL — replay diverged from the receipt		1	REJECT_CLEAN	0	VERIFY FAIL — replay diverged from the receipt		qemu_calc_words/RECEIPT2.TXT; prompt-hex<-hex('q😈😁+义'..5ch)
F-01005	7fce695265ad5374bddffabd2fa741e179a6782e33dd73d471bf85b69483939a	0	ACCEPT	0	VERIFY PASS — replay reproduced 30 tokens, the token digest, and the full logit chain bit-for-bit		1	REJECT_CLEAN	0	VERIFY FAIL — strict: line 4: key out of order "prompt-hex", canonical order expects "vocab"		qemu_self/RECEIPT.TXT; swap9/8; swap3/5
F-01006	cfc11e18fc17a45d01b902457fce7ef44209132ae15c59efbfdc09d45e071006	1	REJECT_CLEAN	0	VERIFY FAIL — replay diverged from the receipt		1	REJECT_CLEAN	0	VERIFY FAIL — strict: line 6: expected "prompt-hex <value>"		qemu_calc/RECEIPT2.TXT; ins@367:b'\n'; swap6/5
F-01007	d17dc9de8801e3c13bb4ab7acd1ccb0f1ff2cbea18fcca41fd2428aa6fad1159	0	ACCEPT	0	VERIFY PASS — replay reproduced 8 tokens, the token digest, and the full logit chain bit-for-bit		1	REJECT_CLEAN	0	VERIFY FAIL — strict: line 6: key out of order "cis-digest", canonical order expects "prompt-hex"		qemu_calc_words/RECEIPT.TXT; dupline9
F-01008	90884c4892258f86e6759552682313a3426f7466beb51bcfbd204662e64f23ec	1	REJECT_CLEAN	0	FAIL artifact: VOCAB hash mismatch (receipt a4cafc9649488987 vs local a4cafc9649488987)		1	REJECT_CLEAN	0	VERIFY FAIL — strict: no newline after the last line (exactly one is required)		qemu_everyday/RECEIPT.TXT; trunc@216; dupline3
F-01009	5b114ebe190195a18e0c3a5372f783c60c3c77b52fc97d07dd1971631b167e0d	1	REJECT_CLEAN	0	FAIL artifact: VOCAB hash mismatch (receipt a4cafc96494889é vs local a4cafc9649488987)		1	REJECT_CLEAN	0	VERIFY FAIL — strict: byte 183: 0xc3 is not printable ASCII or LF		qemu_everyday/RECEIPT.TXT; ins@183:b'\xc3\xa9'; prompt-hex<-hex('\ue00f😙;\x0eZ'..5ch)
F-01010	31081ecf20b37f8d0cfb7dba0bf88ac88e9868e2f0c388e40f70c25547cbc872	1	REJECT_CLEAN	0	VERIFY FAIL — malformed receipt: not valid UTF-8		1	REJECT_CLEAN	0	VERIFY FAIL — strict: byte 318: 0xc3 is not printable ASCII or LF		qemu_lookup/RECEIPT2.TXT; ins@318:b'\xc3'; ins@659:b'\xe2\x80\xae'
F-01011	96ddf728a51030d09375c7960becce33188d31b07ddde93fb3faf4a491f1b7dd	1	REJECT_CLEAN	0	VERIFY FAIL — replay diverged from the receipt		1	REJECT_CLEAN	0	VERIFY FAIL — strict: no newline after the last line (exactly one is required)		qemu_lookup/RECEIPT2.TXT; prompt-hex<-hex('̝乐😀'..3ch); trunc@366
F-01012	689d357c6a125bf939bb8cf0dab1a192d20105db0ca629e3222aade097443fdc	1	REJECT_CLEAN	0	VERIFY FAIL — malformed receipt: maxtok is not an unsigned integer		1	REJECT_CLEAN	0	VERIFY FAIL — strict: no newline after the last line (exactly one is required)		qemu_receipt/RECEIPT.TXT; maxtok<-'xxxxxxxxxxxx'; prompt-hex<-hex('\ue002n😌\ue003͌@\x08$̛丣v丟'..20ch); trunc@1129
F-01013	b5f3245de2a509a4e9778ef75d471b2fc0ebc04feb97c0974490b83ff8043d27	1	REJECT_CLEAN	0	FAIL artifact: EMBED hash mismatch (receipt  vs local 8cbcd6b69df03539)		1	REJECT_CLEAN	0	VERIFY FAIL — strict: line 3: expected "embed <value>"		qemu_lookup/RECEIPT2.TXT; maxtok<-300; del[96:123]; maxtok<-7
F-01014	281e0f14d76a899d943ac53d441f446eec8fa76183eca44c3be3e8be296c8ddc	1	REJECT_CLEAN	0	FAIL artifact: VOCAB hash mismatch (receipt  vs local a4cafc9649488987)		1	REJECT_CLEAN	0	VERIFY FAIL — strict: no newline after the last line (exactly one is required)		qemu_receipt/RECEIPT.TXT; chain<-'\ud7ff'; dupline6; trunc@155
F-01015	7154b27365d6e8e4973a826d028b37ce6a14ccc01ba59c118dc2a506a8cf29e6	1	REJECT_CLEAN	0	VERIFY FAIL — replay diverged from the receipt		1	REJECT_CLEAN	0	VERIFY FAIL — strict: line 9 (token-ids): expected comma-separated canonical decimal u32 ids		qemu_receipt/RECEIPT.TXT; token-ids<-',,'; prompt-hex<-hex('\x8c9乁\x15😈😚\ue007\ue009G上\x16😔'..200ch)
F-01016	771cb9ff2ad2aa798ea9fd3a601e47ed5b9285f99bc2325c78ae9992f52c0162	1	REJECT_CLEAN	0	VERIFY FAIL — replay diverged from the receipt		1	REJECT_CLEAN	0	VERIFY FAIL — replay diverged from the receipt		qemu_abstain/RECEIPT.TXT; maxtok<-16; prompt-hex<-hex('丁\ue010\x82丷\x9cͧ\x03Ƙ'..8ch); prompt-hex<-hex('\x80😜😆😅#`͋Q͍\x1cȜť'..20ch)
F-01017	47867df254569bc3cc2578a41ae50d427cd9b23d8d2fc326fe8240e67434af1c	1	REJECT_CLEAN	0	VERIFY FAIL — malformed receipt: token id "-8" is not an unsigned 32-bit integer		1	REJECT_CLEAN	0	VERIFY FAIL — strict: line 4: duplicate key "model", canonical order expects "vocab"		qemu_lookup/RECEIPT.TXT; dupline1; ins@416:b'-'; swap11/7
F-01018	70f7ae8f91d00c2181e513e7b72000656a7f18cc65a918278197dc1fc3c0eac0	1	REJECT_CLEAN	0	FAIL artifact: MODEL hash mismatch (receipt a44e4Y965c641b81 vs local a44e48965c641b81)		1	REJECT_CLEAN	0	VERIFY FAIL — strict: line 2 (model): expected 64 lower-case hex digits		qemu_calc_words/RECEIPT.TXT; rep@32:0x59; prompt-hex<-hex('š😙'..2ch)
F-01019	a44776aaf1d79f6c4ccdfcf406029febfe83325b0079bd682e1ad59e4fa9d373	1	REJECT_CLEAN	0	VERIFY FAIL — replay diverged from the receipt		1	REJECT_CLEAN	0	VERIFY FAIL — replay diverged from the receipt		qemu_unknown_tool/RECEIPT.TXT; maxtok<-500
F-01020	f87d28376c4681307e91d59c4d87a5080a0e2fa554e133d515da8f309f20f034	1	REJECT_CLEAN	0	FAIL artifact: MODEL hash mismatch (receipt a44e48965c641b81 vs local a44e48965c641b81)		1	REJECT_CLEAN	0	VERIFY FAIL — strict: byte 399: 0x09 is not printable ASCII or LF		qemu_receipt/RECEIPT.TXT; prompt-toks<-'\t'; ins@56:b','; dupline2
F-01021	8222ecb2053f4ca2333f3a99e16c449fe7f2961aacf129201ece21f8c33b2ef8	0	ACCEPT	0	VERIFY PASS — replay reproduced 9 tokens, the token digest, and the full logit chain bit-for-bit		1	REJECT_CLEAN	0	VERIFY FAIL — strict: line 7 (prompt-toks): expected a decimal integer without sign or leading zeros		qemu_calc/RECEIPT.TXT; prompt-toks<-''; gen-toks<-'184467440737'
F-01022	ce85916c6ed5512473735c7a83da264eaaf60c15e0e69a2876ce4683efb1ba10	1	REJECT_CLEAN	0	VERIFY FAIL — malformed receipt: token id "2t00" is not an unsigned 32-bit integer		1	REJECT_CLEAN	0	VERIFY FAIL — strict: line 9 (token-ids): expected comma-separated canonical decimal u32 ids		qemu_lookup/RECEIPT2.TXT; rep@542:0x74
F-01023	f6afb85831bfcb829b6a6a5d1bcbc146434ba7a9fb4952c7f0ea58e9c1a2f84b	1	REJECT_CLEAN	0	VERIFY FAIL — replay diverged from the receipt		1	REJECT_CLEAN	0	VERIFY FAIL — strict: no newline after the last line (exactly one is required)		qemu_lookup/RECEIPT.TXT; trunc@259; prompt-hex<-hex('\x8eķ之"1[\x14͚両̿\ue001\ue000'..60ch); swap5/0
F-01024	ab0b901ea6aa815492a06117253c0be5cbc0a30734b39536bd231b7ddb12e94e	1	REJECT_CLEAN	0	VERIFY FAIL — malformed receipt: not valid UTF-8		1	REJECT_CLEAN	0	VERIFY FAIL — strict: byte 46: 0xc3 is not printable ASCII or LF		qemu_lookup/RECEIPT.TXT; prompt-hex<-hex('Ýu临?g'..5ch); swap3/7; ins@46:b'\xc3'
F-01025	e423e9a0cefa595ef8a8e717e7c4ff24854c52b6d387955f86885528a87af2bc	1	REJECT_CLEAN	0	FAIL artifact: EMBED hash mismatch (receipt 1844674407370955 vs local 8cbcd6b69df03539)		1	REJECT_CLEAN	0	VERIFY FAIL — strict: line 3 (embed): expected 64 lower-case hex digits		qemu_abstain/RECEIPT.TXT; embed<-'184467440737'
F-01026	c05cdaac27e0576b249d2759ae7cd25f5c580928d3bd42d33370514209cb051a	1	REJECT_CLEAN	0	VERIFY FAIL — malformed receipt: not valid UTF-8		1	REJECT_CLEAN	0	VERIFY FAIL — strict: byte 306: 0xde is not printable ASCII or LF		qemu_calc/RECEIPT.TXT; rep@306:0xde; rep@455:0x42
F-01027	8304ad6f76419d347dc027c08964c9a3e49b15041bf779eb0d4ef867ff3540b2	1	REJECT_CLEAN	0	VERIFY FAIL — malformed receipt: maxtok is not an unsigned integer		1	REJECT_CLEAN	0	VERIFY FAIL — strict: line 4 (vocab): expected 64 lower-case hex digits		qemu_everyday/RECEIPT.TXT; maxtok<-'FF'; del[190:195]
F-01028	2e0f3ecc1c82dadeb8f39287f0b28cfbaef5e8ac26f3e5b5c00cb5e4fa6382de	1	REJECT_CLEAN	0	FAIL artifact: VOCAB hash mismatch (receipt  vs local a4cafc9649488987)		1	REJECT_CLEAN	0	VERIFY FAIL — strict: line 3 (embed): expected 64 lower-case hex digits		qemu_unknown_tool/RECEIPT.TXT; ins@244:b'\n'; del[160:177]; prompt-toks<-'zz'
F-01029	d1dfb05ddc4dc4f1bc5256030c83cdb7bd23cfa9d8b898998f7f2329d2607cc6	1	REJECT_CLEAN	0	VERIFY FAIL — malformed receipt: maxtok is not an unsigned integer		1	REJECT_CLEAN	0	VERIFY FAIL — strict: line 5 (maxtok): expected a decimal integer without sign or leading zeros		qemu_calc/RECEIPT2.TXT; maxtok<-'1,2,'; del[314:345]
F-01030	24f9ff55c6e04bd086e392ea9c13cd9ef74924840589ab2d260d79fd0dd325c2	1	REJECT_CLEAN	0	FAIL artifact: VOCAB hash mismatch (receipt a4cafc3476d389bd vs local a4cafc9649488987)		1	REJECT_CLEAN	0	VERIFY FAIL — strict: line 4 (vocab): expected 64 lower-case hex digits		qemu_calc_words/RECEIPT2.TXT; del[175:191]
F-01031	2d3c9dcd5d6478f28bdd589dc152bf912f149b7117b66adde8f485909135d002	1	REJECT_CLEAN	0	VERIFY FAIL — malformed receipt: token id "\u{202e}" is not an unsigned 32-bit integer		1	REJECT_CLEAN	0	VERIFY FAIL — strict: byte 363: 0xe2 is not printable ASCII or LF		qemu_everyday/RECEIPT.TXT; token-ids<-'\u202e'
F-01032	1a590538933dca47aeb56bf19fabaa2057639c7be620c1498b9d33de8110fe49	0	ACCEPT	0	VERIFY PASS — replay reproduced 3 tokens, the token digest, and the full logit chain bit-for-bit		1	REJECT_CLEAN	0	VERIFY FAIL — strict: line 3: key out of order "prompt-toks", canonical order expects "embed"		qemu_everyday/RECEIPT.TXT; dupline6; dupline1
F-01033	af657f4fdab4446ddb37adc7c8678ccd57da2b7ceda38f8f93de0637121951f3	1	REJECT_CLEAN	0	FAIL artifact: EMBED hash mismatch (receipt 8cbcd6b69df03é5 vs local 8cbcd6b69df03539)		1	REJECT_CLEAN	0	VERIFY FAIL — strict: byte 182: 0xc3 is not printable ASCII or LF		qemu_lookup/RECEIPT2.TXT; trunc@269; dupline2; ins@182:b'\xc3\xa9'
F-01034	24ee8bd55dc6268ca49cfcd156014f057cb98d1d6e56529adf3756cb5cfcafde	0	ACCEPT	0	VERIFY PASS — replay reproduced 8 tokens, the token digest, and the full logit chain bit-for-bit		1	REJECT_CLEAN	0	VERIFY FAIL — strict: line 4: key out of order "token-ids", canonical order expects "vocab"		qemu_calc_words/RECEIPT.TXT; dupline8
F-01035	67e8469ad73d3046480049f7b929d9250e51a0ee7ffa86a727adb4730e5e13ca	1	REJECT_CLEAN	0	FAIL artifact: MODEL hash mismatch (receipt a44e48965c641b81 vs local a44e48965c641b81)		1	REJECT_CLEAN	0	VERIFY FAIL — strict: line 2 (model): expected 64 lower-case hex digits		qemu_abstain/RECEIPT.TXT; ins@69:b' '; del[76:77]; chain<-'zz'
F-01036	612252630c80c3e2b1015c06af098401e1c7013cd155eb434a007c6697a7c2ff	1	REJECT_CLEAN	0	VERIFY FAIL — replay diverged from the receipt		1	REJECT_CLEAN	0	VERIFY FAIL — replay diverged from the receipt		qemu_calc_words/RECEIPT.TXT; prompt-hex<-hex('ôQ\ue008\x8b\x8f̜😝B丷?😜2'..200ch)
F-01037	dc7b275c76c53503ccfca85c0555f6f5a5ec872feabacb40d95bf9c51977a47a	1	REJECT_CLEAN	0	VERIFY FAIL — receipt inputs cannot be replayed: prompt (13) + max_new (511) exceeds max_position_embeddings (512)		1	REJECT_CLEAN	0	VERIFY FAIL — receipt inputs cannot be replayed: prompt (13) + max_new (511) exceeds max_position_embeddings (512)		qemu_calc/RECEIPT.TXT; maxtok<-511
F-01038	48761651e23e6498f6e3c8df2eb0008b54703e2339332e7c4c54e3a78c123557	1	REJECT_CLEAN	0	VERIFY FAIL — replay diverged from the receipt		1	REJECT_CLEAN	0	VERIFY FAIL — replay diverged from the receipt		qemu_calc/RECEIPT2.TXT; maxtok<-100; prompt-hex<-hex('ͯ\ue00d\r\ue008L9ͥ+m̕c\x14'..60ch)
F-01039	1176e8d10bbd65a197214dd450da86e2c3533acbcc8b42ec03252a2061161ec1	1	REJECT_CLEAN	0	VERIFY FAIL — malformed receipt: prompt-hex does not decode to UTF-8 text		1	REJECT_CLEAN	0	VERIFY FAIL — strict: no newline after the last line (exactly one is required)		qemu_lookup/RECEIPT2.TXT; del[293:332]; trunc@380
F-01040	66690b98205b2d305a0e94b4932f7dbc4894be86e6046489c5e9435eb56ba7e2	1	REJECT_CLEAN	0	FAIL artifact: VOCAB hash mismatch (receipt  vs local a4cafc9649488987)		1	REJECT_CLEAN	0	VERIFY FAIL — strict: byte 0: 0x00 is not printable ASCII or LF		garbage:nul
F-01041	6590a74c2d1631287cc4453ad79e2162efa3903ad7808ee370c2aa80f77b5f8f	1	REJECT_CLEAN	0	VERIFY FAIL — receipt inputs cannot be replayed: prompt (27) + max_new (1000) exceeds max_position_embeddings (512)		1	REJECT_CLEAN	0	VERIFY FAIL — receipt inputs cannot be replayed: prompt (27) + max_new (1000) exceeds max_position_embeddings (512)		qemu_calc_words/RECEIPT2.TXT; maxtok<-1000
F-01042	9ce13b01b13b9e3bf259a01f771ddb141ca341f5b9b45ba0268a4e93f2987d2e	1	REJECT_CLEAN	0	VERIFY FAIL — replay diverged from the receipt		1	REJECT_CLEAN	0	VERIFY FAIL — strict: line 7: key out of order "chain", canonical order expects "prompt-toks"		qemu_calc/RECEIPT2.TXT; prompt-hex<-hex('-'..1ch); swap6/10
F-01043	dc8fce172a504e07ea0b98966374468c582dfede88ba0fa0badc617739f9eb63	1	REJECT_CLEAN	0	FAIL artifact: VOCAB hash mismatch (receipt  vs local a4cafc9649488987)		1	REJECT_CLEAN	0	VERIFY FAIL — strict: no newline after the last line (exactly one is required)		qemu_self/RECEIPT.TXT; swap9/2; trunc@44
F-01044	8ece3392f923ba643f4947919c61012330917459e28b46e3f6f927823ce7e800	1	REJECT_CLEAN	0	FAIL artifact: VOCAB hash mismatch (receipt aéé vs local a4cafc9649488987)		1	REJECT_CLEAN	0	VERIFY FAIL — strict: byte 170: 0xc3 is not printable ASCII or LF		qemu_everyday/RECEIPT.TXT; trunc@339; prompt-hex<-hex('͔\x88͏Eĵ'..5ch); vocab<-'aéé'
F-01045	6624dffbfbe3c019a7446ac1fb157e88133972f17ea221fbc8a54ecb4c679f2a	1	REJECT_CLEAN	0	VERIFY FAIL — replay diverged from the receipt		1	REJECT_CLEAN	0	VERIFY FAIL — strict: line 10 (cis-digest): expected 16 lower-case hex digits		qemu_lookup/RECEIPT2.TXT; cis-digest<-''; maxtok<-0
F-01046	b9016e329c5ad869857b27184c3d89dd0c027b573bd513b7d1be4ccf7e0cbfc9	1	REJECT_CLEAN	0	VERIFY FAIL — receipt inputs cannot be replayed: prompt (36) + max_new (511) exceeds max_position_embeddings (512)		1	REJECT_CLEAN	0	VERIFY FAIL — strict: line 8: key out of order "cis-digest", canonical order expects "gen-toks"		qemu_calc/RECEIPT.TXT; prompt-hex<-hex('Ø\r9jͨ\x89与丙͡\ue000\x8dF'..20ch); maxtok<-511; swap9/7
F-01047	eb6b9e7278db6879ba41eff578e40c4d82539a88a3d5d81ddc42e4e16528b51e	1	REJECT_CLEAN	0	VERIFY FAIL — malformed receipt: not valid UTF-8		1	REJECT_CLEAN	0	VERIFY FAIL — strict: byte 26: 0xe1 is not printable ASCII or LF		qemu_calc/RECEIPT.TXT; trunc@188; rep@26:0xe1
F-01048	29b1c99f357bb79547caa8754256f02dcad83429e43169bad01d8b50393f54da	1	REJECT_CLEAN	0	VERIFY FAIL — replay diverged from the receipt		1	REJECT_CLEAN	0	VERIFY FAIL — replay diverged from the receipt		qemu_calc/RECEIPT.TXT; maxtok<-100
F-01049	e53bb96f63624ac776544ec94e0809d4e43d4e36e0981c13fd24e853adced27f	0	ACCEPT	0	VERIFY PASS — replay reproduced 35 tokens, the token digest, and the full logit chain bit-for-bit		1	REJECT_CLEAN	0	VERIFY FAIL — strict: line 1: header must be exactly "AEGIS-WITNESS v1-CIS"		qemu_unknown_tool/RECEIPT.TXT; AEGIS-WITNESS<-'4294967296'
F-01050	591a3c88732fe9663a8073de8f4848ad1ef425a07be83fab99a3aa96b2848608	1	REJECT_CLEAN	0	VERIFY FAIL — malformed receipt: maxtok is not an unsigned integer		1	REJECT_CLEAN	0	VERIFY FAIL — strict: byte 343: carriage return (CRLF line endings are not canonical)		qemu_abstain/RECEIPT.TXT; maxtok<-'+'; ins@343:b'\r'
F-01051	27cd5f9f191cde176356b764b25b74fbd2ad044ebaffd92310183b2286ff0529	1	REJECT_CLEAN	0	VERIFY FAIL — replay diverged from the receipt		1	REJECT_CLEAN	0	VERIFY FAIL — strict: byte 726: carriage return (CRLF line endings are not canonical)		qemu_receipt/RECEIPT.TXT; swap7/3; ins@726:b'\r\n'
F-01052	49a5287f61ea5bf3ce9227ee1274c521c0c21fee544c48759a03e69aa631cc8d	1	REJECT_CLEAN	0	FAIL artifact: VOCAB hash mismatch (receipt  vs local a4cafc9649488987)		1	REJECT_CLEAN	0	VERIFY FAIL — strict: no newline after the last line (exactly one is required)		qemu_lookup/RECEIPT2.TXT; swap1/0; swap9/3; trunc@454
F-01053	06d9a517854b7c380ec0a0fdbc5ac3ab3d731141b5e305e2d44885e83e51a050	1	REJECT_CLEAN	0	VERIFY FAIL — receipt inputs cannot be replayed: prompt (1481) + max_new (500) exceeds max_position_embeddings (512)		1	REJECT_CLEAN	0	VERIFY FAIL — receipt inputs cannot be replayed: prompt (1481) + max_new (500) exceeds max_position_embeddings (512)		qemu_calc/RECEIPT2.TXT; prompt-hex<-hex('̱/丯,̬Ħ\x83RzƇ丣w'..60ch); prompt-hex<-hex('\x1a\ue003@😀\ue00e\x1b\x8aͭ)͉f\x8f'..700ch); maxtok<-500
F-01054	895306674bfb9f804fea4e2ca31da2aa82b63ce5ea2a1bc85757d93e89f948cd	1	REJECT_CLEAN	0	VERIFY FAIL — malformed receipt: maxtok is not an unsigned integer		1	REJECT_CLEAN	0	VERIFY FAIL — strict: line 5 (maxtok): expected a decimal integer without sign or leading zeros		qemu_self/RECEIPT.TXT; ins@497:b'Z'; maxtok<-','
F-01055	54167a38ec5278b88f0125b75153771d87c0141b31f41caef45ceeee75cf4161	1	REJECT_CLEAN	0	VERIFY FAIL — replay diverged from the receipt		1	REJECT_CLEAN	0	VERIFY FAIL — strict: no newline after the last line (exactly one is required)		qemu_everyday/RECEIPT.TXT; trunc@350
F-01056	838c415809be9402bbd890a0f16c2e5320b144b2d55011619936d05360594f45	1	REJECT_CLEAN	0	VERIFY FAIL — malformed receipt: not valid UTF-8		1	REJECT_CLEAN	0	VERIFY FAIL — strict: byte 297: 0xf5 is not printable ASCII or LF		qemu_calc/RECEIPT.TXT; rep@176:0x22; rep@297:0xf5
F-01057	af316b68049fcae8e52f8fc3c56f2e23798351b84d33f1621cbd2f37ef399645	1	REJECT_CLEAN	0	FAIL artifact: EMBED hash mismatch (receipt   vs local 8cbcd6b69df03539)		1	REJECT_CLEAN	0	VERIFY FAIL — strict: byte 36: 0x00 is not printable ASCII or LF		qemu_everyday/RECEIPT.TXT; dupline4; embed<-'\x00'; model<-'FF'
F-01058	d9faa0f38e46ae576d2285c9c2ca82414b8b9f10d01f9e00c309f4d58afc2437	1	REJECT_CLEAN	0	VERIFY FAIL — malformed receipt: not valid UTF-8		1	REJECT_CLEAN	0	VERIFY FAIL — strict: byte 381: 0xaf is not printable ASCII or LF		qemu_everyday/RECEIPT.TXT; del[460:472]; rep@381:0xaf
F-01059	d8747f701cdf687439c60399e85c047556f616cff5e7cfe757d9c4d83059c9e5	1	REJECT_CLEAN	0	FAIL artifact: EMBED hash mismatch (receipt 8cbcd6b69df03539 vs local 8cbcd6b69df03539)		1	REJECT_CLEAN	0	VERIFY FAIL — strict: byte 125: 0x16 is not printable ASCII or LF		qemu_lookup/RECEIPT.TXT; rep@125:0x16; prompt-hex<-hex('丹\x08[\x9a\t\ue000.\ue00d'..8ch)
F-01060	d7718903e834a7695447bb92f28b59f3a6d20d6a50adb023c31490fd5e8678ca	1	REJECT_CLEAN	0	VERIFY FAIL — malformed receipt: not valid UTF-8		1	REJECT_CLEAN	0	VERIFY FAIL — strict: byte 258: 0xff is not printable ASCII or LF		qemu_lookup/RECEIPT2.TXT; ins@258:b'\xff'
F-01061	d5242ba7e6990cb369df1de05c446f90ebeb7fc5fcffe8dd9eb13c3829935528	1	REJECT_CLEAN	0	FAIL artifact: EMBED hash mismatch (receipt cbcd6b69df03539c vs local 8cbcd6b69df03539)		1	REJECT_CLEAN	0	VERIFY FAIL — strict: line 2 (model): expected 64 lower-case hex digits		qemu_abstain/RECEIPT.TXT; ins@76:b','; del[99:100]; dupline2
F-01062	83553c39de3e0840bb4b0d9889d765e4c04906cd507ccdd829014c68523191ab	1	REJECT_CLEAN	0	VERIFY FAIL — malformed receipt: not valid UTF-8		1	REJECT_CLEAN	0	VERIFY FAIL — strict: byte 232: 0x95 is not printable ASCII or LF		qemu_calc/RECEIPT.TXT; del[415:427]; prompt-hex<-hex('p😀😠😔@'..5ch); rep@232:0x95
F-01063	c2ab0d06eef95745e3d5abd9c5803f3b1dd7710b3855e4ac9c7c4d325708121e	1	REJECT_CLEAN	0	VERIFY FAIL — replay diverged from the receipt		1	REJECT_CLEAN	0	VERIFY FAIL — replay diverged from the receipt		qemu_self/RECEIPT.TXT; maxtok<-7
F-01064	cbcf04c69bdf08adef1d34ce8a523320d1f5cf474f8a290318ad15b32a7730dd	1	REJECT_CLEAN	0	FAIL artifact: MODEL hash mismatch (receipt  vs local a44e48965c641b81)		1	REJECT_CLEAN	0	VERIFY FAIL — strict: line 2 (model): expected 64 lower-case hex digits		qemu_receipt/RECEIPT.TXT; swap4/5; model<-''
F-01065	bb2db0cbdcf73fae09d717166560e176c1f29872d696ca1d3519643d5ea3c3ed	1	REJECT_CLEAN	0	FAIL artifact: MODEL hash mismatch (receipt a44e48965c641b81 vs local a44e48965c641b81)		1	REJECT_CLEAN	0	VERIFY FAIL — strict: line 2 (model): expected 64 lower-case hex digits		qemu_self/RECEIPT.TXT; rep@56:0x5f
F-01066	3c5ddcdb59f0042ec7acb81ea91c5858a13c63345567b6fb26333172be12e07b	1	REJECT_CLEAN	0	VERIFY FAIL — replay diverged from the receipt		1	REJECT_CLEAN	0	VERIFY FAIL — replay diverged from the receipt		qemu_calc_words/RECEIPT.TXT; del[255:277]
F-01067	c5cf2fc061b38f7477eed8e6934f400ac30ecf83ca143a23689d8ca3bc5e3e9c	0	ACCEPT	0	VERIFY PASS — replay reproduced 3 tokens, the token digest, and the full logit chain bit-for-bit		1	REJECT_CLEAN	0	VERIFY FAIL — strict: line 5: key out of order "cis-digest", canonical order expects "maxtok"		qemu_everyday/RECEIPT.TXT; swap4/9
F-01068	3e1397fc9da5b7115637c40e9975106a436362484d0f27f9a95fbdb5aed03a2b	1	REJECT_CLEAN	0	FAIL artifact: MODEL hash mismatch (receipt 1844674407370955 vs local a44e48965c641b81)		1	REJECT_CLEAN	0	VERIFY FAIL — strict: line 2 (model): expected 64 lower-case hex digits		qemu_calc/RECEIPT2.TXT; prompt-hex<-hex('XȄ'..2ch); swap10/6; model<-'184467440737'
F-01069	fd363273e1631377f2951478c0854ee1bda215c401fad2076c3eb8995095e2f4	1	REJECT_CLEAN	0	VERIFY FAIL — replay diverged from the receipt		1	REJECT_CLEAN	0	VERIFY FAIL — replay diverged from the receipt		qemu_abstain/RECEIPT.TXT; prompt-hex<-hex('\ue006ź😑😀,ś😐x\x93😝̽C'..20ch); prompt-hex<-hex('丄丠'..2ch)
F-01070	35219c149b0b5ddf31c1af8d9548d10c338e4a40886feb1355e2155947d35543	1	REJECT_CLEAN	0	FAIL artifact: VOCAB hash mismatch (receipt  vs local a4cafc9649488987)		1	REJECT_CLEAN	0	VERIFY FAIL — strict: line 3 (embed): expected 64 lower-case hex digits		qemu_calc/RECEIPT.TXT; del[162:163]; maxtok<-18446744073709551617; maxtok<-0
F-01071	d4538e976fdd81a0754b2ff7a7c93bf49ef677695fca5d05e7454042ac50bd18	1	REJECT_CLEAN	0	FAIL artifact: EMBED hash mismatch (receipt 8cbcd6b69df03539 vs local 8cbcd6b69df03539)		1	REJECT_CLEAN	0	VERIFY FAIL — strict: line 3 (embed): expected 64 lower-case hex digits		qemu_everyday/RECEIPT.TXT; del[137:152]
F-01072	307c727b6312a9433dc837744bfcf8458f6c4e707a10bab1e5ce0dce4e84458c	1	REJECT_CLEAN	0	VERIFY FAIL — malformed receipt: not valid UTF-8		1	REJECT_CLEAN	0	VERIFY FAIL — strict: byte 347: 0xec is not printable ASCII or LF		qemu_everyday/RECEIPT.TXT; rep@312:0xec; del[77:105]; maxtok<-'FFFFFFFFFFFF'
F-01073	8bd78d3a88b681eb4993d3c0c9d230a2c2f7d0bb2322a99cdd80361f8bfa055b	1	REJECT_CLEAN	0	VERIFY FAIL — malformed receipt: maxtok is not an unsigned integer		1	REJECT_CLEAN	0	VERIFY FAIL — strict: line 5 (maxtok): expected a decimal integer without sign or leading zeros		qemu_lookup/RECEIPT.TXT; maxtok<-9223372036854775807; del[249:277]
F-01074	87724d80d0822c123c95d3c724945ed5d7299f22775ff260c9b2dab36f81e2da	1	REJECT_CLEAN	0	VERIFY FAIL — receipt inputs cannot be replayed: prompt tokenized to nothing		1	REJECT_CLEAN	0	VERIFY FAIL — strict: line 5 (maxtok): expected a decimal integer without sign or leading zeros		qemu_unknown_tool/RECEIPT.TXT; ins@248:b'-'; maxtok<-7; maxtok<-'+1'
F-01075	e1f3cc83a183742e4caba734e304a06d8ce88b8218e9b06292e2bbc359008a50	1	REJECT_CLEAN	0	FAIL artifact: VOCAB hash mismatch (receipt  vs local a4cafc9649488987)		1	REJECT_CLEAN	0	VERIFY FAIL — strict: line 3 (embed): expected 64 lower-case hex digits		qemu_calc_words/RECEIPT2.TXT; dupline9; del[142:164]
F-01076	14d5840f47d9d2962141690cc28d1c8045553b781c23b29bd83cd15bce88104c	1	REJECT_CLEAN	0	FAIL artifact: VOCAB hash mismatch (receipt a4cafc9649999999 vs local a4cafc9649488987)		1	REJECT_CLEAN	0	VERIFY FAIL — strict: line 4 (vocab): expected 64 lower-case hex digits		qemu_self/RECEIPT.TXT; maxtok<-7; ins@178:b'999999999999999999999999999999'
F-01077	56f7b19e2447fba6f24ab1c605fbd4d22dd70ae4e6b1c1e17c97645564aaa16a	1	REJECT_CLEAN	0	FAIL artifact: VOCAB hash mismatch (receipt a4cafc9649488987 vs local a4cafc9649488987)		1	REJECT_CLEAN	0	VERIFY FAIL — strict: line 4 (vocab): expected 64 lower-case hex digits		qemu_calc_words/RECEIPT.TXT; prompt-hex<-hex('\x9aU͒\ue00c3/"😟ǰ😇丿̫'..200ch); prompt-hex<-hex('̅>\ue005x)丝\ue009̽ͦb\ue00c丂'..60ch); rep@186:0x2e
F-01078	43217d09f8b54138e44f93b4fbf4a833a5b18a472bf533774141d50b4f961379	1	REJECT_CLEAN	0	VERIFY FAIL — replay diverged from the receipt		1	REJECT_CLEAN	0	VERIFY FAIL — strict: no newline after the last line (exactly one is required)		qemu_lookup/RECEIPT.TXT; trunc@419
F-01079	0cf17af3868b469f33b6ba9ca0e91d447511cb86181744383cbbb93112b092ab	1	REJECT_CLEAN	0	VERIFY FAIL — replay diverged from the receipt		1	REJECT_CLEAN	0	VERIFY FAIL — strict: no newline after the last line (exactly one is required)		qemu_self/RECEIPT.TXT; prompt-hex<-hex('Uc'..2ch); trunc@513
F-01080	e3b0c44298fc1c149afbf4c8996fb92427ae41e4649b934ca495991b7852b855	1	REJECT_CLEAN	0	FAIL artifact: VOCAB hash mismatch (receipt  vs local a4cafc9649488987)		1	REJECT_CLEAN	0	VERIFY FAIL — strict: empty file		garbage:empty
F-01081	47acd56e5ae382dbe2ef3a8d064712bb3f8cb14a55d86caf053cb3bdc7d6c381	1	REJECT_CLEAN	0	VERIFY FAIL — replay diverged from the receipt		1	REJECT_CLEAN	0	VERIFY FAIL — strict: line 11 (chain): expected 64 lower-case hex digits		qemu_unknown_tool/RECEIPT.TXT; chain<-'1,,2'
F-01082	ed7d0fec9f70ed9421ec4457fa99ce472ad22c68451d56418e8b14f3abe5886c	1	REJECT_CLEAN	0	VERIFY FAIL — replay diverged from the receipt		1	REJECT_CLEAN	0	VERIFY FAIL — replay diverged from the receipt		qemu_abstain/RECEIPT.TXT; prompt-hex<-hex('\x81ǻ\x8c乁\x1e'..5ch)
F-01083	496831bc4c3019914361985688f2a4ec60e62af1a483c13aa877536b3564c4fd	1	REJECT_CLEAN	0	FAIL artifact: EMBED hash mismatch (receipt 8cbcd6b69df09c5b vs local 8cbcd6b69df03539)		1	REJECT_CLEAN	0	VERIFY FAIL — strict: line 3 (embed): expected 64 lower-case hex digits		qemu_calc/RECEIPT.TXT; del[110:143]
F-01084	8f57349c23e9fc6a21fdf36dc852b700509d74b3571cb284ca4a7ceef0373bb3	1	REJECT_CLEAN	0	VERIFY FAIL — malformed receipt: token id "4é73" is not an unsigned 32-bit integer		1	REJECT_CLEAN	0	VERIFY FAIL — strict: byte 344: 0xc3 is not printable ASCII or LF		qemu_calc/RECEIPT.TXT; ins@344:b'\xc3\xa9'
F-01085	49afb8268c2ce9052061da5b9bb97b43b310be2660467d799d078bcf67c0a9a3	1	REJECT_CLEAN	0	FAIL artifact: VOCAB hash mismatch (receipt  vs local a4cafc9649488987)		1	REJECT_CLEAN	0	VERIFY FAIL — strict: no newline after the last line (exactly one is required)		qemu_lookup/RECEIPT2.TXT; trunc@179; trunc@120
F-01086	e1ee651f1171af374759c31d1a545280329b4cfb0b98726aa266b6c23405d23d	1	REJECT_CLEAN	0	VERIFY FAIL — replay diverged from the receipt		1	REJECT_CLEAN	0	VERIFY FAIL — replay diverged from the receipt		qemu_unknown_tool/RECEIPT.TXT; prompt-hex<-hex('/'..1ch)
F-01087	4a134daa917ef7823496a069edac150deaa0c3e32fa7e911e052914249030b12	1	REJECT_CLEAN	0	VERIFY FAIL — receipt inputs cannot be replayed: prompt (1474) + max_new (7) exceeds max_position_embeddings (512)		1	REJECT_CLEAN	0	VERIFY FAIL — strict: line 8 (gen-toks): expected a decimal integer without sign or leading zeros		qemu_calc_words/RECEIPT2.TXT; gen-toks<-' '; prompt-hex<-hex('\x9dͣ\x98😟\ue00f\x18\x07😗Ǔ\ue001\x99̺'..700ch)
F-01088	dff8cd10cf42842b14c341355241946e173c38bde65bb051e595f5d86b0290bb	1	REJECT_CLEAN	0	VERIFY FAIL — replay diverged from the receipt		1	REJECT_CLEAN	0	VERIFY FAIL — strict: line 2: key out of order "maxtok", canonical order expects "model"		qemu_calc_words/RECEIPT2.TXT; maxtok<-'00'; swap4/1
F-01089	2e2daca2e89f35069cd1feb9e595230dcffa2d569a0b14673bb593128694711c	0	ACCEPT	0	VERIFY PASS — replay reproduced 3 tokens, the token digest, and the full logit chain bit-for-bit		1	REJECT_CLEAN	0	VERIFY FAIL — strict: line 7 (prompt-toks): expected a decimal integer without sign or leading zeros		qemu_everyday/RECEIPT.TXT; prompt-toks<-''
F-01090	d85bb7a09aedd4b01f5027acdca65fa8f358cf0c59b9b5faa809a1f5f28b76d0	1	REJECT_CLEAN	0	VERIFY FAIL — replay diverged from the receipt		1	REJECT_CLEAN	0	VERIFY FAIL — strict: byte 737: 0x08 is not printable ASCII or LF		qemu_self/RECEIPT.TXT; rep@617:0x08; prompt-hex<-hex('😝\ue001\ue00c]\x9cė\x9e😄\x1d\x18)丄'..60ch)
F-01091	1b7fbf63ce89852def762aa59ea992b88caff2dce38bf738e0461b37e92ca0c0	1	REJECT_CLEAN	0	FAIL artifact: VOCAB hash mismatch (receipt a4cafc9649488987 vs local a4cafc9649488987)		1	REJECT_CLEAN	0	VERIFY FAIL — strict: no newline after the last line (exactly one is required)		qemu_calc/RECEIPT.TXT; token-ids<-'1 2'; trunc@244; trunc@211
F-01092	3c2760ff1cdcbf781b612bdd5b8c3a43ec8139997a19c09db569381b5d1685b9	1	REJECT_CLEAN	0	VERIFY FAIL — malformed receipt: not valid UTF-8		1	REJECT_CLEAN	0	VERIFY FAIL — strict: byte 377: 0xec is not printable ASCII or LF		qemu_lookup/RECEIPT2.TXT; rep@442:0xf5; rep@377:0xec
F-01093	2efc3f7ad3f62c4bc7bbb625ea0f5626b782aa85864361ca2cb39a4bfd3ebb6f	1	REJECT_CLEAN	0	VERIFY FAIL — replay diverged from the receipt		1	REJECT_CLEAN	0	VERIFY FAIL — strict: line 2: key out of order "chain", canonical order expects "model"		qemu_abstain/RECEIPT.TXT; maxtok<-500; swap10/1
F-01094	c0c4d26c4032a62d11fae3ea931e8430d6a1803323284577e1210ff70006d21b	1	REJECT_CLEAN	0	VERIFY FAIL — malformed receipt: not valid UTF-8		1	REJECT_CLEAN	0	VERIFY FAIL — strict: byte 13: 0xa5 is not printable ASCII or LF		qemu_self/RECEIPT.TXT; rep@13:0xa5; prompt-hex<-hex('😀😜'..2ch); trunc@399
F-01095	13e8a92aaa8c377075e116dd4c41ae3a3f16ed57082ef7c53f55cabfb03a8c3d	1	REJECT_CLEAN	0	VERIFY FAIL — replay diverged from the receipt		1	REJECT_CLEAN	0	VERIFY FAIL — replay diverged from the receipt		qemu_calc_words/RECEIPT.TXT; prompt-hex<-hex('😍'..1ch)
F-01096	c376496f801393a7d920e7b9730f3f54cbb86d85ad21f67328f640dc86b0eea8	0	ACCEPT	0	VERIFY PASS — replay reproduced 9 tokens, the token digest, and the full logit chain bit-for-bit		1	REJECT_CLEAN	0	VERIFY FAIL — strict: no newline after the last line (exactly one is required)		qemu_calc/RECEIPT.TXT; dupline9
F-01097	4f954c6607ad89d82b62960759a933813ddc5841c7b58f53db7d3dc4e4a77642	1	REJECT_CLEAN	0	VERIFY FAIL — replay diverged from the receipt		1	REJECT_CLEAN	0	VERIFY FAIL — strict: line 3: key out of order "prompt-hex", canonical order expects "embed"		qemu_unknown_tool/RECEIPT.TXT; prompt-hex<-hex('\ue00ç\ue007'..3ch); swap5/2; del[509:545]
F-01098	f49d846092d918d6d7997cc5e456ed2d7ddb98af321fb0fe4ab99ab95a7e3883	1	REJECT_CLEAN	0	VERIFY FAIL — malformed receipt: maxtok is not an unsigned integer		1	REJECT_CLEAN	0	VERIFY FAIL — strict: byte 241: 0xc3 is not printable ASCII or LF		qemu_lookup/RECEIPT2.TXT; maxtok<-'é'
F-01099	d8899e691e1bf90d8033a5aa20e559b7d9fb561788b3471e1a09e78a08f15a4a	1	REJECT_CLEAN	0	VERIFY FAIL — replay diverged from the receipt		1	REJECT_CLEAN	0	VERIFY FAIL — strict: byte 1268: 0x00 is not printable ASCII or LF		qemu_unknown_tool/RECEIPT.TXT; chain<-'\x00'; prompt-hex<-hex('vǕr\x80n͢J\x01*Ǧe\x95'..200ch)
F-01100	6d7312e32c55d1c5be17fc025fc5cbe2528896e886d2cfb5e58853b858fdf5b5	1	REJECT_CLEAN	0	FAIL artifact: MODEL hash mismatch (receipt a4e48965c641b81 vs local a44e48965c641b81)		1	REJECT_CLEAN	0	VERIFY FAIL — strict: byte 29: 0x03 is not printable ASCII or LF		qemu_everyday/RECEIPT.TXT; rep@29:0x03
F-01101	354953ca67f149a43866dd2522f20f61da43cfae3db5c2cbb998d6071ea6b4c1	0	ACCEPT	0	VERIFY PASS — replay reproduced 7 tokens, the token digest, and the full logit chain bit-for-bit		1	REJECT_CLEAN	0	VERIFY FAIL — strict: line 1: header must be exactly "AEGIS-WITNESS v1-CIS"		qemu_calc_words/RECEIPT2.TXT; AEGIS-WITNESS<-'+'
F-01102	fa247c9ae55bb52f9ecc108e287ce21ebe28f03e77a6698b507c03dcbe610986	1	REJECT_CLEAN	0	FAIL artifact: EMBED hash mismatch (receipt 8cbcd6b69df03539 vs local 8cbcd6b69df03539)		1	REJECT_CLEAN	0	VERIFY FAIL — strict: line 1: header must be exactly "AEGIS-WITNESS v1-CIS"		qemu_lookup/RECEIPT.TXT; swap6/0; ins@118:b'-'
F-01103	d1ae780b85a4cbb00a77583c0bb7903e841d8031f230de08403fc4c47e784b8a	1	REJECT_CLEAN	0	VERIFY FAIL — replay diverged from the receipt		1	REJECT_CLEAN	0	VERIFY FAIL — strict: line 1: header must be exactly "AEGIS-WITNESS v1-CIS"		qemu_calc/RECEIPT.TXT; rep@422:0x3f; prompt-toks<-'-'; AEGIS-WITNESS<-'-1'
F-01104	80dcce2402d985b50fa5e0b8bb387c126b9c9ffa020f6e80636eb9dbc90ef6c8	0	ACCEPT	0	VERIFY PASS — replay reproduced 30 tokens, the token digest, and the full logit chain bit-for-bit		1	REJECT_CLEAN	0	VERIFY FAIL — strict: line 1: header must be exactly "AEGIS-WITNESS v1-CIS"		qemu_self/RECEIPT.TXT; AEGIS-WITNESS<-'+'
F-01105	66c5c0d7dfe90a5801df46cd0a5c901a1611e18985fefa19c9d4b277005bc156	1	REJECT_CLEAN	0	VERIFY FAIL — receipt inputs cannot be replayed: prompt (1) + max_new (4294967296) exceeds max_position_embeddings (512)		1	REJECT_CLEAN	0	VERIFY FAIL — strict: line 6 (prompt-hex): expected non-empty lower-case hex of even length		qemu_lookup/RECEIPT.TXT; chain<-'xxxxxxxxxxxx'; prompt-hex<-'-1'; maxtok<-4294967296
F-01106	61dab491792f3589ca84f7c17e227486e6ee8c65bc840097b4bc8d82a830f986	1	REJECT_CLEAN	0	FAIL artifact: EMBED hash mismatch (receipt 0000000000000000 vs local 8cbcd6b69df03539)		1	REJECT_CLEAN	0	VERIFY FAIL — strict: no newline after the last line (exactly one is required)		qemu_everyday/RECEIPT.TXT; dupline4; embed<-'000000000000'; prompt-hex<-hex('ǉ\x92̭\x83̃͝丰丈'..8ch)
F-01107	bf7f22660e816a7c62ddf1754abaf3f87dc654a78a9a771560d0ee9327db1e52	1	REJECT_CLEAN	0	VERIFY FAIL — receipt inputs cannot be replayed: prompt (12) + max_new (18446744073709551615) exceeds max_position_embeddings (512)		1	REJECT_CLEAN	0	VERIFY FAIL — receipt inputs cannot be replayed: prompt (12) + max_new (18446744073709551615) exceeds max_position_embeddings (512)		qemu_everyday/RECEIPT.TXT; maxtok<-18446744073709551615
F-01108	b2f0567f63d88259a0580cd309cbfc46bf1090e0b87f191aeecf3a999eeccf53	1	REJECT_CLEAN	0	VERIFY FAIL — replay diverged from the receipt		1	REJECT_CLEAN	0	VERIFY FAIL — strict: no newline after the last line (exactly one is required)		qemu_abstain/RECEIPT.TXT; prompt-hex<-hex('丩Ƒ\n̉ͣ三\x10😎'..8ch); trunc@312
F-01109	6f204e4bde6569df1b104c660bf0d9bdaf95ceb33500b5037b4471c953ee97de	1	REJECT_CLEAN	0	VERIFY FAIL — replay diverged from the receipt		1	REJECT_CLEAN	0	VERIFY FAIL — strict: byte 341: 0xc3 is not printable ASCII or LF		qemu_lookup/RECEIPT.TXT; ins@340:b'\xc3\xa9'; maxtok<-16
F-01110	40d69565c8da236b29f18194abc16dbbb4c50ccdf5c2bb390e9a894f6d4c970f	1	REJECT_CLEAN	0	FAIL artifact: MODEL hash mismatch (receipt a44e48965c641b81 vs local a44e48965c641b81)		1	REJECT_CLEAN	0	VERIFY FAIL — strict: line 2 (model): expected 64 lower-case hex digits		qemu_lookup/RECEIPT.TXT; maxtok<-3; ins@80:b'-'
F-01111	6f8810b7b1002c6ea0caaa53c065bcfd60fea8f72581525aaec0d1113a706ee5	1	REJECT_CLEAN	0	VERIFY FAIL — receipt inputs cannot be replayed: prompt (12) + max_new (9223372036854775808) exceeds max_position_embeddings (512)		1	REJECT_CLEAN	0	VERIFY FAIL — strict: no newline after the last line (exactly one is required)		qemu_lookup/RECEIPT.TXT; swap2/11; maxtok<-9223372036854775808
F-01112	89c2c316cb961de9f6ab6cca0ee93a326405527ebcea49f520a6a20efbb08fe8	1	REJECT_CLEAN	0	FAIL artifact: VOCAB hash mismatch (receipt a4cafc9649488987 vs local a4cafc9649488987)		1	REJECT_CLEAN	0	VERIFY FAIL — strict: byte 211: 0x12 is not printable ASCII or LF		qemu_calc/RECEIPT2.TXT; prompt-hex<-hex('%:E\ue010😍😊eǿ'..8ch); rep@211:0x12
F-01113	10b439f3fb33090cd2c70deb6b7e15204942b33d5e6844083b525c29387fec73	1	REJECT_CLEAN	0	VERIFY FAIL — replay diverged from the receipt		1	REJECT_CLEAN	0	VERIFY FAIL — strict: no newline after the last line (exactly one is required)		qemu_lookup/RECEIPT2.TXT; trunc@329; swap0/2; prompt-hex<-hex('並'..1ch)
F-01114	d41f19781e701e8724f2e80daca75cbf74128751c26576094be85108715255ea	1	REJECT_CLEAN	0	FAIL artifact: VOCAB hash mismatch (receipt  vs local a4cafc9649488987)		1	REJECT_CLEAN	0	VERIFY FAIL — strict: no newline after the last line (exactly one is required)		qemu_self/RECEIPT.TXT; trunc@40; rep@34:0x40
F-01115	0574f541832b08544d3a0385380df4d4e2ef4eb0e76a77c7cd70494974476cec	1	REJECT_CLEAN	0	VERIFY FAIL — replay diverged from the receipt		1	REJECT_CLEAN	0	VERIFY FAIL — strict: line 11 (chain): expected 64 lower-case hex digits		qemu_self/RECEIPT.TXT; del[624:636]
F-01116	899e17202c484ad273d83ab456534a51e3dab581f1a1aa5e5cdbe3433b39eb1c	1	REJECT_CLEAN	0	FAIL artifact: VOCAB hash mismatch (receipt  vs local a4cafc9649488987)		1	REJECT_CLEAN	0	VERIFY FAIL — strict: no newline after the last line (exactly one is required)		qemu_abstain/RECEIPT.TXT; maxtok<-4096; trunc@93
F-01117	71382affb5ab034c97c999c23e9419c57af520d205fab3faa05cbaf3e214fc7d	0	ACCEPT	0	VERIFY PASS — replay reproduced 9 tokens, the token digest, and the full logit chain bit-for-bit		1	REJECT_CLEAN	0	VERIFY FAIL — strict: byte 411: 0xed is not printable ASCII or LF		qemu_calc/RECEIPT2.TXT; gen-toks<-'\ud7ff'
F-01118	c6a02700f8ff9b3dab442aeda0d597581db60797a3e4fccc1bf3fb640e71d184	1	REJECT_CLEAN	0	VERIFY FAIL — replay diverged from the receipt		1	REJECT_CLEAN	0	VERIFY FAIL — replay diverged from the receipt		qemu_self/RECEIPT.TXT; del[342:360]
F-01119	0151571ad69609ea9f5ac9be2fa2b9fa0e489062705877c36954d1057dac395f	1	REJECT_CLEAN	0	VERIFY FAIL — malformed receipt: not valid UTF-8		1	REJECT_CLEAN	0	VERIFY FAIL — strict: byte 387: 0xe2 is not printable ASCII or LF		qemu_calc_words/RECEIPT2.TXT; rep@468:0x8e; swap5/3; ins@387:b'\xe2\x80\xae'
F-01120	4146f3450942f7adec86f97ac81133f71a70a413981468b6988e90a215c905e0	1	REJECT_CLEAN	0	FAIL artifact: VOCAB hash mismatch (receipt  vs local a4cafc9649488987)		1	REJECT_CLEAN	0	VERIFY FAIL — strict: blank line at the end (exactly one trailing newline is required)		garbage:newlines
F-01121	fe8596a3653979ef82d9fddf06acdafb6f97aa033092016d56d9d8eab058a587	1	REJECT_CLEAN	0	FAIL artifact: VOCAB hash mismatch (receipt a4cafc9649488987 vs local a4cafc9649488987)		1	REJECT_CLEAN	0	VERIFY FAIL — strict: line 4 (vocab): expected 64 lower-case hex digits		qemu_calc_words/RECEIPT2.TXT; del[206:221]
F-01122	5adadb6990bbb80edf6ff8733e4360915b3dfabeaf2641db91caf63322693977	1	REJECT_CLEAN	0	VERIFY FAIL — replay diverged from the receipt		1	REJECT_CLEAN	0	VERIFY FAIL — strict: line 11: duplicate key "vocab", canonical order expects "chain"		qemu_lookup/RECEIPT.TXT; ins@446:b' '; maxtok<-2; dupline3
F-01123	9913ed9f2f95e444179d71b39e941aa2c964d40f63bbdf2d0c824e506a36b1e8	1	REJECT_CLEAN	0	FAIL artifact: VOCAB hash mismatch (receipt  vs local a4cafc9649488987)		1	REJECT_CLEAN	0	VERIFY FAIL — strict: no newline after the last line (exactly one is required)		qemu_self/RECEIPT.TXT; trunc@121
F-01124	b22103f73edcdf84e65b79fb71023dcb41453561f4c6ff9494f437146c09405d	0	ACCEPT	0	VERIFY PASS — replay reproduced 50 tokens, the token digest, and the full logit chain bit-for-bit		1	REJECT_CLEAN	0	VERIFY FAIL — strict: line 4: key out of order "prompt-hex", canonical order expects "vocab"		qemu_receipt/RECEIPT.TXT; swap4/3; dupline5; prompt-hex<-hex('?Ņd\x88中'..5ch)
F-01125	54123c6129c9c739499ba75d3c1ab980ff74bba91410bd5bbc8024287157ac49	1	REJECT_CLEAN	0	VERIFY FAIL — malformed receipt: not valid UTF-8		1	REJECT_CLEAN	0	VERIFY FAIL — strict: byte 217: 0xbe is not printable ASCII or LF		qemu_lookup/RECEIPT.TXT; rep@144:0x6b; prompt-hex<-hex('😚'..1ch); rep@217:0xbe
F-01126	f77c0f18c97e33001014079c3a92aad88b1ad85362780f5b601b0465fc6c1ab0	0	ACCEPT	0	VERIFY PASS — replay reproduced 25 tokens, the token digest, and the full logit chain bit-for-bit		1	REJECT_CLEAN	0	VERIFY FAIL — strict: line 1: header must be exactly "AEGIS-WITNESS v1-CIS"		qemu_abstain/RECEIPT.TXT; swap8/0
F-01127	867937d09d7b7147fd7a8dfba073d1ce781d6d0fb6bae07d06340495a68ee2ce	1	REJECT_CLEAN	0	FAIL artifact: EMBED hash mismatch (receipt 9999999999999999 vs local 8cbcd6b69df03539)		1	REJECT_CLEAN	0	VERIFY FAIL — strict: line 3 (embed): expected 64 lower-case hex digits		qemu_everyday/RECEIPT.TXT; embed<-'999999999999'
F-01128	76e5d108857ee1178c5457d680e19919292038a55b03b5e213003737a3bbf6fd	1	REJECT_CLEAN	0	FAIL artifact: MODEL hash mismatch (receipt a44e48965c641b81 vs local a44e48965c641b81)		1	REJECT_CLEAN	0	VERIFY FAIL — strict: line 2 (model): expected 64 lower-case hex digits		qemu_abstain/RECEIPT.TXT; del[63:68]; maxtok<-300; maxtok<-2
F-01129	fb56eefa7ecc7fd1b74bccf2fe2baf8875362b31d23bc2abadbb5f110b80cfb9	1	REJECT_CLEAN	0	FAIL artifact: VOCAB hash mismatch (receipt a4cafc9649488987 vs local a4cafc9649488987)		1	REJECT_CLEAN	0	VERIFY FAIL — strict: no newline after the last line (exactly one is required)		qemu_lookup/RECEIPT2.TXT; trunc@245; del[186:196]
F-01130	1e1d247b3eba04aa5b3df7d1896701c60571e160b148609be9e969826f24faeb	1	REJECT_CLEAN	0	VERIFY FAIL — malformed receipt: maxtok is not an unsigned integer		1	REJECT_CLEAN	0	VERIFY FAIL — strict: line 5 (maxtok): expected a decimal integer without sign or leading zeros		qemu_calc/RECEIPT.TXT; maxtok<-'184467440737'
F-01131	d049843386c00e8201c1ea559121d22cd50506412480515c6edcbf760635b516	1	REJECT_CLEAN	0	VERIFY FAIL — receipt inputs cannot be replayed: prompt tokenized to nothing		1	REJECT_CLEAN	0	VERIFY FAIL — strict: byte 266: carriage return (CRLF line endings are not canonical)		qemu_calc/RECEIPT.TXT; ins@248:b'\r\n'; del[235:238]; dupline0
F-01132	3b87bf0877828b4beb8c4288fe472c5b60213b06f6e5be7cf66518ebbdf16f9f	1	REJECT_CLEAN	0	VERIFY FAIL — replay diverged from the receipt		1	REJECT_CLEAN	0	VERIFY FAIL — strict: no newline after the last line (exactly one is required)		qemu_abstain/RECEIPT.TXT; trunc@288
F-01133	9b760060663a81fec5cec8a81f135c4411de3f3dfcbe2da6b1c56a12e5f8231b	0	ACCEPT	0	VERIFY PASS — replay reproduced 30 tokens, the token digest, and the full logit chain bit-for-bit		1	REJECT_CLEAN	0	VERIFY FAIL — strict: line 6: key out of order "prompt-toks", canonical order expects "prompt-hex"		qemu_self/RECEIPT.TXT; prompt-toks<-'184467440737'; dupline6; dupline7
F-01134	e6ebbe693509fb63b372a8b3df72088111a1832a27936cd0f24ba2b0bd94cc96	1	REJECT_CLEAN	0	VERIFY FAIL — malformed receipt: prompt-hex: byte pair 0 splits a multi-byte character		1	REJECT_CLEAN	0	VERIFY FAIL — strict: byte 5191: 0xc3 is not printable ASCII or LF		qemu_everyday/RECEIPT.TXT; prompt-hex<-hex('丵\x9a̵fďN:̘'..8ch); prompt-hex<-'aéé'; vocab<-'xxxxxxxxxxxx'
F-01135	aa0e36dd0e2036846fb68625a5b82772244c4c99dd6c1086215041abc89c2736	1	REJECT_CLEAN	0	VERIFY FAIL — receipt inputs cannot be replayed: prompt (12) + max_new (4294967296) exceeds max_position_embeddings (512)		1	REJECT_CLEAN	0	VERIFY FAIL — strict: line 10 (cis-digest): expected 16 lower-case hex digits		qemu_lookup/RECEIPT.TXT; maxtok<-4294967296; cis-digest<-''
F-01136	aa6a16045d28031721ae25ea0fbed62bbf4b67fbc2ff0ea87bccfcfdbe91e2a7	1	REJECT_CLEAN	0	VERIFY FAIL — receipt inputs cannot be replayed: prompt (1442) + max_new (7) exceeds max_position_embeddings (512)		1	REJECT_CLEAN	0	VERIFY FAIL — receipt inputs cannot be replayed: prompt (1442) + max_new (7) exceeds max_position_embeddings (512)		qemu_calc_words/RECEIPT2.TXT; prompt-hex<-hex('😛+K3\x08丅"乐乊不\x13\ue00f'..700ch)
F-01137	4ae63e9f7e02746f1bd98e83063969b077622cda42cf2fe1ab8b352035ae86cc	1	REJECT_CLEAN	0	VERIFY FAIL — replay diverged from the receipt		1	REJECT_CLEAN	0	VERIFY FAIL — strict: byte 585: 0xc3 is not printable ASCII or LF		qemu_self/RECEIPT.TXT; chain<-'éé'
F-01138	d7f609d4a5ab3ebc21cc9bcc29967876572e55908933514ef8b700802c0a6c8f	1	REJECT_CLEAN	0	VERIFY FAIL — replay diverged from the receipt		1	REJECT_CLEAN	0	VERIFY FAIL — strict: line 1: header must be exactly "AEGIS-WITNESS v1-CIS"		qemu_everyday/RECEIPT.TXT; ins@7:b'+'; prompt-hex<-hex('cY\x88'..3ch)
F-01139	e95b8d1810669f4f845b1d20a1e84fb3c2c8bfbd600922987c26524746dcb370	1	REJECT_CLEAN	0	VERIFY FAIL — replay diverged from the receipt		1	REJECT_CLEAN	0	VERIFY FAIL — strict: line 7: key out of order "cis-digest", canonical order expects "prompt-toks"		qemu_receipt/RECEIPT.TXT; swap6/9; prompt-hex<-hex('o丐\x9b\x19ȩƆ乎ƿT+😈F'..200ch)
F-01140	b93b6d708f07e5ae3b1f7d340e4e80dbf3e3e831472ab1c58cbf51451d1cf91c	1	REJECT_CLEAN	0	FAIL artifact: VOCAB hash mismatch (receipt  vs local a4cafc9649488987)		1	REJECT_CLEAN	0	VERIFY FAIL — strict: no newline after the last line (exactly one is required)		qemu_everyday/RECEIPT.TXT; trunc@48
F-01141	9b63485d59e6124450c44ef0ebf7ba402935f3c914d05f25cf18dcd661a4c022	1	REJECT_CLEAN	0	VERIFY FAIL — malformed receipt: not valid UTF-8		1	REJECT_CLEAN	0	VERIFY FAIL — strict: byte 11: 0xe0 is not printable ASCII or LF		qemu_unknown_tool/RECEIPT.TXT; rep@11:0xe0; vocab<-'\t'
F-01142	0f2f47dd9c404a6f075bfb2f80d9c3b87dca693d7e79484af51cfac6094c44ff	1	REJECT_CLEAN	0	FAIL artifact: EMBED hash mismatch (receipt   vs local 8cbcd6b69df03539)		1	REJECT_CLEAN	0	VERIFY FAIL — strict: line 3 (embed): expected 64 lower-case hex digits		qemu_unknown_tool/RECEIPT.TXT; embed<-' '
F-01143	34b68cd08057874151cc092d93449182e9b43167241079f96d84b53b4aba1259	1	REJECT_CLEAN	0	VERIFY FAIL — replay diverged from the receipt		1	REJECT_CLEAN	0	VERIFY FAIL — strict: line 8: unknown key "goks", canonical order expects "gen-toks"		qemu_abstain/RECEIPT.TXT; prompt-hex<-hex('东'..1ch); del[278:282]
F-01144	1bfaa738adc656ad694d6e742839b9cd1d5155952e4cecc62fe9ab0148e5e024	0	ACCEPT	0	VERIFY PASS — replay reproduced 7 tokens, the token digest, and the full logit chain bit-for-bit		1	REJECT_CLEAN	0	VERIFY FAIL — strict: byte 2903: 0x1c is not printable ASCII or LF		qemu_lookup/RECEIPT.TXT; prompt-toks<-'xxxxxxxxxxxx'; rep@2903:0x1c
F-01145	ca5e56a3181344b45ccb290883c8a5c8ace156f70e197b64ddad06cc77ec2283	0	ACCEPT	0	VERIFY PASS — replay reproduced 50 tokens, the token digest, and the full logit chain bit-for-bit		1	REJECT_CLEAN	0	VERIFY FAIL — strict: line 12: unexpected extra line "chain" (a receipt has exactly 11 lines)		qemu_receipt/RECEIPT.TXT; dupline10
F-01146	dfa581802f850c2b6280e7434f9da73f978560f73b075390c662a21b36849b40	1	REJECT_CLEAN	0	FAIL artifact: VOCAB hash mismatch (receipt a4cafc9649488987 vs local a4cafc9649488987)		1	REJECT_CLEAN	0	VERIFY FAIL — strict: line 4 (vocab): expected 64 lower-case hex digits		qemu_calc_words/RECEIPT.TXT; ins@389:b'+'; del[189:195]; prompt-hex<-hex('ho\x8dm\x13'..5ch)
F-01147	e8becf641de0f7a8fee1acd6e1de922301099858eb0c8b0ee7b58326618fff9b	1	REJECT_CLEAN	0	VERIFY FAIL — replay diverged from the receipt		1	REJECT_CLEAN	0	VERIFY FAIL — strict: line 9: unknown key "token-id\"", canonical order expects "token-ids"		qemu_receipt/RECEIPT.TXT; rep@421:0x22
F-01148	345411f9a5b32980f544680e65c88c36a81d786744fda29e5090138f3dace42d	1	REJECT_CLEAN	0	VERIFY FAIL — replay diverged from the receipt		1	REJECT_CLEAN	0	VERIFY FAIL — strict: no newline after the last line (exactly one is required)		qemu_receipt/RECEIPT.TXT; prompt-hex<-hex('č😞\x13?!😀\x03ͦ̓͏乂😅'..200ch); trunc@938; dupline1
F-01149	86bac4b398fe3d1ae4f67245b0968d088d20d42efcee8476911210d33a345f07	1	REJECT_CLEAN	0	VERIFY FAIL — replay diverged from the receipt		1	REJECT_CLEAN	0	VERIFY FAIL — strict: line 1: header must be exactly "AEGIS-WITNESS v1-CIS"		qemu_calc_words/RECEIPT.TXT; maxtok<-0; swap0/10; prompt-hex<-hex('͝\x91̏Á😔,丳\x92'..8ch)
F-01150	362ca1744c2a28eead04be5ef6dd3c844977427c6f72df25c8ad553e428e61cb	1	REJECT_CLEAN	0	VERIFY FAIL — replay diverged from the receipt		1	REJECT_CLEAN	0	VERIFY FAIL — strict: line 10: key out of order "chain", canonical order expects "cis-digest"		qemu_lookup/RECEIPT.TXT; del[453:456]; dupline10
F-01151	21c6a6966d1d5ebcab6eb6e8f9aa4cbac205e1169e40e8fea72db7110a1728ad	1	REJECT_CLEAN	0	FAIL artifact: VOCAB hash mismatch (receipt  vs local a4cafc9649488987)		1	REJECT_CLEAN	0	VERIFY FAIL — strict: byte 27: 0x00 is not printable ASCII or LF		qemu_calc_words/RECEIPT2.TXT; del[152:192]; model<-'\x00'; dupline5
F-01152	a1b06c03b025dd92d972aa2da4ef9f90e220d4ed87af1858d4beb87fc82791f5	1	REJECT_CLEAN	0	FAIL artifact: VOCAB hash mismatch (receipt  vs local a4cafc9649488987)		1	REJECT_CLEAN	0	VERIFY FAIL — strict: line 2 (model): expected 64 lower-case hex digits		qemu_everyday/RECEIPT.TXT; del[46:75]; del[131:166]; chain<-','
F-01153	e99959da5f742aaef0a01ade515bff931119ce3b3b75ffb2db94e5cf56a39ecd	1	REJECT_CLEAN	0	FAIL artifact: VOCAB hash mismatch (receipt  vs local a4cafc9649488987)		1	REJECT_CLEAN	0	VERIFY FAIL — strict: no newline after the last line (exactly one is required)		qemu_calc_words/RECEIPT.TXT; trunc@98
F-01154	c7d30307eb291704b2a70c4cfe515e97794a6fde918277b6558d3748ca7178c5	1	REJECT_CLEAN	0	VERIFY FAIL — malformed receipt: not valid UTF-8		1	REJECT_CLEAN	0	VERIFY FAIL — strict: byte 6: 0xab is not printable ASCII or LF		qemu_lookup/RECEIPT.TXT; rep@6:0xab
F-01155	0926ed20b948c72bc966be024f7ec1269db01638b9ad8eb3e6a941c70c600c58	1	REJECT_CLEAN	0	VERIFY FAIL — malformed receipt: maxtok is not an unsigned integer		1	REJECT_CLEAN	0	VERIFY FAIL — strict: byte 241: 0xed is not printable ASCII or LF		qemu_receipt/RECEIPT.TXT; maxtok<-'\ud7ff'; swap3/0; ins@341:b'\t'
F-01156	7ec54e79e0895bdf696cf252b0e9d10ccf895fbc17c106d165b04108c8a62062	1	REJECT_CLEAN	0	VERIFY FAIL — replay diverged from the receipt		1	REJECT_CLEAN	0	VERIFY FAIL — strict: line 9 (token-ids): expected comma-separated canonical decimal u32 ids		qemu_self/RECEIPT.TXT; del[349:377]; del[480:496]
F-01157	213b2ea216f3d48242c147f2fef90a22f4bd47af3e9a7bb82da610f2b15ab04e	1	REJECT_CLEAN	0	VERIFY FAIL — replay diverged from the receipt		1	REJECT_CLEAN	0	VERIFY FAIL — strict: line 11 (chain): expected 64 lower-case hex digits		qemu_receipt/RECEIPT.TXT; del[477:488]; del[706:715]; prompt-hex<-hex('万m\x03\ue007q\ue003\x95ĵ\x0cƫp²'..200ch)
F-01158	7c28fe2ea5ff2fcfec61f43f6417b7e257091a4c65fbb8d90d844014806fe95d	1	REJECT_CLEAN	0	VERIFY FAIL — malformed receipt: prompt-hex does not decode to UTF-8 text		1	REJECT_CLEAN	0	VERIFY FAIL — strict: line 6 (prompt-hex): expected non-empty lower-case hex of even length		qemu_calc_words/RECEIPT2.TXT; del[254:275]
F-01159	36391048604d37086f8fcf28fc87cbc48c8524dd814370ef713890d095fe96ed	1	REJECT_CLEAN	0	VERIFY FAIL — malformed receipt: not valid UTF-8		1	REJECT_CLEAN	0	VERIFY FAIL — strict: byte 223: 0xff is not printable ASCII or LF		qemu_everyday/RECEIPT.TXT; trunc@281; ins@223:b'\xff'; maxtok<-7
F-01160	e12e987c153adbf1d2df192ad8585e089efe54a4cd2e3b3daba9ed73cd7e848b	1	REJECT_CLEAN	0	VERIFY FAIL — malformed receipt: not valid UTF-8		1	REJECT_CLEAN	0	VERIFY FAIL — strict: byte 1: 0xde is not printable ASCII or LF		garbage:rand
F-01161	3f5b3460ec0dc5b62c2e268aaa9666565d544105b2370905cdc4a598abdcaa29	1	REJECT_CLEAN	0	VERIFY FAIL — replay diverged from the receipt		1	REJECT_CLEAN	0	VERIFY FAIL — strict: line 12: unexpected extra line "maxtok" (a receipt has exactly 11 lines)		qemu_self/RECEIPT.TXT; dupline4; prompt-hex<-hex('y丝\ue000😆O😃\x95Â😠\x07ń\x15'..200ch)
F-01162	e06af6663dae2ba9f1a5fe05ff951550b824a80ae2dedb7879663f4b1e2625be	1	REJECT_CLEAN	0	VERIFY FAIL — replay diverged from the receipt		1	REJECT_CLEAN	0	VERIFY FAIL — strict: byte 14: 0xc3 is not printable ASCII or LF		qemu_receipt/RECEIPT.TXT; trunc@460; trunc@371; AEGIS-WITNESS<-'éé'
F-01163	c38b401ee47d154179f9326d836f16125c35f40e02b8d92313e05cbecc49937e	0	ACCEPT	0	VERIFY PASS — replay reproduced 25 tokens, the token digest, and the full logit chain bit-for-bit		1	REJECT_CLEAN	0	VERIFY FAIL — strict: line 1: header must be exactly "AEGIS-WITNESS v1-CIS"		qemu_abstain/RECEIPT.TXT; swap1/7; rep@0:0x2b
F-01164	f286f2b769067b0ba9073b26f7c860e07a8249fb1bda01f142b6c5480a07422d	1	REJECT_CLEAN	0	VERIFY FAIL — replay diverged from the receipt		1	REJECT_CLEAN	0	VERIFY FAIL — replay diverged from the receipt		qemu_self/RECEIPT.TXT; prompt-hex<-hex('😍😔\x0b~乂`\ue00d3ȋ\ue00fq\x8c'..200ch)
F-01165	67d301ae8388cac8cd23ae80c1f5efdae75c0b563aa1e0b7e3bf9c5236bd8ff8	1	REJECT_CLEAN	0	VERIFY FAIL — replay diverged from the receipt		1	REJECT_CLEAN	0	VERIFY FAIL — strict: no newline after the last line (exactly one is required)		qemu_self/RECEIPT.TXT; dupline11; trunc@283
F-01166	f6ee72a0878e8741ad071786ae60b1102d991f0ed0506c1f44bc430c8aa7be01	1	REJECT_CLEAN	0	FAIL artifact: MODEL hash mismatch (receipt a44e48965c641b81 vs local a44e48965c641b81)		1	REJECT_CLEAN	0	VERIFY FAIL — strict: byte 60: 0x13 is not printable ASCII or LF		qemu_calc/RECEIPT2.TXT; rep@60:0x13; prompt-hex<-hex('̺\\\ue006'..3ch)
F-01167	a246d2589c6f7fe84c547e124661709a40c39fd62eb0417eb3a75f4fe1325a76	0	ACCEPT	0	VERIFY PASS — replay reproduced 9 tokens, the token digest, and the full logit chain bit-for-bit		1	REJECT_CLEAN	0	VERIFY FAIL — strict: line 3: key out of order "token-ids", canonical order expects "embed"		qemu_calc/RECEIPT2.TXT; swap2/8
F-01168	49834da5deeb2aed42b7e383b7b8c5e847479b33f3a1348f7d040778652c0ce3	1	REJECT_CLEAN	0	FAIL artifact: VOCAB hash mismatch (receipt  vs local a4cafc9649488987)		1	REJECT_CLEAN	0	VERIFY FAIL — strict: no newline after the last line (exactly one is required)		qemu_lookup/RECEIPT.TXT; trunc@78
F-01169	ba7c217ccddead977904f4c102abdf7f036e11985935c07f8a255f75f3222879	1	REJECT_CLEAN	0	VERIFY FAIL — replay diverged from the receipt		1	REJECT_CLEAN	0	VERIFY FAIL — strict: line 10: expected "cis-digest <value>"		qemu_receipt/RECEIPT.TXT; del[648:654]
F-01170	2c198d4c7d8fc4ee8e930ea780d12c752c746540f53c2519f25087663beffe43	1	REJECT_CLEAN	0	VERIFY FAIL — malformed receipt: prompt-hex does not decode to UTF-8 text		1	REJECT_CLEAN	0	VERIFY FAIL — strict: line 6 (prompt-hex): does not decode to UTF-8 text		qemu_unknown_tool/RECEIPT.TXT; ins@294:b'999999999999999999999999999999'
F-01171	56d9af4b15918195d9a1e5f0e462d52fa18e2b1d51cbcb0d5ef0e3a8714ecf19	0	ACCEPT	0	VERIFY PASS — replay reproduced 35 tokens, the token digest, and the full logit chain bit-for-bit		1	REJECT_CLEAN	0	VERIFY FAIL — strict: line 1: header must be exactly "AEGIS-WITNESS v1-CIS"		qemu_unknown_tool/RECEIPT.TXT; AEGIS-WITNESS<-'-'
F-01172	b0c545496232c16e78d8570b4db04e0001237ddd01b706d6cfe5bfd4d2d7617e	1	REJECT_CLEAN	0	VERIFY FAIL — malformed receipt: not valid UTF-8		1	REJECT_CLEAN	0	VERIFY FAIL — strict: byte 257: 0xc7 is not printable ASCII or LF		qemu_calc/RECEIPT.TXT; rep@257:0xc7
F-01173	5023650103cc8b74216aab6f5dc75dace203df6e99cd034bbad2193d588b3ede	1	REJECT_CLEAN	0	VERIFY FAIL — replay diverged from the receipt		1	REJECT_CLEAN	0	VERIFY FAIL — strict: line 8: expected "gen-toks <value>"		qemu_receipt/RECEIPT.TXT; del[409:448]; prompt-hex<-hex('`东\x93\ue001\x84\ue00b😞̾'..8ch)
F-01174	aadbf9aa004ecf691afdc0a8bfae6271ff83d520a2d8b1d07d1e4fcb72c5e26e	1	REJECT_CLEAN	0	VERIFY FAIL — malformed receipt: not valid UTF-8		1	REJECT_CLEAN	0	VERIFY FAIL — strict: byte 307: 0xae is not printable ASCII or LF		qemu_calc_words/RECEIPT.TXT; dupline0; rep@307:0xae
F-01175	fe8e909a0b32adf315d255997937c2516cff2dd820858ae12ef51c50d68c843e	1	REJECT_CLEAN	0	FAIL artifact: EMBED hash mismatch (receipt  vs local 8cbcd6b69df03539)		1	REJECT_CLEAN	0	VERIFY FAIL — strict: byte 94: 0x09 is not printable ASCII or LF		qemu_everyday/RECEIPT.TXT; ins@94:b'\t'
F-01176	e8a6f315844cf2e056e4bb3a973e8d55fd25383b4f731e2508e86ddfa3d69400	1	REJECT_CLEAN	0	VERIFY FAIL — replay diverged from the receipt		1	REJECT_CLEAN	0	VERIFY FAIL — strict: no newline after the last line (exactly one is required)		qemu_self/RECEIPT.TXT; trunc@590; dupline4
F-01177	d6af48f9c14cc4d197c058d8fad357f5c4229cfca8e50580c8aa148a7d6c546e	1	REJECT_CLEAN	0	VERIFY FAIL — replay diverged from the receipt		1	REJECT_CLEAN	0	VERIFY FAIL — strict: no newline after the last line (exactly one is required)		qemu_self/RECEIPT.TXT; dupline2; cis-digest<-'999999999999'
F-01178	53323ea442e907f07f5300521aa69c6c809da9752cb39d1b225fa8eb9c863157	1	REJECT_CLEAN	0	FAIL artifact: EMBED hash mismatch (receipt 8cbcd6b69df03539 vs local 8cbcd6b69df03539)		1	REJECT_CLEAN	0	VERIFY FAIL — strict: byte 147: 0xe2 is not printable ASCII or LF		qemu_calc/RECEIPT2.TXT; ins@147:b'\xe2\x80\xae'; maxtok<-9223372036854775808
F-01179	203f99e0560f864731356cba68f0c4648f70afee97312b15f9d48f6566c51f53	1	REJECT_CLEAN	0	VERIFY FAIL — replay diverged from the receipt		1	REJECT_CLEAN	0	VERIFY FAIL — strict: line 8 (gen-toks): expected a decimal integer without sign or leading zeros		qemu_everyday/RECEIPT.TXT; cis-digest<-'-1'; gen-toks<-'1,2,'
F-01180	78ece6cedf858b939a1bfd307a514d03f557297749293e2aa01b2eccb4f982e6	1	REJECT_CLEAN	0	FAIL artifact: EMBED hash mismatch (receipt 0 vs local 8cbcd6b69df03539)		1	REJECT_CLEAN	0	VERIFY FAIL — strict: line 3 (embed): expected 64 lower-case hex digits		qemu_everyday/RECEIPT.TXT; embed<-'0'; prompt-hex<-hex('\x1d\ue000ͤ'..3ch)
F-01181	b83ad1459c8c2dc867ef4029b6be8e687709822b7441735ea91cca3c33b7c473	1	REJECT_CLEAN	0	FAIL artifact: EMBED hash mismatch (receipt , vs local 8cbcd6b69df03539)		1	REJECT_CLEAN	0	VERIFY FAIL — strict: line 3: key out of order "cis-digest", canonical order expects "embed"		qemu_receipt/RECEIPT.TXT; swap2/9; maxtok<-16; embed<-','
F-01182	fe7e7b652251f239db70047be055e1666cb286f614fce4f815b179af51d387f1	1	REJECT_CLEAN	0	FAIL artifact: MODEL hash mismatch (receipt a44e48965c641b81 vs local a44e48965c641b81)		1	REJECT_CLEAN	0	VERIFY FAIL — strict: no newline after the last line (exactly one is required)		qemu_calc_words/RECEIPT.TXT; dupline4; trunc@458; ins@72:b','
F-01183	21a7026459c6edabe41206688c62c9e7ee54fa4bb2ee19811593226017a9d53a	1	REJECT_CLEAN	0	VERIFY FAIL — replay diverged from the receipt		1	REJECT_CLEAN	0	VERIFY FAIL — replay diverged from the receipt		qemu_calc_words/RECEIPT.TXT; prompt-hex<-hex('Ěǋ'..2ch)
F-01184	6232c15048f83abae8f96643c204cb2ec8fe9ee1dd2b595e4c10ff0b1b7aa452	1	REJECT_CLEAN	0	FAIL artifact: EMBED hash mismatch (receipt 8cbcd6b69df03539 vs local 8cbcd6b69df03539)		1	REJECT_CLEAN	0	VERIFY FAIL — strict: byte 130: carriage return (CRLF line endings are not canonical)		qemu_calc_words/RECEIPT.TXT; ins@130:b'\r\n'
F-01185	ae735fd45bfdc2ea12ec59690f1acddcc3d01c2f248c9b68656d553fa2d522bc	1	REJECT_CLEAN	0	VERIFY FAIL — replay diverged from the receipt		1	REJECT_CLEAN	0	VERIFY FAIL — strict: byte 427: 0x11 is not printable ASCII or LF		qemu_calc/RECEIPT2.TXT; rep@356:0x11; maxtok<-0; dupline10
F-01186	e4fb8994677b4f84c52eac2a073b7ac4b2f3314a138daba9cd8c3fd34c9b114f	1	REJECT_CLEAN	0	FAIL artifact: MODEL hash mismatch (receipt  vs local a44e48965c641b81)		1	REJECT_CLEAN	0	VERIFY FAIL — strict: byte 24: carriage return (CRLF line endings are not canonical)		qemu_calc/RECEIPT.TXT; ins@24:b'\r'
F-01187	8ac02a672d4ac7f65b6163dd8e9b396ff5bdb5cb51f1b68f3ebecba67b875a5b	1	REJECT_CLEAN	0	VERIFY FAIL — replay diverged from the receipt		1	REJECT_CLEAN	0	VERIFY FAIL — strict: line 7: key out of order "token-ids", canonical order expects "prompt-toks"		qemu_calc/RECEIPT.TXT; del[303:331]
F-01188	76f099874aaa6a6de663724d684aad12b51d26311347c73cdbe86d39515ebcf0	1	REJECT_CLEAN	0	VERIFY FAIL — malformed receipt: token id " 845" is not an unsigned 32-bit integer		1	REJECT_CLEAN	0	VERIFY FAIL — strict: line 4: key out of order "prompt-toks", canonical order expects "vocab"		qemu_unknown_tool/RECEIPT.TXT; dupline0; swap3/7; ins@492:b' '
F-01189	46e6fad305c6c2a5da1384dc0662bcb109bdad3d563cc1417d8f2abaa183c545	1	REJECT_CLEAN	0	FAIL artifact: EMBED hash mismatch (receipt  vs local 8cbcd6b69df03539)		1	REJECT_CLEAN	0	VERIFY FAIL — strict: line 2 (model): expected 64 lower-case hex digits		qemu_lookup/RECEIPT.TXT; del[90:112]
F-01190	d6618c55bb5d3d8bc7908dd22eca4cc54973f4e7708be6eff2f57ad840b52737	1	REJECT_CLEAN	0	FAIL artifact: EMBED hash mismatch (receipt  vs local 8cbcd6b69df03539)		1	REJECT_CLEAN	0	VERIFY FAIL — strict: line 2 (model): expected 64 lower-case hex digits		qemu_calc_words/RECEIPT.TXT; del[75:110]
F-01191	bb5424ecaa61ef4a534eb32485de7e2ee249f088df88a056ca3731a3e79ef389	1	REJECT_CLEAN	0	VERIFY FAIL — replay diverged from the receipt		1	REJECT_CLEAN	0	VERIFY FAIL — strict: line 5: key out of order "prompt-hex", canonical order expects "maxtok"		qemu_lookup/RECEIPT2.TXT; prompt-hex<-hex('😜\ue00cU¿\ue006乄\ue001\x95\x94业😈\x86'..200ch); swap4/5
F-01192	f0f07af23f957c3b0ab9e1cf01ffd2b69bbcd3295e69ce07fb2418ed2fee5193	1	REJECT_CLEAN	0	FAIL artifact: VOCAB hash mismatch (receipt a4cafc9649488987 vs local a4cafc9649488987)		1	REJECT_CLEAN	0	VERIFY FAIL — strict: line 1: header must be exactly "AEGIS-WITNESS v1-CIS"		qemu_everyday/RECEIPT.TXT; del[19:43]; rep@187:0x4c
F-01193	8630e2ac0a67b360eac5bb684e82675ef3c2d4889a6f6a87219284a155ae33a9	1	REJECT_CLEAN	0	VERIFY FAIL — replay diverged from the receipt		1	REJECT_CLEAN	0	VERIFY FAIL — strict: no newline after the last line (exactly one is required)		qemu_unknown_tool/RECEIPT.TXT; dupline0; trunc@521
F-01194	f1a8261f662c4be6458ad263b8925f32dcbe22ae690029fdceb0ededda74439d	1	REJECT_CLEAN	0	VERIFY FAIL — malformed receipt: maxtok is not an unsigned integer		1	REJECT_CLEAN	0	VERIFY FAIL — strict: no newline after the last line (exactly one is required)		qemu_calc_words/RECEIPT2.TXT; maxtok<-300; trunc@350; maxtok<-18446744073709551617
F-01195	ad1394a534e418b0c81ba4b354b90e3349b08546673b3eaa379545cf1c1a9524	0	ACCEPT	0	VERIFY PASS — replay reproduced 7 tokens, the token digest, and the full logit chain bit-for-bit		1	REJECT_CLEAN	0	VERIFY FAIL — strict: line 3: key out of order "chain", canonical order expects "embed"		qemu_lookup/RECEIPT.TXT; dupline10; dupline8
F-01196	9b39d591d0ed469e43db8f185d8ccd838b00b5004b9d424b8e729a87bc59860d	1	REJECT_CLEAN	0	FAIL artifact: MODEL hash mismatch (receipt 1844674407370955 vs local a44e48965c641b81)		1	REJECT_CLEAN	0	VERIFY FAIL — strict: no newline after the last line (exactly one is required)		qemu_calc_words/RECEIPT.TXT; trunc@420; model<-'184467440737'; trunc@203
F-01197	96d9aa23fdd1b2ddf560271f7b123e2971b9220d0efc32ea254db7cc662c1b25	0	ACCEPT	0	VERIFY PASS — replay reproduced 25 tokens, the token digest, and the full logit chain bit-for-bit		1	REJECT_CLEAN	0	VERIFY FAIL — strict: no newline after the last line (exactly one is required)		qemu_abstain/RECEIPT.TXT; swap11/4
F-01198	f00ef5c0e926c07ac2ecb781557b34654492abd8239e3abb681edf6d2ddb6229	1	REJECT_CLEAN	0	FAIL artifact: MODEL hash mismatch (receipt a44e48965c641b81 vs local a44e48965c641b81)		1	REJECT_CLEAN	0	VERIFY FAIL — strict: line 2 (model): expected 64 lower-case hex digits		qemu_calc/RECEIPT2.TXT; del[66:89]
F-01199	902c7d4909f787806ddeea74fbdbec08374134a6f5554105984a31baa49133b3	1	REJECT_CLEAN	0	FAIL artifact: EMBED hash mismatch (receipt 8cbcd6 b69df0353 vs local 8cbcd6b69df03539)		1	REJECT_CLEAN	0	VERIFY FAIL — strict: line 3 (embed): expected 64 lower-case hex digits		qemu_calc_words/RECEIPT.TXT; ins@104:b' '
F-01200	c2d53d4466beac6d713a624b5a346afde9249d8ce6fed2f9c405153db50e32ee	1	REJECT_CLEAN	0	VERIFY FAIL — malformed receipt: not valid UTF-8		1	REJECT_CLEAN	0	VERIFY FAIL — strict: byte 0: 0x1e is not printable ASCII or LF		garbage:rand
F-01201	ed03ab24179902cab6f4e2873938d36832cc749437f67be319924bf6ab2aa939	1	REJECT_CLEAN	0	FAIL artifact: VOCAB hash mismatch (receipt , vs local a4cafc9649488987)		1	REJECT_CLEAN	0	VERIFY FAIL — strict: byte 347: 0xc3 is not printable ASCII or LF		qemu_receipt/RECEIPT.TXT; gen-toks<-'éé'; vocab<-','; token-ids<-'1,2,'
F-01202	4cdc33076c2573efd284919ce92878b47fdc0700f4c1222ea0f28db97bc82b1f	1	REJECT_CLEAN	0	VERIFY FAIL — malformed receipt: prompt-hex does not decode to UTF-8 text		1	REJECT_CLEAN	0	VERIFY FAIL — strict: line 6 (prompt-hex): expected non-empty lower-case hex of even length		qemu_calc_words/RECEIPT2.TXT; prompt-hex<-hex('\x1c\x16R😝丱😙丞\x06ͯM\x8b̗'..200ch); dupline4; del[920:957]
F-01203	31bcb8f1a76b4daf07a1e424f391b8b768db60c2a2be74da0a8c258d4ea20ed8	1	REJECT_CLEAN	0	VERIFY FAIL — replay diverged from the receipt		1	REJECT_CLEAN	0	VERIFY FAIL — strict: no newline after the last line (exactly one is required)		qemu_lookup/RECEIPT.TXT; swap8/2; trunc@437
F-01204	1e60ab3a187599fb3478db23c386938c207e0a9c9107b55a2bbef3a191d34941	1	REJECT_CLEAN	0	FAIL artifact: VOCAB hash mismatch (receipt  vs local a4cafc9649488987)		1	REJECT_CLEAN	0	VERIFY FAIL — strict: no newline after the last line (exactly one is required)		qemu_everyday/RECEIPT.TXT; trunc@169
F-01205	b6e8fd9100da2b3ae2cdf2d258a479cac0693dd11fc55d0774045b8fc04b488b	1	REJECT_CLEAN	0	FAIL artifact: VOCAB hash mismatch (receipt a4cafc964948898b vs local a4cafc9649488987)		1	REJECT_CLEAN	0	VERIFY FAIL — strict: line 4 (vocab): expected 64 lower-case hex digits		qemu_unknown_tool/RECEIPT.TXT; prompt-hex<-hex('\x80'..1ch); del[184:218]
F-01206	52209f6fffbe50b8e7dcf07e37ed70f76a940b02c315bab021280b97bf9c6222	1	REJECT_CLEAN	0	FAIL artifact: MODEL hash mismatch (receipt  |  vs local a44e48965c641b81)		1	REJECT_CLEAN	0	VERIFY FAIL — strict: byte 27: 0x09 is not printable ASCII or LF		qemu_unknown_tool/RECEIPT.TXT; model<-'\t'
F-01207	e4d0fbc7364bfd7acfce5859cac591a050e524d5953b2ad998418183992932d6	1	REJECT_CLEAN	0	VERIFY FAIL — receipt inputs cannot be replayed: prompt (12) + max_new (1000) exceeds max_position_embeddings (512)		1	REJECT_CLEAN	0	VERIFY FAIL — strict: line 7: duplicate key "vocab", canonical order expects "prompt-toks"		qemu_abstain/RECEIPT.TXT; dupline3; maxtok<-1000
F-01208	31ec8e3a7436f5472ee97db29663723712d4986e58bc1119459edb4743ff9dc7	1	REJECT_CLEAN	0	FAIL artifact: VOCAB hash mismatch (receipt a4cafcé96494889 vs local a4cafc9649488987)		1	REJECT_CLEAN	0	VERIFY FAIL — strict: byte 175: 0xc3 is not printable ASCII or LF		qemu_calc_words/RECEIPT.TXT; swap2/5; ins@166:b'\xc3\xa9'; swap2/10
F-01209	5f845fda19341908d59a956d01eeb790f2e1ad90b225e319f7c13fa418bd857d	1	REJECT_CLEAN	0	VERIFY FAIL — replay diverged from the receipt		1	REJECT_CLEAN	0	VERIFY FAIL — replay diverged from the receipt		qemu_lookup/RECEIPT.TXT; prompt-hex<-hex('͎'..1ch)
F-01210	2cb480b2a39c3f68dc1d03a6c83a76d503c000b540ee5ca554d6516a11b194d4	1	REJECT_CLEAN	0	VERIFY FAIL — replay diverged from the receipt		1	REJECT_CLEAN	0	VERIFY FAIL — strict: line 8 (gen-toks): expected a decimal integer without sign or leading zeros		qemu_calc_words/RECEIPT.TXT; prompt-hex<-hex('\x81\x9b\x8a一\x06'..5ch); gen-toks<-'zz'; prompt-hex<-hex('̹ĭ$kͥ\ue008`&\x10\ue00cz\ue002'..60ch)
F-01211	869b6dfc8437300a7478102bd8593d5c99726a5f3e21b04d7790955fb417fadb	1	REJECT_CLEAN	0	VERIFY FAIL — receipt inputs cannot be replayed: prompt (19) + max_new (1000) exceeds max_position_embeddings (512)		1	REJECT_CLEAN	0	VERIFY FAIL — receipt inputs cannot be replayed: prompt (19) + max_new (1000) exceeds max_position_embeddings (512)		qemu_self/RECEIPT.TXT; prompt-hex<-hex('\x04😎G\ue006\x83\x9e😆Ƕ'..8ch); maxtok<-1000
F-01212	53618a1dd09868a736556ffe26c8e87107cca6021b6a1f83d2679c4c945c2e10	1	REJECT_CLEAN	0	FAIL artifact: EMBED hash mismatch (receipt  vs local 8cbcd6b69df03539)		1	REJECT_CLEAN	0	VERIFY FAIL — strict: line 3: unknown key ";mbed", canonical order expects "embed"		qemu_calc_words/RECEIPT.TXT; rep@92:0x3b
F-01213	49f3434f8275ffd7b12a6604bbe49cc308b66f5e93287e95d5e9ce451d60d9b5	1	REJECT_CLEAN	0	VERIFY FAIL — malformed receipt: maxtok is not an unsigned integer		1	REJECT_CLEAN	0	VERIFY FAIL — strict: line 5 (maxtok): expected a decimal integer without sign or leading zeros		qemu_everyday/RECEIPT.TXT; maxtok<-'1,,2'
F-01214	c7f87ad9464bd0abfe521b0ce482a0b246082e064c5d778e259264a3037e206a	1	REJECT_CLEAN	0	VERIFY FAIL — receipt inputs cannot be replayed: prompt (3) + max_new (511) exceeds max_position_embeddings (512)		1	REJECT_CLEAN	0	VERIFY FAIL — strict: no newline after the last line (exactly one is required)		qemu_calc/RECEIPT2.TXT; trunc@262; maxtok<-18446744073709551615; maxtok<-511
F-01215	630d8d490fa7f123fc84e1f21a2dd47fcf0222e5243acbf395abfe0616a2a76a	1	REJECT_CLEAN	0	VERIFY FAIL — replay diverged from the receipt		1	REJECT_CLEAN	0	VERIFY FAIL — strict: line 10: expected "cis-digest <value>"		qemu_calc_words/RECEIPT2.TXT; del[469:489]; del[442:464]; prompt-hex<-hex('\ue010'..1ch)
F-01216	3f16ec8171c7708acad259206da12dec28083aa58a30efb3ff3221ee01fab530	0	ACCEPT	0	VERIFY PASS — replay reproduced 7 tokens, the token digest, and the full logit chain bit-for-bit		1	REJECT_CLEAN	0	VERIFY FAIL — strict: line 9: duplicate key "model", canonical order expects "token-ids"		qemu_lookup/RECEIPT.TXT; dupline1
F-01217	4ca296e886610045389912c1c6d69cc20d629a6b40ea40cf0ba4e853b29f3fba	0	ACCEPT	0	VERIFY PASS — replay reproduced 35 tokens, the token digest, and the full logit chain bit-for-bit		1	REJECT_CLEAN	0	VERIFY FAIL — strict: line 6: key out of order "gen-toks", canonical order expects "prompt-hex"		qemu_unknown_tool/RECEIPT.TXT; swap7/5
F-01218	d9c427a1436c7d48a3b71842d2521ae6361ba61dc9639d3a5d57487f2d28f9f5	1	REJECT_CLEAN	0	VERIFY FAIL — malformed receipt: maxtok is not an unsigned integer		1	REJECT_CLEAN	0	VERIFY FAIL — strict: line 4: unknown key "AEGIS-WITNESS", canonical order expects "vocab"		qemu_abstain/RECEIPT.TXT; del[387:418]; maxtok<-'zz'; dupline0
F-01219	3b96a24e7aa9dfa92d1caa4c2a01981325129ca91893f3737a2b6229bdd74238	1	REJECT_CLEAN	0	VERIFY FAIL — replay diverged from the receipt		1	REJECT_CLEAN	0	VERIFY FAIL — replay diverged from the receipt		qemu_lookup/RECEIPT.TXT; prompt-hex<-hex('ͮ\ue007'..2ch)
F-01220	b317774138ffe83fa2ca5659413fa92c2bd2de010bdcd1674d068bdc02572724	1	REJECT_CLEAN	0	VERIFY FAIL — malformed receipt: token id " " is not an unsigned 32-bit integer		1	REJECT_CLEAN	0	VERIFY FAIL — strict: line 9 (token-ids): expected comma-separated canonical decimal u32 ids		qemu_everyday/RECEIPT.TXT; token-ids<-' '
F-01221	53a72e951ee068c6f52b2b56b50f82ffa680719cce767bb51035055775d7bfb2	1	REJECT_CLEAN	0	FAIL artifact: MODEL hash mismatch (receipt 1844674407370955 vs local a44e48965c641b81)		1	REJECT_CLEAN	0	VERIFY FAIL — strict: line 2 (model): expected 64 lower-case hex digits		qemu_lookup/RECEIPT.TXT; chain<-' '; model<-'184467440737'; ins@262:b'\n'
F-01222	969bd3a337c8f2aee23b70da6bef59cf8356ffc2552809c49595693670bedb13	1	REJECT_CLEAN	0	VERIFY FAIL — replay diverged from the receipt		1	REJECT_CLEAN	0	VERIFY FAIL — strict: byte 407: 0x00 is not printable ASCII or LF		qemu_calc_words/RECEIPT.TXT; dupline11; chain<-'\x00'
F-01223	04481ac5be6d09a9f2b9b8b8b299a43702bd1b968d17e81ffd5c0cb93e7959c8	1	REJECT_CLEAN	0	FAIL artifact: VOCAB hash mismatch (receipt 1 2 vs local a4cafc9649488987)		1	REJECT_CLEAN	0	VERIFY FAIL — strict: line 4 (vocab): expected 64 lower-case hex digits		qemu_calc/RECEIPT.TXT; maxtok<-0; vocab<-'1 2'
F-01224	a99965c44d758aabdea8adc34bbe95750e1d2fc0b74ad61aaa7d235e68222357	1	REJECT_CLEAN	0	FAIL artifact: VOCAB hash mismatch (receipt  vs local a4cafc9649488987)		1	REJECT_CLEAN	0	VERIFY FAIL — strict: no newline after the last line (exactly one is required)		qemu_calc_words/RECEIPT2.TXT; dupline0; trunc@28
F-01225	a9a720dfa31644f562e2ae4fabbba4ee13e85369d700c363e672642efcda49b5	1	REJECT_CLEAN	0	VERIFY FAIL — replay diverged from the receipt		1	REJECT_CLEAN	0	VERIFY FAIL — strict: byte 14: 0x09 is not printable ASCII or LF		qemu_lookup/RECEIPT.TXT; trunc@302; AEGIS-WITNESS<-'\t'
F-01226	f482a7066f67ea715ce602ac49e76e7553c07da3d9f193e5bd6f81222659335f	1	REJECT_CLEAN	0	VERIFY FAIL — receipt inputs cannot be replayed: prompt (1467) + max_new (9) exceeds max_position_embeddings (512)		1	REJECT_CLEAN	0	VERIFY FAIL — receipt inputs cannot be replayed: prompt (1467) + max_new (9) exceeds max_position_embeddings (512)		qemu_calc/RECEIPT2.TXT; prompt-hex<-hex('😟\x05ā\x07A'..5ch); prompt-hex<-hex('*\x14\x87'..3ch); prompt-hex<-hex('ͭ丣X乆Ƃ͈ÞP乃.B\x97'..700ch)
F-01227	8cdc8ad633db729bf885182b8395a91a0c2c251ed2f640bbaadf1af84e560a3c	1	REJECT_CLEAN	0	FAIL artifact: MODEL hash mismatch (receipt a44e48965c641b81 vs local a44e48965c641b81)		1	REJECT_CLEAN	0	VERIFY FAIL — strict: line 2 (model): expected 64 lower-case hex digits		qemu_lookup/RECEIPT.TXT; rep@44:0x5f; del[380:417]
F-01228	27b1c8024b24b4a51d99988812849fb6feb76d010924464ddc479585036c89ab	1	REJECT_CLEAN	0	VERIFY FAIL — malformed receipt: token id "ffffffffffffffffffffffffffffffffffffffffffffffffffffffffffffffff" is not an unsigned 32-bit integer		1	REJECT_CLEAN	0	VERIFY FAIL — strict: no newline after the last line (exactly one is required)		qemu_everyday/RECEIPT.TXT; trunc@397; token-ids<-'ffffffffffff'
F-01229	3afdf0f816ddc81cb1d3d9dbea2f61ee6e30d42aa803e0547ee99328ceb8c897	1	REJECT_CLEAN	0	FAIL artifact: MODEL hash mismatch (receipt - vs local a44e48965c641b81)		1	REJECT_CLEAN	0	VERIFY FAIL — strict: line 2 (model): expected 64 lower-case hex digits		qemu_everyday/RECEIPT.TXT; model<-'-'; prompt-hex<-hex('x\x99'..2ch)
F-01230	49a1a04c055269fb6cbf98d0fc034f921d09c38b0c899472fe38839e11c371b2	1	REJECT_CLEAN	0	VERIFY FAIL — receipt inputs cannot be replayed: prompt (17) + max_new (511) exceeds max_position_embeddings (512)		1	REJECT_CLEAN	0	VERIFY FAIL — receipt inputs cannot be replayed: prompt (17) + max_new (511) exceeds max_position_embeddings (512)		qemu_lookup/RECEIPT.TXT; prompt-hex<-hex('Ƨ\x07ō̠\x04\ue00f😉Ư'..8ch); maxtok<-511
F-01231	e2e26d19c3e54cc2c0988c4d4208baa60841ab515b5e4f2c1b933dcd3eda71fb	1	REJECT_CLEAN	0	VERIFY FAIL — replay diverged from the receipt		1	REJECT_CLEAN	0	VERIFY FAIL — replay diverged from the receipt		qemu_unknown_tool/RECEIPT.TXT; prompt-hex<-hex('k\x89\x9d😛̏'..5ch)
F-01232	2aa303e3f90c2efcfe0cd8d213d7f33c23798e941923dd0a4e1445a3e9cde026	1	REJECT_CLEAN	0	VERIFY FAIL — replay diverged from the receipt		1	REJECT_CLEAN	0	VERIFY FAIL — replay diverged from the receipt		qemu_self/RECEIPT.TXT; prompt-hex<-hex('\r̦\x13̺个\x94̱串£\x1c丕y'..60ch); prompt-hex<-hex('\x17Sı\ue001\x80'..5ch)
F-01233	7b073fbec75e9182ec3bd66069f9a8771a34a5a198c0c068035e8f303639ceb3	0	ACCEPT	0	VERIFY PASS — replay reproduced 9 tokens, the token digest, and the full logit chain bit-for-bit		1	REJECT_CLEAN	0	VERIFY FAIL — strict: line 2: key out of order "vocab", canonical order expects "model"		qemu_calc/RECEIPT.TXT; swap3/1
F-01234	38ff18003e5e4c0cc9df114c0937ecf8fef6eee59bbece13fac8a626e30f55b5	1	REJECT_CLEAN	0	FAIL artifact: VOCAB hash mismatch (receipt  vs local a4cafc9649488987)		1	REJECT_CLEAN	0	VERIFY FAIL — strict: no newline after the last line (exactly one is required)		qemu_everyday/RECEIPT.TXT; trunc@116
F-01235	deeeb3a4d85d7c47de43b06b6e296e839a5cbe9f970ea757d34c3dafe50b9c02	1	REJECT_CLEAN	0	VERIFY FAIL — replay diverged from the receipt		1	REJECT_CLEAN	0	VERIFY FAIL — replay diverged from the receipt		qemu_receipt/RECEIPT.TXT; prompt-hex<-hex('ƫ\x9d\ue00ḃɅ\x0f\\]\x8d七<丘'..60ch)
F-01236	7a5529b471657a536409d41ed5b6a8717880e0c71f4f3e2aca8f14c178c39c19	1	REJECT_CLEAN	0	VERIFY FAIL — malformed receipt: prompt-hex does not decode to UTF-8 text		1	REJECT_CLEAN	0	VERIFY FAIL — strict: no newline after the last line (exactly one is required)		qemu_receipt/RECEIPT.TXT; maxtok<-2147483648; trunc@536; del[300:301]
F-01237	aea7a05edfd8d3786bdba8845c1a92c5ca10c9a966657b785ef9970198142665	1	REJECT_CLEAN	0	VERIFY FAIL — replay diverged from the receipt		1	REJECT_CLEAN	0	VERIFY FAIL — strict: line 1: header must be exactly "AEGIS-WITNESS v1-CIS"		qemu_calc/RECEIPT2.TXT; prompt-hex<-hex('͜\x8f́ZoƇ͌丳Ú*Ȋâ'..20ch); AEGIS-WITNESS<-','
F-01238	611677ee388c87dc306c576958634c89bd96fabf3b9c28369d85975868c49f1b	1	REJECT_CLEAN	0	VERIFY FAIL — malformed receipt: not valid UTF-8		1	REJECT_CLEAN	0	VERIFY FAIL — strict: byte 599: 0xd4 is not printable ASCII or LF		qemu_abstain/RECEIPT.TXT; dupline8; rep@579:0xd4; AEGIS-WITNESS<-'999999999999'
F-01239	f121a330f213e54c170b94c6bfd3add6ab2536b9e9ce8d5007c16f13f3d53257	1	REJECT_CLEAN	0	FAIL artifact: VOCAB hash mismatch (receipt  vs local a4cafc9649488987)		1	REJECT_CLEAN	0	VERIFY FAIL — strict: no newline after the last line (exactly one is required)		qemu_calc_words/RECEIPT.TXT; trunc@128; AEGIS-WITNESS<-','
F-01240	e3b0c44298fc1c149afbf4c8996fb92427ae41e4649b934ca495991b7852b855	1	REJECT_CLEAN	0	FAIL artifact: VOCAB hash mismatch (receipt  vs local a4cafc9649488987)		1	REJECT_CLEAN	0	VERIFY FAIL — strict: empty file		garbage:empty
F-01241	d1cd91092a51b9c17636446ad970e5f6cd1a59a0cead412561d8e979d4bb543f	1	REJECT_CLEAN	0	VERIFY FAIL — replay diverged from the receipt		1	REJECT_CLEAN	0	VERIFY FAIL — replay diverged from the receipt		qemu_unknown_tool/RECEIPT.TXT; prompt-hex<-hex('7\x8b+乎Ajy\ue004\ue003Ę\ue008ö'..60ch); prompt-hex<-hex('\x0c\x11\x08ý丢'..5ch)
F-01242	a8c4e2cf96b3e20cfc8501a80aca115edc1080e33d321a30fa5a9c21e81e35f7	1	REJECT_CLEAN	0	VERIFY FAIL — replay diverged from the receipt		1	REJECT_CLEAN	0	VERIFY FAIL — strict: line 10 (cis-digest): expected 16 lower-case hex digits		qemu_abstain/RECEIPT.TXT; cis-digest<-','
F-01243	ff8700b4fb381ba1813ee7ddc05f193223717564898c4016cad6b8d7e43e789b	1	REJECT_CLEAN	0	VERIFY FAIL — receipt inputs cannot be replayed: prompt (41) + max_new (4096) exceeds max_position_embeddings (512)		1	REJECT_CLEAN	0	VERIFY FAIL — strict: byte 486: 0x09 is not printable ASCII or LF		qemu_lookup/RECEIPT2.TXT; gen-toks<-'\t'; maxtok<-4096; trunc@537
F-01244	5b04d26819a8401850057748c0661a803a8355195f2565c0d45e35e08ab61183	1	REJECT_CLEAN	0	VERIFY FAIL — malformed receipt: maxtok is not an unsigned integer		1	REJECT_CLEAN	0	VERIFY FAIL — strict: byte 241: 0xc3 is not printable ASCII or LF		qemu_everyday/RECEIPT.TXT; del[384:409]; maxtok<-'éé'; prompt-hex<-'00'
F-01245	1e64bb772250ae33436d9f93a689c0b4fb96de54b6a1dd8ceb466c5251c2ca49	1	REJECT_CLEAN	0	FAIL artifact: MODEL hash mismatch (receipt a44e48965c641b81 vs local a44e48965c641b81)		1	REJECT_CLEAN	0	VERIFY FAIL — strict: line 2 (model): expected 64 lower-case hex digits		qemu_abstain/RECEIPT.TXT; prompt-hex<-hex('\x05e´\x88\x1e为k😞\x18uƶ\x93'..60ch); ins@62:b'999999999999999999999999999999'
F-01246	77f92bb5817c85847aca37b01e09e4a53d1728a662bd4bfd9097e2465b5913e5	1	REJECT_CLEAN	0	VERIFY FAIL — malformed receipt: token id "131g9" is not an unsigned 32-bit integer		1	REJECT_CLEAN	0	VERIFY FAIL — strict: line 3: key out of order "cis-digest", canonical order expects "embed"		qemu_abstain/RECEIPT.TXT; rep@554:0x42; ins@473:b'g'; swap2/9
F-01247	05b1d16b722d7f2cc0f29eadcef5f697cf4924cb05789da0f149cf4a2f5f7e6c	1	REJECT_CLEAN	0	FAIL artifact: EMBED hash mismatch (receipt  vs local 8cbcd6b69df03539)		1	REJECT_CLEAN	0	VERIFY FAIL — strict: no newline after the last line (exactly one is required)		qemu_receipt/RECEIPT.TXT; swap11/2; trunc@583; dupline4
F-01248	2f84dd11f0d2a32a6a97b34a3b67601d32f29d208d8f1fe0958b8833ef7b9d35	1	REJECT_CLEAN	0	VERIFY FAIL — malformed receipt: not valid UTF-8		1	REJECT_CLEAN	0	VERIFY FAIL — strict: byte 204: 0xe6 is not printable ASCII or LF		qemu_unknown_tool/RECEIPT.TXT; rep@264:0xe6; ins@560:b'\xc3\xa9'; vocab<-'1,,2'
F-01249	0699b1e9818ab239c137753a6bdf1dc78a907489daee8ba0587b6ec041f8285a	1	REJECT_CLEAN	0	FAIL artifact: EMBED hash mismatch (receipt 8cbcd6b69df03539 vs local 8cbcd6b69df03539)		1	REJECT_CLEAN	0	VERIFY FAIL — strict: no newline after the last line (exactly one is required)		qemu_calc_words/RECEIPT.TXT; swap1/4; del[71:89]; trunc@155
F-01250	33f5b2b3fd31e749b331a49ab18a16c108cd39c7c3f1a15665268815f046f155	1	REJECT_CLEAN	0	VERIFY FAIL — malformed receipt: prompt-hex does not decode to UTF-8 text		1	REJECT_CLEAN	0	VERIFY FAIL — strict: line 6 (prompt-hex): expected non-empty lower-case hex of even length		qemu_calc_words/RECEIPT2.TXT; ins@342:b'+'
F-01251	86316ca8791fb31ce55238b97aaa3d097a349d2278255ef6e6cdced14386b937	1	REJECT_CLEAN	0	VERIFY FAIL — malformed receipt: not valid UTF-8		1	REJECT_CLEAN	0	VERIFY FAIL — strict: byte 86: 0xfd is not printable ASCII or LF		qemu_everyday/RECEIPT.TXT; rep@308:0x8a; rep@86:0xfd; rep@11:0x75
F-01252	d68183fef9a11997b46dccf3054bb1c5f1e132829d86ad5c39755bd229b4fa0e	0	ACCEPT	0	VERIFY PASS — replay reproduced 7 tokens, the token digest, and the full logit chain bit-for-bit		1	REJECT_CLEAN	0	VERIFY FAIL — strict: line 3: key out of order "prompt-toks", canonical order expects "embed"		qemu_lookup/RECEIPT.TXT; dupline6
F-01253	8d2fe845d44ce2c95ba240557f2e12b5c6e07466378ce51a03691c5eda4d1835	1	REJECT_CLEAN	0	VERIFY FAIL — malformed receipt: prompt-hex does not decode to UTF-8 text		1	REJECT_CLEAN	0	VERIFY FAIL — strict: byte 291: 0xc3 is not printable ASCII or LF		qemu_lookup/RECEIPT.TXT; del[175:201]; prompt-toks<-'aé'; del[269:270]
F-01254	0ff499bc8b18a22063448510578756c5ede41b2f488aa0a78bb1857afbff4604	1	REJECT_CLEAN	0	FAIL artifact: EMBED hash mismatch (receipt 8cfb903910325b7f vs local 8cbcd6b69df03539)		1	REJECT_CLEAN	0	VERIFY FAIL — strict: line 3 (embed): expected 64 lower-case hex digits		qemu_calc_words/RECEIPT2.TXT; del[100:123]
F-01255	1d3d99be48cbb05d39eba3213631f75a82fa4ba33755d3849cbe617461f8e42f	1	REJECT_CLEAN	0	VERIFY FAIL — malformed receipt: prompt-hex does not decode to UTF-8 text		1	REJECT_CLEAN	0	VERIFY FAIL — strict: no newline after the last line (exactly one is required)		qemu_unknown_tool/RECEIPT.TXT; trunc@432; embed<-'-'; ins@216:b'999999999999999999999999999999'
F-01256	9d53c457caeea81c6f3a5fcbd146602e8f0be2141abc46435b01815ed84f5153	1	REJECT_CLEAN	0	VERIFY FAIL — replay diverged from the receipt		1	REJECT_CLEAN	0	VERIFY FAIL — strict: line 10 (cis-digest): expected 16 lower-case hex digits		qemu_abstain/RECEIPT.TXT; dupline3; cis-digest<-'184467440737'
F-01257	2647c14679b232f1902e98e1d1cf1b7fd8e129cb50a1c10cf3c251c82437f636	1	REJECT_CLEAN	0	FAIL artifact: VOCAB hash mismatch (receipt  vs local a4cafc9649488987)		1	REJECT_CLEAN	0	VERIFY FAIL — strict: no newline after the last line (exactly one is required)		qemu_calc/RECEIPT2.TXT; trunc@121; model<-'184467440737'
F-01258	acc09af1f07352f8f3a674b555ea36d951eac5268ea558440ae5f17c2f1535ab	1	REJECT_CLEAN	0	VERIFY FAIL — malformed receipt: not valid UTF-8		1	REJECT_CLEAN	0	VERIFY FAIL — strict: byte 1482: 0xea is not printable ASCII or LF		qemu_calc/RECEIPT2.TXT; prompt-hex<-hex('ƈ\x1a😅\x96\x8e\x96\x83举Ƭ\x87三\x1c'..700ch); rep@1482:0xea; del[3056:3076]
F-01259	33bbd34ae5b25f2aa9796bd88323b32b78a2efd15bac4883080880befc407da1	1	REJECT_CLEAN	0	VERIFY FAIL — malformed receipt: token id "ff" is not an unsigned 32-bit integer		1	REJECT_CLEAN	0	VERIFY FAIL — strict: line 3: key out of order "chain", canonical order expects "embed"		qemu_receipt/RECEIPT.TXT; swap10/2; token-ids<-'ff'
F-01260	c014c7509d0162c91158ed9623c7200bb0bebdabbf13718d5f31e64a052b48bf	1	REJECT_CLEAN	0	FAIL artifact: VOCAB hash mismatch (receipt a4cafc9649488987 vs local a4cafc9649488987)		1	REJECT_CLEAN	0	VERIFY FAIL — strict: no newline after the last line (exactly one is required)		qemu_lookup/RECEIPT.TXT; trunc@205
F-01261	e519bd6724ca4d8c00c7af1d1eb3374852d73445e449d05ae964008294d98bc3	1	REJECT_CLEAN	0	FAIL artifact: VOCAB hash mismatch (receipt a4cafc9649488987 vs local a4cafc9649488987)		1	REJECT_CLEAN	0	VERIFY FAIL — strict: no newline after the last line (exactly one is required)		qemu_lookup/RECEIPT.TXT; rep@434:0xb4; embed<-'184467440737'; trunc@158
F-01262	4675f0ac72bfb96193031422a6e41154c301e05a9e02e2305a920449cde08f13	1	REJECT_CLEAN	0	VERIFY FAIL — receipt inputs cannot be replayed: prompt (12) + max_new (4096) exceeds max_position_embeddings (512)		1	REJECT_CLEAN	0	VERIFY FAIL — strict: no newline after the last line (exactly one is required)		qemu_lookup/RECEIPT.TXT; dupline5; maxtok<-4096; swap7/12
F-01263	ac24296fff8f001ed088c340f275a75a7527579fa5b26b27bcbae70f8a79f9ad	0	ACCEPT	0	VERIFY PASS — replay reproduced 23 tokens, the token digest, and the full logit chain bit-for-bit		1	REJECT_CLEAN	0	VERIFY FAIL — strict: line 7: key out of order "chain", canonical order expects "prompt-toks"		qemu_lookup/RECEIPT2.TXT; dupline10; swap6/11
F-01264	a0975d885f1663af2aa4a87a72454ccc6b8a28976c4fd0c251075b046509a174	0	ACCEPT	0	VERIFY PASS — replay reproduced 8 tokens, the token digest, and the full logit chain bit-for-bit		1	REJECT_CLEAN	0	VERIFY FAIL — strict: line 7 (prompt-toks): expected a decimal integer without sign or leading zeros		qemu_calc_words/RECEIPT.TXT; prompt-toks<-'xxxxxxxxxxxx'; dupline7; del[1282:1296]
F-01265	58422385be3862d6d4abe5bdd04a4a6ae816629bb95402e2fa4e2c0d5b27923d	1	REJECT_CLEAN	0	VERIFY FAIL — replay diverged from the receipt		1	REJECT_CLEAN	0	VERIFY FAIL — strict: no newline after the last line (exactly one is required)		qemu_everyday/RECEIPT.TXT; del[457:472]; del[439:445]; prompt-hex<-hex('\ue005\rÅ\x1d😊ͩD̽'..8ch)
F-01266	565d60a959b56db90aa6ad72675833b526289908e73c71c78e19e4acff1c0c48	1	REJECT_CLEAN	0	FAIL artifact: EMBED hash mismatch (receipt 8cbc903910325b7f vs local 8cbcd6b69df03539)		1	REJECT_CLEAN	0	VERIFY FAIL — strict: line 3 (embed): expected 64 lower-case hex digits		qemu_calc/RECEIPT.TXT; del[102:125]
F-01267	4abb271bbf7167a129ae24250682403167f369d52842552a91f9281cf75cae75	0	ACCEPT	0	VERIFY PASS — replay reproduced 25 tokens, the token digest, and the full logit chain bit-for-bit		1	REJECT_CLEAN	0	VERIFY FAIL — strict: no newline after the last line (exactly one is required)		qemu_abstain/RECEIPT.TXT; swap11/8
F-01268	67907b205139f001fbfe6f8a4d8b5f62498301812ea06950f06417b8441fc531	0	ACCEPT	0	VERIFY PASS — replay reproduced 8 tokens, the token digest, and the full logit chain bit-for-bit		1	REJECT_CLEAN	0	VERIFY FAIL — strict: byte 400: carriage return (CRLF line endings are not canonical)		qemu_calc_words/RECEIPT.TXT; ins@400:b'\r'
F-01269	90e2051fd337b95c62fa5d87b11a1f1432d5f6c5129707b5b5c6faf2e5dfdbf6	0	ACCEPT	0	VERIFY PASS — replay reproduced 50 tokens, the token digest, and the full logit chain bit-for-bit		1	REJECT_CLEAN	0	VERIFY FAIL — strict: line 11: duplicate key "model", canonical order expects "chain"		qemu_receipt/RECEIPT.TXT; dupline1
F-01270	e22e3dfd09410e43c2e30497ce62bde6849aa335e46dfc1671aaee965783823c	1	REJECT_CLEAN	0	FAIL artifact: EMBED hash mismatch (receipt 1844674407370955 vs local 8cbcd6b69df03539)		1	REJECT_CLEAN	0	VERIFY FAIL — strict: line 3 (embed): expected 64 lower-case hex digits		qemu_calc/RECEIPT2.TXT; embed<-'184467440737'
F-01271	ded08c09557604c96cfd2ee1c1cb60c23e5d1400033d722221d0fb37040ce7b6	1	REJECT_CLEAN	0	FAIL artifact: MODEL hash mismatch (receipt aé vs local a44e48965c641b81)		1	REJECT_CLEAN	0	VERIFY FAIL — strict: byte 28: 0xc3 is not printable ASCII or LF		qemu_unknown_tool/RECEIPT.TXT; model<-'aé'
F-01272	5c991324962eeda8cda86a0df317fb0beb4dd1c44afed1ecab4b9ad274f90aad	1	REJECT_CLEAN	0	VERIFY FAIL — replay diverged from the receipt		1	REJECT_CLEAN	0	VERIFY FAIL — strict: line 9 (token-ids): expected comma-separated canonical decimal u32 ids		qemu_calc/RECEIPT.TXT; token-ids<-',,'; prompt-hex<-hex('G$>rő\ue008😑Ɓ'..8ch); prompt-hex<-hex('\x15两B<\x9a|@\x86Źƕ七😄'..20ch)
F-01273	e8b19378cf929393cf56220320104c2788d93fe9b7f88719a246154507e4bdb6	1	REJECT_CLEAN	0	VERIFY FAIL — replay diverged from the receipt		1	REJECT_CLEAN	0	VERIFY FAIL — strict: no newline after the last line (exactly one is required)		qemu_lookup/RECEIPT2.TXT; trunc@399
F-01274	38ff18003e5e4c0cc9df114c0937ecf8fef6eee59bbece13fac8a626e30f55b5	1	REJECT_CLEAN	0	FAIL artifact: VOCAB hash mismatch (receipt  vs local a4cafc9649488987)		1	REJECT_CLEAN	0	VERIFY FAIL — strict: no newline after the last line (exactly one is required)		qemu_calc/RECEIPT2.TXT; trunc@116
F-01275	fa7750659d92c71a12ae9fda55962e76464fb049a49705dca5a2ef51d216588e	1	REJECT_CLEAN	0	VERIFY FAIL — malformed receipt: not valid UTF-8		1	REJECT_CLEAN	0	VERIFY FAIL — strict: byte 614: 0xff is not printable ASCII or LF		qemu_unknown_tool/RECEIPT.TXT; ins@564:b'\xff'; prompt-hex<-hex('\x18\x1a😈\x1d\ue005😝=😉\x05\x87̟😖'..20ch)
F-01276	bed8a09c9335fd6677956d2b80b661ec2f383ee31c9df52fb253d69effd3da76	1	REJECT_CLEAN	0	VERIFY FAIL — replay diverged from the receipt		1	REJECT_CLEAN	0	VERIFY FAIL — replay diverged from the receipt		qemu_lookup/RECEIPT2.TXT; prompt-hex<-hex('😜\ue00f&x😅😎\ue00a乎世\x9ez\x81'..700ch); prompt-hex<-hex('\x06\x98ǌd\ue004\ue00b\ue010Ȕ̀\ue008😖ŝ'..60ch)
F-01277	816e8f562bcfa86098e650ffac9eaa22d553e0d2b074836a539a6d791108c3ab	1	REJECT_CLEAN	0	VERIFY FAIL — malformed receipt: prompt-hex does not decode to UTF-8 text		1	REJECT_CLEAN	0	VERIFY FAIL — strict: byte 152: 0xe2 is not printable ASCII or LF		qemu_calc/RECEIPT2.TXT; prompt-hex<-hex('\ue007\x9a'..2ch); ins@152:b'\xe2\x80\xae'; rep@264:0x25
F-01278	2cba5e74917c60f62953b50bd90506e0702dfdf3399e5f9350998a2b33dc435e	1	REJECT_CLEAN	0	VERIFY FAIL — malformed receipt: not valid UTF-8		1	REJECT_CLEAN	0	VERIFY FAIL — strict: byte 150: 0xf1 is not printable ASCII or LF		qemu_lookup/RECEIPT2.TXT; rep@150:0xf1; ins@677:b','
F-01279	efab2c5101aaf5b7bad86e46fb822da48ec09d6e843a214d380735ae08e155da	1	REJECT_CLEAN	0	FAIL artifact: VOCAB hash mismatch (receipt  vs local a4cafc9649488987)		1	REJECT_CLEAN	0	VERIFY FAIL — strict: no newline after the last line (exactly one is required)		qemu_lookup/RECEIPT2.TXT; trunc@62
F-01280	e3b0c44298fc1c149afbf4c8996fb92427ae41e4649b934ca495991b7852b855	1	REJECT_CLEAN	0	FAIL artifact: VOCAB hash mismatch (receipt  vs local a4cafc9649488987)		1	REJECT_CLEAN	0	VERIFY FAIL — strict: empty file		garbage:empty
F-01281	b006ef3b5e392647ec928e17fb7fc719f7c02e2a606b5d1efbeda2b586290065	1	REJECT_CLEAN	0	VERIFY FAIL — malformed receipt: prompt-hex does not decode to UTF-8 text		1	REJECT_CLEAN	0	VERIFY FAIL — strict: byte 742: 0x10 is not printable ASCII or LF		qemu_lookup/RECEIPT2.TXT; prompt-hex<-hex('么\x8bv😁\x8e😟\x88😝\x9e[\x94😖'..700ch); prompt-hex<-hex('̈`\x04̈😖\x07\x93\ue00f̬\x05)世'..200ch); rep@742:0x10
F-01282	cc4ba48e1704e9ed272b628fb867c49dd845a0f9a4a6366b16ca05e62bfdb932	1	REJECT_CLEAN	0	FAIL artifact: MODEL hash mismatch (receipt a44e4 8965c641b8 vs local a44e48965c641b81)		1	REJECT_CLEAN	0	VERIFY FAIL — strict: byte 32: 0x00 is not printable ASCII or LF		qemu_abstain/RECEIPT.TXT; ins@32:b'\x00'
F-01283	40d39de2d9ebb16263014a84f94a1e759788a33c2ce324c7e0d101cbf56ca1a9	1	REJECT_CLEAN	0	VERIFY FAIL — replay diverged from the receipt		1	REJECT_CLEAN	0	VERIFY FAIL — replay diverged from the receipt		qemu_unknown_tool/RECEIPT.TXT; prompt-hex<-hex('Iq%😃ċ'..5ch); rep@314:0x31
F-01284	3cf7920c008a130e02ab475478c3eccddd2f4ec4058195b962fb5d10509af8ae	1	REJECT_CLEAN	0	VERIFY FAIL — receipt inputs cannot be replayed: prompt (19) + max_new (1000) exceeds max_position_embeddings (512)		1	REJECT_CLEAN	0	VERIFY FAIL — strict: gen-toks 30 does not equal the token-ids count 25		qemu_self/RECEIPT.TXT; del[458:481]; maxtok<-1000
F-01285	3998339f347eb6b7e23964cfbba2b175cf206e85f32e8c22be8447054baa09e9	0	ACCEPT	0	VERIFY PASS — replay reproduced 7 tokens, the token digest, and the full logit chain bit-for-bit		1	REJECT_CLEAN	0	VERIFY FAIL — strict: line 12: unexpected extra line "model" (a receipt has exactly 11 lines)		qemu_lookup/RECEIPT.TXT; dupline1
F-01286	d90a665c75ee0c9d1377ff8d35dbb44798e5d68f5fae3a119c925cdbbc28ba26	1	REJECT_CLEAN	0	VERIFY FAIL — malformed receipt: maxtok is not an unsigned integer		1	REJECT_CLEAN	0	VERIFY FAIL — strict: line 5 (maxtok): expected a decimal integer without sign or leading zeros		qemu_abstain/RECEIPT.TXT; maxtok<-'1 2'
F-01287	06c7aa143686c5fe23d26e08ba5f9cd926caabe5b488fac15bbef7709e7cea89	0	ACCEPT	0	VERIFY PASS — replay reproduced 35 tokens, the token digest, and the full logit chain bit-for-bit		1	REJECT_CLEAN	0	VERIFY FAIL — strict: line 8 (gen-toks): expected a decimal integer without sign or leading zeros		qemu_unknown_tool/RECEIPT.TXT; gen-toks<-'xxxxxxxxxxxx'
F-01288	55eefa9c9fdda3de2055d833d167760b6c1e6c088494ed035a3dda9fa2252409	1	REJECT_CLEAN	0	VERIFY FAIL — malformed receipt: not valid UTF-8		1	REJECT_CLEAN	0	VERIFY FAIL — strict: byte 239: 0x97 is not printable ASCII or LF		qemu_abstain/RECEIPT.TXT; rep@239:0x97; token-ids<-'ffffffffffff'; prompt-hex<-hex('乐͜'..2ch)
F-01289	67fcb08dd11008824291007c02fe3bbe0604e3f0a7421ae3df89fb82d727158d	1	REJECT_CLEAN	0	FAIL artifact: EMBED hash mismatch (receipt 8cbcd6b69df03539 vs local 8cbcd6b69df03539)		1	REJECT_CLEAN	0	VERIFY FAIL — strict: line 3 (embed): expected 64 lower-case hex digits		qemu_unknown_tool/RECEIPT.TXT; del[119:121]
F-01290	9f502a55e444cc5c1e61fa333f83582902c6ff0fa8df8c0f1e86cd5623f779c7	1	REJECT_CLEAN	0	VERIFY FAIL — malformed receipt: maxtok is not an unsigned integer		1	REJECT_CLEAN	0	VERIFY FAIL — strict: no newline after the last line (exactly one is required)		qemu_unknown_tool/RECEIPT.TXT; del[563:579]; maxtok<-'xxxxxxxxxxxx'; prompt-hex<-hex('\ue004\ue00b '..3ch)
F-01291	49ebd13ace5dcb64102090dfe5050ec491158877d95615431af634e589f27321	1	REJECT_CLEAN	0	VERIFY FAIL — replay diverged from the receipt		1	REJECT_CLEAN	0	VERIFY FAIL — replay diverged from the receipt		qemu_unknown_tool/RECEIPT.TXT; prompt-hex<-hex('̋丣'..2ch)
F-01292	f918379a7d84f6162b9e197a5a67a15e9d0ea0653f825137cc32959f4c8dcd5d	1	REJECT_CLEAN	0	VERIFY FAIL — receipt inputs cannot be replayed: prompt (11) + max_new (2147483648) exceeds max_position_embeddings (512)		1	REJECT_CLEAN	0	VERIFY FAIL — receipt inputs cannot be replayed: prompt (11) + max_new (2147483648) exceeds max_position_embeddings (512)		qemu_calc_words/RECEIPT.TXT; maxtok<-1; maxtok<-4294967296; maxtok<-2147483648
F-01293	8d3688a697777b708fdb82bb1806f3cd5cf93e0a1cb35be8b2ab329e74429a9a	1	REJECT_CLEAN	0	FAIL artifact: MODEL hash mismatch (receipt a44e48965c641b-8 vs local a44e48965c641b81)		1	REJECT_CLEAN	0	VERIFY FAIL — strict: no newline after the last line (exactly one is required)		qemu_self/RECEIPT.TXT; ins@41:b'-'; rep@626:0x67; trunc@429
F-01294	6cbd0fe094f2952582f481601adfb2802189bd79a1702762b0bc30c73a8e4cb3	1	REJECT_CLEAN	0	VERIFY FAIL — malformed receipt: prompt-hex does not decode to UTF-8 text		1	REJECT_CLEAN	0	VERIFY FAIL — strict: line 6 (prompt-hex): expected non-empty lower-case hex of even length		qemu_self/RECEIPT.TXT; del[302:341]
F-01295	aed0e146361313b2b889e19a423ed3d5b5848b7990a5af62be3e8b72c75df636	1	REJECT_CLEAN	0	FAIL artifact: VOCAB hash mismatch (receipt ffffffffffffffff vs local a4cafc9649488987)		1	REJECT_CLEAN	0	VERIFY FAIL — strict: line 6: unknown key "srompt-hex", canonical order expects "prompt-hex"		qemu_self/RECEIPT.TXT; del[320:336]; rep@244:0x73; vocab<-'ffffffffffff'
F-01296	ae4f5e75e16f1c894a592358a7c82898c45b98d48adaf071b90c63f1aaae259c	1	REJECT_CLEAN	0	VERIFY FAIL — replay diverged from the receipt		1	REJECT_CLEAN	0	VERIFY FAIL — replay diverged from the receipt		qemu_calc/RECEIPT.TXT; prompt-hex<-hex('̮😈B'..3ch)
F-01297	d7bf075c7e825756256c98edbea440d339000316638ad2b181f13c326044b000	1	REJECT_CLEAN	0	VERIFY FAIL — replay diverged from the receipt		1	REJECT_CLEAN	0	VERIFY FAIL — strict: line 11 (chain): expected 64 lower-case hex digits		qemu_calc/RECEIPT.TXT; del[437:450]; prompt-hex<-hex('Ķ\x99'..2ch)
F-01298	aa2d1e253c8b4b2561f8071d73112d6a14bb6d1deca703fa22dedcfc0323daa6	1	REJECT_CLEAN	0	VERIFY FAIL — malformed receipt: prompt-hex does not decode to UTF-8 text		1	REJECT_CLEAN	0	VERIFY FAIL — strict: line 6 (prompt-hex): expected non-empty lower-case hex of even length		qemu_calc_words/RECEIPT2.TXT; prompt-hex<-hex('T\x19\x01\x13ť丟̂o̐^:\x8f'..200ch); del[651:684]
F-01299	40adb3150b026979b2377f677c8f1cb0b94e4735187d62d1a367f2097f3586b5	0	ACCEPT	0	VERIFY PASS — replay reproduced 7 tokens, the token digest, and the full logit chain bit-for-bit		1	REJECT_CLEAN	0	VERIFY FAIL — strict: line 1: header must be exactly "AEGIS-WITNESS v1-CIS"		qemu_lookup/RECEIPT.TXT; AEGIS-WITNESS<-'FFFFFFFFFFFF'
F-01300	755d86561768a26166aaaa0cd4dfb03624fa2c421cc2a9a6ac5fdad4aa337d05	1	REJECT_CLEAN	0	FAIL artifact: VOCAB hash mismatch (receipt a4cafc9649488987 vs local a4cafc9649488987)		1	REJECT_CLEAN	0	VERIFY FAIL — strict: byte 229: 0xc3 is not printable ASCII or LF		qemu_calc_words/RECEIPT2.TXT; ins@229:b'\xc3\xa9'; rep@142:0x4a
F-01301	d260d7ebcc88a2c2a27bb4e554501bbe13af0204c1639425c59b4223d70e8535	1	REJECT_CLEAN	0	VERIFY FAIL — malformed receipt: maxtok is not an unsigned integer		1	REJECT_CLEAN	0	VERIFY FAIL — strict: no newline after the last line (exactly one is required)		qemu_calc/RECEIPT2.TXT; trunc@307; rep@304:0x24; maxtok<-18446744073709551617
F-01302	81de82b0725b0604818f2766dacf230beb14403c3a3f36ec145fbf78bc7aab83	1	REJECT_CLEAN	0	VERIFY FAIL — malformed receipt: not valid UTF-8		1	REJECT_CLEAN	0	VERIFY FAIL — strict: byte 413: 0xff is not printable ASCII or LF		qemu_unknown_tool/RECEIPT.TXT; ins@356:b'\xff'; swap10/6
F-01303	3b0acda5874f41066f858ac257d6d480e5a3bfdf59f4353f0f8c8096aa832885	1	REJECT_CLEAN	0	FAIL artifact: VOCAB hash mismatch (receipt a4cafc9649488987 vs local a4cafc9649488987)		1	REJECT_CLEAN	0	VERIFY FAIL — strict: no newline after the last line (exactly one is required)		qemu_abstain/RECEIPT.TXT; swap8/7; trunc@465; ins@190:b'+'
F-01304	992b2ce958c0ebcd597dcc9fd42fd06946018f789b1024917557ac9df30adc69	1	REJECT_CLEAN	0	VERIFY FAIL — receipt inputs cannot be replayed: prompt (16) + max_new (513) exceeds max_position_embeddings (512)		1	REJECT_CLEAN	0	VERIFY FAIL — receipt inputs cannot be replayed: prompt (16) + max_new (513) exceeds max_position_embeddings (512)		qemu_lookup/RECEIPT2.TXT; maxtok<-513; prompt-hex<-hex('串不\x99ZɊ\x16\ue0093'..8ch)
F-01305	80af3bb9173d2fea014a82d47b86ce467baa57fa425467fbf889f741d88f813e	1	REJECT_CLEAN	0	VERIFY FAIL — replay diverged from the receipt		1	REJECT_CLEAN	0	VERIFY FAIL — replay diverged from the receipt		qemu_calc/RECEIPT2.TXT; prompt-hex<-hex('丸rt\ue007为12wƚ\x80\ue00eL'..20ch); prompt-hex<-hex('😚O😃\x91ͤ/\ue009😛Q😃丼乆'..200ch)
F-01306	4a96bc9166972c8dbc1054272c479d15fefe960c6368a7e113cbb99d923211a7	1	REJECT_CLEAN	0	VERIFY FAIL — replay diverged from the receipt		1	REJECT_CLEAN	0	VERIFY FAIL — replay diverged from the receipt		qemu_everyday/RECEIPT.TXT; prompt-hex<-hex('f̾'..2ch)
F-01307	24cc68e288b8b9eee42f58da093bf4b898879f41c50d66cd6b13d835650f06ff	1	REJECT_CLEAN	0	VERIFY FAIL — replay diverged from the receipt		1	REJECT_CLEAN	0	VERIFY FAIL — strict: no newline after the last line (exactly one is required)		qemu_abstain/RECEIPT.TXT; prompt-hex<-hex('😚\x126\x84😒\x0f}ͯ̌\x81😟̺'..60ch); rep@624:0x32; trunc@612
F-01308	cfa35e180a8867e68fcb1abaf73b9acace52dd181b1aabbf64cb0fd444b58e49	1	REJECT_CLEAN	0	FAIL artifact: EMBED hash mismatch (receipt 8cbcd6b69df03539 vs local 8cbcd6b69df03539)		1	REJECT_CLEAN	0	VERIFY FAIL — strict: line 3 (embed): expected 64 lower-case hex digits		qemu_calc/RECEIPT.TXT; prompt-hex<-hex('为'..1ch); ins@147:b'Z'; del[367:407]
F-01309	347416ee366053970c0d1d7fe921bb32dfaaa794ee0642de1e05b685d061b9eb	1	REJECT_CLEAN	0	FAIL artifact: VOCAB hash mismatch (receipt  vs local a4cafc9649488987)		1	REJECT_CLEAN	0	VERIFY FAIL — strict: line 3 (embed): expected 64 lower-case hex digits		qemu_unknown_tool/RECEIPT.TXT; del[147:178]
F-01310	771d455edec559865566bcb2483c9b6b4f43b446308feb1741f41adc145d9623	0	ACCEPT	0	VERIFY PASS — replay reproduced 7 tokens, the token digest, and the full logit chain bit-for-bit		1	REJECT_CLEAN	0	VERIFY FAIL — strict: gen-toks 0 does not equal the token-ids count 7		qemu_calc_words/RECEIPT2.TXT; gen-toks<-'FFFFFFFFFFFF'; gen-toks<-'0'
F-01311	234abd22365b511b15036f50aa8a4876f923e7e0958b56c7689cae08f27f60d1	1	REJECT_CLEAN	0	VERIFY FAIL — receipt inputs cannot be replayed: prompt (12) + max_new (4294967296) exceeds max_position_embeddings (512)		1	REJECT_CLEAN	0	VERIFY FAIL — strict: line 5: duplicate key "vocab", canonical order expects "maxtok"		qemu_abstain/RECEIPT.TXT; maxtok<-4294967296; dupline3
F-01312	09b20cd5a5d7cf825b9628e5090f3f698066c78fead02bc8b567c9b427a1b0fd	1	REJECT_CLEAN	0	FAIL artifact: VOCAB hash mismatch (receipt  vs local a4cafc9649488987)		1	REJECT_CLEAN	0	VERIFY FAIL — strict: no newline after the last line (exactly one is required)		qemu_calc_words/RECEIPT2.TXT; trunc@79; dupline1
F-01313	5d0b8329f21cb9c87acca836902bd32bb99bc313bae5c2ef2578e0adf45542a9	0	ACCEPT	0	VERIFY PASS — replay reproduced 3 tokens, the token digest, and the full logit chain bit-for-bit		1	REJECT_CLEAN	0	VERIFY FAIL — strict: line 7 (prompt-toks): expected a decimal integer without sign or leading zeros		qemu_everyday/RECEIPT.TXT; prompt-toks<-'00'
F-01314	d4562d483b7fb4948bb06d350258d4619976d2e768a718b8c966494de2147948	1	REJECT_CLEAN	0	VERIFY FAIL — replay diverged from the receipt		1	REJECT_CLEAN	0	VERIFY FAIL — strict: line 6: duplicate key "vocab", canonical order expects "prompt-hex"		qemu_abstain/RECEIPT.TXT; dupline3; del[613:637]
F-01315	651ecac0f76775b44d2c0abe2b534883e8954ed78f09d58de0442b9152e2853b	1	REJECT_CLEAN	0	VERIFY FAIL — malformed receipt: maxtok is not an unsigned integer		1	REJECT_CLEAN	0	VERIFY FAIL — strict: line 3 (embed): expected 64 lower-case hex digits		qemu_abstain/RECEIPT.TXT; maxtok<-'1,,2'; del[120:159]; ins@530:b' '
F-01316	c69bd657d7355ede1fd29b7a24b04337c514d7c7c85c96e87f55ea8f39406403	1	REJECT_CLEAN	0	VERIFY FAIL — receipt inputs cannot be replayed: prompt (19) + max_new (2147483648) exceeds max_position_embeddings (512)		1	REJECT_CLEAN	0	VERIFY FAIL — strict: line 2: key out of order "prompt-toks", canonical order expects "model"		qemu_self/RECEIPT.TXT; maxtok<-2147483648; swap6/1
F-01317	abf16651f17dad6ca396cb5152b3b2de3d9df0ad0ba1ba10b1a8e7454dc52f04	0	ACCEPT	0	VERIFY PASS — replay reproduced 30 tokens, the token digest, and the full logit chain bit-for-bit		1	REJECT_CLEAN	0	VERIFY FAIL — strict: line 3: key out of order "vocab", canonical order expects "embed"		qemu_self/RECEIPT.TXT; swap3/2
F-01318	341a3250f37787367c8a2d418407b0ead87a3ac9904a312782af63708c034ddd	0	ACCEPT	0	VERIFY PASS — replay reproduced 8 tokens, the token digest, and the full logit chain bit-for-bit		1	REJECT_CLEAN	0	VERIFY FAIL — strict: line 5: key out of order "chain", canonical order expects "maxtok"		qemu_calc_words/RECEIPT.TXT; swap4/10
F-01319	a7b482a1edebc0663bf1404724d9be4c320a26b3f7c73ec605573e22dfae962e	1	REJECT_CLEAN	0	VERIFY FAIL — receipt inputs cannot be replayed: prompt (1446) + max_new (50) exceeds max_position_embeddings (512)		1	REJECT_CLEAN	0	VERIFY FAIL — strict: line 10 (cis-digest): expected 16 lower-case hex digits		qemu_receipt/RECEIPT.TXT; dupline2; prompt-hex<-hex('且😅\x19^w}\x16\ue006Ⱦ\x8f\ue00c串'..700ch); cis-digest<-'00'
F-01320	2fb6d45a0730b2eed404e4dd24bb5fd1a61d6abcb2ac4929277910794793b7f0	1	REJECT_CLEAN	0	VERIFY FAIL — malformed receipt: not valid UTF-8		1	REJECT_CLEAN	0	VERIFY FAIL — strict: byte 0: 0x80 is not printable ASCII or LF		garbage:rand
F-01321	212153fc2fc7f99744416a715f0716c55b3a33b14193a9914e30784ce0bc2810	0	ACCEPT	0	VERIFY PASS — replay reproduced 3 tokens, the token digest, and the full logit chain bit-for-bit		1	REJECT_CLEAN	0	VERIFY FAIL — strict: line 4: key out of order "prompt-toks", canonical order expects "vocab"		qemu_everyday/RECEIPT.TXT; prompt-toks<-'xxxxxxxxxxxx'; swap6/3
F-01322	416262784d0a65c0878f1b72ef9cb834388c44eb760bfeebf39d1bef9dc92971	1	REJECT_CLEAN	0	VERIFY FAIL — malformed receipt: not valid UTF-8		1	REJECT_CLEAN	0	VERIFY FAIL — strict: byte 152: 0xbe is not printable ASCII or LF		qemu_unknown_tool/RECEIPT.TXT; prompt-hex<-hex('\x96\x16ij͢'..5ch); ins@179:b'\r'; rep@152:0xbe
F-01323	844850f2d2262244fbf79363509d1d4aaae70425d1a1ab385a9db9c42f78b161	1	REJECT_CLEAN	0	FAIL artifact: EMBED hash mismatch (receipt  vs local 8cbcd6b69df03539)		1	REJECT_CLEAN	0	VERIFY FAIL — strict: line 2 (model): expected 64 lower-case hex digits		qemu_calc/RECEIPT.TXT; dupline4; del[68:95]; swap4/3
F-01324	4a76848cc411f66427dabe4c1847e601d80552a13859c204b38ebc81a7c85474	0	ACCEPT	0	VERIFY PASS — replay reproduced 9 tokens, the token digest, and the full logit chain bit-for-bit		1	REJECT_CLEAN	0	VERIFY FAIL — strict: line 6: key out of order "chain", canonical order expects "prompt-hex"		qemu_calc/RECEIPT2.TXT; swap5/10
F-01325	627b8f73a186dccbcf1de0f5b42e01f10b21a78059e232621148fc1371396bc0	1	REJECT_CLEAN	0	VERIFY FAIL — replay diverged from the receipt		1	REJECT_CLEAN	0	VERIFY FAIL — strict: line 10 (cis-digest): expected 16 lower-case hex digits		qemu_self/RECEIPT.TXT; cis-digest<-''
F-01326	d379c1d4273299f935b33a06a2242f1bb4c726bdcd6abfdb7b260e06c882c666	1	REJECT_CLEAN	0	VERIFY FAIL — receipt inputs cannot be replayed: prompt (1469) + max_new (511) exceeds max_position_embeddings (512)		1	REJECT_CLEAN	0	VERIFY FAIL — strict: no newline after the last line (exactly one is required)		qemu_calc/RECEIPT.TXT; swap10/11; prompt-hex<-hex('ċP\ue002n\x0c\ue00dE丁丢"\x16\ue010'..700ch); maxtok<-511
F-01327	2eb9807ef963b1e3a156c7528fa77df29d6fd7ab20261d53b89568fde4a054dd	1	REJECT_CLEAN	0	FAIL artifact: VOCAB hash mismatch (receipt a4cafc9649488987 vs local a4cafc9649488987)		1	REJECT_CLEAN	0	VERIFY FAIL — strict: no newline after the last line (exactly one is required)		qemu_everyday/RECEIPT.TXT; del[20:38]; trunc@193
F-01328	f6b27c66e3376841e5a24434cceab199ad252b861bd30710fa8c18d245b821e8	0	ACCEPT	0	VERIFY PASS — replay reproduced 30 tokens, the token digest, and the full logit chain bit-for-bit		1	REJECT_CLEAN	0	VERIFY FAIL — strict: line 7 (prompt-toks): expected a decimal integer without sign or leading zeros		qemu_self/RECEIPT.TXT; prompt-toks<-''
F-01329	012ca0b2cc3d5c96713ae9c5ab43f2c5a8bc0d7f98ab090f9299d61f0aa25b97	1	REJECT_CLEAN	0	VERIFY FAIL — malformed receipt: not valid UTF-8		1	REJECT_CLEAN	0	VERIFY FAIL — strict: byte 95: 0xf9 is not printable ASCII or LF		qemu_calc/RECEIPT.TXT; rep@95:0xf9; maxtok<-'aé'
F-01330	8642081745e92e1ce012ea7dd8f031303060796f6db55afee6a475a3aaceb6ee	1	REJECT_CLEAN	0	FAIL artifact: VOCAB hash mismatch (receipt  vs local a4cafc9649488987)		1	REJECT_CLEAN	0	VERIFY FAIL — strict: no newline after the last line (exactly one is required)		qemu_calc_words/RECEIPT2.TXT; del[410:432]; trunc@56; AEGIS-WITNESS<-''
F-01331	71010467da0b53cdaa76aebc0674fb19646e2146d817431256fb051dd9107297	1	REJECT_CLEAN	0	VERIFY FAIL — replay diverged from the receipt		1	REJECT_CLEAN	0	VERIFY FAIL — strict: no newline after the last line (exactly one is required)		qemu_calc_words/RECEIPT.TXT; trunc@265
F-01332	3277a38f3461e82fa62694d39e30d182fc2cb52965cc101c59dc578f842ff52e	1	REJECT_CLEAN	0	FAIL artifact: MODEL hash mismatch (receipt a44e489K5c641b81 vs local a44e48965c641b81)		1	REJECT_CLEAN	0	VERIFY FAIL — strict: line 2: key out of order "vocab", canonical order expects "model"		qemu_everyday/RECEIPT.TXT; rep@34:0x4b; swap3/1
F-01333	e411200199c26f699e35ce0f6afd68ddbb3a38c8ebb30f710b08562cbd83092e	1	REJECT_CLEAN	0	FAIL artifact: EMBED hash mismatch (receipt 8cbcd6b69df03539 vs local 8cbcd6b69df03539)		1	REJECT_CLEAN	0	VERIFY FAIL — strict: byte 471: 0x00 is not printable ASCII or LF		qemu_calc_words/RECEIPT2.TXT; ins@470:b'\x00'; rep@51:0x39; ins@139:b'-'
F-01334	1b7e8e8afb25c6ee285e4294269df58333d13c9affb6fde3a653e02d06f71a0f	0	ACCEPT	0	VERIFY PASS — replay reproduced 23 tokens, the token digest, and the full logit chain bit-for-bit		1	REJECT_CLEAN	0	VERIFY FAIL — strict: line 12: unexpected extra line "model" (a receipt has exactly 11 lines)		qemu_lookup/RECEIPT2.TXT; dupline1
F-01335	758add824bce6c21b9cb3fa95e7f765fe41ad0395b9eed1025f79ed74113876d	0	ACCEPT	0	VERIFY PASS — replay reproduced 50 tokens, the token digest, and the full logit chain bit-for-bit		1	REJECT_CLEAN	0	VERIFY FAIL — strict: line 1: header must be exactly "AEGIS-WITNESS v1-CIS"		qemu_receipt/RECEIPT.TXT; swap3/0
F-01336	f50459372e420a41e236aac4344fa0c0eb1e9ccc9c603970b843f95c35e07579	1	REJECT_CLEAN	0	VERIFY FAIL — malformed receipt: not valid UTF-8		1	REJECT_CLEAN	0	VERIFY FAIL — strict: byte 573: 0xc3 is not printable ASCII or LF		qemu_receipt/RECEIPT.TXT; maxtok<-1000; model<-'184467440737'; ins@573:b'\xc3'
F-01337	646f2082a20d49659aac773579fa85b164f0bb51ad879e3c669c84ac9b743aec	1	REJECT_CLEAN	0	FAIL artifact: VOCAB hash mismatch (receipt  vs local a4cafc9649488987)		1	REJECT_CLEAN	0	VERIFY FAIL — strict: no newline after the last line (exactly one is required)		qemu_calc_words/RECEIPT2.TXT; del[225:243]; trunc@39
F-01338	f4a21a3938adc423733f83f73b53ba110b39e36c9d3580a82fc4756f87a1959f	1	REJECT_CLEAN	0	FAIL artifact: MODEL hash mismatch (receipt a44e48965c641b81 vs local a44e48965c641b81)		1	REJECT_CLEAN	0	VERIFY FAIL — strict: no newline after the last line (exactly one is required)		qemu_everyday/RECEIPT.TXT; trunc@459; del[60:88]; prompt-hex<-hex('七\x9b'..2ch)
F-01339	b987314001f652b32108a56a7c6d2c86781480cc22f41bf502df7f6b342dc0da	1	REJECT_CLEAN	0	FAIL artifact: VOCAB hash mismatch (receipt  vs local a4cafc9649488987)		1	REJECT_CLEAN	0	VERIFY FAIL — strict: byte 27: 0xed is not printable ASCII or LF		qemu_calc_words/RECEIPT2.TXT; trunc@38; ins@31:b'g'; model<-'\ud7ff'
F-01340	1ff5982ec8aa8edd1c93c921205d1cf2b1792741d0382eaf71841bffd1134a50	1	REJECT_CLEAN	0	VERIFY FAIL — malformed receipt: token id "7549-" is not an unsigned 32-bit integer		1	REJECT_CLEAN	0	VERIFY FAIL — strict: line 9 (token-ids): expected comma-separated canonical decimal u32 ids		qemu_lookup/RECEIPT.TXT; ins@357:b'-'
F-01341	3775634d51b0ddac9e26d2d54e4fe342f83b84d97c4d0a6e351a92c012ff846b	1	REJECT_CLEAN	0	VERIFY FAIL — replay diverged from the receipt		1	REJECT_CLEAN	0	VERIFY FAIL — strict: line 6: duplicate key "maxtok", canonical order expects "prompt-hex"		qemu_calc/RECEIPT2.TXT; del[340:342]; dupline4
F-01342	27df45845501ba3d6bda25e20dfbb0d8ca82a28b62d86ab054188f6988ef91d9	1	REJECT_CLEAN	0	FAIL artifact: VOCAB hash mismatch (receipt  vs local a4cafc9649488987)		1	REJECT_CLEAN	0	VERIFY FAIL — strict: no newline after the last line (exactly one is required)		qemu_lookup/RECEIPT.TXT; trunc@59; AEGIS-WITNESS<-'-1'
F-01343	e665151b087b13153b0b3669f17cdad4bf06fdaf225e6e8ad928c4e8ac172c67	1	REJECT_CLEAN	0	FAIL artifact: MODEL hash mismatch (receipt FF vs local a44e48965c641b81)		1	REJECT_CLEAN	0	VERIFY FAIL — strict: line 2 (model): expected 64 lower-case hex digits		qemu_calc/RECEIPT.TXT; maxtok<-16; model<-'FF'; chain<-'184467440737'
F-01344	5f94530bc53fd8c7fc4c6d1ab6d32e884b857ec1e5a66000a47a957f408eeb3a	1	REJECT_CLEAN	0	VERIFY FAIL — malformed receipt: not valid UTF-8		1	REJECT_CLEAN	0	VERIFY FAIL — strict: byte 241: 0xc3 is not printable ASCII or LF		qemu_calc/RECEIPT.TXT; maxtok<-7; ins@241:b'\xc3'; dupline2
F-01345	fa6ced31a5f9e2d9a42fca08817e2ae08809067030073d9467cf24bd6604bf78	1	REJECT_CLEAN	0	VERIFY FAIL — replay diverged from the receipt		1	REJECT_CLEAN	0	VERIFY FAIL — strict: line 2: key out of order "embed", canonical order expects "model"		qemu_self/RECEIPT.TXT; dupline2; prompt-hex<-hex('̥̾\x1f'..3ch)
F-01346	7fe089df7542683e42f21f1284d7c0124660eaa5888fa60ebe051ddd8072191d	1	REJECT_CLEAN	0	VERIFY FAIL — replay diverged from the receipt		1	REJECT_CLEAN	0	VERIFY FAIL — strict: line 9 (token-ids): expected comma-separated canonical decimal u32 ids		qemu_receipt/RECEIPT.TXT; ins@476:b','; prompt-hex<-'é'; prompt-hex<-hex('q丂'..2ch)
F-01347	e777f0b0b40620ab803529ddd3069baa63ee994bed76af87cd83a442ee782db8	1	REJECT_CLEAN	0	VERIFY FAIL — replay diverged from the receipt		1	REJECT_CLEAN	0	VERIFY FAIL — replay diverged from the receipt		qemu_self/RECEIPT.TXT; prompt-hex<-hex('丧\x03丽JL\ue00c\ue009万'..8ch)
F-01348	ef932b6cd889a32aad756d4542146dec83c2fd5d38cb012f382b9ef36915cd5e	1	REJECT_CLEAN	0	VERIFY FAIL — replay diverged from the receipt		1	REJECT_CLEAN	0	VERIFY FAIL — replay diverged from the receipt		qemu_calc_words/RECEIPT.TXT; maxtok<-0
F-01349	becc0cb8c2b841adce04c44577919e2a471f0f3403964fd25f86cc1ed7344b61	1	REJECT_CLEAN	0	VERIFY FAIL — malformed receipt: prompt-hex does not decode to UTF-8 text		1	REJECT_CLEAN	0	VERIFY FAIL — strict: line 6 (prompt-hex): expected non-empty lower-case hex of even length		qemu_abstain/RECEIPT.TXT; dupline11; ins@284:b','
F-01350	92ca9df434fadddb64b3de1acf45a1a4692e5b5727377177fa07aca20b5d5ef3	1	REJECT_CLEAN	0	FAIL artifact: EMBED hash mismatch (receipt  vs local 8cbcd6b69df03539)		1	REJECT_CLEAN	0	VERIFY FAIL — strict: no newline after the last line (exactly one is required)		qemu_calc_words/RECEIPT2.TXT; gen-toks<-'000000000000'; del[94:116]; swap11/6
F-01351	f53278018c0bb754a6558a486afe41b22610e94b85be7155b9fbf58a191a264c	1	REJECT_CLEAN	0	VERIFY FAIL — receipt inputs cannot be replayed: prompt tokenized to nothing		1	REJECT_CLEAN	0	VERIFY FAIL — strict: line 6 (prompt-hex): expected non-empty lower-case hex of even length		qemu_lookup/RECEIPT.TXT; maxtok<-4096; prompt-hex<-' '
F-01352	bd874f20bc8bd12e98cd7d526431cc19eb806a152dc458fa102e73a88ce777fc	1	REJECT_CLEAN	0	FAIL artifact: MODEL hash mismatch (receipt éé vs local a44e48965c641b81)		1	REJECT_CLEAN	0	VERIFY FAIL — strict: byte 173: 0xc3 is not printable ASCII or LF		qemu_self/RECEIPT.TXT; prompt-toks<-'00'; model<-'éé'; dupline5
F-01353	49289460a13749c9bc5e4a75ac6df5def9ba9d5286b05b1971dbc2b83d12a6e4	0	ACCEPT	0	VERIFY PASS — replay reproduced 23 tokens, the token digest, and the full logit chain bit-for-bit		1	REJECT_CLEAN	0	VERIFY FAIL — strict: line 1: header must be exactly "AEGIS-WITNESS v1-CIS"		qemu_lookup/RECEIPT2.TXT; ins@13:b'999999999999999999999999999999'
F-01354	1655cbb6983c997bfdc028b1ce5d3b6ec18621ef7ebfaead34afde81ced55a77	0	ACCEPT	0	VERIFY PASS — replay reproduced 50 tokens, the token digest, and the full logit chain bit-for-bit		1	REJECT_CLEAN	0	VERIFY FAIL — strict: line 10: duplicate key "token-ids", canonical order expects "cis-digest"		qemu_receipt/RECEIPT.TXT; dupline8
F-01355	5b316957a7e5cc5806c7a5f436ca6f07f26afe4ce9022f635114930d11a4b32f	1	REJECT_CLEAN	0	FAIL artifact: VOCAB hash mismatch (receipt  vs local a4cafc9649488987)		1	REJECT_CLEAN	0	VERIFY FAIL — strict: no newline after the last line (exactly one is required)		qemu_lookup/RECEIPT.TXT; trunc@4
F-01356	6b04913a1319d6bc330317d1765b9e008434ede22767f7907d888383fbb7c35b	1	REJECT_CLEAN	0	FAIL artifact: VOCAB hash mismatch (receipt a4cafc964?488934 vs local a4cafc9649488987)		1	REJECT_CLEAN	0	VERIFY FAIL — strict: line 1: header must be exactly "AEGIS-WITNESS v1-CIS"		qemu_receipt/RECEIPT.TXT; del[183:191]; AEGIS-WITNESS<-'-1'; rep@174:0x3f
F-01357	a349d2a32cc0ac2f98ab974f575835eb869619c1125c0c1db10bbc147574f087	1	REJECT_CLEAN	0	FAIL artifact: VOCAB hash mismatch (receipt  vs local a4cafc9649488987)		1	REJECT_CLEAN	0	VERIFY FAIL — strict: no newline after the last line (exactly one is required)		qemu_lookup/RECEIPT2.TXT; trunc@56
F-01358	c23edd7182c5239b65c043ddf1ff5002cfcc042969a35c36692d2d9d66b059ac	1	REJECT_CLEAN	0	VERIFY FAIL — replay diverged from the receipt		1	REJECT_CLEAN	0	VERIFY FAIL — replay diverged from the receipt		qemu_calc_words/RECEIPT.TXT; prompt-hex<-hex('\x96且\ue005ȃ̘'..5ch)
F-01359	b5adf71c44d8760b4c51cd5717a285ce163bce9994bb78fde3c36d3f369a9232	1	REJECT_CLEAN	0	VERIFY FAIL — replay diverged from the receipt		1	REJECT_CLEAN	0	VERIFY FAIL — strict: line 4: key out of order "maxtok", canonical order expects "vocab"		qemu_calc/RECEIPT2.TXT; dupline10; swap4/3; prompt-hex<-hex('Ũm\x89'..3ch)
F-01360	cf28ebcdcded11af9c3ba9fa9e94aed12e29ae2fd222fb9f6199596ebfa6a002	1	REJECT_CLEAN	0	VERIFY FAIL — malformed receipt: not valid UTF-8		1	REJECT_CLEAN	0	VERIFY FAIL — strict: byte 0: 0xe2 is not printable ASCII or LF		garbage:rand
F-01361	c4e8398d212f4a6d3ce7273b973ca3481117e86ada57cee878b21e5e013a4553	1	REJECT_CLEAN	0	VERIFY FAIL — receipt inputs cannot be replayed: prompt tokenized to nothing		1	REJECT_CLEAN	0	VERIFY FAIL — strict: line 5: expected "maxtok <value>"		qemu_abstain/RECEIPT.TXT; prompt-hex<-hex('OǞ͑乆Y\x8a\ue000Ʌ͇\r\x10\x8c'..20ch); del[238:270]
F-01362	10c554f552bfc0f2f5daa3104dad8bc5ecb168eb71877f1abe9283ba3d94efb7	1	REJECT_CLEAN	0	VERIFY FAIL — replay diverged from the receipt		1	REJECT_CLEAN	0	VERIFY FAIL — replay diverged from the receipt		qemu_calc/RECEIPT.TXT; prompt-hex<-hex('\x02😎ĝ\n͠͞hƆ\x8d\x8c\ue006\x9c'..20ch)
F-01363	711b864def0ce3b6bd650db0da4446a98a74d6dc2ecf2020fb713718d0324141	1	REJECT_CLEAN	0	FAIL artifact: VOCAB hash mismatch (receipt a4cafc9649488987 vs local a4cafc9649488987)		1	REJECT_CLEAN	0	VERIFY FAIL — strict: line 4 (vocab): expected 64 lower-case hex digits		qemu_everyday/RECEIPT.TXT; maxtok<-0; del[185:200]
F-01364	377625ae6aa4b728c0d539da97a17495cc740fcc94417290a89446273cc869ab	1	REJECT_CLEAN	0	VERIFY FAIL — malformed receipt: not valid UTF-8		1	REJECT_CLEAN	0	VERIFY FAIL — strict: byte 1260: 0xbb is not printable ASCII or LF		qemu_calc_words/RECEIPT.TXT; vocab<-'ffffffffffff'; rep@442:0xbb; prompt-hex<-hex('\x01Ĺ\x80I`͂\ue0034\x8b\ue000\x15丽'..200ch)
F-01365	fe19fcd9b129f88696d10cd4eeda73b0d490b2142e6c9e49c4cfd229cf50dc3e	0	ACCEPT	0	VERIFY PASS — replay reproduced 30 tokens, the token digest, and the full logit chain bit-for-bit		1	REJECT_CLEAN	0	VERIFY FAIL — strict: byte 14: 0xed is not printable ASCII or LF		qemu_self/RECEIPT.TXT; AEGIS-WITNESS<-'\ud7ff'
F-01366	fc3963d68be8618b5d2625460a9a4ed3c59ad2fd958287a65f658a3702429993	1	REJECT_CLEAN	0	VERIFY FAIL — replay diverged from the receipt		1	REJECT_CLEAN	0	VERIFY FAIL — replay diverged from the receipt		qemu_calc/RECEIPT2.TXT; del[354:366]; prompt-hex<-hex('\x1cǑ😀X%'..5ch)
F-01367	9b0e86f035a315ed7927c648a0cebc06d653a27c88ccc648292056bf6352dfe0	1	REJECT_CLEAN	0	FAIL artifact: VOCAB hash mismatch (receipt 1 2 vs local a4cafc9649488987)		1	REJECT_CLEAN	0	VERIFY FAIL — strict: line 6: duplicate key "vocab", canonical order expects "prompt-hex"		qemu_calc_words/RECEIPT.TXT; prompt-hex<-hex('😐😠\ue00b\x02\ue000😒̚\x13\x88\ue00dͨĿ'..200ch); dupline3; vocab<-'1 2'
F-01368	a21013debce66b81426227552cff2c246c3f89d1241e15f9abb8d3a8d35786aa	1	REJECT_CLEAN	0	VERIFY FAIL — replay diverged from the receipt		1	REJECT_CLEAN	0	VERIFY FAIL — strict: line 12: unexpected extra line "AEGIS-WITNESS" (a receipt has exactly 11 lines)		qemu_lookup/RECEIPT2.TXT; prompt-hex<-hex('😋😐\ue00a😑\ue001pƘ丙'..8ch); prompt-hex<-hex('\x87ͮ😊+\ue00f'..5ch); dupline0
F-01369	c2c51c4a0e0703ffd8adddb2d9b0979751790c03132c7e4ca24fadad088cbb91	1	REJECT_CLEAN	0	VERIFY FAIL — replay diverged from the receipt		1	REJECT_CLEAN	0	VERIFY FAIL — strict: line 4: key out of order "prompt-hex", canonical order expects "vocab"		qemu_self/RECEIPT.TXT; rep@582:0x71; swap3/5
F-01370	108c747f3763beac42aa34cc892095a948f36fb53e85a1646c3fdc168a4124b2	1	REJECT_CLEAN	0	VERIFY FAIL — malformed receipt: not valid UTF-8		1	REJECT_CLEAN	0	VERIFY FAIL — strict: byte 399: 0xac is not printable ASCII or LF		qemu_lookup/RECEIPT2.TXT; chain<-'-1'; rep@424:0xac; del[295:320]
F-01371	df67a08afc26dbcf4596d3ee59a97440c571b7bcfa585643e888f8c4ead47b3e	1	REJECT_CLEAN	0	FAIL artifact: VOCAB hash mismatch (receipt 0 vs local a4cafc9649488987)		1	REJECT_CLEAN	0	VERIFY FAIL — strict: line 4 (vocab): expected 64 lower-case hex digits		qemu_lookup/RECEIPT2.TXT; vocab<-'0'; del[569:596]; maxtok<-9223372036854775808
F-01372	c8cd97a02238fbcdb05d390c5a0a42fc7d7714d84eae16889ecee28ba935cecb	1	REJECT_CLEAN	0	FAIL artifact: VOCAB hash mismatch (receipt  vs local a4cafc9649488987)		1	REJECT_CLEAN	0	VERIFY FAIL — strict: no newline after the last line (exactly one is required)		qemu_abstain/RECEIPT.TXT; trunc@98; swap0/1; swap0/2
F-01373	658d08d9389acc548804552404a3edc3ceebeb4b6e14e7e9ed918b02160e9951	0	ACCEPT	0	VERIFY PASS — replay reproduced 30 tokens, the token digest, and the full logit chain bit-for-bit		1	REJECT_CLEAN	0	VERIFY FAIL — strict: byte 312: 0xc3 is not printable ASCII or LF		qemu_self/RECEIPT.TXT; dupline7; gen-toks<-'aéé'; AEGIS-WITNESS<-'000000000000'
F-01374	ba2d8fb91eeb111414df224854ba8c390b3b04886d5b3b83dd5dd1123493ca79	1	REJECT_CLEAN	0	VERIFY FAIL — malformed receipt: prompt-hex does not decode to UTF-8 text		1	REJECT_CLEAN	0	VERIFY FAIL — strict: line 6 (prompt-hex): expected non-empty lower-case hex of even length		qemu_abstain/RECEIPT.TXT; ins@260:b'g'
F-01375	bb1c202965ca241975a90c4d4db43001bad7ee64ba9b4411be5d2010ac8db164	1	REJECT_CLEAN	0	FAIL artifact: VOCAB hash mismatch (receipt  vs local a4cafc9649488987)		1	REJECT_CLEAN	0	VERIFY FAIL — strict: no newline after the last line (exactly one is required)		qemu_lookup/RECEIPT2.TXT; embed<-'184467440737'; trunc@2
F-01376	5737a5bb036e64368765538f6d9b00307ec16be9e47f201b2d1158b7be64904c	1	REJECT_CLEAN	0	VERIFY FAIL — replay diverged from the receipt		1	REJECT_CLEAN	0	VERIFY FAIL — strict: line 8 (gen-toks): expected a decimal integer without sign or leading zeros		qemu_lookup/RECEIPT2.TXT; prompt-hex<-hex('两丧丬F\x8dȌ乎😅̖Q̕&'..200ch); gen-toks<-'ffffffffffff'
F-01377	28f152c21df7a713c8eded88a6751dd14a061631241f43758a971e0d6f440feb	0	ACCEPT	0	VERIFY PASS — replay reproduced 30 tokens, the token digest, and the full logit chain bit-for-bit		1	REJECT_CLEAN	0	VERIFY FAIL — strict: line 1: header must be exactly "AEGIS-WITNESS v1-CIS"		qemu_self/RECEIPT.TXT; AEGIS-WITNESS<-'184467440737'
F-01378	2fd3c31d9ed9dfe995578816f7726f067a0f402e169ed4facb848394d61ef14f	1	REJECT_CLEAN	0	VERIFY FAIL — replay diverged from the receipt		1	REJECT_CLEAN	0	VERIFY FAIL — replay diverged from the receipt		qemu_everyday/RECEIPT.TXT; prompt-hex<-hex('😋\x80'..2ch)
F-01379	24feb61c53553b8175baa15ab1ba25d47f0ce03f632ffc38cd96049a62ae781e	1	REJECT_CLEAN	0	VERIFY FAIL — receipt inputs cannot be replayed: prompt tokenized to nothing		1	REJECT_CLEAN	0	VERIFY FAIL — strict: no newline after the last line (exactly one is required)		qemu_self/RECEIPT.TXT; cis-digest<-','; trunc@236
F-01380	b48a345304f61a1a0a1c07a791a22cafaacb559a86f60090f3717e52fc72c3b8	1	REJECT_CLEAN	0	VERIFY FAIL — malformed receipt: maxtok is not an unsigned integer		1	REJECT_CLEAN	0	VERIFY FAIL — strict: line 5 (maxtok): expected a decimal integer without sign or leading zeros		qemu_everyday/RECEIPT.TXT; maxtok<-18446744073709551616
F-01381	031ed708deab38da99f3e4f8f1ec42173e44d037934dc7163d9b5d0079ecb78b	1	REJECT_CLEAN	0	VERIFY FAIL — receipt inputs cannot be replayed: prompt (13) + max_new (4096) exceeds max_position_embeddings (512)		1	REJECT_CLEAN	0	VERIFY FAIL — receipt inputs cannot be replayed: prompt (13) + max_new (4096) exceeds max_position_embeddings (512)		qemu_calc/RECEIPT.TXT; maxtok<-4096
F-01382	13e4686c2375ef070af32c5c2778f1e5e08c400701f8865614cc98ed6a64a534	1	REJECT_CLEAN	0	FAIL artifact: VOCAB hash mismatch (receipt a4cafc98eb053476 vs local a4cafc9649488987)		1	REJECT_CLEAN	0	VERIFY FAIL — strict: line 4 (vocab): expected 64 lower-case hex digits		qemu_self/RECEIPT.TXT; prompt-hex<-hex('😊😀'..2ch); del[176:186]
F-01383	2ea2dbd9856daf010a2c4dcb657dc3a49e2d8ab1616c6e8edb557f977bb3c628	1	REJECT_CLEAN	0	VERIFY FAIL — replay diverged from the receipt		1	REJECT_CLEAN	0	VERIFY FAIL — strict: line 2: unknown key "AEGIS-WITNESS", canonical order expects "model"		qemu_calc/RECEIPT.TXT; prompt-hex<-hex('̖'..1ch); prompt-hex<-hex('CB\x17ŀ͙\x06\ue0007'..8ch); dupline0
F-01384	d1dee3232ad2e3398458cc75ad764564980842648a4049ba709fd514344a4cee	1	REJECT_CLEAN	0	VERIFY FAIL — malformed receipt: not valid UTF-8		1	REJECT_CLEAN	0	VERIFY FAIL — strict: byte 576: 0xc3 is not printable ASCII or LF		qemu_calc_words/RECEIPT2.TXT; prompt-hex<-hex('Ǆ\x9b\x93̳eͤ😑😝\x00\x0c\ue001主'..200ch); ins@576:b'\xc3'
F-01385	765f44ebaebf62eb527ea47357fb87e8c28eb899b828b90e864e5e4f91619707	1	REJECT_CLEAN	0	VERIFY FAIL — replay diverged from the receipt		1	REJECT_CLEAN	0	VERIFY FAIL — strict: no newline after the last line (exactly one is required)		qemu_receipt/RECEIPT.TXT; trunc@517; prompt-hex<-hex('\x02u]÷Z\x9e😖.͜d\ue002Ɏ'..60ch); prompt-hex<-hex('\x8c么\ue00e̎Ŵ͉I\t'..8ch)
F-01386	a6f2c9b95157ed6c0b2423221175a0046f11184ed200f513b15a9903c0678fe5	1	REJECT_CLEAN	0	VERIFY FAIL — replay diverged from the receipt		1	REJECT_CLEAN	0	VERIFY FAIL — strict: line 9: key out of order "cis-digest", canonical order expects "token-ids"		qemu_self/RECEIPT.TXT; dupline9; del[340:366]
F-01387	8e8664b407a0b361aeff5133d56d2ee7a00d3f61394155f083fd6f4fffa63a38	1	REJECT_CLEAN	0	VERIFY FAIL — replay diverged from the receipt		1	REJECT_CLEAN	0	VERIFY FAIL — strict: no newline after the last line (exactly one is required)		qemu_unknown_tool/RECEIPT.TXT; trunc@326; del[260:300]
F-01388	73dd3273d52006d9e20f96114fe32087f93524b7f93c19a7e48ff34d586738d0	1	REJECT_CLEAN	0	FAIL artifact: MODEL hash mismatch (receipt FF vs local a44e48965c641b81)		1	REJECT_CLEAN	0	VERIFY FAIL — strict: line 2 (model): expected 64 lower-case hex digits		qemu_calc/RECEIPT.TXT; model<-'FF'; prompt-hex<-hex('\x196😏\x92\x91\nĤ\ue003世\x15东\x86'..60ch); cis-digest<-'FF'
F-01389	ab348269702d4b50692f9029a621f18917103d7fc41c4db92053c5812be0c623	1	REJECT_CLEAN	0	VERIFY FAIL — malformed receipt: not valid UTF-8		1	REJECT_CLEAN	0	VERIFY FAIL — strict: byte 411: 0x8a is not printable ASCII or LF		qemu_lookup/RECEIPT.TXT; rep@411:0x8a
F-01390	1135b72d1616bf2f19ed616e75635e4ecb129b61a677ad26dfc9023527bea060	1	REJECT_CLEAN	0	FAIL artifact: EMBED hash mismatch (receipt  vs local 8cbcd6b69df03539)		1	REJECT_CLEAN	0	VERIFY FAIL — strict: no newline after the last line (exactly one is required)		qemu_everyday/RECEIPT.TXT; rep@94:0x0a; AEGIS-WITNESS<-','; trunc@401
F-01391	041d52507ac7536289d04d78a903d3fc0f35eaed825b33f2b37fc1bedb7bcf32	0	ACCEPT	0	VERIFY PASS — replay reproduced 8 tokens, the token digest, and the full logit chain bit-for-bit		1	REJECT_CLEAN	0	VERIFY FAIL — strict: line 7: key out of order "token-ids", canonical order expects "prompt-toks"		qemu_calc_words/RECEIPT.TXT; swap8/6
F-01392	4dd1743430d90539296606b3a9b2cc978f74aff28aefddf7c2c4d5c72d22aefd	1	REJECT_CLEAN	0	VERIFY FAIL — receipt inputs cannot be replayed: prompt (9) + max_new (2147483648) exceeds max_position_embeddings (512)		1	REJECT_CLEAN	0	VERIFY FAIL — strict: byte 522: 0xc3 is not printable ASCII or LF		qemu_unknown_tool/RECEIPT.TXT; maxtok<-2147483648; chain<-'éé'
F-01393	75d94fd2df48f4f9810327d05ece19a9f84917bb6b4da61ba81281e87329d19b	1	REJECT_CLEAN	0	VERIFY FAIL — replay diverged from the receipt		1	REJECT_CLEAN	0	VERIFY FAIL — strict: line 3: key out of order "prompt-hex", canonical order expects "embed"		qemu_lookup/RECEIPT.TXT; swap2/5; prompt-hex<-hex('o\x83e😎F'..5ch); prompt-hex<-hex('ƮL%WU'..5ch)
F-01394	908d5bfa56d822fb7e4e14393b8b0a1ba433c0b1a84f7ece6a640ee7ac099d87	1	REJECT_CLEAN	0	VERIFY FAIL — receipt inputs cannot be replayed: prompt tokenized to nothing		1	REJECT_CLEAN	0	VERIFY FAIL — strict: no newline after the last line (exactly one is required)		qemu_calc/RECEIPT2.TXT; trunc@251; dupline3
F-01395	97bea322fdd3c3c972f340607e38b140b988421d35e09031f8dc0b8f0125565a	0	ACCEPT	0	VERIFY PASS — replay reproduced 35 tokens, the token digest, and the full logit chain bit-for-bit		1	REJECT_CLEAN	0	VERIFY FAIL — strict: byte 10: 0x00 is not printable ASCII or LF		qemu_unknown_tool/RECEIPT.TXT; ins@10:b'\x00'
F-01396	36b8c63ad305f12290185603af061cdc07c03dbffa6224235479d93daa461f49	1	REJECT_CLEAN	0	FAIL artifact: MODEL hash mismatch (receipt  vs local a44e48965c641b81)		1	REJECT_CLEAN	0	VERIFY FAIL — strict: line 1: header must be exactly "AEGIS-WITNESS v1-CIS"		qemu_calc_words/RECEIPT2.TXT; del[6:34]; dupline1; dupline3
F-01397	940b487a3b52ba99807e0d8a6c25ab129866a98a4eb50369ef20399c9c651ca3	1	REJECT_CLEAN	0	FAIL artifact: MODEL hash mismatch (receipt zz vs local a44e48965c641b81)		1	REJECT_CLEAN	0	VERIFY FAIL — strict: byte 257: 0xc3 is not printable ASCII or LF		qemu_unknown_tool/RECEIPT.TXT; model<-'zz'; gen-toks<-'éé'
F-01398	7b461d389d66151c0ffa1e5a943dd284975b3ede7f1b6798d8ae6bb8f3c3cd92	0	ACCEPT	0	VERIFY PASS — replay reproduced 30 tokens, the token digest, and the full logit chain bit-for-bit		1	REJECT_CLEAN	0	VERIFY FAIL — strict: line 9: key out of order "cis-digest", canonical order expects "token-ids"		qemu_self/RECEIPT.TXT; dupline9
F-01399	0f04afb37a4d7140adf704a9d81470deaca6e2429d2c914a828bff24b35ab597	1	REJECT_CLEAN	0	FAIL artifact: VOCAB hash mismatch (receipt  vs local a4cafc9649488987)		1	REJECT_CLEAN	0	VERIFY FAIL — strict: no newline after the last line (exactly one is required)		qemu_everyday/RECEIPT.TXT; trunc@83
F-01400	6bcb75398dfa364dd624795ca5b33db42ee37256e99fc8c3bb7202ee5a9280d2	1	REJECT_CLEAN	0	VERIFY FAIL — malformed receipt: not valid UTF-8		1	REJECT_CLEAN	0	VERIFY FAIL — strict: byte 0: 0xff is not printable ASCII or LF		garbage:highbytes
F-01401	fea73bca8a30fd30e92dd64d874d411629bf933111bc2268fddfa138b8e011c7	1	REJECT_CLEAN	0	VERIFY FAIL — receipt inputs cannot be replayed: prompt (1408) + max_new (8) exceeds max_position_embeddings (512)		1	REJECT_CLEAN	0	VERIFY FAIL — strict: no newline after the last line (exactly one is required)		qemu_calc_words/RECEIPT.TXT; trunc@339; prompt-hex<-hex('\x82\ue010̆严̭\ue00cx😒^😀T\x01'..200ch); prompt-hex<-hex('丢oSū{\x82不Ju|丶\x05'..700ch)
F-01402	9d68b1e4608f65c6768a584a0ba330f919fa11e7a9e901d194f5afb8abdc60f1	1	REJECT_CLEAN	0	VERIFY FAIL — replay diverged from the receipt		1	REJECT_CLEAN	0	VERIFY FAIL — replay diverged from the receipt		qemu_everyday/RECEIPT.TXT; prompt-hex<-hex('Ǩ😍'..2ch)
F-01403	5d64428565bf69f459d96122d8d696025578a7612d2450418b3be1f38b5031e2	1	REJECT_CLEAN	0	FAIL artifact: VOCAB hash mismatch (receipt a4cafc9649488987 vs local a4cafc9649488987)		1	REJECT_CLEAN	0	VERIFY FAIL — strict: no newline after the last line (exactly one is required)		qemu_calc_words/RECEIPT2.TXT; swap4/11; ins@188:b'\n\n'
F-01404	689e8aa313563808528cb8174936cf554e963305fc6ed8fede07afe3b24995f6	1	REJECT_CLEAN	0	FAIL artifact: VOCAB hash mismatch (receipt a4cafc9649488987 vs local a4cafc9649488987)		1	REJECT_CLEAN	0	VERIFY FAIL — strict: line 1: header must be exactly "AEGIS-WITNESS v1-CIS"		qemu_everyday/RECEIPT.TXT; ins@199:b'\n\n'; AEGIS-WITNESS<-'000000000000'; prompt-hex<-hex('̂\x8bJF\x07\ue003͍ï'..8ch)
F-01405	748a2fcafe9396b44b30ca59c5ca63ba655edf8ca0e80934ff98051c3f72f615	1	REJECT_CLEAN	0	VERIFY FAIL — replay diverged from the receipt		1	REJECT_CLEAN	0	VERIFY FAIL — strict: line 8: duplicate key "prompt-toks", canonical order expects "gen-toks"		qemu_calc_words/RECEIPT.TXT; dupline6; del[407:441]
F-01406	96f687259963b78ce4afd6f1c2eeb8d97d4de99feb0c568272995a68cb512502	1	REJECT_CLEAN	0	VERIFY FAIL — replay diverged from the receipt		1	REJECT_CLEAN	0	VERIFY FAIL — strict: no newline after the last line (exactly one is required)		qemu_everyday/RECEIPT.TXT; trunc@430; dupline6
F-01407	2417e30f1b9e5597f80149b44a2fe80fb0dc65c629a105f8f1a9981ecae293b9	1	REJECT_CLEAN	0	FAIL artifact: MODEL hash mismatch (receipt  vs local a44e48965c641b81)		1	REJECT_CLEAN	0	VERIFY FAIL — strict: line 1: header must be exactly "AEGIS-WITNESS v1-CIS"		qemu_calc/RECEIPT.TXT; del[5:44]
F-01408	3a3477166a81a5f1cf69c7d5e82267c85817fcdea82313f4808d9fea504cbf97	1	REJECT_CLEAN	0	FAIL artifact: VOCAB hash mismatch (receipt  vs local a4cafc9649488987)		1	REJECT_CLEAN	0	VERIFY FAIL — strict: no newline after the last line (exactly one is required)		qemu_calc_words/RECEIPT2.TXT; prompt-toks<-'1,2,'; trunc@16
F-01409	52f3cff331b710a29ac4f5dccb6d6c85c0a4e3076041979acb1e053a80d35831	1	REJECT_CLEAN	0	VERIFY FAIL — malformed receipt: maxtok is not an unsigned integer		1	REJECT_CLEAN	0	VERIFY FAIL — strict: line 5 (maxtok): expected a decimal integer without sign or leading zeros		qemu_unknown_tool/RECEIPT.TXT; maxtok<-','
F-01410	8456699dda35ce356de6de12a70b25aa23eb888ac4297307ee01593140a9b14a	1	REJECT_CLEAN	0	FAIL artifact: EMBED hash mismatch (receipt  vs local 8cbcd6b69df03539)		1	REJECT_CLEAN	0	VERIFY FAIL — strict: byte 14: 0x09 is not printable ASCII or LF		qemu_calc/RECEIPT.TXT; AEGIS-WITNESS<-'\t'; del[83:89]; prompt-hex<-hex('͉\ue006_'..3ch)
F-01411	abdde5f27ece719c5c92b1abc98586cb04d4a5c236bcc1a1835e136ceb8cb4ea	1	REJECT_CLEAN	0	VERIFY FAIL — replay diverged from the receipt		1	REJECT_CLEAN	0	VERIFY FAIL — strict: gen-toks 50 does not equal the token-ids count 43		qemu_receipt/RECEIPT.TXT; del[523:553]; prompt-hex<-hex('\rr\xa0\x1b̄😒Bǋ\x1dĹ\ue000ǿ'..20ch); prompt-hex<-hex('\x06\x8f'..2ch)
F-01412	e4ade48534700a38c973c5947366bfbfd45c6497b42aad4862df7e70eb0562d4	1	REJECT_CLEAN	0	VERIFY FAIL — replay diverged from the receipt		1	REJECT_CLEAN	0	VERIFY FAIL — replay diverged from the receipt		qemu_lookup/RECEIPT2.TXT; prompt-hex<-hex('9为'..2ch)
F-01413	28ff0f48940e08e9a0e12f20d5dac221a729d093fe3ba2e40aa078eda7374ef4	1	REJECT_CLEAN	0	VERIFY FAIL — malformed receipt: not valid UTF-8		1	REJECT_CLEAN	0	VERIFY FAIL — strict: byte 45: 0xb3 is not printable ASCII or LF		qemu_abstain/RECEIPT.TXT; prompt-toks<-'-1'; rep@45:0xb3
F-01414	7db8a34ba5f7f0717571f7481ad89921618fb2ebd52128064c0dd27d7c0f08d5	1	REJECT_CLEAN	0	FAIL artifact: VOCAB hash mismatch (receipt a4cafc96494 vs local a4cafc9649488987)		1	REJECT_CLEAN	0	VERIFY FAIL — strict: no newline after the last line (exactly one is required)		qemu_abstain/RECEIPT.TXT; rep@396:0x5e; trunc@180
F-01415	2bbdab03d4844d9d5f5a8e1a483af6048512ce391f8a6244b9edebacf3080984	1	REJECT_CLEAN	0	FAIL artifact: VOCAB hash mismatch (receipt a4cafc964948897 vs local a4cafc9649488987)		1	REJECT_CLEAN	0	VERIFY FAIL — strict: byte 183: 0x15 is not printable ASCII or LF		qemu_calc_words/RECEIPT2.TXT; prompt-hex<-hex('\x9aO😃°\x1b\ue002\x90š\x03@\x1eI'..20ch); rep@183:0x15
F-01416	f8bf390ec1bf1535bf24bb48b3138fd05b0f3b3547b10681899dd7fa9692722b	1	REJECT_CLEAN	0	VERIFY FAIL — malformed receipt: not valid UTF-8		1	REJECT_CLEAN	0	VERIFY FAIL — strict: byte 370: 0xc6 is not printable ASCII or LF		qemu_calc/RECEIPT.TXT; maxtok<-18446744073709551615; ins@61:b'\n'; rep@370:0xc6
F-01417	496647e2bf37dc0d7c0acfbbab9ec2b88d33d3c6331abcea4c7b93acc37b3fd7	1	REJECT_CLEAN	0	VERIFY FAIL — replay diverged from the receipt		1	REJECT_CLEAN	0	VERIFY FAIL — strict: byte 385: 0x09 is not printable ASCII or LF		qemu_everyday/RECEIPT.TXT; prompt-hex<-hex('\ue004*丈😝丁6\x96\x01'..8ch); ins@384:b'\t'; maxtok<-16
F-01418	3eaf9b8ca8225dcb0bad3f22e031df827a4c9714bb0c61b84c434edfa45dba83	0	ACCEPT	0	VERIFY PASS — replay reproduced 23 tokens, the token digest, and the full logit chain bit-for-bit		1	REJECT_CLEAN	0	VERIFY FAIL — strict: line 3: key out of order "cis-digest", canonical order expects "embed"		qemu_lookup/RECEIPT2.TXT; swap9/2
F-01419	5c315a9e6d99fc7bc0506ff873505dd9328a3893cb9b4268e6d3d683c0c5a320	1	REJECT_CLEAN	0	FAIL artifact: EMBED hash mismatch (receipt 8cbcd6b69df03539 vs local 8cbcd6b69df03539)		1	REJECT_CLEAN	0	VERIFY FAIL — strict: line 3 (embed): expected 64 lower-case hex digits		qemu_calc_words/RECEIPT.TXT; ins@161:b'-'
F-01420	b7941ad71990bfe3b95a9dc416bc2e947095e24c6eb8aba402404f67aaa24da4	1	REJECT_CLEAN	0	VERIFY FAIL — malformed receipt: prompt-hex does not decode to UTF-8 text		1	REJECT_CLEAN	0	VERIFY FAIL — strict: line 6 (prompt-hex): expected non-empty lower-case hex of even length		qemu_lookup/RECEIPT.TXT; prompt-toks<-'1,2,'; del[297:334]
F-01421	024f95d3fa1f6b30a0a3cf471c14a4f3b98f2050e63a4675bd069baccc34e419	1	REJECT_CLEAN	0	VERIFY FAIL — replay diverged from the receipt		1	REJECT_CLEAN	0	VERIFY FAIL — replay diverged from the receipt		qemu_self/RECEIPT.TXT; prompt-hex<-hex('😕\x90>Ô丘'..5ch)
F-01422	6fb5e5e6e448b28924d036ff1186f823cb942bf2e2fdd9f1fc85fb4eeddd229b	1	REJECT_CLEAN	0	FAIL artifact: VOCAB hash mismatch (receipt a4cafc9649 vs local a4cafc9649488987)		1	REJECT_CLEAN	0	VERIFY FAIL — strict: no newline after the last line (exactly one is required)		qemu_calc_words/RECEIPT2.TXT; trunc@179
F-01423	79075b49c74338834ae52c85c7267cda89e7b6665b7fa57e22391b4fccc669d6	1	REJECT_CLEAN	0	VERIFY FAIL — malformed receipt: maxtok is not an unsigned integer		1	REJECT_CLEAN	0	VERIFY FAIL — strict: byte 241: 0xc3 is not printable ASCII or LF		qemu_receipt/RECEIPT.TXT; maxtok<-'é'
F-01424	31b03c4c4350ce99c3057c133bb812ea96e9926599964439102c9fd7d57407b3	0	ACCEPT	0	VERIFY PASS — replay reproduced 25 tokens, the token digest, and the full logit chain bit-for-bit		1	REJECT_CLEAN	0	VERIFY FAIL — strict: line 4: key out of order "token-ids", canonical order expects "vocab"		qemu_abstain/RECEIPT.TXT; dupline2; dupline9
F-01425	de717abb95a3dd5618e9b0d46aa1be4d8bb0780b032052a99430c8fecbf1b99b	1	REJECT_CLEAN	0	VERIFY FAIL — malformed receipt: not valid UTF-8		1	REJECT_CLEAN	0	VERIFY FAIL — strict: byte 3396: 0xff is not printable ASCII or LF		qemu_self/RECEIPT.TXT; ins@592:b'\xff'; prompt-hex<-hex('H̆Ĥƭ̳\x8b\x99\x02\x87\x80\x04😈'..700ch)
F-01426	7584468e6f508bbb21651a34d47d741b3243dc9001f25e1e2e6d1d8c1f90ba4a	1	REJECT_CLEAN	0	VERIFY FAIL — replay diverged from the receipt		1	REJECT_CLEAN	0	VERIFY FAIL — replay diverged from the receipt		qemu_calc/RECEIPT2.TXT; prompt-hex<-hex('2¾\x1cŒ̟͙\x8a\x05\x7f\x9d͊😕'..60ch); prompt-hex<-hex('ă 😚'..3ch)
F-01427	029b5d8c0d43dbd0312d45c00ca539ca47bbbfd38b802ea6a7ccf2221af58afd	1	REJECT_CLEAN	0	VERIFY FAIL — replay diverged from the receipt		1	REJECT_CLEAN	0	VERIFY FAIL — replay diverged from the receipt		qemu_unknown_tool/RECEIPT.TXT; del[372:373]
F-01428	70802ca9ac9dbf61213a6fd128e268079ea214122931346be165200b31bccda3	1	REJECT_CLEAN	0	VERIFY FAIL — replay diverged from the receipt		1	REJECT_CLEAN	0	VERIFY FAIL — strict: line 11 (chain): expected 64 lower-case hex digits		qemu_calc_words/RECEIPT2.TXT; prompt-hex<-hex('hWp\ue00f丶\x93\ue000ĸÄ\x85😔😋'..20ch); rep@481:0x21
F-01429	11844f5cd5200afc1d5e40839b45d928b0efca0dde83384e08b1c3a868c9e291	1	REJECT_CLEAN	0	FAIL artifact: EMBED hash mismatch (receipt 8cbcd6b69df03539 vs local 8cbcd6b69df03539)		1	REJECT_CLEAN	0	VERIFY FAIL — strict: line 3 (embed): expected 64 lower-case hex digits		qemu_receipt/RECEIPT.TXT; ins@132:b'Z'
F-01430	27475ad8d17e3326e2a97c4b9024894e2ce57d4b1c8218ce6acdba17bc26fa08	1	REJECT_CLEAN	0	FAIL artifact: MODEL hash mismatch (receipt a44e48965c641b81 vs local a44e48965c641b81)		1	REJECT_CLEAN	0	VERIFY FAIL — strict: byte 87: 0x7f is not printable ASCII or LF		qemu_abstain/RECEIPT.TXT; rep@87:0x7f; maxtok<-4294967296; prompt-hex<-hex("\x8cȆ\ue008#M\ue00b为😌中'\ue001\ue005"..20ch)
F-01431	e9e2b335b2648354cbf3cb7a2343bcc1cd61bf7d690ada6d460e54917117bd8c	1	REJECT_CLEAN	0	VERIFY FAIL — replay diverged from the receipt		1	REJECT_CLEAN	0	VERIFY FAIL — replay diverged from the receipt		qemu_everyday/RECEIPT.TXT; del[297:303]
F-01432	69c5baa210543f407c1cd8a75cdb8058445f47c68b28b4024b0edf55e877c98c	1	REJECT_CLEAN	0	VERIFY FAIL — replay diverged from the receipt		1	REJECT_CLEAN	0	VERIFY FAIL — strict: no newline after the last line (exactly one is required)		qemu_calc/RECEIPT.TXT; trunc@376
F-01433	b310da8e4f958c7ed356c16fca8c3310497658f54b5d7a66fff77cfe9d459282	1	REJECT_CLEAN	0	VERIFY FAIL — malformed receipt: prompt-hex does not decode to UTF-8 text		1	REJECT_CLEAN	0	VERIFY FAIL — strict: byte 169: 0xc3 is not printable ASCII or LF		qemu_receipt/RECEIPT.TXT; vocab<-'é'; del[316:353]
F-01434	25d0c4f4cdbad84defc657c6ff96bec1758b5f8224aac00005432ab2f748381c	0	ACCEPT	0	VERIFY PASS — replay reproduced 25 tokens, the token digest, and the full logit chain bit-for-bit		1	REJECT_CLEAN	0	VERIFY FAIL — strict: line 8: key out of order "token-ids", canonical order expects "gen-toks"		qemu_abstain/RECEIPT.TXT; dupline11; swap9/7
F-01435	ccfa8db92242cd92e8784d6680daf85df3e557eea0e867022616feb205c58956	1	REJECT_CLEAN	0	FAIL artifact: VOCAB hash mismatch (receipt  vs local a4cafc9649488987)		1	REJECT_CLEAN	0	VERIFY FAIL — strict: no newline after the last line (exactly one is required)		qemu_calc/RECEIPT.TXT; prompt-hex<-hex('C\x85̾͋丝\x17\ue00b三"O両\ue00a'..60ch); trunc@88; AEGIS-WITNESS<-''
F-01436	4087151de809d14e63261811f6e7214a308fecde8af0e2ddc40627005aa90a83	1	REJECT_CLEAN	0	VERIFY FAIL — malformed receipt: not valid UTF-8		1	REJECT_CLEAN	0	VERIFY FAIL — strict: byte 409: 0xbe is not printable ASCII or LF		qemu_lookup/RECEIPT2.TXT; rep@409:0xbe; gen-toks<-'zz'; token-ids<-'zz'
F-01437	29a7026636a5214f8e0a1945c34e8276e008d389beab297c780d30e90c6e4d42	1	REJECT_CLEAN	0	VERIFY FAIL — malformed receipt: not valid UTF-8		1	REJECT_CLEAN	0	VERIFY FAIL — strict: byte 358: 0x8f is not printable ASCII or LF		qemu_calc_words/RECEIPT2.TXT; del[71:72]; rep@358:0x8f
F-01438	b010e62f47b5adb0236a9e3b8b524c2709555d4685c77a5d9a00f6bd6e3797e4	1	REJECT_CLEAN	0	VERIFY FAIL — replay diverged from the receipt		1	REJECT_CLEAN	0	VERIFY FAIL — strict: no newline after the last line (exactly one is required)		qemu_unknown_tool/RECEIPT.TXT; prompt-hex<-hex('\x06乐9F̭'..5ch); trunc@393; trunc@314
F-01439	d22a7f2819b5be44a89d95f3929f5fae6154f72a074d8320c2d0814968dabe0c	1	REJECT_CLEAN	0	VERIFY FAIL — replay diverged from the receipt		1	REJECT_CLEAN	0	VERIFY FAIL — replay diverged from the receipt		qemu_everyday/RECEIPT.TXT; prompt-hex<-hex('\x1f*ǉ丂\x7f乍😊\x8f\x1b\x00丈È'..20ch)
F-01440	e3b0c44298fc1c149afbf4c8996fb92427ae41e4649b934ca495991b7852b855	1	REJECT_CLEAN	0	FAIL artifact: VOCAB hash mismatch (receipt  vs local a4cafc9649488987)		1	REJECT_CLEAN	0	VERIFY FAIL — strict: empty file		garbage:empty
F-01441	cea9da9f07fa39906255387f330e66d43da2906313eff2c116898a3ee56ceb18	1	REJECT_CLEAN	0	VERIFY FAIL — receipt inputs cannot be replayed: prompt (19) + max_new (4096) exceeds max_position_embeddings (512)		1	REJECT_CLEAN	0	VERIFY FAIL — receipt inputs cannot be replayed: prompt (19) + max_new (4096) exceeds max_position_embeddings (512)		qemu_self/RECEIPT.TXT; maxtok<-4096
F-01442	fff10c69695956a8c4f209fdfe11d13e97e44a99f086d9edc67e80360a98ab2e	1	REJECT_CLEAN	0	VERIFY FAIL — replay diverged from the receipt		1	REJECT_CLEAN	0	VERIFY FAIL — strict: line 11 (chain): expected 64 lower-case hex digits		qemu_receipt/RECEIPT.TXT; ins@704:b'\n\n'
F-01443	6547d0d5dff7d02bc9def774be0b489b21bf800dcffb81f7a2a78bc661b91823	1	REJECT_CLEAN	0	VERIFY FAIL — replay diverged from the receipt		1	REJECT_CLEAN	0	VERIFY FAIL — strict: line 11 (chain): expected 64 lower-case hex digits		qemu_calc/RECEIPT.TXT; del[422:455]
F-01444	ffbf0daaa10c51e559269f5394b03f1cc71e78baa251c177442d70ba536e6d3f	1	REJECT_CLEAN	0	VERIFY FAIL — receipt inputs cannot be replayed: prompt (31) + max_new (513) exceeds max_position_embeddings (512)		1	REJECT_CLEAN	0	VERIFY FAIL — strict: byte 413: 0xe2 is not printable ASCII or LF		qemu_calc/RECEIPT2.TXT; maxtok<-513; gen-toks<-'\u202e'
F-01445	4dda5a78e8e4e9b3bf43957bb604b9856693f8d550713500b72d07fb6a3da8f0	1	REJECT_CLEAN	0	VERIFY FAIL — replay diverged from the receipt		1	REJECT_CLEAN	0	VERIFY FAIL — strict: byte 434: carriage return (CRLF line endings are not canonical)		qemu_receipt/RECEIPT.TXT; del[561:595]; ins@416:b'\r\n'; gen-toks<-'184467440737'
F-01446	e2083da9d064bb8be74938298febdfe36189b35e2eff660b852b3eb0f063fde0	0	ACCEPT	0	VERIFY PASS — replay reproduced 50 tokens, the token digest, and the full logit chain bit-for-bit		1	REJECT_CLEAN	0	VERIFY FAIL — strict: line 5: duplicate key "vocab", canonical order expects "maxtok"		qemu_receipt/RECEIPT.TXT; dupline3; dupline9
F-01447	18fcca8ce114f89d9eb9d4daef2c90d7466720f09ac0deed780b18da6724b931	1	REJECT_CLEAN	0	VERIFY FAIL — replay diverged from the receipt		1	REJECT_CLEAN	0	VERIFY FAIL — strict: line 11 (chain): expected 64 lower-case hex digits		qemu_calc_words/RECEIPT.TXT; ins@432:b'\n'
F-01448	8f2e27dc66316404b927b3e0c5e5be4e1d87fe0f756305d7355a5c40c739323d	1	REJECT_CLEAN	0	VERIFY FAIL — malformed receipt: maxtok is not an unsigned integer		1	REJECT_CLEAN	0	VERIFY FAIL — strict: line 5 (maxtok): expected a decimal integer without sign or leading zeros		qemu_calc/RECEIPT.TXT; maxtok<-18446744073709551617; dupline6
F-01449	c766a5eab814cfc908e77e67e743df3bd794340930f32b788cba832f4abed272	1	REJECT_CLEAN	0	FAIL artifact: MODEL hash mismatch (receipt  vs local a44e48965c641b81)		1	REJECT_CLEAN	0	VERIFY FAIL — strict: line 2: expected "model <value>"		qemu_calc_words/RECEIPT.TXT; chain<-'0'; del[24:64]
F-01450	1c723b73adeab5acbeacd21d3f5c34f38d0c03e4f6bf040d8987ee67df3a1069	1	REJECT_CLEAN	0	FAIL artifact: MODEL hash mismatch (receipt é vs local a44e48965c641b81)		1	REJECT_CLEAN	0	VERIFY FAIL — strict: byte 85: 0xc3 is not printable ASCII or LF		qemu_calc/RECEIPT2.TXT; AEGIS-WITNESS<-'FFFFFFFFFFFF'; model<-'é'; swap2/10
F-01451	c6eeebb0e034a12a1a469f1ee9c02e6390fbe94b7ed13b8642d9890e26fcd422	1	REJECT_CLEAN	0	VERIFY FAIL — replay diverged from the receipt		1	REJECT_CLEAN	0	VERIFY FAIL — strict: line 11 (chain): expected 64 lower-case hex digits		qemu_calc/RECEIPT2.TXT; chain<-'184467440737'
F-01452	99a4fa5879e03102eaabfbb219863606b7296441acd7fa8b86b6bea06d1611ee	1	REJECT_CLEAN	0	VERIFY FAIL — malformed receipt: prompt-hex does not decode to UTF-8 text		1	REJECT_CLEAN	0	VERIFY FAIL — strict: line 6 (prompt-hex): expected non-empty lower-case hex of even length		qemu_receipt/RECEIPT.TXT; del[317:336]; maxtok<-9223372036854775807
F-01453	6ff7b5f0dcfc75b80bdcd36c2c4157108da1c52a582506877fcdc739b4333c75	1	REJECT_CLEAN	0	FAIL artifact: EMBED hash mismatch (receipt 8cbcd6b6b7f68533 vs local 8cbcd6b69df03539)		1	REJECT_CLEAN	0	VERIFY FAIL — strict: line 3 (embed): expected 64 lower-case hex digits		qemu_unknown_tool/RECEIPT.TXT; dupline7; del[106:134]; prompt-toks<-'FFFFFFFFFFFF'
F-01454	3cd42133735dcfad48ea76b740fa56a91a2dab7545ae7d0d58e174831cdfcf22	1	REJECT_CLEAN	0	VERIFY FAIL — replay diverged from the receipt		1	REJECT_CLEAN	0	VERIFY FAIL — strict: no newline after the last line (exactly one is required)		qemu_unknown_tool/RECEIPT.TXT; trunc@431
F-01455	7b494edae3b154859107ad49d789c8cdc15b5f71a4fb0b3255ca00c5f2f54553	1	REJECT_CLEAN	0	FAIL artifact: EMBED hash mismatch (receipt 8cbcd6b69df03539 vs local 8cbcd6b69df03539)		1	REJECT_CLEAN	0	VERIFY FAIL — strict: line 3 (embed): expected 64 lower-case hex digits		qemu_receipt/RECEIPT.TXT; rep@158:0x7a; prompt-hex<-hex('\ue008\x96丧l乁OF5😠4丐{'..60ch)
F-01456	3880846147601c17e6c298adc9154d396f5ab81350388b31cfc684d5d0f0382f	1	REJECT_CLEAN	0	VERIFY FAIL — replay diverged from the receipt		1	REJECT_CLEAN	0	VERIFY FAIL — replay diverged from the receipt		qemu_abstain/RECEIPT.TXT; prompt-hex<-hex('l😋¬\ue003😑#\x0f͖'..8ch)
F-01457	564edf395dced19e0650bf055a1f1e4de52f8b9740f87b5c75df46a07a3bff80	1	REJECT_CLEAN	0	VERIFY FAIL — receipt inputs cannot be replayed: prompt tokenized to nothing		1	REJECT_CLEAN	0	VERIFY FAIL — strict: line 1: header must be exactly "AEGIS-WITNESS v1-CIS"		qemu_unknown_tool/RECEIPT.TXT; del[237:265]; dupline2; ins@18:b'g'
F-01458	f12f5dd34ed1c9c80ce988bf653c35ce873b19f995c6a389b2ebc22c07aa95eb	1	REJECT_CLEAN	0	VERIFY FAIL — replay diverged from the receipt		1	REJECT_CLEAN	0	VERIFY FAIL — replay diverged from the receipt		qemu_lookup/RECEIPT.TXT; prompt-hex<-hex('"\x05\x89Hfǃƾ\ue005'..8ch)
F-01459	1c341792a5e66791d7fe386c3e179c065d69d8cf68d0b04d6c7743f6f8a0319a	0	ACCEPT	0	VERIFY PASS — replay reproduced 7 tokens, the token digest, and the full logit chain bit-for-bit		1	REJECT_CLEAN	0	VERIFY FAIL — strict: line 10: duplicate key "prompt-toks", canonical order expects "cis-digest"		qemu_lookup/RECEIPT.TXT; dupline6
F-01460	457ae4d32753fc4704495e095f5057d04e90a4e7b01afe16cb5e3335aab16eb3	1	REJECT_CLEAN	0	VERIFY FAIL — replay diverged from the receipt		1	REJECT_CLEAN	0	VERIFY FAIL — replay diverged from the receipt		qemu_calc/RECEIPT2.TXT; rep@307:0xee; prompt-hex<-hex('̅̚😉/X'..5ch)
F-01461	af75ad2d591b31ec12b7430ffc1de3474219121d3bcbfc7feb97fcf1920e5f37	1	REJECT_CLEAN	0	VERIFY FAIL — replay diverged from the receipt		1	REJECT_CLEAN	0	VERIFY FAIL — strict: line 3: key out of order "prompt-toks", canonical order expects "embed"		qemu_unknown_tool/RECEIPT.TXT; swap2/6; prompt-hex<-hex('S😉Â\t乃😟😙\x08😔Ä\x17ͅ'..60ch)
F-01462	06339f52d684409b6d4085ccb6bf13b9548f5229ef21d15f4b003357f6354419	0	ACCEPT	0	VERIFY PASS — replay reproduced 7 tokens, the token digest, and the full logit chain bit-for-bit		1	REJECT_CLEAN	0	VERIFY FAIL — strict: line 1: header must be exactly "AEGIS-WITNESS v1-CIS"		qemu_lookup/RECEIPT.TXT; dupline1; AEGIS-WITNESS<-' '
F-01463	8242683270e6b1cf75a20f8e0b8e93467b93fa681e86cf2587bcf8c64f7155d1	1	REJECT_CLEAN	0	VERIFY FAIL — malformed receipt: not valid UTF-8		1	REJECT_CLEAN	0	VERIFY FAIL — strict: byte 72: 0xb8 is not printable ASCII or LF		qemu_lookup/RECEIPT2.TXT; rep@72:0xb8; swap3/9
F-01464	6f2c6f4e682cb94e5a7e1b48c1e22baba41183a9c61d83f009a20fc942cd4cc3	1	REJECT_CLEAN	0	VERIFY FAIL — replay diverged from the receipt		1	REJECT_CLEAN	0	VERIFY FAIL — strict: no newline after the last line (exactly one is required)		qemu_calc_words/RECEIPT2.TXT; dupline0; prompt-hex<-hex('😙😓wH$ƀ\x86X'..8ch)
F-01465	71f2252f93fcb00e35c1865db575386a9ae78c4fc11bd212a8359cda89f61a40	1	REJECT_CLEAN	0	VERIFY FAIL — receipt inputs cannot be replayed: prompt (41) + max_new (4096) exceeds max_position_embeddings (512)		1	REJECT_CLEAN	0	VERIFY FAIL — receipt inputs cannot be replayed: prompt (41) + max_new (4096) exceeds max_position_embeddings (512)		qemu_lookup/RECEIPT2.TXT; maxtok<-512; maxtok<-4096
F-01466	9aaa572640eb1f292e5d3b43d6a49580f472a93a98b08c8e36117b010bf44d60	1	REJECT_CLEAN	0	VERIFY FAIL — replay diverged from the receipt		1	REJECT_CLEAN	0	VERIFY FAIL — strict: line 2: key out of order "gen-toks", canonical order expects "model"		qemu_abstain/RECEIPT.TXT; dupline7; del[481:489]; maxtok<-7
F-01467	a6cc681213cfbb8ef43f24022285b9772f9c879f4f6275c945fcff7584b3b19f	1	REJECT_CLEAN	0	FAIL artifact: EMBED hash mismatch (receipt zz vs local 8cbcd6b69df03539)		1	REJECT_CLEAN	0	VERIFY FAIL — strict: line 3 (embed): expected 64 lower-case hex digits		qemu_calc_words/RECEIPT2.TXT; maxtok<-512; embed<-'zz'; dupline11
F-01468	46a86f936ca95d762a50e214a82c63742b5bb494440cdc1fed137593c894d1df	1	REJECT_CLEAN	0	VERIFY FAIL — replay diverged from the receipt		1	REJECT_CLEAN	0	VERIFY FAIL — strict: no newline after the last line (exactly one is required)		qemu_abstain/RECEIPT.TXT; trunc@464; prompt-hex<-hex('😌'..1ch)
F-01469	f194f5c01bdfe3812651c4f1fac0c0699fc330fec1d7dbeb8db688c2e0be9b95	1	REJECT_CLEAN	0	FAIL artifact: MODEL hash mismatch (receipt -1 vs local a44e48965c641b81)		1	REJECT_CLEAN	0	VERIFY FAIL — strict: line 2 (model): expected 64 lower-case hex digits		qemu_lookup/RECEIPT.TXT; model<-'-1'; cis-digest<-'ff'; prompt-hex<-hex('̴\ue002N'..3ch)
F-01470	1cc684a65adc37f3e9f6f13e0994dd829e536efd9bca4ce3e38b277bfa5790a0	1	REJECT_CLEAN	0	FAIL artifact: VOCAB hash mismatch (receipt a4cafc9649488987 vs local a4cafc9649488987)		1	REJECT_CLEAN	0	VERIFY FAIL — strict: line 4 (vocab): expected 64 lower-case hex digits		qemu_calc/RECEIPT.TXT; ins@192:b'g'; prompt-hex<-hex('&😔Ĵ😓\x01'..5ch); del[244:280]
F-01471	547b2ac593ec302d52635bb1c1f5a6a4f28c8fa4779163983b5ff04a011242af	1	REJECT_CLEAN	0	VERIFY FAIL — malformed receipt: not valid UTF-8		1	REJECT_CLEAN	0	VERIFY FAIL — strict: byte 360: 0xf2 is not printable ASCII or LF		qemu_receipt/RECEIPT.TXT; rep@360:0xf2
F-01472	a83a767d478785837999be2e0e7d80e2f34c8be42e98e90e7dfb0471f1c0f550	1	REJECT_CLEAN	0	FAIL artifact: EMBED hash mismatch (receipt  vs local 8cbcd6b69df03539)		1	REJECT_CLEAN	0	VERIFY FAIL — strict: line 2 (model): expected 64 lower-case hex digits		qemu_lookup/RECEIPT2.TXT; del[61:101]
F-01473	56c5f46c7db0fa0c3c91d8156494badb985b7882a30702519c9de711e4756520	0	ACCEPT	0	VERIFY PASS — replay reproduced 25 tokens, the token digest, and the full logit chain bit-for-bit		1	REJECT_CLEAN	0	VERIFY FAIL — strict: line 3: key out of order "cis-digest", canonical order expects "embed"		qemu_abstain/RECEIPT.TXT; swap2/9
F-01474	f4d64c875243f9a6853e2833a6a3d70e87c52e6ea5bfaa20047f516756fdf2ed	1	REJECT_CLEAN	0	VERIFY FAIL — malformed receipt: not valid UTF-8		1	REJECT_CLEAN	0	VERIFY FAIL — strict: byte 356: 0xbf is not printable ASCII or LF		qemu_calc_words/RECEIPT.TXT; rep@354:0xbf; maxtok<-100; del[424:450]
F-01475	7c430465fce1fae3d3398b05f87f9b12b5d2b3dfb073021361ceb948dacb9f01	1	REJECT_CLEAN	0	VERIFY FAIL — replay diverged from the receipt		1	REJECT_CLEAN	0	VERIFY FAIL — strict: line 11 (chain): expected 64 lower-case hex digits		qemu_unknown_tool/RECEIPT.TXT; chain<-'zz'
F-01476	aa4acc1799aa3408cca593cc57b1a4e12f5e0108a0378730bfbaab7e606a6de9	1	REJECT_CLEAN	0	VERIFY FAIL — replay diverged from the receipt		1	REJECT_CLEAN	0	VERIFY FAIL — strict: line 6 (prompt-hex): expected non-empty lower-case hex of even length		qemu_self/RECEIPT.TXT; del[578:617]; del[379:397]
F-01477	baeb79cb97aec5eeec1ab3afd4740be3d31c424bfc2962cee7c1082e00e2c418	1	REJECT_CLEAN	0	VERIFY FAIL — malformed receipt: token id "é" is not an unsigned 32-bit integer		1	REJECT_CLEAN	0	VERIFY FAIL — strict: byte 3273: 0xc3 is not printable ASCII or LF		qemu_lookup/RECEIPT2.TXT; prompt-hex<-hex('😕M下ƗiV\ue009ͪ%\ue00e\x919'..700ch); chain<-'1,,2'; token-ids<-'é'
F-01478	529e63ee7dd2393a450800c2b3d70d96b43d1e47ada10da2b7b51322c4535876	1	REJECT_CLEAN	0	VERIFY FAIL — malformed receipt: not valid UTF-8		1	REJECT_CLEAN	0	VERIFY FAIL — strict: byte 63: 0xdb is not printable ASCII or LF		qemu_self/RECEIPT.TXT; rep@63:0xdb
F-01479	56a853cee1edd46f95c4756cf2aea5ae1dc95e6752cb6644141a4cf3442a6287	1	REJECT_CLEAN	0	VERIFY FAIL — replay diverged from the receipt		1	REJECT_CLEAN	0	VERIFY FAIL — replay diverged from the receipt		qemu_everyday/RECEIPT.TXT; prompt-hex<-hex('😐̭丒ɇ*̩乌\x03Ʊ\ue001😎\ue000'..200ch)
F-01480	db07924be3c5692fcde7eabb0766ec5d4a2958278cb12acb5c57aebd58f8ac01	1	REJECT_CLEAN	0	VERIFY FAIL — malformed receipt: not valid UTF-8		1	REJECT_CLEAN	0	VERIFY FAIL — strict: byte 2: 0xf8 is not printable ASCII or LF		garbage:rand
F-01481	5c5852febf347f699c6340995b08dc828879704cff9c75c908eb4f2dc62e9a40	1	REJECT_CLEAN	0	FAIL artifact: VOCAB hash mismatch (receipt a4cafc9649488987 vs local a4cafc9649488987)		1	REJECT_CLEAN	0	VERIFY FAIL — strict: no newline after the last line (exactly one is required)		qemu_abstain/RECEIPT.TXT; prompt-hex<-hex('ͣ😛'..2ch); trunc@199; model<-','
F-01482	abb6694bfb779dc475a2a22292619365641a65551c540b2060a74d3f4a2f26d6	0	ACCEPT	0	VERIFY PASS — replay reproduced 30 tokens, the token digest, and the full logit chain bit-for-bit		1	REJECT_CLEAN	0	VERIFY FAIL — strict: line 6: duplicate key "maxtok", canonical order expects "prompt-hex"		qemu_self/RECEIPT.TXT; dupline4
F-01483	ef9c0ac23bf447528565c86532718ac2193075f6e5c3da713f84d46c9aa8d64c	1	REJECT_CLEAN	0	VERIFY FAIL — receipt inputs cannot be replayed: prompt (19) + max_new (513) exceeds max_position_embeddings (512)		1	REJECT_CLEAN	0	VERIFY FAIL — receipt inputs cannot be replayed: prompt (19) + max_new (513) exceeds max_position_embeddings (512)		qemu_receipt/RECEIPT.TXT; maxtok<-513
F-01484	442bae3d1a033aa1e3a6e49e5cce338ce2ae902ddeabc3907248ea2a48c7f104	1	REJECT_CLEAN	0	VERIFY FAIL — replay diverged from the receipt		1	REJECT_CLEAN	0	VERIFY FAIL — replay diverged from the receipt		qemu_abstain/RECEIPT.TXT; prompt-hex<-hex('g¥5ŗ😟'..5ch)
F-01485	e9b4f6a360ec39e008a41bb4341920d421769134c13a22359a38903071b1077c	1	REJECT_CLEAN	0	VERIFY FAIL — replay diverged from the receipt		1	REJECT_CLEAN	0	VERIFY FAIL — strict: line 11: expected "chain <value>"		qemu_unknown_tool/RECEIPT.TXT; del[508:538]
F-01486	bb31b74dfd9be75f970bb25549ee6ab6293d8d3ebb3a0bb5a730da48ced55bc8	1	REJECT_CLEAN	0	FAIL artifact: VOCAB hash mismatch (receipt zz vs local a4cafc9649488987)		1	REJECT_CLEAN	0	VERIFY FAIL — strict: line 4 (vocab): expected 64 lower-case hex digits		qemu_abstain/RECEIPT.TXT; ins@185:b'\t'; vocab<-'zz'; prompt-hex<-hex('śgâ\x15丠«\ue00f\x96'..8ch)
F-01487	d9f28aff81e4f07ede5ef2eb952bb4dcf410a1fef9e088b6350f58075337b4e2	1	REJECT_CLEAN	0	VERIFY FAIL — malformed receipt: token id "1756is-digest d86608784e71dfae" is not an unsigned 32-bit integer		1	REJECT_CLEAN	0	VERIFY FAIL — strict: byte 170: 0xc3 is not printable ASCII or LF		qemu_self/RECEIPT.TXT; del[545:552]; dupline3; vocab<-'aé'
F-01488	86eba8c970ac86638fe754130fb16f5cbdc841a370edce7c5cbfa41d06bc4de1	1	REJECT_CLEAN	0	VERIFY FAIL — malformed receipt: prompt-hex does not decode to UTF-8 text		1	REJECT_CLEAN	0	VERIFY FAIL — strict: no newline after the last line (exactly one is required)		qemu_calc/RECEIPT2.TXT; prompt-hex<-hex('ş与͘😌\x9e😋\x07Ƥ\x13eG¤'..700ch); trunc@3129
F-01489	d6ee9e9445cf086c5b9ec912a7a9d685e523d28c053f11d056d8f3f4194b74c2	1	REJECT_CLEAN	0	FAIL artifact: VOCAB hash mismatch (receipt  vs local a4cafc9649488987)		1	REJECT_CLEAN	0	VERIFY FAIL — strict: line 3 (embed): expected 64 lower-case hex digits		qemu_abstain/RECEIPT.TXT; ins@436:b'+'; chain<-',,'; del[157:193]
F-01490	3cc4796d97adec6ef08a71f10b2082d011feb36fce34aab54d78e40c3534556b	1	REJECT_CLEAN	0	VERIFY FAIL — malformed receipt: not valid UTF-8		1	REJECT_CLEAN	0	VERIFY FAIL — strict: byte 15: 0xff is not printable ASCII or LF		qemu_calc_words/RECEIPT.TXT; swap4/9; ins@15:b'\xff'; prompt-hex<-'\ud7ff'
F-01491	b56b799106686a820608ad94982b8506c5a95345363368c8d6f86aacc9da8bd6	1	REJECT_CLEAN	0	VERIFY FAIL — replay diverged from the receipt		1	REJECT_CLEAN	0	VERIFY FAIL — strict: line 11 (chain): expected 64 lower-case hex digits		qemu_calc/RECEIPT.TXT; chain<-'00'
F-01492	4527545c90c069d5b4f9fc9ac5f643ea21e47c2f5006bfe0823399d787627da9	0	ACCEPT	0	VERIFY PASS — replay reproduced 3 tokens, the token digest, and the full logit chain bit-for-bit		1	REJECT_CLEAN	0	VERIFY FAIL — strict: line 3: unknown key "AEGIS-WITNESS", canonical order expects "embed"		qemu_everyday/RECEIPT.TXT; prompt-toks<-''; dupline0
F-01493	3519694a34e3cd9c8cbd156cbc6b14bfdfe85fb1930c9603a9696345fa5b0e81	1	REJECT_CLEAN	0	FAIL artifact: VOCAB hash mismatch (receipt a4cafc9649488987 vs local a4cafc9649488987)		1	REJECT_CLEAN	0	VERIFY FAIL — strict: no newline after the last line (exactly one is required)		qemu_unknown_tool/RECEIPT.TXT; trunc@223
F-01494	bd646cef9f7a28497e309d7e826d5caf80133c5db0c71dd509f521e686035dbd	1	REJECT_CLEAN	0	VERIFY FAIL — malformed receipt: not valid UTF-8		1	REJECT_CLEAN	0	VERIFY FAIL — strict: byte 4: 0x93 is not printable ASCII or LF		qemu_everyday/RECEIPT.TXT; swap5/9; rep@4:0x93; maxtok<-16
F-01495	74c7d8b97faf8c9571042d898f04499b380cd8e5cefa0b4fe090167dcb2742c3	1	REJECT_CLEAN	0	FAIL artifact: VOCAB hash mismatch (receipt a4cafc9649488987 vs local a4cafc9649488987)		1	REJECT_CLEAN	0	VERIFY FAIL — strict: byte 388: 0x1a is not printable ASCII or LF		qemu_calc_words/RECEIPT2.TXT; del[279:313]; del[217:242]; rep@388:0x1a
F-01496	aa4299efb38205eb1f725a006a5e4ac938582816997cdeca6d6fb683c5295f46	1	REJECT_CLEAN	0	VERIFY FAIL — replay diverged from the receipt		1	REJECT_CLEAN	0	VERIFY FAIL — strict: byte 386: 0x00 is not printable ASCII or LF		qemu_calc_words/RECEIPT.TXT; chain<-'\x00'; del[317:338]
F-01497	dcb49ff14bf3abac7fbe29e626de18d704dfff99b2c68fc22435bf60c172aabf	1	REJECT_CLEAN	0	VERIFY FAIL — malformed receipt: not valid UTF-8		1	REJECT_CLEAN	0	VERIFY FAIL — strict: byte 76: 0xbf is not printable ASCII or LF		qemu_calc/RECEIPT.TXT; swap11/7; gen-toks<-'\u202e'; rep@76:0xbf
F-01498	f569c795b5a44a3f4ef85344dc38515a7062c3cded7bd38fd2b9e6763e18a3ba	1	REJECT_CLEAN	0	VERIFY FAIL — receipt inputs cannot be replayed: prompt (5) + max_new (9223372036854775808) exceeds max_position_embeddings (512)		1	REJECT_CLEAN	0	VERIFY FAIL — strict: byte 300: 0x18 is not printable ASCII or LF		qemu_calc_words/RECEIPT.TXT; rep@322:0x18; prompt-hex<-hex('é\ue00a'..2ch); maxtok<-9223372036854775808
F-01499	df80ea4d921c1e85076980f5f7d6b4bdf78128616468f001e5788e1df004c02f	1	REJECT_CLEAN	0	FAIL artifact: EMBED hash mismatch (receipt 8cbcd6b69df03539 vs local 8cbcd6b69df03539)		1	REJECT_CLEAN	0	VERIFY FAIL — strict: byte 149: 0x00 is not printable ASCII or LF		qemu_calc_words/RECEIPT2.TXT; ins@149:b'\x00'; dupline9
F-01500	00437e1ef22c62be22ae9e415517291b2af5ff4b3e17f19035847130dc317154	1	REJECT_CLEAN	0	VERIFY FAIL — replay diverged from the receipt		1	REJECT_CLEAN	0	VERIFY FAIL — strict: byte 25: 0x00 is not printable ASCII or LF		qemu_calc/RECEIPT2.TXT; AEGIS-WITNESS<-'\x00'; dupline7; cis-digest<-'aéé'
F-01501	befa6b02d635d03432010a96e8914ab0ca5f4da5e2d55098fb6cd3ddb1b1bf56	1	REJECT_CLEAN	0	FAIL artifact: VOCAB hash mismatch (receipt  vs local a4cafc9649488987)		1	REJECT_CLEAN	0	VERIFY FAIL — strict: no newline after the last line (exactly one is required)		qemu_unknown_tool/RECEIPT.TXT; ins@407:b'\r'; trunc@154; dupline0
F-01502	286290dc2272a21351669dc3d1636c3c33afe899fd309907f8a1bde1c5b15af0	1	REJECT_CLEAN	0	VERIFY FAIL — receipt inputs cannot be replayed: prompt (41) + max_new (4294967296) exceeds max_position_embeddings (512)		1	REJECT_CLEAN	0	VERIFY FAIL — receipt inputs cannot be replayed: prompt (41) + max_new (4294967296) exceeds max_position_embeddings (512)		qemu_lookup/RECEIPT2.TXT; maxtok<-2; maxtok<-4294967296
F-01503	1afa9f7644f8846e7b2ac16180cd0a2235834c76dfbebec8c53ac60c9594d56f	0	ACCEPT	0	VERIFY PASS — replay reproduced 7 tokens, the token digest, and the full logit chain bit-for-bit		1	REJECT_CLEAN	0	VERIFY FAIL — strict: no newline after the last line (exactly one is required)		qemu_calc_words/RECEIPT2.TXT; dupline5; prompt-hex<-hex('̆Ƕ\x07'..3ch)
F-01504	cfcf87eec40bdfbeb4e8fb273a633f79bcd8b376419c4c7ef37dc51c69ae2aa6	1	REJECT_CLEAN	0	VERIFY FAIL — malformed receipt: token id "2Z4" is not an unsigned 32-bit integer		1	REJECT_CLEAN	0	VERIFY FAIL — strict: line 9 (token-ids): expected comma-separated canonical decimal u32 ids		qemu_lookup/RECEIPT2.TXT; prompt-hex<-hex('ǐ\x81\x7f\x12\ue005'..5ch); ins@376:b'Z'
F-01505	f65503116ed4f0e77335ff0816702596fccf81dfe1ef0bd739dbc9b58a7d82f7	1	REJECT_CLEAN	0	VERIFY FAIL — malformed receipt: token id "\t" is not an unsigned 32-bit integer		1	REJECT_CLEAN	0	VERIFY FAIL — strict: byte 427: 0x09 is not printable ASCII or LF		qemu_self/RECEIPT.TXT; token-ids<-'\t'
F-01506	bf656f871bd6abcbf9be4151403f04d14b655e9ca04ec27a08c8554048c669a8	1	REJECT_CLEAN	0	FAIL artifact: EMBED hash mismatch (receipt 8cbcd6b69df03539 vs local 8cbcd6b69df03539)		1	REJECT_CLEAN	0	VERIFY FAIL — strict: byte 14: 0xe2 is not printable ASCII or LF		qemu_unknown_tool/RECEIPT.TXT; AEGIS-WITNESS<-'\u202e'; del[140:143]; prompt-hex<-hex("'͡\x10\x8b͛😟丩̯\ue004个丕\x9e"..20ch)
F-01507	94d755b2040d07cada2feb21a9cdcee401dc275c9e98ed5515e2fc194da71aa7	1	REJECT_CLEAN	0	FAIL artifact: VOCAB hash mismatch (receipt  vs local a4cafc9649488987)		1	REJECT_CLEAN	0	VERIFY FAIL — strict: no newline after the last line (exactly one is required)		qemu_calc_words/RECEIPT2.TXT; trunc@160; swap2/0
F-01508	2b1f75292d7092a3fe3a32f8d179aabf555cb4725d4d53af2ffedef684ec4169	1	REJECT_CLEAN	0	VERIFY FAIL — replay diverged from the receipt		1	REJECT_CLEAN	0	VERIFY FAIL — strict: line 10 (cis-digest): expected 16 lower-case hex digits		qemu_lookup/RECEIPT2.TXT; cis-digest<-'184467440737'
F-01509	a2672251f5920b2be1b87485d748da5dabbc705e98a7a490367d641ebbbee5c7	1	REJECT_CLEAN	0	VERIFY FAIL — malformed receipt: not valid UTF-8		1	REJECT_CLEAN	0	VERIFY FAIL — strict: byte 437: 0xac is not printable ASCII or LF		qemu_lookup/RECEIPT.TXT; rep@437:0xac
F-01510	4660613dd97ae0da0dd1b73b186f83e23cf00d26e9a4954595f2274bfc916494	1	REJECT_CLEAN	0	VERIFY FAIL — malformed receipt: token id "1\0314" is not an unsigned 32-bit integer		1	REJECT_CLEAN	0	VERIFY FAIL — strict: byte 399: 0x00 is not printable ASCII or LF		qemu_receipt/RECEIPT.TXT; del[86:115]; ins@399:b'\x00'
F-01511	e7444c2af35ccb1cae546d3846a9e24872ccace60d55e682c4a2d0b4d50e16dd	1	REJECT_CLEAN	0	FAIL artifact: VOCAB hash mismatch (receipt  vs local a4cafc9649488987)		1	REJECT_CLEAN	0	VERIFY FAIL — strict: no newline after the last line (exactly one is required)		qemu_calc_words/RECEIPT.TXT; trunc@63
F-01512	f69e423278322e246f34228c234ec89376d6d33ad5797f97a3766727739b72fd	1	REJECT_CLEAN	0	FAIL artifact: VOCAB hash mismatch (receipt a4cafc9649488987 vs local a4cafc9649488987)		1	REJECT_CLEAN	0	VERIFY FAIL — strict: line 4 (vocab): expected 64 lower-case hex digits		qemu_calc/RECEIPT.TXT; ins@206:b' '; prompt-hex<-hex('\n¨Ŗ\ue00cU丶s\x03\x87Ⱥ\x17\x90'..700ch)
F-01513	68396c885cbcf109fa29ec606e75f027aa6607089a5b8ebb486b4cd6eb2fa43c	1	REJECT_CLEAN	0	FAIL artifact: VOCAB hash mismatch (receipt  vs local a4cafc9649488987)		1	REJECT_CLEAN	0	VERIFY FAIL — strict: no newline after the last line (exactly one is required)		qemu_lookup/RECEIPT2.TXT; prompt-hex<-hex("\x06'"..2ch); trunc@132; swap1/0
F-01514	56aab0f25743c1f7505d7effc5a524ea1a8519ab5a87b2a1538935f84b9336da	1	REJECT_CLEAN	0	VERIFY FAIL — replay diverged from the receipt		1	REJECT_CLEAN	0	VERIFY FAIL — replay diverged from the receipt		qemu_receipt/RECEIPT.TXT; prompt-hex<-hex('9$'..2ch); prompt-hex<-hex('\x8b万̆ŗ丮'..5ch)
F-01515	4b0c7ed4247e1c000a17272f416ae974bd417091475b66e8dbb5ce82a10fab29	1	REJECT_CLEAN	0	VERIFY FAIL — replay diverged from the receipt		1	REJECT_CLEAN	0	VERIFY FAIL — replay diverged from the receipt		qemu_calc/RECEIPT2.TXT; rep@503:0x62; prompt-hex<-hex('\ue00a'..1ch)
F-01516	d01bd1d5036f82daff2de2ed74073d651fa8f63c0ad18cd92a198bbe5198b84c	1	REJECT_CLEAN	0	FAIL artifact: VOCAB hash mismatch (receipt  vs local a4cafc9649488987)		1	REJECT_CLEAN	0	VERIFY FAIL — strict: no newline after the last line (exactly one is required)		qemu_everyday/RECEIPT.TXT; trunc@79; ins@70:b'g'
F-01517	275726f2be40aff2cf6839381b9ff6b67b613ce09feb7ceb82451a1bb955e2f9	1	REJECT_CLEAN	0	FAIL artifact: EMBED hash mismatch (receipt 8cbcd6b69df03539 vs local 8cbcd6b69df03539)		1	REJECT_CLEAN	0	VERIFY FAIL — strict: no newline after the last line (exactly one is required)		qemu_unknown_tool/RECEIPT.TXT; trunc@281; ins@149:b'g'
F-01518	e4d1be1cb0095dc36f913b43cf85f9a66065f51018afe47816b63c32336808c6	1	REJECT_CLEAN	0	VERIFY FAIL — malformed receipt: not valid UTF-8		1	REJECT_CLEAN	0	VERIFY FAIL — strict: byte 74: 0x0c is not printable ASCII or LF		qemu_unknown_tool/RECEIPT.TXT; ins@209:b'\xe2\x80\xae'; rep@74:0x0c; rep@419:0xe7
F-01519	0020e7d89c3b9c84e0d73e48a79e1d713b15b3500f436223c7baa6920d5dd36c	1	REJECT_CLEAN	0	VERIFY FAIL — receipt inputs cannot be replayed: prompt (1425) + max_new (7) exceeds max_position_embeddings (512)		1	REJECT_CLEAN	0	VERIFY FAIL — receipt inputs cannot be replayed: prompt (1425) + max_new (7) exceeds max_position_embeddings (512)		qemu_calc_words/RECEIPT2.TXT; prompt-hex<-hex('\x11͝丝丈\x8d乁|个}\nfÎ'..700ch)
F-01520	e3b0c44298fc1c149afbf4c8996fb92427ae41e4649b934ca495991b7852b855	1	REJECT_CLEAN	0	FAIL artifact: VOCAB hash mismatch (receipt  vs local a4cafc9649488987)		1	REJECT_CLEAN	0	VERIFY FAIL — strict: empty file		garbage:empty
F-01521	aa74565a6580e0bde3d78ac58dfa01b74c922505f9aebba83f8988b2b2eb5a89	1	REJECT_CLEAN	0	FAIL artifact: EMBED hash mismatch (receipt 8cbcd6b69df0 vs local 8cbcd6b69df03539)		1	REJECT_CLEAN	0	VERIFY FAIL — strict: line 3 (embed): expected 64 lower-case hex digits		qemu_unknown_tool/RECEIPT.TXT; prompt-hex<-hex('>ĥ[\x04丑😛\x92̻=\x84\ue00e'..20ch); ins@110:b'\n'
F-01522	5f58859b0653c9202f63884537c19ba17c47c9e48e27fda2db12018a5daba1e6	1	REJECT_CLEAN	0	FAIL artifact: EMBED hash mismatch (receipt 1844674407370955 vs local 8cbcd6b69df03539)		1	REJECT_CLEAN	0	VERIFY FAIL — strict: no newline after the last line (exactly one is required)		qemu_abstain/RECEIPT.TXT; swap11/6; embed<-'184467440737'; del[36:58]
F-01523	2d03ded0cb89862c292eb5503f3e81070a918896eb484b866d7e40bbbaa27749	1	REJECT_CLEAN	0	VERIFY FAIL — receipt inputs cannot be replayed: prompt (41) + max_new (500) exceeds max_position_embeddings (512)		1	REJECT_CLEAN	0	VERIFY FAIL — receipt inputs cannot be replayed: prompt (41) + max_new (500) exceeds max_position_embeddings (512)		qemu_lookup/RECEIPT2.TXT; maxtok<-500
F-01524	14a4af6d86a9a4c2fc3575aa5bc4763ad18818ba5aa14c237f655d11e88ad26e	1	REJECT_CLEAN	0	VERIFY FAIL — replay diverged from the receipt		1	REJECT_CLEAN	0	VERIFY FAIL — strict: no newline after the last line (exactly one is required)		qemu_unknown_tool/RECEIPT.TXT; dupline3; trunc@646
F-01525	7ed96e23fa99e89f859dd1087c6a08305bb523602ece75b113ea566ca670cfb9	1	REJECT_CLEAN	0	VERIFY FAIL — replay diverged from the receipt		1	REJECT_CLEAN	0	VERIFY FAIL — strict: no newline after the last line (exactly one is required)		qemu_calc_words/RECEIPT2.TXT; prompt-toks<-'1,2,'; trunc@314; prompt-hex<-hex('\x93̞\x9d\x8aŃ'..5ch)
F-01526	61b3279a51e54a35cf19c1d3d381ef819889482915973e71f9df32eecb168df3	1	REJECT_CLEAN	0	VERIFY FAIL — replay diverged from the receipt		1	REJECT_CLEAN	0	VERIFY FAIL — strict: line 1: header must be exactly "AEGIS-WITNESS v1-CIS"		qemu_everyday/RECEIPT.TXT; swap10/0; prompt-hex<-hex('\x8b'..1ch); ins@370:b'\n'
F-01527	2cb61a31e7151f6df6b67a2ffb7869e461e6d6b97df5fa65a1f1c43bc7be42a3	1	REJECT_CLEAN	0	VERIFY FAIL — replay diverged from the receipt		1	REJECT_CLEAN	0	VERIFY FAIL — strict: line 7 (prompt-toks): expected a decimal integer without sign or leading zeros		qemu_calc_words/RECEIPT.TXT; prompt-toks<-'zz'; chain<-'4294967296'
F-01528	60ad8901d1be067c7d8ce234d1c0c812a54e438b519662bc61228f983c8aaa18	1	REJECT_CLEAN	0	VERIFY FAIL — replay diverged from the receipt		1	REJECT_CLEAN	0	VERIFY FAIL — strict: byte 473: 0x17 is not printable ASCII or LF		qemu_calc/RECEIPT.TXT; rep@452:0x17; dupline0; maxtok<-1
F-01529	3b05b2ed844832998a74e23bbaf93852f17dd8922c7a9cc4d9df362085cebf13	1	REJECT_CLEAN	0	VERIFY FAIL — receipt inputs cannot be replayed: prompt (8) + max_new (513) exceeds max_position_embeddings (512)		1	REJECT_CLEAN	0	VERIFY FAIL — receipt inputs cannot be replayed: prompt (8) + max_new (513) exceeds max_position_embeddings (512)		qemu_calc/RECEIPT.TXT; del[292:306]; maxtok<-513
F-01530	5f6cbbb5a3ec8e592d82ca23569d1dccfdbbcba3802d80d81272659dfe843f17	1	REJECT_CLEAN	0	FAIL artifact: VOCAB hash mismatch (receipt a4cafc9s49488987 vs local a4cafc9649488987)		1	REJECT_CLEAN	0	VERIFY FAIL — strict: no newline after the last line (exactly one is required)		qemu_lookup/RECEIPT2.TXT; swap4/9; trunc@216; rep@176:0x73
F-01531	33b3fbea39db85a3d7b017691efe87352c4db9d793ebdee712b1c287b5108d25	1	REJECT_CLEAN	0	VERIFY FAIL — replay diverged from the receipt		1	REJECT_CLEAN	0	VERIFY FAIL — strict: line 11 (chain): expected 64 lower-case hex digits		qemu_calc/RECEIPT2.TXT; chain<-'00'
F-01532	5fd765a8ee880c2d0b6c211fb6b54e64239a943fa6b5f80f1ec715c36f113d29	1	REJECT_CLEAN	0	VERIFY FAIL — malformed receipt: not valid UTF-8		1	REJECT_CLEAN	0	VERIFY FAIL — strict: byte 194: 0xa9 is not printable ASCII or LF		qemu_calc_words/RECEIPT2.TXT; rep@194:0xa9
F-01533	b1c8cd740a96ea069b64ebde5693c92a26ab2e97811c6b4da7282e1400c651cc	1	REJECT_CLEAN	0	VERIFY FAIL — malformed receipt: not valid UTF-8		1	REJECT_CLEAN	0	VERIFY FAIL — strict: byte 126: 0xbf is not printable ASCII or LF		qemu_calc_words/RECEIPT.TXT; swap10/0; rep@126:0xbf
F-01534	6068141dbb655b1ceb2d7c278d91915b63d344f19d40f9c8d829447cc94506aa	0	ACCEPT	0	VERIFY PASS — replay reproduced 35 tokens, the token digest, and the full logit chain bit-for-bit		1	REJECT_CLEAN	0	VERIFY FAIL — strict: no newline after the last line (exactly one is required)		qemu_unknown_tool/RECEIPT.TXT; swap11/0
F-01535	70d4ca440868ada5e15f8d7e7b061a06e82a2e9d0bac80736dbef02a149ac075	1	REJECT_CLEAN	0	FAIL artifact: VOCAB hash mismatch (receipt  vs local a4cafc9649488987)		1	REJECT_CLEAN	0	VERIFY FAIL — strict: no newline after the last line (exactly one is required)		qemu_abstain/RECEIPT.TXT; trunc@80; AEGIS-WITNESS<-'+1'
F-01536	a6cb4d8557a3b1ec8ea54054ae965c4036b88d18aa6f9ce1b295483eb01a2090	0	ACCEPT	0	VERIFY PASS — replay reproduced 50 tokens, the token digest, and the full logit chain bit-for-bit		1	REJECT_CLEAN	0	VERIFY FAIL — strict: byte 15: 0xc3 is not printable ASCII or LF		qemu_receipt/RECEIPT.TXT; AEGIS-WITNESS<-'aé'
F-01537	31b8bff80262769ce5d9938aeeac6bedab550e66edaad41e7f044ee62efa1634	1	REJECT_CLEAN	0	VERIFY FAIL — replay diverged from the receipt		1	REJECT_CLEAN	0	VERIFY FAIL — strict: no newline after the last line (exactly one is required)		qemu_lookup/RECEIPT.TXT; trunc@258
F-01538	1900f728a0249ebaa98650b803f41779a4e194d68cf9f1396767cd4f0bef1493	1	REJECT_CLEAN	0	VERIFY FAIL — replay diverged from the receipt		1	REJECT_CLEAN	0	VERIFY FAIL — strict: line 5: key out of order "prompt-hex", canonical order expects "maxtok"		qemu_lookup/RECEIPT.TXT; swap4/5; rep@333:0x45
F-01539	0450a65f6778d20c5009c796e14b7a9bbac57115b256d2a6b9e1fddd785a5a86	1	REJECT_CLEAN	0	VERIFY FAIL — malformed receipt: token id "14999999999999999999999999999999" is not an unsigned 32-bit integer		1	REJECT_CLEAN	0	VERIFY FAIL — strict: line 9 (token-ids): expected comma-separated canonical decimal u32 ids		qemu_receipt/RECEIPT.TXT; del[286:298]; ins@626:b'999999999999999999999999999999'
F-01540	3b58278f0e87c4e418442e528f54b44f17c3d4365b8973c6f24a18a767f0ba8c	1	REJECT_CLEAN	0	VERIFY FAIL — replay diverged from the receipt		1	REJECT_CLEAN	0	VERIFY FAIL — strict: line 1: header must be exactly "AEGIS-WITNESS v1-CIS"		qemu_calc/RECEIPT.TXT; ins@8:b','; prompt-hex<-hex('\ue00bƤ'..2ch)
F-01541	5a172f03099db299ef08517773ac08bf9487ba75d19d9aba285ea46b0711b8fe	1	REJECT_CLEAN	0	VERIFY FAIL — replay diverged from the receipt		1	REJECT_CLEAN	0	VERIFY FAIL — strict: byte 283: 0xed is not printable ASCII or LF		qemu_lookup/RECEIPT.TXT; prompt-toks<-'\ud7ff'; trunc@350; prompt-hex<-hex('\x7f\ue001😍'..3ch)
F-01542	93cb4f46c1143566863b005d8ef6fee9c2706a16a68b7d6972f19802d087122d	1	REJECT_CLEAN	0	VERIFY FAIL — malformed receipt: not valid UTF-8		1	REJECT_CLEAN	0	VERIFY FAIL — strict: byte 88: 0xcd is not printable ASCII or LF		qemu_receipt/RECEIPT.TXT; rep@88:0xcd; swap6/8
F-01543	4c8b1629ca4ef8683b9101ccfb1529b8d267869eac5d70d56d4cc1f2a9d71345	1	REJECT_CLEAN	0	VERIFY FAIL — receipt inputs cannot be replayed: prompt (37) + max_new (18446744073709551615) exceeds max_position_embeddings (512)		1	REJECT_CLEAN	0	VERIFY FAIL — strict: no newline after the last line (exactly one is required)		qemu_lookup/RECEIPT.TXT; maxtok<-18446744073709551615; prompt-hex<-hex('乀\x8ef\ue00b\x11ȍ1)Ö\x10丅両'..20ch); dupline4
F-01544	5dc7fa13c632d546901c75fc0d3871f9f3c741ec1045f6bde0e837c73e2b747d	1	REJECT_CLEAN	0	VERIFY FAIL — receipt inputs cannot be replayed: prompt (11) + max_new (1000) exceeds max_position_embeddings (512)		1	REJECT_CLEAN	0	VERIFY FAIL — strict: byte 347: 0xe2 is not printable ASCII or LF		qemu_calc_words/RECEIPT.TXT; ins@326:b'\xe2\x80\xae'; maxtok<-1000; prompt-toks<-'184467440737'
F-01545	63899295c3efc012a5a7cc43b0aa846eea951677a278e73b0d2ed9cae0f991bb	1	REJECT_CLEAN	0	FAIL artifact: EMBED hash mismatch (receipt xxxxxxxxxxxxxxxx vs local 8cbcd6b69df03539)		1	REJECT_CLEAN	0	VERIFY FAIL — strict: line 3 (embed): expected 64 lower-case hex digits		qemu_calc/RECEIPT.TXT; embed<-'xxxxxxxxxxxx'; del[4012:4048]
F-01546	ae1a3dc958f719da6134ec75f4cc91c48c22f575e44b96b47e42cda4bacfb36b	1	REJECT_CLEAN	0	VERIFY FAIL — malformed receipt: not valid UTF-8		1	REJECT_CLEAN	0	VERIFY FAIL — strict: byte 32: 0x94 is not printable ASCII or LF		qemu_lookup/RECEIPT2.TXT; rep@32:0x94; swap9/6; rep@157:0xfc
F-01547	9da799fbf70a2f2540f71b57c330702c3964b42cd6aa2f8240a0ff6b8142ca33	1	REJECT_CLEAN	0	VERIFY FAIL — malformed receipt: not valid UTF-8		1	REJECT_CLEAN	0	VERIFY FAIL — strict: byte 2839: 0xe9 is not printable ASCII or LF		qemu_self/RECEIPT.TXT; prompt-hex<-hex('\x03ƆŞ\x81\ue010😅😍\x00\x97\x1b̷́'..700ch); rep@2839:0xe9
F-01548	df1efed48ed15d98f603badb167a6f2429f3f2f4b5587ed1a8e34682aa678803	1	REJECT_CLEAN	0	VERIFY FAIL — malformed receipt: not valid UTF-8		1	REJECT_CLEAN	0	VERIFY FAIL — strict: byte 16: 0xff is not printable ASCII or LF		qemu_calc_words/RECEIPT.TXT; ins@16:b'\xff'; del[198:230]
F-01549	0c93f3f5b09159419cb54fedee927e63b6d108f75bcf0aa997aa5b67d24e92b3	1	REJECT_CLEAN	0	VERIFY FAIL — replay diverged from the receipt		1	REJECT_CLEAN	0	VERIFY FAIL — strict: line 11 (chain): expected 64 lower-case hex digits		qemu_calc/RECEIPT.TXT; rep@447:0x55
F-01550	4e1c21803a9ffd8d8f28feb92c666a0f6228f970430a33b96b9b2d4696b5a077	1	REJECT_CLEAN	0	VERIFY FAIL — replay diverged from the receipt		1	REJECT_CLEAN	0	VERIFY FAIL — strict: byte 431: carriage return (CRLF line endings are not canonical)		qemu_lookup/RECEIPT.TXT; rep@431:0x0d
F-01551	b1a42a802b78725d450bacfd5ccb23f2ea4381296e5c4f5639c294cd464aa3c0	1	REJECT_CLEAN	0	FAIL artifact: VOCAB hash mismatch (receipt  vs local a4cafc9649488987)		1	REJECT_CLEAN	0	VERIFY FAIL — strict: no newline after the last line (exactly one is required)		qemu_lookup/RECEIPT.TXT; rep@178:0xa6; trunc@43
F-01552	7d0ff6d493927779a1fd16e9b1f4eeeadb7d4080359e5e503c24f851eb2d8913	1	REJECT_CLEAN	0	VERIFY FAIL — replay diverged from the receipt		1	REJECT_CLEAN	0	VERIFY FAIL — strict: no newline after the last line (exactly one is required)		qemu_lookup/RECEIPT2.TXT; swap8/2; swap11/3; prompt-hex<-hex('😙\x0c̽\ue005ǒ\x91丅\x04\x94东\x8a\ue010'..20ch)
F-01553	f56bf2ced0f52182f8549191ee9c5c32d1fa5721282c853cacaa1de2e0f031fa	1	REJECT_CLEAN	0	VERIFY FAIL — receipt inputs cannot be replayed: prompt (1432) + max_new (8) exceeds max_position_embeddings (512)		1	REJECT_CLEAN	0	VERIFY FAIL — receipt inputs cannot be replayed: prompt (1432) + max_new (8) exceeds max_position_embeddings (512)		qemu_calc_words/RECEIPT.TXT; prompt-hex<-hex('͟f^😝:乊K:\x19Q1\ue004'..20ch); prompt-hex<-hex('\ue000😊L\ue00c😉\x85ȕ丟两\ue005丢̈'..700ch)
F-01554	bffd8fef01c6f6b5ddf795b07b2fd57091d3bab5ad935b4e44f2fba0748c9bae	1	REJECT_CLEAN	0	FAIL artifact: VOCAB hash mismatch (receipt ffffffffffffffff vs local a4cafc9649488987)		1	REJECT_CLEAN	0	VERIFY FAIL — strict: line 10: key out of order "chain", canonical order expects "cis-digest"		qemu_abstain/RECEIPT.TXT; prompt-hex<-hex('̹😜Ď\x01且😋6ͭ\x02̗̿̀'..20ch); swap10/9; vocab<-'ffffffffffff'
F-01555	b031503169febc2451d68798ae08a20c97bcedc52653c8bab32a9dfc33eab0d6	1	REJECT_CLEAN	0	VERIFY FAIL — receipt inputs cannot be replayed: prompt (41) + max_new (9223372036854775808) exceeds max_position_embeddings (512)		1	REJECT_CLEAN	0	VERIFY FAIL — strict: line 10 (cis-digest): expected 16 lower-case hex digits		qemu_lookup/RECEIPT2.TXT; maxtok<-9223372036854775808; ins@627:b'\n\n'
F-01556	4b8e7ede838ec958ba3014bd1d6551d2098b75c34a2bf2ff0bdd8f0c3417a361	0	ACCEPT	0	VERIFY PASS — replay reproduced 8 tokens, the token digest, and the full logit chain bit-for-bit		1	REJECT_CLEAN	0	VERIFY FAIL — strict: line 2: key out of order "chain", canonical order expects "model"		qemu_calc_words/RECEIPT.TXT; dupline2; prompt-toks<-'ffffffffffff'; swap1/11
F-01557	38949b86c52a74217d2d8a6d611ba60439ba1f33c882de69fc056c07414b419b	1	REJECT_CLEAN	0	VERIFY FAIL — replay diverged from the receipt		1	REJECT_CLEAN	0	VERIFY FAIL — strict: no newline after the last line (exactly one is required)		qemu_unknown_tool/RECEIPT.TXT; ins@384:b'\xe2\x80\xae'; trunc@377
F-01558	a9719afc5c65507633ea5916ebc6a34f3d175b98751cd5dc8431471261f08cb3	1	REJECT_CLEAN	0	VERIFY FAIL — receipt inputs cannot be replayed: prompt (1503) + max_new (23) exceeds max_position_embeddings (512)		1	REJECT_CLEAN	0	VERIFY FAIL — strict: blank line at the end (exactly one trailing newline is required)		qemu_lookup/RECEIPT2.TXT; prompt-hex<-hex('丸😆Tw\x84\ue00d😋ͤ&ƞ😃̷'..60ch); prompt-hex<-hex('乏]\x00\x10\x89乌ȸ\ue009\ue006😋ȟ̉'..700ch); dupline11
F-01559	76576157e3aee2afbbca7189101bca50a3145bce93434dd91b59cb190873b5a5	1	REJECT_CLEAN	0	VERIFY FAIL — replay diverged from the receipt		1	REJECT_CLEAN	0	VERIFY FAIL — strict: line 9: unknown key "tokeds", canonical order expects "token-ids"		qemu_lookup/RECEIPT2.TXT; del[491:494]
F-01560	42debc141f7181c9aec2a3ab2eb3e148e0d09315ed8d716030141e2c7b53f1f4	1	REJECT_CLEAN	0	VERIFY FAIL — malformed receipt: not valid UTF-8		1	REJECT_CLEAN	0	VERIFY FAIL — strict: byte 0: 0xff is not printable ASCII or LF		garbage:highbytes
F-01561	7e540d3e73a531ee26ecdb90eed698a5e6fc910ddb16e39c85df3d28a5a1fd50	1	REJECT_CLEAN	0	FAIL artifact: MODEL hash mismatch (receipt 1 2 vs local a44e48965c641b81)		1	REJECT_CLEAN	0	VERIFY FAIL — strict: line 2 (model): expected 64 lower-case hex digits		qemu_lookup/RECEIPT2.TXT; maxtok<-511; model<-'1 2'; prompt-toks<-'FFFFFFFFFFFF'
F-01562	d3fbf482b77c09d1300a8cb87341253f27d35649158c0b5b7677a190dc16bb7b	0	ACCEPT	0	VERIFY PASS — replay reproduced 3 tokens, the token digest, and the full logit chain bit-for-bit		1	REJECT_CLEAN	0	VERIFY FAIL — strict: line 1: header must be exactly "AEGIS-WITNESS v1-CIS"		qemu_everyday/RECEIPT.TXT; AEGIS-WITNESS<-'FF'
F-01563	0e05b7dcb4846a6a7a455c87cc1fbb2b030656725765f448b535269a27427df3	0	ACCEPT	0	VERIFY PASS — replay reproduced 3 tokens, the token digest, and the full logit chain bit-for-bit		1	REJECT_CLEAN	0	VERIFY FAIL — strict: line 1: header must be exactly "AEGIS-WITNESS v1-CIS"		qemu_everyday/RECEIPT.TXT; swap5/0
F-01564	f765cf3dc27fb7b6b201817b5ade5c0ced7bfb4e77ee06f60e6b0f5586cfa767	1	REJECT_CLEAN	0	FAIL artifact: MODEL hash mismatch (receipt a44e48965c641b81 vs local a44e48965c641b81)		1	REJECT_CLEAN	0	VERIFY FAIL — strict: line 2 (model): expected 64 lower-case hex digits		qemu_lookup/RECEIPT.TXT; del[71:87]
F-01565	b5a5fd613e5ea3f004302acd95b84224feb06c799621cf60048f4dea13e1a470	1	REJECT_CLEAN	0	VERIFY FAIL — replay diverged from the receipt		1	REJECT_CLEAN	0	VERIFY FAIL — strict: byte 14: carriage return (CRLF line endings are not canonical)		qemu_abstain/RECEIPT.TXT; ins@14:b'\r\n'; trunc@516
F-01566	5df73094461d879eb268ca3cc85e0c2fdafe583b352145fb9b3988927a993262	1	REJECT_CLEAN	0	VERIFY FAIL — malformed receipt: token id "4294967296" is not an unsigned 32-bit integer		1	REJECT_CLEAN	0	VERIFY FAIL — strict: byte 27: 0xe2 is not printable ASCII or LF		qemu_calc_words/RECEIPT.TXT; model<-'\u202e'; prompt-hex<-hex('丳\ue005乌Ƞǋ'..5ch); token-ids<-'4294967296'
F-01567	b005bc0e8d115cfaf91fcd5fe2c41c9a660fe37ae0658f4a97eee5e212755f8d	1	REJECT_CLEAN	0	VERIFY FAIL — replay diverged from the receipt		1	REJECT_CLEAN	0	VERIFY FAIL — strict: byte 406: 0x02 is not printable ASCII or LF		qemu_lookup/RECEIPT2.TXT; rep@626:0x02; prompt-hex<-hex('+😝'..2ch); del[324:350]
F-01568	3674e7486c4c9604830b3be62e8884716f64980269970a17ce5987e2b9e65f6b	1	REJECT_CLEAN	0	VERIFY FAIL — receipt inputs cannot be replayed: prompt (1496) + max_new (9) exceeds max_position_embeddings (512)		1	REJECT_CLEAN	0	VERIFY FAIL — strict: line 8: key out of order "cis-digest", canonical order expects "gen-toks"		qemu_calc/RECEIPT.TXT; ins@333:b'\n\n'; prompt-hex<-hex('\x83ͭ¨😂͊\ue005,丼Rp😛😀'..700ch); swap11/7
F-01569	db4188e30957446f9415b32e78abff4f9a15275c86f21a6444ab22049848c4ee	1	REJECT_CLEAN	0	FAIL artifact: EMBED hash mismatch (receipt 8cbcéd6b69df035 vs local 8cbcd6b69df03539)		1	REJECT_CLEAN	0	VERIFY FAIL — strict: byte 102: 0xc3 is not printable ASCII or LF		qemu_calc/RECEIPT.TXT; ins@102:b'\xc3\xa9'
F-01570	8dfb4a14d7437fe122d7dfa778845c8c8611a32d26cc162a528cce9eb15698dd	0	ACCEPT	0	VERIFY PASS — replay reproduced 25 tokens, the token digest, and the full logit chain bit-for-bit		1	REJECT_CLEAN	0	VERIFY FAIL — strict: byte 349: 0xc3 is not printable ASCII or LF		qemu_abstain/RECEIPT.TXT; gen-toks<-'aé'; dupline1; swap0/12
F-01571	5dc69defba319ed10d8e4b1085defdb2f6037aefafdded7ddcb19b13c223ab08	1	REJECT_CLEAN	0	VERIFY FAIL — replay diverged from the receipt		1	REJECT_CLEAN	0	VERIFY FAIL — replay diverged from the receipt		qemu_abstain/RECEIPT.TXT; prompt-hex<-hex('#'..1ch); prompt-hex<-hex('\x90'..1ch)
F-01572	c0c07462e8cda0a86fccbe9f6429c8464159fe0c835aed52b8e99c682066327b	1	REJECT_CLEAN	0	VERIFY FAIL — replay diverged from the receipt		1	REJECT_CLEAN	0	VERIFY FAIL — strict: line 10 (cis-digest): expected 16 lower-case hex digits		qemu_everyday/RECEIPT.TXT; rep@386:0x75
F-01573	e733922c1a05f53d89a6509a7bc1a51fcef39a1c09273e3171e73a83e18ca3e5	1	REJECT_CLEAN	0	VERIFY FAIL — replay diverged from the receipt		1	REJECT_CLEAN	0	VERIFY FAIL — strict: line 10 (cis-digest): expected 16 lower-case hex digits		qemu_unknown_tool/RECEIPT.TXT; maxtok<-0; cis-digest<-'1 2'
F-01574	38c784e115cf1499cb9ade96a7fc8684bfbc86cd6dd8aefb4179f57bcd885991	1	REJECT_CLEAN	0	FAIL artifact: VOCAB hash mismatch (receipt  vs local a4cafc9649488987)		1	REJECT_CLEAN	0	VERIFY FAIL — strict: no newline after the last line (exactly one is required)		qemu_calc_words/RECEIPT.TXT; trunc@134; trunc@99
F-01575	46b16c0806279d810e7fd311645098db2165a1310e0114c9520198a95e5b0fd0	0	ACCEPT	0	VERIFY PASS — replay reproduced 23 tokens, the token digest, and the full logit chain bit-for-bit		1	REJECT_CLEAN	0	VERIFY FAIL — strict: line 3: key out of order "chain", canonical order expects "embed"		qemu_lookup/RECEIPT2.TXT; dupline10
F-01576	bf81ac119c9d355951bbcb1fb4944e44c1f29ef9af999362d1d5646462301d4d	1	REJECT_CLEAN	0	VERIFY FAIL — replay diverged from the receipt		1	REJECT_CLEAN	0	VERIFY FAIL — replay diverged from the receipt		qemu_everyday/RECEIPT.TXT; del[269:273]
F-01577	6d02b3cf7f41248eade4881685a115523760b51ed6b5c304e86ac7280f34380a	1	REJECT_CLEAN	0	VERIFY FAIL — malformed receipt: not valid UTF-8		1	REJECT_CLEAN	0	VERIFY FAIL — strict: byte 46: 0xaf is not printable ASCII or LF		qemu_calc/RECEIPT2.TXT; trunc@363; rep@58:0xaf; swap0/4
F-01578	360198a74d23ec6405f9bb3b2104a4468e938150ad88b80cdf2d3d9e4e426869	1	REJECT_CLEAN	0	VERIFY FAIL — receipt inputs cannot be replayed: prompt (41) + max_new (511) exceeds max_position_embeddings (512)		1	REJECT_CLEAN	0	VERIFY FAIL — receipt inputs cannot be replayed: prompt (41) + max_new (511) exceeds max_position_embeddings (512)		qemu_lookup/RECEIPT2.TXT; maxtok<-511
F-01579	c09c66be885d801543354134cd3db6efb6dac8b8584b9589bb52b11c83443490	1	REJECT_CLEAN	0	FAIL artifact: VOCAB hash mismatch (receipt  vs local a4cafc9649488987)		1	REJECT_CLEAN	0	VERIFY FAIL — strict: no newline after the last line (exactly one is required)		qemu_calc/RECEIPT.TXT; trunc@107; swap2/1
F-01580	3416e69f896f65c814b32f495360af4871b32bec0817191360fed38bd269177d	1	REJECT_CLEAN	0	FAIL artifact: EMBED hash mismatch (receipt 8cbcd6b69df03539 vs local 8cbcd6b69df03539)		1	REJECT_CLEAN	0	VERIFY FAIL — strict: line 3 (embed): expected 64 lower-case hex digits		qemu_calc_words/RECEIPT2.TXT; dupline3; del[133:153]; prompt-hex<-hex('P;Ƅá\n乎¿'..8ch)
F-01581	80917ed5e7dcffe5702500db3879f5900c99107ac3ec67e39b64e22d2f19eee4	1	REJECT_CLEAN	0	VERIFY FAIL — receipt inputs cannot be replayed: prompt (38) + max_new (513) exceeds max_position_embeddings (512)		1	REJECT_CLEAN	0	VERIFY FAIL — strict: line 1: header must be exactly "AEGIS-WITNESS v1-CIS"		qemu_lookup/RECEIPT2.TXT; maxtok<-513; dupline5; prompt-hex<-hex('lØ\x13͗Ʃm̩+\ue004\x85̌>'..20ch)
F-01582	94566917ef3c26b7151aefab69971f5499a71b923c8d2da2ef3d93082ba84d9e	1	REJECT_CLEAN	0	VERIFY FAIL — receipt inputs cannot be replayed: prompt (12) + max_new (511) exceeds max_position_embeddings (512)		1	REJECT_CLEAN	0	VERIFY FAIL — strict: line 6: key out of order "gen-toks", canonical order expects "prompt-hex"		qemu_everyday/RECEIPT.TXT; dupline3; dupline7; maxtok<-511
F-01583	3b6ba7c029b276280521877faafc1b99c62ecaa271f2060fe42e5322c3a9648a	1	REJECT_CLEAN	0	VERIFY FAIL — malformed receipt: token id "18446744073709551615" is not an unsigned 32-bit integer		1	REJECT_CLEAN	0	VERIFY FAIL — strict: line 4 (vocab): expected 64 lower-case hex digits		qemu_lookup/RECEIPT2.TXT; del[202:234]; token-ids<-'184467440737'
F-01584	47576d43205622497742f9fd9dc2daaf404dcac57e96e8a93e468fd083d570fb	1	REJECT_CLEAN	0	FAIL artifact: EMBED hash mismatch (receipt  vs local 8cbcd6b69df03539)		1	REJECT_CLEAN	0	VERIFY FAIL — strict: line 2 (model): expected 64 lower-case hex digits		qemu_everyday/RECEIPT.TXT; del[67:106]; ins@44:b'+'; prompt-hex<-hex('丒丯'..2ch)
F-01585	4f3073b026a2378367a06dfde83d0c5199c26ea33c2f71a6ed21f5cdf6bc133f	1	REJECT_CLEAN	0	VERIFY FAIL — malformed receipt: token id "20d8" is not an unsigned 32-bit integer		1	REJECT_CLEAN	0	VERIFY FAIL — strict: line 3 (embed): expected 64 lower-case hex digits		qemu_abstain/RECEIPT.TXT; rep@438:0x64; gen-toks<-'+1'; rep@102:0x73
F-01586	2847aeebf47f6f4864e6ddd026860abd24db1cb8e5402deb5bcd75998cb727d1	1	REJECT_CLEAN	0	FAIL artifact: VOCAB hash mismatch (receipt a4cafc9g64948898 vs local a4cafc9649488987)		1	REJECT_CLEAN	0	VERIFY FAIL — strict: line 4 (vocab): expected 64 lower-case hex digits		qemu_lookup/RECEIPT2.TXT; chain<-'FFFFFFFFFFFF'; dupline1; ins@176:b'g'
F-01587	aed9a7028dec3897aaa43c3500977a8c2f39528aa1f75e81d64d372fccd4c220	1	REJECT_CLEAN	0	VERIFY FAIL — malformed receipt: prompt-hex does not decode to UTF-8 text		1	REJECT_CLEAN	0	VERIFY FAIL — strict: line 4 (vocab): expected 64 lower-case hex digits		qemu_self/RECEIPT.TXT; ins@203:b','; del[330:333]
F-01588	1cc29a0cb9e1239bf11592b2feca765c9bd3cbae0ae3339307627b75809879b0	1	REJECT_CLEAN	0	VERIFY FAIL — malformed receipt: not valid UTF-8		1	REJECT_CLEAN	0	VERIFY FAIL — strict: byte 72: 0xc3 is not printable ASCII or LF		qemu_calc_words/RECEIPT2.TXT; prompt-hex<-hex(")s'͈\ue006😞 ["..8ch); ins@139:b'\n'; ins@72:b'\xc3'
F-01589	99f7a60a5fba0a8f4f11a729e2fd38b69c278f4ecd092cb67de0c1b70b478d4f	1	REJECT_CLEAN	0	FAIL artifact: EMBED hash mismatch (receipt  vs local 8cbcd6b69df03539)		1	REJECT_CLEAN	0	VERIFY FAIL — strict: line 1: header must be exactly "AEGIS-WITNESS v1-CIS"		qemu_calc/RECEIPT.TXT; del[86:118]; swap0/3; prompt-hex<-hex('F丅Ȟ😆\x0bƑ͙\ue003丏\x89\x84\ue005'..700ch)
F-01590	59fe28169ff4dbdf5e24d962091084f2b8c4bdc8e8053c0a9bf6738d2f074eee	1	REJECT_CLEAN	0	VERIFY FAIL — malformed receipt: prompt-hex: byte pair 15 splits a multi-byte character		1	REJECT_CLEAN	0	VERIFY FAIL — strict: byte 356: 0xc3 is not printable ASCII or LF		qemu_everyday/RECEIPT.TXT; dupline2; ins@356:b'\xc3\xa9'
F-01591	8ec175cd943d7f43d27a8c66b795732a03aed631ada45eec1890a4a184dbf0cb	1	REJECT_CLEAN	0	VERIFY FAIL — malformed receipt: not valid UTF-8		1	REJECT_CLEAN	0	VERIFY FAIL — strict: byte 148: 0xc3 is not printable ASCII or LF		qemu_calc/RECEIPT2.TXT; prompt-hex<-hex('\x9c$\ue00ao\x08\ue00aIo'..8ch); rep@148:0xc3; chain<-'0'
F-01592	9d5780cb4ec484ca3ecb458b388b652569bab834fa7e79071976e80fb18bcca0	1	REJECT_CLEAN	0	VERIFY FAIL — malformed receipt: maxtok is not an unsigned integer		1	REJECT_CLEAN	0	VERIFY FAIL — strict: byte 241: 0xe2 is not printable ASCII or LF		qemu_calc/RECEIPT2.TXT; maxtok<-0; maxtok<-'\u202e'
F-01593	1d0e29c41cd656b861d26c908b8f24c0358b3c75c4b48d0afb4782b5ba8a97bf	1	REJECT_CLEAN	0	VERIFY FAIL — replay diverged from the receipt		1	REJECT_CLEAN	0	VERIFY FAIL — replay diverged from the receipt		qemu_lookup/RECEIPT2.TXT; prompt-hex<-hex('\x87😟\x17'..3ch)
F-01594	c02b66699e27d385bc27ce8df5edf6010bc6ee784a26461cd84e5a64ca137acf	1	REJECT_CLEAN	0	VERIFY FAIL — replay diverged from the receipt		1	REJECT_CLEAN	0	VERIFY FAIL — strict: line 10 (cis-digest): expected 16 lower-case hex digits		qemu_calc/RECEIPT2.TXT; cis-digest<-'184467440737'
F-01595	056171bef75fcd1968766f177dd5935f0e28dea0e5332ef2c2931ce04a5b5641	1	REJECT_CLEAN	0	VERIFY FAIL — malformed receipt: token id "ffffffffffffffffffffffffffffffffffffffffffffffffffffffffffffffff" is not an unsigned 32-bit integer		1	REJECT_CLEAN	0	VERIFY FAIL — strict: line 1: header must be exactly "AEGIS-WITNESS v1-CIS"		qemu_calc/RECEIPT2.TXT; prompt-hex<-hex('͂\ue0071😃Cl{乎QŊ😈0'..60ch); ins@9:b'999999999999999999999999999999'; token-ids<-'ffffffffffff'
F-01596	553750559735e267569601c589f82357aa1a625858fd2268bbde71f6e149949e	1	REJECT_CLEAN	0	FAIL artifact: VOCAB hash mismatch (receipt a4cafc9649488987 vs local a4cafc9649488987)		1	REJECT_CLEAN	0	VERIFY FAIL — strict: line 4 (vocab): expected 64 lower-case hex digits		qemu_calc/RECEIPT2.TXT; prompt-hex<-hex('\ue009举😝0ĳ下😛\x8a6K\x8b)'..700ch); rep@198:0x60; maxtok<-0
F-01597	2bd45d80c2895090d4e863fb32d142f573aa671e16a69c0c83453b14f3b0ecd3	1	REJECT_CLEAN	0	VERIFY FAIL — replay diverged from the receipt		1	REJECT_CLEAN	0	VERIFY FAIL — strict: no newline after the last line (exactly one is required)		qemu_calc_words/RECEIPT.TXT; trunc@424; ins@400:b' '; dupline10
F-01598	c2815043bc414eb5ca1ad18eef17a37ee70344065a254b4116ba8ae8ccd052be	1	REJECT_CLEAN	0	VERIFY FAIL — receipt inputs cannot be replayed: prompt (11) + max_new (513) exceeds max_position_embeddings (512)		1	REJECT_CLEAN	0	VERIFY FAIL — receipt inputs cannot be replayed: prompt (11) + max_new (513) exceeds max_position_embeddings (512)		qemu_calc_words/RECEIPT.TXT; maxtok<-513
F-01599	2dccea26b56a1a438e0c4f98a3daac486c995598da7acb92cb31cfa7e20e0fde	1	REJECT_CLEAN	0	FAIL artifact: MODEL hash mismatch (receipt a44e48965c641b81 vs local a44e48965c641b81)		1	REJECT_CLEAN	0	VERIFY FAIL — strict: line 2 (model): expected 64 lower-case hex digits		qemu_calc/RECEIPT.TXT; ins@84:b'999999999999999999999999999999'
F-01600	ad0bf5709cffb3acb2891388e5d7b989edd80e906189743556353456d58a13c0	1	REJECT_CLEAN	0	FAIL artifact: VOCAB hash mismatch (receipt  vs local a4cafc9649488987)		1	REJECT_CLEAN	0	VERIFY FAIL — strict: byte 0: 0x00 is not printable ASCII or LF		garbage:nul
F-01601	8404e4cfc6eb2403641f598c8f2e2b1cbdcccd0d14f0c05f1e33f5b8fb013c92	1	REJECT_CLEAN	0	FAIL artifact: VOCAB hash mismatch (receipt  vs local a4cafc9649488987)		1	REJECT_CLEAN	0	VERIFY FAIL — strict: no newline after the last line (exactly one is required)		qemu_calc/RECEIPT.TXT; dupline1; swap5/12; trunc@35
F-01602	8fb2a1113a6ea980bcfc99bfa97b00d0e45b1c37c51bb1babac5ba05ba7a3a41	1	REJECT_CLEAN	0	FAIL artifact: VOCAB hash mismatch (receipt a4cafc9649488987 vs local a4cafc9649488987)		1	REJECT_CLEAN	0	VERIFY FAIL — strict: line 4 (vocab): expected 64 lower-case hex digits		qemu_everyday/RECEIPT.TXT; del[352:370]; del[220:223]
F-01603	5481fac4c102b6423f242768d284bde85d9f2e5c76dbe67add5120992e98ff97	1	REJECT_CLEAN	0	FAIL artifact: MODEL hash mismatch (receipt , vs local a44e48965c641b81)		1	REJECT_CLEAN	0	VERIFY FAIL — strict: line 2 (model): expected 64 lower-case hex digits		qemu_self/RECEIPT.TXT; token-ids<-'00'; model<-','
F-01604	bd9b394607aff5de5e54f0124ec0b2fa3c778505535f4bb5e3836fef0b6ba5b7	1	REJECT_CLEAN	0	FAIL artifact: EMBED hash mismatch (receipt 8cbcd6b69df03539 vs local 8cbcd6b69df03539)		1	REJECT_CLEAN	0	VERIFY FAIL — strict: line 1: header must be exactly "AEGIS-WITNESS v1-CIS"		qemu_calc/RECEIPT.TXT; del[130:144]; dupline11
F-01605	ad3685fd08a438a8d21ed767d6e128355add762a9b186e8a8845f5d7e279bce1	1	REJECT_CLEAN	0	VERIFY FAIL — replay diverged from the receipt		1	REJECT_CLEAN	0	VERIFY FAIL — replay diverged from the receipt		qemu_lookup/RECEIPT.TXT; prompt-hex<-hex('\r5\ue00f😗__Ā\x05\ue010\x0f丷\x14'..200ch)
F-01606	c523f69e9e3dde80c2370de38245c7acf5dc9ac7ccbc0872f5058b054d754241	0	ACCEPT	0	VERIFY PASS — replay reproduced 30 tokens, the token digest, and the full logit chain bit-for-bit		1	REJECT_CLEAN	0	VERIFY FAIL — strict: line 4: key out of order "chain", canonical order expects "vocab"		qemu_self/RECEIPT.TXT; swap10/3
F-01607	89c08f2403b80be28894f65f53f2ecbfcae36b61848aed31f50d6f33c79c640d	1	REJECT_CLEAN	0	VERIFY FAIL — malformed receipt: token id "1969999999999999999999999999999992" is not an unsigned 32-bit integer		1	REJECT_CLEAN	0	VERIFY FAIL — strict: byte 77: 0xc3 is not printable ASCII or LF		qemu_lookup/RECEIPT2.TXT; ins@77:b'\xc3\xa9'; ins@583:b'999999999999999999999999999999'
F-01608	c0f615dbce8d0d5a6e25a47e735e9e72c26b65cdf9d6b3e7ec952a73fa1d7aec	1	REJECT_CLEAN	0	VERIFY FAIL — replay diverged from the receipt		1	REJECT_CLEAN	0	VERIFY FAIL — strict: line 10: unknown key "cis-diges", canonical order expects "cis-digest"		qemu_calc_words/RECEIPT2.TXT; ins@449:b' '
F-01609	a003156b27bd756095a416f3005a191bc45bfe529ed5810dc9ad2f4049bc4db4	1	REJECT_CLEAN	0	VERIFY FAIL — replay diverged from the receipt		1	REJECT_CLEAN	0	VERIFY FAIL — strict: line 7: key out of order "gen-toks", canonical order expects "prompt-toks"		qemu_receipt/RECEIPT.TXT; swap6/7; prompt-hex<-hex('ĳ\x1eÆ\x9a丮'..5ch)
F-01610	17cae23bd04d2d405bb1777bf5c92524f2da0f3dff6ec7dc7375d230584ef0a8	1	REJECT_CLEAN	0	VERIFY FAIL — malformed receipt: token id "\u{202e}1962" is not an unsigned 32-bit integer		1	REJECT_CLEAN	0	VERIFY FAIL — strict: byte 577: 0xe2 is not printable ASCII or LF		qemu_lookup/RECEIPT2.TXT; ins@578:b'\xe2\x80\xae'; maxtok<-7; rep@261:0x38
F-01611	3bcd7fdf60638998ae5f5595d40461b45cab11ea308f20e8f5ddafaf4f40f3b8	1	REJECT_CLEAN	0	VERIFY FAIL — receipt inputs cannot be replayed: prompt (19) + max_new (513) exceeds max_position_embeddings (512)		1	REJECT_CLEAN	0	VERIFY FAIL — receipt inputs cannot be replayed: prompt (19) + max_new (513) exceeds max_position_embeddings (512)		qemu_self/RECEIPT.TXT; maxtok<-513
F-01612	48fc80a1754a8655e30ec449547f5d7e6f8cc434fd74e9c2e27e481d785bd4f0	1	REJECT_CLEAN	0	VERIFY FAIL — receipt inputs cannot be replayed: prompt (39) + max_new (9223372036854775808) exceeds max_position_embeddings (512)		1	REJECT_CLEAN	0	VERIFY FAIL — strict: line 7: key out of order "cis-digest", canonical order expects "prompt-toks"		qemu_self/RECEIPT.TXT; prompt-hex<-hex('\x9aU̒乆:\x89\x18一\x08\x11͌丼'..20ch); maxtok<-9223372036854775808; dupline9
F-01613	a809532c41a496add7574038f44dda12601079a4151587025ccfe256fe40c3b1	1	REJECT_CLEAN	0	VERIFY FAIL — malformed receipt: token id "\t" is not an unsigned 32-bit integer		1	REJECT_CLEAN	0	VERIFY FAIL — strict: byte 360: 0x09 is not printable ASCII or LF		qemu_everyday/RECEIPT.TXT; token-ids<-'\t'; AEGIS-WITNESS<-'1 2'
F-01614	a34a2157a152bbcc424bc1e1582ee9de6d303c238a186dbd7b7178a3bc91b62c	1	REJECT_CLEAN	0	VERIFY FAIL — replay diverged from the receipt		1	REJECT_CLEAN	0	VERIFY FAIL — strict: no newline after the last line (exactly one is required)		qemu_unknown_tool/RECEIPT.TXT; del[557:579]
F-01615	e5aea736f2162f52e48224f134e2a0b9645493525f2bc56e778c711d0164d27e	1	REJECT_CLEAN	0	VERIFY FAIL — receipt inputs cannot be replayed: prompt (19) + max_new (4096) exceeds max_position_embeddings (512)		1	REJECT_CLEAN	0	VERIFY FAIL — strict: line 7 (prompt-toks): expected a decimal integer without sign or leading zeros		qemu_receipt/RECEIPT.TXT; dupline10; maxtok<-4096; prompt-toks<-''
F-01616	4d97db13476b8bb309777a37cc2be59818c63e73868845a670e6ceccdce48956	1	REJECT_CLEAN	0	FAIL artifact: VOCAB hash mismatch (receipt a4cafc96494889d7 vs local a4cafc9649488987)		1	REJECT_CLEAN	0	FAIL artifact: VOCAB hash mismatch (receipt a4cafc96494889d7 vs local a4cafc9649488987)		qemu_lookup/RECEIPT.TXT; rep@183:0x64
F-01617	790cc4b695f3997caffa8be19c917c4b655c71ca2ea0e50c05d25d23446da087	1	REJECT_CLEAN	0	VERIFY FAIL — replay diverged from the receipt		1	REJECT_CLEAN	0	VERIFY FAIL — replay diverged from the receipt		qemu_calc/RECEIPT2.TXT; prompt-hex<-hex('\x89mQN😚͌为̻\ue009😋😅不'..200ch)
F-01618	6cd92b307f64582bb80a017f8a33b922525e04068f6218b8f229e165fe20e00e	1	REJECT_CLEAN	0	FAIL artifact: MODEL hash mismatch (receipt a44e48w65c641b81 vs local a44e48965c641b81)		1	REJECT_CLEAN	0	VERIFY FAIL — strict: line 2 (model): expected 64 lower-case hex digits		qemu_calc_words/RECEIPT2.TXT; rep@33:0x77; prompt-hex<-hex('đ\ue007😎\x94丷nħ\ue00e丹G̃̚'..20ch); dupline2
F-01619	8b8c6606456f8cc91d27fe51bdec6f4ffe1ec95fd987d1b0b5f26b0e9ce3ea68	1	REJECT_CLEAN	0	VERIFY FAIL — replay diverged from the receipt		1	REJECT_CLEAN	0	VERIFY FAIL — strict: no newline after the last line (exactly one is required)		qemu_lookup/RECEIPT2.TXT; swap8/11; token-ids<-'+1'
F-01620	c3981e18e51e771efb78faad787e4524bbe535c85bd2bbc22f8256568f7cb0db	1	REJECT_CLEAN	0	VERIFY FAIL — replay diverged from the receipt		1	REJECT_CLEAN	0	VERIFY FAIL — strict: byte 14: 0x00 is not printable ASCII or LF		qemu_lookup/RECEIPT.TXT; prompt-hex<-hex('Ø]丂\ue006̽\x1e4😂\ue005D{Ǘ'..200ch); prompt-hex<-hex('\x11̰'..2ch); AEGIS-WITNESS<-'\x00'
F-01621	aaf8f4c5040d4b419c108c0adffbf78ea4999339781e6a38c5ec75131d039556	1	REJECT_CLEAN	0	VERIFY FAIL — replay diverged from the receipt		1	REJECT_CLEAN	0	VERIFY FAIL — replay diverged from the receipt		qemu_everyday/RECEIPT.TXT; prompt-hex<-hex('😓'..1ch); prompt-hex<-hex('J\x15丵'..3ch)
F-01622	c208019ea00a07c96639144ad249777b7e5eea5ec62fca1479a779596968b337	1	REJECT_CLEAN	0	FAIL artifact: MODEL hash mismatch (receipt xxxxxxxxxxxxxxxx vs local a44e48965c641b81)		1	REJECT_CLEAN	0	VERIFY FAIL — strict: line 2 (model): expected 64 lower-case hex digits		qemu_unknown_tool/RECEIPT.TXT; dupline2; model<-'xxxxxxxxxxxx'; chain<-'FF'
F-01623	f7c10b080608338daf2f337231140a448f988072c5d7a8c2f459107bed7f292d	1	REJECT_CLEAN	0	VERIFY FAIL — replay diverged from the receipt		1	REJECT_CLEAN	0	VERIFY FAIL — strict: line 8: unknown key "gen-999999999999999999999999999999toks", canonical order expects "gen-toks"		qemu_unknown_tool/RECEIPT.TXT; ins@314:b'999999999999999999999999999999'; prompt-hex<-hex('\x1c\x06\ue008'..3ch)
F-01624	a61fc8e5ea19983b55e64983b93b0706a965a5220e77c54c5ed7d1f91daf498f	1	REJECT_CLEAN	0	FAIL artifact: MODEL hash mismatch (receipt a44e48965c641b81 vs local a44e48965c641b81)		1	REJECT_CLEAN	0	VERIFY FAIL — strict: no newline after the last line (exactly one is required)		qemu_lookup/RECEIPT.TXT; del[67:77]; trunc@258
F-01625	253be1ad37423b3c86ff21855cb04e4c5bc7a81ccb13fb23e3698eec86e79b61	1	REJECT_CLEAN	0	VERIFY FAIL — replay diverged from the receipt		1	REJECT_CLEAN	0	VERIFY FAIL — strict: byte 278: 0x17 is not printable ASCII or LF		qemu_self/RECEIPT.TXT; rep@404:0x17; prompt-hex<-hex('£\x99'..2ch)
F-01626	32c6ef9a75c5603a9c0ebf5d6df6961921a3208095849c1a2e13214ba98fe049	1	REJECT_CLEAN	0	VERIFY FAIL — malformed receipt: prompt-hex does not decode to UTF-8 text		1	REJECT_CLEAN	0	VERIFY FAIL — strict: line 6: duplicate key "embed", canonical order expects "prompt-hex"		qemu_everyday/RECEIPT.TXT; del[282:293]; dupline2
F-01627	924e29086cd5d7fdc990ea6e7d21513460ba8bd91b6c9c2ae7e88347a6a7cbaa	1	REJECT_CLEAN	0	FAIL artifact: EMBED hash mismatch (receipt 8cbcd6b69df03539 vs local 8cbcd6b69df03539)		1	REJECT_CLEAN	0	VERIFY FAIL — strict: line 2: key out of order "gen-toks", canonical order expects "model"		qemu_calc_words/RECEIPT.TXT; rep@154:0x2f; maxtok<-16; swap7/1
F-01628	8f90f45ce3b577a52397f41a81dac00d26fa389310cc28c4ddd4ffd503f9d033	1	REJECT_CLEAN	0	VERIFY FAIL — malformed receipt: not valid UTF-8		1	REJECT_CLEAN	0	VERIFY FAIL — strict: byte 20: 0xa4 is not printable ASCII or LF		qemu_abstain/RECEIPT.TXT; dupline11; dupline4; rep@20:0xa4
F-01629	23b0cf8897e62e5c7d47eb9e43228685a365ae6612b15862a3311ab3bf233fa8	1	REJECT_CLEAN	0	FAIL artifact: MODEL hash mismatch (receipt  vs local a44e48965c641b81)		1	REJECT_CLEAN	0	VERIFY FAIL — strict: line 1: header must be exactly "AEGIS-WITNESS v1-CIS"		qemu_lookup/RECEIPT.TXT; ins@50:b'\n\n'; del[18:30]
F-01630	90de244a8bb354297c58ad0c195a7d19ef30ccb96a71e986cae39ceee4300177	1	REJECT_CLEAN	0	FAIL artifact: VOCAB hash mismatch (receipt a4cafc9649488987 vs local a4cafc9649488987)		1	REJECT_CLEAN	0	VERIFY FAIL — strict: no newline after the last line (exactly one is required)		qemu_calc/RECEIPT.TXT; trunc@198
F-01631	12e90591ed7f3ba441fa8a5b6be50a6282b6de73e9ed4462b166f8dafce79e16	1	REJECT_CLEAN	0	VERIFY FAIL — replay diverged from the receipt		1	REJECT_CLEAN	0	VERIFY FAIL — replay diverged from the receipt		qemu_calc/RECEIPT2.TXT; prompt-hex<-hex('\ue007\x08y'..3ch)
F-01632	e4ae50cbc8c55b77fef9e79a5294846c64d6f677ae2844962319095a6f0bb984	1	REJECT_CLEAN	0	VERIFY FAIL — replay diverged from the receipt		1	REJECT_CLEAN	0	VERIFY FAIL — strict: line 7: key out of order "chain", canonical order expects "prompt-toks"		qemu_lookup/RECEIPT.TXT; dupline10; maxtok<-'0'
F-01633	0813cc16138a32027ef897c17b2f040295105041331d38b63ed6d716609e1686	1	REJECT_CLEAN	0	FAIL artifact: VOCAB hash mismatch (receipt  vs local a4cafc9649488987)		1	REJECT_CLEAN	0	VERIFY FAIL — strict: no newline after the last line (exactly one is required)		qemu_unknown_tool/RECEIPT.TXT; maxtok<-100; AEGIS-WITNESS<-'-'; trunc@66
F-01634	d550b8efb52a15a4c144310e80c523c15a8f60d16e281a949b12471315c05b65	1	REJECT_CLEAN	0	VERIFY FAIL — receipt inputs cannot be replayed: prompt (1489) + max_new (9) exceeds max_position_embeddings (512)		1	REJECT_CLEAN	0	VERIFY FAIL — strict: line 2: key out of order "vocab", canonical order expects "model"		qemu_calc/RECEIPT2.TXT; dupline3; prompt-hex<-hex('̡😘\x1fB😃6\x1c\x1dM\ue007ǔí'..700ch); prompt-hex<-hex('WĜYÌ😃ȝ\x08\ue002\ue006丘\x91'..700ch)
F-01635	d1d0fbf63a961fc11c5e84c716b6716d24f6365b922942e3ed60802d55cbe7f8	1	REJECT_CLEAN	0	VERIFY FAIL — replay diverged from the receipt		1	REJECT_CLEAN	0	VERIFY FAIL — strict: line 9: unknown key "tokenBids", canonical order expects "token-ids"		qemu_calc/RECEIPT2.TXT; rep@418:0x42; tokenBids<-'ffffffffffff'
F-01636	b04b3f73eabef39e310b5b0ac1d7e0f7a3b53fe8ab2b77d02ea99eb761af9e5a	1	REJECT_CLEAN	0	FAIL artifact: VOCAB hash mismatch (receipt éé vs local a4cafc9649488987)		1	REJECT_CLEAN	0	VERIFY FAIL — strict: byte 169: 0xc3 is not printable ASCII or LF		qemu_calc/RECEIPT2.TXT; gen-toks<-'0'; vocab<-'éé'
F-01637	f07d42c09a5fe550d86ba4a73dbc3ee30a166c7c0fbd4b0020d1d0f953bdc2b5	1	REJECT_CLEAN	0	VERIFY FAIL — replay diverged from the receipt		1	REJECT_CLEAN	0	VERIFY FAIL — strict: line 8 (gen-toks): expected a decimal integer without sign or leading zeros		qemu_everyday/RECEIPT.TXT; cis-digest<-'1 2'; gen-toks<-'-'
F-01638	d372e62078755d9e700b497ce389ce0a70ab1519bdf02a782f13f239571cb939	1	REJECT_CLEAN	0	VERIFY FAIL — replay diverged from the receipt		1	REJECT_CLEAN	0	VERIFY FAIL — strict: no newline after the last line (exactly one is required)		qemu_calc_words/RECEIPT.TXT; dupline8; prompt-hex<-hex('丟丠̂\x9f\x06'..5ch)
F-01639	230fbae204edf63f54507159ee627bfc0486038433ffdf7936d8b9759649dd46	0	ACCEPT	0	VERIFY PASS — replay reproduced 30 tokens, the token digest, and the full logit chain bit-for-bit		1	REJECT_CLEAN	0	VERIFY FAIL — strict: line 8 (gen-toks): expected a decimal integer without sign or leading zeros		qemu_self/RECEIPT.TXT; gen-toks<-'FF'
F-01640	130a5d3fd1ac1a926656b6458eae81e958df1c5fdfc42bbf3eb01facf3cadd5b	1	REJECT_CLEAN	0	VERIFY FAIL — malformed receipt: not valid UTF-8		1	REJECT_CLEAN	0	VERIFY FAIL — strict: byte 0: 0xff is not printable ASCII or LF		garbage:highbytes
F-01641	e09690106c390e8ce3ee1f8b55486c90b64c8f368018f72fc7345ae73cd165ee	1	REJECT_CLEAN	0	VERIFY FAIL — receipt inputs cannot be replayed: prompt (1501) + max_new (511) exceeds max_position_embeddings (512)		1	REJECT_CLEAN	0	VERIFY FAIL — strict: line 8: duplicate key "vocab", canonical order expects "gen-toks"		qemu_lookup/RECEIPT.TXT; maxtok<-511; dupline3; prompt-hex<-hex('̔\x8f́ͫ͒个]\ue005ğ\ue004\x9cx'..700ch)
F-01642	6ae52e714035e6d9c76e3fc5437af784ac92af9e85fd3912eddb6fafda4ecd7b	0	ACCEPT	0	VERIFY PASS — replay reproduced 7 tokens, the token digest, and the full logit chain bit-for-bit		1	REJECT_CLEAN	0	VERIFY FAIL — strict: line 8: expected "gen-toks <value>"		qemu_lookup/RECEIPT.TXT; dupline11
F-01643	9712234a08d33518b6217e29fafcef29678cc3cab8434575bc6d114dde6282b9	1	REJECT_CLEAN	0	FAIL artifact: VOCAB hash mismatch (receipt  vs local a4cafc9649488987)		1	REJECT_CLEAN	0	VERIFY FAIL — strict: no newline after the last line (exactly one is required)		qemu_unknown_tool/RECEIPT.TXT; del[506:538]; trunc@49
F-01644	c2574edf03d6d527befa60118b858da02d1a5ab91c88657a894d393d459d0228	1	REJECT_CLEAN	0	VERIFY FAIL — receipt inputs cannot be replayed: prompt tokenized to nothing		1	REJECT_CLEAN	0	VERIFY FAIL — strict: byte 254: 0x00 is not printable ASCII or LF		qemu_everyday/RECEIPT.TXT; prompt-hex<-'\x00'
F-01645	a1fb04c6e0728ae461e760d628980e2be081faaf58387dfdbe174e2e1d1c56bc	1	REJECT_CLEAN	0	FAIL artifact: MODEL hash mismatch (receipt a4e48965c641b819 vs local a44e48965c641b81)		1	REJECT_CLEAN	0	VERIFY FAIL — strict: line 2 (model): expected 64 lower-case hex digits		qemu_abstain/RECEIPT.TXT; del[29:30]; prompt-hex<-'1 2'
F-01646	001de38e8b244c17c40c0e2ae4d28d03e37c57e95e228b96a913c52c09ea231a	1	REJECT_CLEAN	0	VERIFY FAIL — malformed receipt: token id "19Z9" is not an unsigned 32-bit integer		1	REJECT_CLEAN	0	VERIFY FAIL — strict: line 9 (token-ids): expected comma-separated canonical decimal u32 ids		qemu_lookup/RECEIPT.TXT; prompt-hex<-hex('̴Ƚ丶O\x0c'..5ch); dupline7; ins@332:b'Z'
F-01647	093e8a5f1092e1bcc93105fc9f3e514fb8cd0af002e2acc71842f0d7728eac5f	1	REJECT_CLEAN	0	VERIFY FAIL — malformed receipt: not valid UTF-8		1	REJECT_CLEAN	0	VERIFY FAIL — strict: byte 19: 0xa8 is not printable ASCII or LF		qemu_receipt/RECEIPT.TXT; rep@34:0x6a; rep@19:0xa8
F-01648	658a79d1f6c7962fe074d357d44235d1762be1cc9658836e18d7a28737721e36	1	REJECT_CLEAN	0	FAIL artifact: VOCAB hash mismatch (receipt é vs local a4cafc9649488987)		1	REJECT_CLEAN	0	VERIFY FAIL — strict: byte 136: carriage return (CRLF line endings are not canonical)		qemu_lookup/RECEIPT.TXT; vocab<-'é'; ins@136:b'\r'
F-01649	f8fb65476083b5e6b88db9a1e48a84c7c18af164b12608e21304e7655956efb0	1	REJECT_CLEAN	0	VERIFY FAIL — malformed receipt: not valid UTF-8		1	REJECT_CLEAN	0	VERIFY FAIL — strict: byte 195: 0xd5 is not printable ASCII or LF		qemu_unknown_tool/RECEIPT.TXT; rep@195:0xd5
F-01650	7a1851870659cb06fce7f44c80b0c891f87f716fc9625dd3a9f5a753b7ed40ce	1	REJECT_CLEAN	0	VERIFY FAIL — malformed receipt: not valid UTF-8		1	REJECT_CLEAN	0	VERIFY FAIL — strict: byte 156: 0xed is not printable ASCII or LF		qemu_everyday/RECEIPT.TXT; rep@156:0xed; del[312:338]
F-01651	0b3d7a3a1504efda81c6b939357c231d9115405451fbfadc5cc5819ec10c42f7	1	REJECT_CLEAN	0	VERIFY FAIL — malformed receipt: token id "ff" is not an unsigned 32-bit integer		1	REJECT_CLEAN	0	VERIFY FAIL — strict: line 3: key out of order "maxtok", canonical order expects "embed"		qemu_unknown_tool/RECEIPT.TXT; prompt-toks<-'ff'; token-ids<-'ff'; swap2/4
F-01652	cfe36ee8900a32e7df1181c6548d932c17235b4bd1532b22f742275e77f6ab99	1	REJECT_CLEAN	0	FAIL artifact: VOCAB hash mismatch (receipt a4cafc9649488987 vs local a4cafc9649488987)		1	REJECT_CLEAN	0	VERIFY FAIL — strict: line 4 (vocab): expected 64 lower-case hex digits		qemu_receipt/RECEIPT.TXT; del[187:218]
F-01653	ebb44273685305e75fc0cbd1c0d9715c7243531a24d13ebb5f32f495aa03af01	1	REJECT_CLEAN	0	FAIL artifact: VOCAB hash mismatch (receipt  vs local a4cafc9649488987)		1	REJECT_CLEAN	0	VERIFY FAIL — strict: no newline after the last line (exactly one is required)		qemu_unknown_tool/RECEIPT.TXT; trunc@158; AEGIS-WITNESS<-'xxxxxxxxxxxx'
F-01654	bd7d0e870897053f611d272e1e7e3d542a47438af859f3dfdaeb503f71d99a81	1	REJECT_CLEAN	0	FAIL artifact: VOCAB hash mismatch (receipt  vs local a4cafc9649488987)		1	REJECT_CLEAN	0	VERIFY FAIL — strict: byte 99: 0xc3 is not printable ASCII or LF		qemu_calc/RECEIPT.TXT; trunc@156; embed<-'aé'; swap0/1
F-01655	76256b15101a5854bea3b97140026cb67edc8124919962abaa37d34b8cc2ef63	1	REJECT_CLEAN	0	VERIFY FAIL — malformed receipt: maxtok is not an unsigned integer		1	REJECT_CLEAN	0	VERIFY FAIL — strict: line 5 (maxtok): expected a decimal integer without sign or leading zeros		qemu_receipt/RECEIPT.TXT; maxtok<-18446744073709551616; prompt-toks<-'zz'
F-01656	485a9a112c3df1b0d63c5b9c95b3617e2a2190288ba793c982dc1234945ed10d	1	REJECT_CLEAN	0	VERIFY FAIL — replay diverged from the receipt		1	REJECT_CLEAN	0	VERIFY FAIL — strict: no newline after the last line (exactly one is required)		qemu_self/RECEIPT.TXT; prompt-hex<-hex('\ue010̉\x92~Ó丏ȳ̒\x13u\x89\x06'..200ch); trunc@840; prompt-hex<-hex('\x81\ue000Ą\x1f\x18ķg͖j̯😐😍'..20ch)
F-01657	21399297d60b5669d99c226ff06d85a0f70ca06219ae3e1234c5ee3fb71769ff	0	ACCEPT	0	VERIFY PASS — replay reproduced 23 tokens, the token digest, and the full logit chain bit-for-bit		1	REJECT_CLEAN	0	VERIFY FAIL — strict: line 8 (gen-toks): expected a decimal integer without sign or leading zeros		qemu_lookup/RECEIPT2.TXT; gen-toks<-'1,2,'
F-01658	94e1959e1ec0831bf0d9021bd89d97ad801cea7adff82991964bcfc740928d40	1	REJECT_CLEAN	0	VERIFY FAIL — replay diverged from the receipt		1	REJECT_CLEAN	0	VERIFY FAIL — strict: no newline after the last line (exactly one is required)		qemu_receipt/RECEIPT.TXT; prompt-hex<-hex('K😘\x88\ue009\x18\x13\x19aĚ\ue004 \x8e'..700ch); trunc@636
F-01659	75ce7c9b4f302825c3c5223a33028b31416b1917dda735415af923e60bc23e6f	1	REJECT_CLEAN	0	VERIFY FAIL — replay diverged from the receipt		1	REJECT_CLEAN	0	VERIFY FAIL — replay diverged from the receipt		qemu_calc/RECEIPT.TXT; maxtok<-300
F-01660	0f26096330c3547cece7247075ca8022d3c153bca9cb73cfe5928a7cc5ead784	1	REJECT_CLEAN	0	FAIL artifact: VOCAB hash mismatch (receipt ‮ vs local a4cafc9649488987)		1	REJECT_CLEAN	0	VERIFY FAIL — strict: byte 169: 0xe2 is not printable ASCII or LF		qemu_everyday/RECEIPT.TXT; vocab<-'\u202e'; swap10/5
F-01661	0c33a9c807005dbb436a18f13e4caaa33bbf79154775649111a3a06a5c9ff92d	1	REJECT_CLEAN	0	VERIFY FAIL — malformed receipt: not valid UTF-8		1	REJECT_CLEAN	0	VERIFY FAIL — strict: byte 271: 0xc3 is not printable ASCII or LF		qemu_self/RECEIPT.TXT; trunc@523; ins@393:b'\xc3'; prompt-hex<-hex('並\ue007'..2ch)
F-01662	e39e661ff46443ef8184a4db6d803d5cebbc846cb8808a7807cae7105b28d1f8	1	REJECT_CLEAN	0	VERIFY FAIL — replay diverged from the receipt		1	REJECT_CLEAN	0	VERIFY FAIL — strict: line 11 (chain): expected 64 lower-case hex digits		qemu_abstain/RECEIPT.TXT; rep@336:0x02; chain<-''; prompt-hex<-hex('Ǥ😍_😐\ue005\x9fȧ😌\x1a\x8d三6'..20ch)
F-01663	dd559cc4e33aa722dfe0999d3e26af2a59ea6fe5b59af4a73351a8bf1e1b510b	1	REJECT_CLEAN	0	VERIFY FAIL — replay diverged from the receipt		1	REJECT_CLEAN	0	VERIFY FAIL — strict: no newline after the last line (exactly one is required)		qemu_abstain/RECEIPT.TXT; swap7/8; del[578:579]; trunc@392
F-01664	a9ab4071a6b30e04f791a28acf75622051df3bc4f61bff5ab7fddd7529621e9e	0	ACCEPT	0	VERIFY PASS — replay reproduced 8 tokens, the token digest, and the full logit chain bit-for-bit		1	REJECT_CLEAN	0	VERIFY FAIL — strict: line 1: header must be exactly "AEGIS-WITNESS v1-CIS"		qemu_calc_words/RECEIPT.TXT; swap10/5; AEGIS-WITNESS<-'FFFFFFFFFFFF'
F-01665	51a56d3b50c845e7ffdd5bc1067d02fadeaceb6c06bd79fb1dfbde905bf10214	1	REJECT_CLEAN	0	FAIL artifact: EMBED hash mismatch (receipt 8cbcd6b69df03539 vs local 8cbcd6b69df03539)		1	REJECT_CLEAN	0	VERIFY FAIL — strict: line 3 (embed): expected 64 lower-case hex digits		qemu_everyday/RECEIPT.TXT; del[146:158]
F-01666	564cc7a12fad0de7aef1054a1aac9c51e33574ca415a1bf64a6bce81c446806f	1	REJECT_CLEAN	0	VERIFY FAIL — malformed receipt: token id "2530\0" is not an unsigned 32-bit integer		1	REJECT_CLEAN	0	VERIFY FAIL — strict: byte 608: 0x00 is not printable ASCII or LF		qemu_receipt/RECEIPT.TXT; ins@608:b'\x00'; cis-digest<-'zz'
F-01667	9575bce91dfc8ac943584a59339f85401e4a12aa6e17c2fcf288c5605dd17f8c	1	REJECT_CLEAN	0	VERIFY FAIL — malformed receipt: prompt-hex: byte pair 0 splits a multi-byte character		1	REJECT_CLEAN	0	VERIFY FAIL — strict: byte 193: 0xc3 is not printable ASCII or LF		qemu_abstain/RECEIPT.TXT; model<-'+'; prompt-hex<-'aéé'
F-01668	b8db800f157b57d67446ac674ac2b344378368c2c298b19649427b03fb36b935	1	REJECT_CLEAN	0	VERIFY FAIL — receipt inputs cannot be replayed: prompt (46) + max_new (513) exceeds max_position_embeddings (512)		1	REJECT_CLEAN	0	VERIFY FAIL — receipt inputs cannot be replayed: prompt (46) + max_new (513) exceeds max_position_embeddings (512)		qemu_lookup/RECEIPT2.TXT; prompt-hex<-hex('\ue00d😈'..2ch); prompt-hex<-hex('S\x19Š😐乎乍Ņ\ue009ƈ/|\ue00b'..20ch); maxtok<-513
F-01669	46d7ac9e7262ff69cac1c21651a1aaaf397ba9ed99004d7385e4c74a0a5bbe83	1	REJECT_CLEAN	0	VERIFY FAIL — malformed receipt: token id "1 2" is not an unsigned 32-bit integer		1	REJECT_CLEAN	0	VERIFY FAIL — strict: line 9 (token-ids): expected comma-separated canonical decimal u32 ids		qemu_self/RECEIPT.TXT; del[612:644]; ins@514:b' '
F-01670	c12b7b7071e8acc20f19b041d0e5e729e24dc4da67036382cc6b0d8de53c0404	1	REJECT_CLEAN	0	VERIFY FAIL — replay diverged from the receipt		1	REJECT_CLEAN	0	VERIFY FAIL — strict: gen-toks 50 does not equal the token-ids count 46		qemu_receipt/RECEIPT.TXT; del[590:609]
F-01671	59933e36b87404139f343a52f9b8cdcf3918eeeed7cf4cd408cdf94c2643173d	1	REJECT_CLEAN	0	FAIL artifact: VOCAB hash mismatch (receipt  vs local a4cafc9649488987)		1	REJECT_CLEAN	0	VERIFY FAIL — strict: no newline after the last line (exactly one is required)		qemu_self/RECEIPT.TXT; prompt-hex<-'+1'; trunc@168; swap3/2
F-01672	d64fdaa78e16e2b3f08bb4ec70e89c4ddd9108d9ad55ededffaa3aa5905ad05e	1	REJECT_CLEAN	0	VERIFY FAIL — replay diverged from the receipt		1	REJECT_CLEAN	0	VERIFY FAIL — replay diverged from the receipt		qemu_everyday/RECEIPT.TXT; prompt-hex<-hex('n乁\x9e'..3ch)
F-01673	6734979764d2f44617581135809fdf25bf7d237ee34ef878be7a4cb233c0de51	1	REJECT_CLEAN	0	FAIL artifact: EMBED hash mismatch (receipt 8cbcd6b69df03539 vs local 8cbcd6b69df03539)		1	REJECT_CLEAN	0	VERIFY FAIL — strict: line 3 (embed): expected 64 lower-case hex digits		qemu_calc_words/RECEIPT2.TXT; ins@145:b' '
F-01674	7b62f575dec8663d090af43de196793895d0c51583c221996b8494d6e2a45b38	1	REJECT_CLEAN	0	VERIFY FAIL — malformed receipt: maxtok is not an unsigned integer		1	REJECT_CLEAN	0	VERIFY FAIL — strict: byte 493: 0x09 is not printable ASCII or LF		qemu_calc_words/RECEIPT2.TXT; maxtok<-18446744073709551617; swap7/4; chain<-'\t'
F-01675	2c44f50ca3ff5668f8ec89c6178082cc203c68872c3ae2f77af5ba0b4dcdcd88	1	REJECT_CLEAN	0	VERIFY FAIL — replay diverged from the receipt		1	REJECT_CLEAN	0	VERIFY FAIL — replay diverged from the receipt		qemu_lookup/RECEIPT.TXT; prompt-hex<-hex('丫\x82七三ŋ͚ō\ue001_̇\x88\x8b'..200ch); maxtok<-16
F-01676	c41fd3317824b125cbde92e9a561d4aedf93a85f439e67990d4ca921a8e65406	0	ACCEPT	0	VERIFY PASS — replay reproduced 3 tokens, the token digest, and the full logit chain bit-for-bit		1	REJECT_CLEAN	0	VERIFY FAIL — strict: line 2: key out of order "prompt-toks", canonical order expects "model"		qemu_everyday/RECEIPT.TXT; swap6/1
F-01677	0e91d672dc64da188fc2ae671050ab0ed678bc8d337a4364757c03c5ed44ea50	1	REJECT_CLEAN	0	VERIFY FAIL — replay diverged from the receipt		1	REJECT_CLEAN	0	VERIFY FAIL — strict: line 3: key out of order "gen-toks", canonical order expects "embed"		qemu_receipt/RECEIPT.TXT; dupline8; prompt-hex<-hex('😅😟8'..3ch); swap8/2
F-01678	f12cc25214a9b9529664cea955fccd6dafadc0a7495b729d43a7bb9be5a01b9f	1	REJECT_CLEAN	0	FAIL artifact: VOCAB hash mismatch (receipt  |  vs local a4cafc9649488987)		1	REJECT_CLEAN	0	VERIFY FAIL — strict: byte 169: 0x09 is not printable ASCII or LF		qemu_everyday/RECEIPT.TXT; maxtok<-1000; vocab<-'\t'; maxtok<-9223372036854775808
F-01679	f22e7db1e8779ec4c498afde6bb033b4a4564fa13226f5d8c5d32a405096e4bd	0	ACCEPT	0	VERIFY PASS — replay reproduced 3 tokens, the token digest, and the full logit chain bit-for-bit		1	REJECT_CLEAN	0	VERIFY FAIL — strict: line 1: header must be exactly "AEGIS-WITNESS v1-CIS"		qemu_everyday/RECEIPT.TXT; swap8/0
F-01680	374708fff7719dd5979ec875d56cd2286f6d3cf7ec317a3b25632aab28ec37bb	1	REJECT_CLEAN	0	FAIL artifact: VOCAB hash mismatch (receipt  vs local a4cafc9649488987)		1	REJECT_CLEAN	0	VERIFY FAIL — strict: byte 0: 0x00 is not printable ASCII or LF		garbage:nul
F-01681	bf2bddd532317cf91561e79d4d0ef9af5e31b99ca08898fa1f781561947ea3ca	0	ACCEPT	0	VERIFY PASS — replay reproduced 50 tokens, the token digest, and the full logit chain bit-for-bit		1	REJECT_CLEAN	0	VERIFY FAIL — strict: line 3: key out of order "vocab", canonical order expects "embed"		qemu_receipt/RECEIPT.TXT; dupline3; swap7/10; prompt-toks<-',,'
F-01682	9ccd46a73ccc3f9c0094e37db99d5829fdf152188475eee9854f3d80a0214612	1	REJECT_CLEAN	0	VERIFY FAIL — receipt inputs cannot be replayed: prompt (1473) + max_new (9) exceeds max_position_embeddings (512)		1	REJECT_CLEAN	0	VERIFY FAIL — strict: no newline after the last line (exactly one is required)		qemu_calc/RECEIPT.TXT; prompt-hex<-hex('😓T😌K\x16̧😇\ue006h\ue009\x86东'..700ch); swap11/5
F-01683	5ab5983401d827435af06d61d5cf341f1dcada08083f72e66c1dbdbad4c0a7b5	1	REJECT_CLEAN	0	VERIFY FAIL — replay diverged from the receipt		1	REJECT_CLEAN	0	VERIFY FAIL — strict: byte 367: 0x00 is not printable ASCII or LF		qemu_calc_words/RECEIPT.TXT; prompt-hex<-hex('\x83'..1ch); swap8/10; cis-digest<-'\x00'
F-01684	5d141c23441235334511c32a9293b3ec4b951b2def42ef3bec6a96dfa43c6022	0	ACCEPT	0	VERIFY PASS — replay reproduced 7 tokens, the token digest, and the full logit chain bit-for-bit		1	REJECT_CLEAN	0	VERIFY FAIL — strict: line 10: key out of order "chain", canonical order expects "cis-digest"		qemu_lookup/RECEIPT.TXT; swap10/9
F-01685	e3978b9ff85a49b0919e6b6bcd4d92cd97d8b6b1517b9b843f34726084275f9b	1	REJECT_CLEAN	0	VERIFY FAIL — replay diverged from the receipt		1	REJECT_CLEAN	0	VERIFY FAIL — strict: line 3: key out of order "token-ids", canonical order expects "embed"		qemu_calc_words/RECEIPT.TXT; prompt-hex<-','; prompt-hex<-hex('̷\x14`IE\ue00e\x8a\x16MK\x90m'..20ch); swap2/8
F-01686	e7f320c86a294342c2105317102272f0cff9311b403e6b7b71f8d7403d1fbc06	1	REJECT_CLEAN	0	VERIFY FAIL — malformed receipt: not valid UTF-8		1	REJECT_CLEAN	0	VERIFY FAIL — strict: byte 253: 0xff is not printable ASCII or LF		qemu_calc_words/RECEIPT2.TXT; ins@253:b'\xff'
F-01687	5bedb9d084c9183b59fe86621a8f77bfe4170c158d6bfb637768b93e45b7f26b	1	REJECT_CLEAN	0	FAIL artifact: VOCAB hash mismatch (receipt  vs local a4cafc9649488987)		1	REJECT_CLEAN	0	VERIFY FAIL — strict: no newline after the last line (exactly one is required)		qemu_abstain/RECEIPT.TXT; maxtok<-4294967296; trunc@165; ins@134:b'-'
F-01688	a95b086ae1ba1006c0cae54e371450a9bcb5f2b69354030650b2820fb0e2e022	1	REJECT_CLEAN	0	FAIL artifact: VOCAB hash mismatch (receipt  vs local a4cafc9649488987)		1	REJECT_CLEAN	0	VERIFY FAIL — strict: no newline after the last line (exactly one is required)		qemu_calc/RECEIPT.TXT; maxtok<-513; prompt-hex<-hex('😞̫丸'..3ch); trunc@27
F-01689	cc5634e967bf5d95b25b1077071ba2178f2b339bce668ea3b68bc58618b49302	1	REJECT_CLEAN	0	VERIFY FAIL — replay diverged from the receipt		1	REJECT_CLEAN	0	VERIFY FAIL — strict: no newline after the last line (exactly one is required)		qemu_calc/RECEIPT2.TXT; swap7/1; trunc@490
F-01690	e578788e47a72d1e03edd9a7eaba2dfc123a12e258abb7f7a744aeb2d795cc95	1	REJECT_CLEAN	0	FAIL artifact: VOCAB hash mismatch (receipt  vs local a4cafc9649488987)		1	REJECT_CLEAN	0	VERIFY FAIL — strict: byte 164: 0x1c is not printable ASCII or LF		qemu_lookup/RECEIPT2.TXT; rep@164:0x1c; ins@478:b'\x00'; dupline1
F-01691	f29608f2263e2ab4afbb7c40f8774cb6fdc4b42e1dab68fc807463c242de4b75	0	ACCEPT	0	VERIFY PASS — replay reproduced 30 tokens, the token digest, and the full logit chain bit-for-bit		1	REJECT_CLEAN	0	VERIFY FAIL — strict: line 6: key out of order "cis-digest", canonical order expects "prompt-hex"		qemu_self/RECEIPT.TXT; swap9/5
F-01692	4e5191bed4a061111a9471d0284db4d4a5f8166fd3cd934a891f9fdcd99aac86	1	REJECT_CLEAN	0	VERIFY FAIL — replay diverged from the receipt		1	REJECT_CLEAN	0	VERIFY FAIL — replay diverged from the receipt		qemu_unknown_tool/RECEIPT.TXT; maxtok<-1
F-01693	e581b1973e6d51216b3d73419e7ece403df3a9d8386d5136f8979b0a745aea3b	1	REJECT_CLEAN	0	VERIFY FAIL — malformed receipt: not valid UTF-8		1	REJECT_CLEAN	0	VERIFY FAIL — strict: byte 66: 0xe1 is not printable ASCII or LF		qemu_calc/RECEIPT.TXT; rep@66:0xe1; swap10/2
F-01694	9554c53dac4a6084f85bc390c2c338f6166a4bbbd1760519dfc0e35800cfdbc8	0	ACCEPT	0	VERIFY PASS — replay reproduced 8 tokens, the token digest, and the full logit chain bit-for-bit		1	REJECT_CLEAN	0	VERIFY FAIL — strict: line 1: header must be exactly "AEGIS-WITNESS v1-CIS"		qemu_calc_words/RECEIPT.TXT; ins@14:b'999999999999999999999999999999'; swap6/0
F-01695	ed9880745c8f633c4c3570511c5d1f44c2a5d46004027a0a463159b42f2d4946	0	ACCEPT	0	VERIFY PASS — replay reproduced 9 tokens, the token digest, and the full logit chain bit-for-bit		1	REJECT_CLEAN	0	VERIFY FAIL — strict: byte 14: 0x09 is not printable ASCII or LF		qemu_calc/RECEIPT.TXT; AEGIS-WITNESS<-'\t'
F-01696	fd5294d7fe239d9076da71f5b09ec1ae2b5e377156036d049cc918f86f7511c4	1	REJECT_CLEAN	0	VERIFY FAIL — replay diverged from the receipt		1	REJECT_CLEAN	0	VERIFY FAIL — strict: no newline after the last line (exactly one is required)		qemu_calc/RECEIPT2.TXT; trunc@532; trunc@267
F-01697	fb1a214394474665f06e46884e5d32c4b3eb85f94d19df5dfb7fc2db37bb5c25	1	REJECT_CLEAN	0	VERIFY FAIL — replay diverged from the receipt		1	REJECT_CLEAN	0	VERIFY FAIL — replay diverged from the receipt		qemu_self/RECEIPT.TXT; prompt-hex<-hex('ȌķA\ue00e\ue00e%rǤ\x8a:!͙'..60ch)
F-01698	5179a8c041ff34f0989808b3a1e4dd10c355ac4e118e1ec643f2f19e3164555b	1	REJECT_CLEAN	0	VERIFY FAIL — replay diverged from the receipt		1	REJECT_CLEAN	0	VERIFY FAIL — replay diverged from the receipt		qemu_unknown_tool/RECEIPT.TXT; prompt-hex<-hex('\x17\x00\x12\x03😌`\x99\ue003Ǐ§\ue001乀'..60ch); maxtok<-3
F-01699	138aff936790673e8acf088548554e9d11533a5ed3ac8dbd6ac5e3f56e9d904c	1	REJECT_CLEAN	0	VERIFY FAIL — replay diverged from the receipt		1	REJECT_CLEAN	0	VERIFY FAIL — strict: line 1: header must be exactly "AEGIS-WITNESS v1-CIS"		qemu_abstain/RECEIPT.TXT; dupline2; maxtok<-7; swap0/9
F-01700	be02e1739f3e2801b4426891bdd63957f0c510610e9bd9297135a9956eb22faa	1	REJECT_CLEAN	0	VERIFY FAIL — receipt inputs cannot be replayed: prompt (404) + max_new (2147483648) exceeds max_position_embeddings (512)		1	REJECT_CLEAN	0	VERIFY FAIL — strict: line 10: duplicate key "prompt-toks", canonical order expects "cis-digest"		qemu_calc/RECEIPT.TXT; dupline6; maxtok<-2147483648; prompt-hex<-hex('̛\ue00c|丗\x89͍\x7f\x04|😆Ð\x94'..200ch)
F-01701	eed01016e82b077215b84779ac4d5ae7835d1907b791cb709d5000e6e468787d	1	REJECT_CLEAN	0	FAIL artifact: MODEL hash mismatch (receipt 4294967296 vs local a44e48965c641b81)		1	REJECT_CLEAN	0	VERIFY FAIL — strict: line 2 (model): expected 64 lower-case hex digits		qemu_lookup/RECEIPT2.TXT; model<-'4294967296'; prompt-hex<-hex('xǧǙ\x9fc😂下\ue010丷\x17一丸'..700ch)
F-01702	ae800ab2e9c7fae49f2b6f12787a6075be7f591f6d0e4d42483c6115f3df6207	1	REJECT_CLEAN	0	FAIL artifact: EMBED hash mismatch (receipt  vs local 8cbcd6b69df03539)		1	REJECT_CLEAN	0	VERIFY FAIL — strict: line 2 (model): expected 64 lower-case hex digits		qemu_lookup/RECEIPT.TXT; del[77:106]; prompt-hex<-hex('0\x9f\ue00f\x133😔ƽ\ue00b\x94\ue00d\x8c_'..200ch)
F-01703	2cd37a200fadc8a6f626c433e3a4f2b70368bf0b6760dc272871e28b56d58cee	1	REJECT_CLEAN	0	FAIL artifact: VOCAB hash mismatch (receipt  vs local a4cafc9649488987)		1	REJECT_CLEAN	0	VERIFY FAIL — strict: no newline after the last line (exactly one is required)		qemu_unknown_tool/RECEIPT.TXT; trunc@506; swap8/6; trunc@101
F-01704	e1d95d55766fe871854d40aaa26f84997146609c878f7e0fb580d423bac293d1	1	REJECT_CLEAN	0	VERIFY FAIL — replay diverged from the receipt		1	REJECT_CLEAN	0	VERIFY FAIL — strict: line 2: unknown key "rompt-toks", canonical order expects "model"		qemu_unknown_tool/RECEIPT.TXT; ins@297:b'\n'; swap7/1; del[201:215]
F-01705	63cb6793b623fb56bcdbc7ab0aeedb70558086781acabd9299ce009f8f5dd9e6	1	REJECT_CLEAN	0	VERIFY FAIL — malformed receipt: prompt-hex does not decode to UTF-8 text		1	REJECT_CLEAN	0	VERIFY FAIL — strict: line 4: unknown key "AEGIS-WITNESS", canonical order expects "vocab"		qemu_unknown_tool/RECEIPT.TXT; dupline0; swap8/11; ins@301:b'-'
F-01706	e24f254b0f3c53a2f9b7bf46ab4280e848e94e40fe1af760f916d3934406c26e	1	REJECT_CLEAN	0	FAIL artifact: VOCAB hash mismatch (receipt a4cafc9649488987 vs local a4cafc9649488987)		1	REJECT_CLEAN	0	VERIFY FAIL — strict: no newline after the last line (exactly one is required)		qemu_unknown_tool/RECEIPT.TXT; del[100:117]; prompt-toks<-'\ud7ff'; trunc@187
F-01707	29474778395ad983913a4188cc99f39cf3a121f43709a5cfdcbe6f1601a8e1b8	1	REJECT_CLEAN	0	FAIL artifact: EMBED hash mismatch (receipt 8cbcd6b69df03539 vs local 8cbcd6b69df03539)		1	REJECT_CLEAN	0	VERIFY FAIL — strict: byte 147: 0x10 is not printable ASCII or LF		qemu_abstain/RECEIPT.TXT; trunc@405; rep@147:0x10; swap8/4
F-01708	50c7ac33d52f91d0f20cff5f0b41d06428b02fab41e8a4a2b0eaf4092b59f42e	1	REJECT_CLEAN	0	VERIFY FAIL — replay diverged from the receipt		1	REJECT_CLEAN	0	VERIFY FAIL — strict: line 1: header must be exactly "AEGIS-WITNESS v1-CIS"		qemu_self/RECEIPT.TXT; swap0/5; prompt-hex<-' '; prompt-hex<-hex('3e'..2ch)
F-01709	ec363bfb2955e9d622484644ce700cd4d910514ef686fee0a16176769ed3a2fa	0	ACCEPT	0	VERIFY PASS — replay reproduced 35 tokens, the token digest, and the full logit chain bit-for-bit		1	REJECT_CLEAN	0	VERIFY FAIL — strict: line 8 (gen-toks): expected a decimal integer without sign or leading zeros		qemu_unknown_tool/RECEIPT.TXT; gen-toks<-'1 2'
F-01710	a2069f0062f6b07a4f6f75a939cb45f78c56b66431e0af12d15b460b4b6dfc28	1	REJECT_CLEAN	0	VERIFY FAIL — malformed receipt: prompt-hex: byte pair 16 splits a multi-byte character		1	REJECT_CLEAN	0	VERIFY FAIL — strict: byte 286: 0xe2 is not printable ASCII or LF		qemu_calc_words/RECEIPT.TXT; ins@286:b'\xe2\x80\xae'
F-01711	6a9bb33fd561b231962f91eb7589a9d8716c2ff97fba6aef6fc94439e62993ff	1	REJECT_CLEAN	0	VERIFY FAIL — replay diverged from the receipt		1	REJECT_CLEAN	0	VERIFY FAIL — replay diverged from the receipt		qemu_calc_words/RECEIPT.TXT; prompt-hex<-hex('\ue008\\😀i😁Ɯ\x83T😟\x94\x10*'..700ch); prompt-hex<-hex('\ue00d\x12¤😘\x8d3d̲\ue003>@\x97'..200ch)
F-01712	4e44a162325d41348e26caa2eb1e318aac77524dd85add5d907534644f96aed2	1	REJECT_CLEAN	0	VERIFY FAIL — malformed receipt: token id "2digest 594d2cc5f77e0006" is not an unsigned 32-bit integer		1	REJECT_CLEAN	0	VERIFY FAIL — strict: line 4: key out of order "prompt-hex", canonical order expects "vocab"		qemu_calc/RECEIPT2.TXT; swap3/5; del[450:463]; maxtok<-512
F-01713	6b116f567fe4bc78f9083c2545d0332d68ef92e2984cecf9c571b1d006625966	1	REJECT_CLEAN	0	FAIL artifact: MODEL hash mismatch (receipt 00 vs local a44e48965c641b81)		1	REJECT_CLEAN	0	VERIFY FAIL — strict: line 2 (model): expected 64 lower-case hex digits		qemu_calc/RECEIPT.TXT; model<-'00'
F-01714	574ce5d8162e07ecfa36d026e33529612e2066623dc16193b0574b993e2677eb	1	REJECT_CLEAN	0	FAIL artifact: VOCAB hash mismatch (receipt a4cafc9649488987 vs local a4cafc9649488987)		1	REJECT_CLEAN	0	VERIFY FAIL — strict: line 4 (vocab): expected 64 lower-case hex digits		qemu_abstain/RECEIPT.TXT; prompt-hex<-hex('ÓÅ\x05+😈ǳ̏\ue010'..8ch); ins@187:b'g'; cis-digest<-''
F-01715	0182e06f203fbb720e4731665d3471295f710f7446928cf484cbd9d6d187148a	1	REJECT_CLEAN	0	VERIFY FAIL — replay diverged from the receipt		1	REJECT_CLEAN	0	VERIFY FAIL — replay diverged from the receipt		qemu_lookup/RECEIPT2.TXT; prompt-hex<-hex('😕o̮\x01̓\rƒ举'..8ch)
F-01716	65104eeca220f956dc81f62bf018eb1261eae81ba8a2be5375f9bcfcd295ae69	0	ACCEPT	0	VERIFY PASS — replay reproduced 25 tokens, the token digest, and the full logit chain bit-for-bit		1	REJECT_CLEAN	0	VERIFY FAIL — strict: no newline after the last line (exactly one is required)		qemu_abstain/RECEIPT.TXT; swap9/11
F-01717	0cdec77428c693acd7fecbe269a639a674344015008bc3376a7d85747c867e64	1	REJECT_CLEAN	0	VERIFY FAIL — malformed receipt: prompt-hex does not decode to UTF-8 text		1	REJECT_CLEAN	0	VERIFY FAIL — strict: line 2: key out of order "vocab", canonical order expects "model"		qemu_everyday/RECEIPT.TXT; ins@287:b','; dupline3
F-01718	b4a15cfcb16d818db742f97c8e714631b7ddac368e91c426433dedabf2a6ffd6	1	REJECT_CLEAN	0	FAIL artifact: VOCAB hash mismatch (receipt 1844674407370955 vs local a4cafc9649488987)		1	REJECT_CLEAN	0	VERIFY FAIL — strict: line 4 (vocab): expected 64 lower-case hex digits		qemu_receipt/RECEIPT.TXT; prompt-hex<-hex('`\x048\x9a乄😋\x0f\x1d'..8ch); vocab<-'184467440737'
F-01719	8de9ded647329174bc73c53bd71736fae0e9a4b79d2eb402261c1eebb0625a5e	1	REJECT_CLEAN	0	VERIFY FAIL — replay diverged from the receipt		1	REJECT_CLEAN	0	VERIFY FAIL — strict: line 6 (prompt-hex): expected non-empty lower-case hex of even length		qemu_lookup/RECEIPT.TXT; maxtok<-7; rep@292:0x71
F-01720	f2ab8cbe6d5a0d9ece143cf1d0a49403393ce7400f5f1ecb8671cf14d6b4d9b9	1	REJECT_CLEAN	0	FAIL artifact: VOCAB hash mismatch (receipt  vs local a4cafc9649488987)		1	REJECT_CLEAN	0	VERIFY FAIL — strict: byte 0: 0x00 is not printable ASCII or LF		garbage:nul
F-01721	77d65b32f4c66c30167e4c0e02480d38b0a90860dbc9aeb972ff3e52c9df0527	1	REJECT_CLEAN	0	VERIFY FAIL — malformed receipt: not valid UTF-8		1	REJECT_CLEAN	0	VERIFY FAIL — strict: byte 176: 0xc7 is not printable ASCII or LF		qemu_calc/RECEIPT2.TXT; rep@176:0xc7
F-01722	bd2df3d127080c728ea4331004db3229b706cc3b187fc62e55cbbb8ac641af5c	1	REJECT_CLEAN	0	VERIFY FAIL — replay diverged from the receipt		1	REJECT_CLEAN	0	VERIFY FAIL — strict: byte 538: 0x09 is not printable ASCII or LF		qemu_abstain/RECEIPT.TXT; gen-toks<-'\t'; prompt-hex<-hex('😂6\x1d😁~😟丰ĊėXaƔ'..60ch)
F-01723	ac490f2d058ed711f3c8a70a854867b24a921d6e7874739dc2902ae59e502d8a	1	REJECT_CLEAN	0	FAIL artifact: VOCAB hash mismatch (receipt a4cafc9649488987 vs local a4cafc9649488987)		1	REJECT_CLEAN	0	VERIFY FAIL — strict: byte 676: 0xe2 is not printable ASCII or LF		qemu_receipt/RECEIPT.TXT; chain<-'\u202e'; ins@191:b','
F-01724	d5cd0a2a0d78bc56c60607e8310cd3f9591079bed363247e9f74e8c2a72c7770	1	REJECT_CLEAN	0	VERIFY FAIL — malformed receipt: not valid UTF-8		1	REJECT_CLEAN	0	VERIFY FAIL — strict: byte 85: 0x90 is not printable ASCII or LF		qemu_everyday/RECEIPT.TXT; rep@85:0x90; dupline2; maxtok<-511
F-01725	2a62c078d8ab16f8d5c46471e791cc3021fc049c12adeb43e1402cf508580745	1	REJECT_CLEAN	0	VERIFY FAIL — replay diverged from the receipt		1	REJECT_CLEAN	0	VERIFY FAIL — strict: line 4: key out of order "gen-toks", canonical order expects "vocab"		qemu_abstain/RECEIPT.TXT; maxtok<-100; swap4/7; swap3/4
F-01726	2dd39b2ebf7d7e8dc2b0dc28f85b1aae5ad303206ca9ab78f3cdcbc1b9390ec0	1	REJECT_CLEAN	0	VERIFY FAIL — replay diverged from the receipt		1	REJECT_CLEAN	0	VERIFY FAIL — replay diverged from the receipt		qemu_calc_words/RECEIPT2.TXT; prompt-hex<-hex(' \x8c\ue004丝x\x9b´\x8c\x97I\x98\x99'..20ch)
F-01727	781f3e938db1053a1ee72cc6c365e62891bd7a1ec8ceb6604a18a62b7270b8b5	1	REJECT_CLEAN	0	FAIL artifact: MODEL hash mismatch (receipt 1,,2 vs local a44e48965c641b81)		1	REJECT_CLEAN	0	VERIFY FAIL — strict: line 2 (model): expected 64 lower-case hex digits		qemu_abstain/RECEIPT.TXT; model<-'1,,2'; prompt-hex<-hex('Vs'..2ch)
F-01728	a32f3cf1fc2d58fc8119a94c0278f828a865f39b8903b40efa6a4d3ebd2a3fe8	1	REJECT_CLEAN	0	FAIL artifact: EMBED hash mismatch (receipt 8cbcd6b69df03539 vs local 8cbcd6b69df03539)		1	REJECT_CLEAN	0	VERIFY FAIL — strict: byte 128: carriage return (CRLF line endings are not canonical)		qemu_receipt/RECEIPT.TXT; ins@128:b'\r'
F-01729	33830488877bee25c9866de1e02e4c381ac1f6899a244412da21ea3afe52199d	1	REJECT_CLEAN	0	FAIL artifact: EMBED hash mismatch (receipt aé vs local 8cbcd6b69df03539)		1	REJECT_CLEAN	0	VERIFY FAIL — strict: byte 99: 0xc3 is not printable ASCII or LF		qemu_unknown_tool/RECEIPT.TXT; embed<-'aé'; prompt-toks<-'999999999999'; rep@189:0x6d
F-01730	b116a18d482d92e44c12a462e03f4c98e4ee70520d48b8b9e689641225c7ef81	1	REJECT_CLEAN	0	FAIL artifact: VOCAB hash mismatch (receipt  vs local a4cafc9649488987)		1	REJECT_CLEAN	0	VERIFY FAIL — strict: line 3 (embed): expected 64 lower-case hex digits		qemu_calc_words/RECEIPT.TXT; dupline5; prompt-hex<-hex('Ď😃\ue010😄😇\x13d[J\ue00cƑ3'..60ch); del[155:175]
F-01731	e95420899dcb397f831bb64ac4b3ba310bf7cb01fad6da530558c7f8fec36629	1	REJECT_CLEAN	0	VERIFY FAIL — replay diverged from the receipt		1	REJECT_CLEAN	0	VERIFY FAIL — strict: line 11 (chain): expected 64 lower-case hex digits		qemu_abstain/RECEIPT.TXT; chain<-'0'
F-01732	f5c510780a2388f5284010ce1eeaecdb68c5f5a21a5372c15856115ea6009407	1	REJECT_CLEAN	0	VERIFY FAIL — replay diverged from the receipt		1	REJECT_CLEAN	0	VERIFY FAIL — replay diverged from the receipt		qemu_everyday/RECEIPT.TXT; prompt-hex<-hex('\x8aLƊ\x17\ue010hɎ̷'..8ch)
F-01733	ec3849fc918502936085a58a0134cc399f0e67ac5d3caaa5e9063b10feefba7f	1	REJECT_CLEAN	0	FAIL artifact: EMBED hash mismatch (receipt 8cbcd6b69df03539 vs local 8cbcd6b69df03539)		1	REJECT_CLEAN	0	VERIFY FAIL — strict: line 3 (embed): expected 64 lower-case hex digits		qemu_unknown_tool/RECEIPT.TXT; ins@153:b'Z'
F-01734	08650eed60b3f8a1458a581d4628f5e456940134c14f5a98ff78b21f1db3ef81	1	REJECT_CLEAN	0	VERIFY FAIL — replay diverged from the receipt		1	REJECT_CLEAN	0	VERIFY FAIL — strict: no newline after the last line (exactly one is required)		qemu_self/RECEIPT.TXT; trunc@272
F-01735	fe3a7900347e91f4fea401a8a7e1b4cabd79f139825669e35258138260784409	1	REJECT_CLEAN	0	VERIFY FAIL — replay diverged from the receipt		1	REJECT_CLEAN	0	VERIFY FAIL — strict: no newline after the last line (exactly one is required)		qemu_calc_words/RECEIPT2.TXT; maxtok<-16; AEGIS-WITNESS<-'xxxxxxxxxxxx'; swap11/2
F-01736	2e392dd4dd7bb5de221d13779cbc708f61c7482860e7c824b2620627e671fcb4	1	REJECT_CLEAN	0	VERIFY FAIL — malformed receipt: token id "26-digest 594d2cc5f77e0006" is not an unsigned 32-bit integer		1	REJECT_CLEAN	0	VERIFY FAIL — strict: line 2: key out of order "token-ids", canonical order expects "model"		qemu_calc/RECEIPT2.TXT; del[451:462]; swap1/8
F-01737	7c39f6d28582c10a27b6c387667190f19a5c1ddc7186c4396f77dfb7ad3745fd	1	REJECT_CLEAN	0	FAIL artifact: EMBED hash mismatch (receipt 8cbcd6b69df03539 vs local 8cbcd6b69df03539)		1	REJECT_CLEAN	0	VERIFY FAIL — strict: line 3 (embed): expected 64 lower-case hex digits		qemu_lookup/RECEIPT.TXT; ins@140:b'999999999999999999999999999999'
F-01738	63bf4692084604e0a90f204c167d0b73360e694ae2141aea0bac8b9c5d983747	1	REJECT_CLEAN	0	FAIL artifact: MODEL hash mismatch (receipt  vs local a44e48965c641b81)		1	REJECT_CLEAN	0	VERIFY FAIL — strict: line 2: expected "model <value>"		qemu_calc_words/RECEIPT.TXT; del[24:40]
F-01739	d5a73790207aa449898d2f02e25add69de1f22a8d7a94995fc299c916eeab636	1	REJECT_CLEAN	0	FAIL artifact: VOCAB hash mismatch (receipt FF vs local a4cafc9649488987)		1	REJECT_CLEAN	0	VERIFY FAIL — strict: no newline after the last line (exactly one is required)		qemu_calc/RECEIPT2.TXT; trunc@398; vocab<-'FF'; prompt-hex<-hex('-\x8dɂ\x06\x85\\\x94̭专Ɨ.r'..200ch)
F-01740	0ca0d2628510d6fc6ec3a55c5dafb747ee7afc5f20f6b282963f1a4719270144	1	REJECT_CLEAN	0	FAIL artifact: VOCAB hash mismatch (receipt  vs local a4cafc9649488987)		1	REJECT_CLEAN	0	VERIFY FAIL — strict: byte 105: 0xc3 is not printable ASCII or LF		qemu_self/RECEIPT.TXT; dupline8; trunc@117; ins@105:b'\xc3\xa9'
F-01741	803fcdea331f4b7ca2061b5dfb8e2a0caf8382c241d752a35e26b13f94be1ede	1	REJECT_CLEAN	0	VERIFY FAIL — receipt inputs cannot be replayed: prompt (130) + max_new (2147483648) exceeds max_position_embeddings (512)		1	REJECT_CLEAN	0	VERIFY FAIL — strict: line 11 (chain): expected 64 lower-case hex digits		qemu_calc/RECEIPT2.TXT; maxtok<-2147483648; prompt-hex<-hex('\ue005·L\x83😀´\ue008😎wQ\x08f'..60ch); chain<-'1 2'
F-01742	b2ad2c8339e27ad43e0a5d8077709382ff947760fc6133ea4723eb8f2c2d7d74	0	ACCEPT	0	VERIFY PASS — replay reproduced 7 tokens, the token digest, and the full logit chain bit-for-bit		1	REJECT_CLEAN	0	VERIFY FAIL — strict: line 7 (prompt-toks): expected a decimal integer without sign or leading zeros		qemu_lookup/RECEIPT.TXT; prompt-toks<-'ff'
F-01743	582ecadd56db2152042c0f0961bf93b75098b986d93ea053bcfd952607661d39	1	REJECT_CLEAN	0	VERIFY FAIL — malformed receipt: not valid UTF-8		1	REJECT_CLEAN	0	VERIFY FAIL — strict: byte 232: 0xd7 is not printable ASCII or LF		qemu_calc_words/RECEIPT2.TXT; swap10/9; rep@232:0xd7; rep@86:0x38
F-01744	72799edc535a74d81c3b2af7f51081c740d503e4b4f883393e3822e897baf930	0	ACCEPT	0	VERIFY PASS — replay reproduced 7 tokens, the token digest, and the full logit chain bit-for-bit		1	REJECT_CLEAN	0	VERIFY FAIL — strict: line 7: duplicate key "vocab", canonical order expects "prompt-toks"		qemu_calc_words/RECEIPT2.TXT; dupline3
F-01745	3e1206f88e118ac92b4ac9c96d975a182ea43e283164d4c367340fe7a34c96ba	1	REJECT_CLEAN	0	VERIFY FAIL — replay diverged from the receipt		1	REJECT_CLEAN	0	VERIFY FAIL — strict: byte 9: 0xc3 is not printable ASCII or LF		qemu_everyday/RECEIPT.TXT; prompt-hex<-hex('͢'..1ch); ins@9:b'\xc3\xa9'
F-01746	a2183e6b81808bd78048b7dfd3b2cd4b4be7003d0691a5e30232ad6dbac636a2	1	REJECT_CLEAN	0	VERIFY FAIL — replay diverged from the receipt		1	REJECT_CLEAN	0	VERIFY FAIL — strict: line 10: duplicate key "prompt-toks", canonical order expects "cis-digest"		qemu_self/RECEIPT.TXT; dupline6; prompt-hex<-hex('\x0f\x7f'..2ch)
F-01747	1fad337eb1fc5c364f8de7f4e885131c7c35f0802e1834eb8a4d38e8d52de6e6	0	ACCEPT	0	VERIFY PASS — replay reproduced 25 tokens, the token digest, and the full logit chain bit-for-bit		1	REJECT_CLEAN	0	VERIFY FAIL — strict: no newline after the last line (exactly one is required)		qemu_abstain/RECEIPT.TXT; swap2/11
F-01748	9dced4ea3c9d1fd4cc12ea4dc41c2841bb50a90793c4808471a75f6c2dd82e5e	1	REJECT_CLEAN	0	FAIL artifact: MODEL hash mismatch (receipt a44e48965c641b7f vs local a44e48965c641b81)		1	REJECT_CLEAN	0	VERIFY FAIL — strict: byte 447: 0x09 is not printable ASCII or LF		qemu_calc_words/RECEIPT2.TXT; dupline3; del[41:66]; gen-toks<-'\t'
F-01749	27051a1ce055884b84c06abf16a8a3d1d98389071c5eb91661b338c227e2b5cd	1	REJECT_CLEAN	0	FAIL artifact: VOCAB hash mismatch (receipt 88987a8eb053476d vs local a4cafc9649488987)		1	REJECT_CLEAN	0	VERIFY FAIL — strict: line 4 (vocab): expected 64 lower-case hex digits		qemu_calc_words/RECEIPT2.TXT; prompt-hex<-hex('\x89 \x1bMi'..5ch); prompt-hex<-hex('\x97'..1ch); del[169:180]
F-01750	93672e6ca48faadad495a5107456291d9984f9900cd8b53c4f294a520d098123	1	REJECT_CLEAN	0	FAIL artifact: MODEL hash mismatch (receipt 1 2 vs local a44e48965c641b81)		1	REJECT_CLEAN	0	VERIFY FAIL — strict: line 2 (model): expected 64 lower-case hex digits		qemu_abstain/RECEIPT.TXT; rep@557:0x4d; model<-'1 2'
F-01751	86b3dfa8d9572385272fe6ca46021b4d0d98fab2f7f6bb1f442e5271d7da69dd	1	REJECT_CLEAN	0	FAIL artifact: VOCAB hash mismatch (receipt  vs local a4cafc9649488987)		1	REJECT_CLEAN	0	VERIFY FAIL — strict: no newline after the last line (exactly one is required)		qemu_lookup/RECEIPT.TXT; trunc@107
F-01752	3842b84e5fef1669d9bff82d6325a497d560236839506957b4f362d2fba6f467	0	ACCEPT	0	VERIFY PASS — replay reproduced 8 tokens, the token digest, and the full logit chain bit-for-bit		1	REJECT_CLEAN	0	VERIFY FAIL — strict: line 3: key out of order "gen-toks", canonical order expects "embed"		qemu_calc_words/RECEIPT.TXT; swap2/7
F-01753	c3785ae629bfe6fab11c624519600d52e9d8d1a60ac8bd82241539c76e3a2f72	1	REJECT_CLEAN	0	VERIFY FAIL — replay diverged from the receipt		1	REJECT_CLEAN	0	VERIFY FAIL — replay diverged from the receipt		qemu_unknown_tool/RECEIPT.TXT; prompt-hex<-hex('fĨ'..2ch)
F-01754	7b6530ad8790cd5d3cb4e4add33d6da74c166ef782eb3e44d3160fcadf7afb23	1	REJECT_CLEAN	0	VERIFY FAIL — replay diverged from the receipt		1	REJECT_CLEAN	0	VERIFY FAIL — strict: line 11 (chain): expected 64 lower-case hex digits		qemu_calc/RECEIPT.TXT; del[461:466]
F-01755	b73bf7069a42e2b187b082cbb202600c82ba42164a7d3afb6119370dedb51304	1	REJECT_CLEAN	0	VERIFY FAIL — malformed receipt: not valid UTF-8		1	REJECT_CLEAN	0	VERIFY FAIL — strict: byte 174: 0xa2 is not printable ASCII or LF		qemu_receipt/RECEIPT.TXT; rep@174:0xa2
F-01756	1afd5ec0a9feafc5624debb418c0899d33d04b6b9f0de664b767558d47757b20	1	REJECT_CLEAN	0	VERIFY FAIL — malformed receipt: not valid UTF-8		1	REJECT_CLEAN	0	VERIFY FAIL — strict: byte 195: 0x83 is not printable ASCII or LF		qemu_unknown_tool/RECEIPT.TXT; swap2/4; rep@195:0x83
F-01757	41cf066a0ae813eefa9b49c5fb578b9e900ffbee54304f8287f58da33c9e45dd	1	REJECT_CLEAN	0	VERIFY FAIL — replay diverged from the receipt		1	REJECT_CLEAN	0	VERIFY FAIL — strict: line 10: duplicate key "token-ids", canonical order expects "cis-digest"		qemu_lookup/RECEIPT.TXT; del[355:365]; prompt-hex<-hex('Ȍ😑C'..3ch); dupline8
F-01758	f42bb4ad29dfcfe041b8e833434af93fe5529f0a5f34c0a8f00885d181d4af72	1	REJECT_CLEAN	0	FAIL artifact: EMBED hash mismatch (receipt é vs local 8cbcd6b69df03539)		1	REJECT_CLEAN	0	VERIFY FAIL — strict: byte 98: 0xc3 is not printable ASCII or LF		qemu_lookup/RECEIPT2.TXT; embed<-'é'
F-01759	eba1284a0b03d49a93ae75e8b0309f18e3a149aea4ed1fed3ef667035244bf3a	1	REJECT_CLEAN	0	VERIFY FAIL — replay diverged from the receipt		1	REJECT_CLEAN	0	VERIFY FAIL — replay diverged from the receipt		qemu_unknown_tool/RECEIPT.TXT; maxtok<-3
F-01760	80f192d2f0602f2839220b57c4ad4f147e9c2920e01fb182e9d44c31de228d9e	1	REJECT_CLEAN	0	VERIFY FAIL — malformed receipt: not valid UTF-8		1	REJECT_CLEAN	0	VERIFY FAIL — strict: byte 1: 0x81 is not printable ASCII or LF		garbage:rand
F-01761	fb74738718e4eaea9d444fa7895225ad2fe5a3328dfd11304a2493789df1c98d	0	ACCEPT	0	VERIFY PASS — replay reproduced 25 tokens, the token digest, and the full logit chain bit-for-bit		1	REJECT_CLEAN	0	VERIFY FAIL — strict: line 8: key out of order "chain", canonical order expects "gen-toks"		qemu_abstain/RECEIPT.TXT; dupline6; swap11/7
F-01762	2d084647b7947e6ddc33245f98f49c751e33ad6c51286c97d303070ce689d5a5	1	REJECT_CLEAN	0	VERIFY FAIL — receipt inputs cannot be replayed: prompt (1468) + max_new (35) exceeds max_position_embeddings (512)		1	REJECT_CLEAN	0	VERIFY FAIL — strict: line 4: key out of order "gen-toks", canonical order expects "vocab"		qemu_unknown_tool/RECEIPT.TXT; swap6/4; dupline7; prompt-hex<-hex('\ue001\x82Lřf\ue000-😟\x83e😑😑'..700ch)
F-01763	08c7d041e5f59fc41500c3b284bf057169131b9bb9fa48ecd86bd25417c7ca60	1	REJECT_CLEAN	0	VERIFY FAIL — receipt inputs cannot be replayed: prompt (27) + max_new (4096) exceeds max_position_embeddings (512)		1	REJECT_CLEAN	0	VERIFY FAIL — strict: line 6: key out of order "prompt-toks", canonical order expects "prompt-hex"		qemu_calc_words/RECEIPT2.TXT; maxtok<-4096; del[428:435]; swap5/6
F-01764	1fc6d39cc07cacc0e20fdd942c9acf9fd77f79ab9879674b9f9aa85164c4700a	0	ACCEPT	0	VERIFY PASS — replay reproduced 7 tokens, the token digest, and the full logit chain bit-for-bit		1	REJECT_CLEAN	0	VERIFY FAIL — strict: no newline after the last line (exactly one is required)		qemu_lookup/RECEIPT.TXT; swap4/2; swap11/2
F-01765	dc7b275c76c53503ccfca85c0555f6f5a5ec872feabacb40d95bf9c51977a47a	1	REJECT_CLEAN	0	VERIFY FAIL — receipt inputs cannot be replayed: prompt (13) + max_new (511) exceeds max_position_embeddings (512)		1	REJECT_CLEAN	0	VERIFY FAIL — receipt inputs cannot be replayed: prompt (13) + max_new (511) exceeds max_position_embeddings (512)		qemu_calc/RECEIPT.TXT; maxtok<-511
F-01766	932708183aa9af0928d2b88d14cdba0131318397d2d7352dd1bc5bea09ebbfe7	1	REJECT_CLEAN	0	FAIL artifact: VOCAB hash mismatch (receipt  vs local a4cafc9649488987)		1	REJECT_CLEAN	0	VERIFY FAIL — strict: line 3 (embed): expected 64 lower-case hex digits		qemu_everyday/RECEIPT.TXT; ins@205:b'+'; del[137:168]
F-01767	a28fb2d3ddda209212476a294820365d0a04dd4db570ec41b4d8e565f332c1e5	1	REJECT_CLEAN	0	VERIFY FAIL — malformed receipt: maxtok is not an unsigned integer		1	REJECT_CLEAN	0	VERIFY FAIL — strict: byte 231: 0xc3 is not printable ASCII or LF		qemu_calc/RECEIPT.TXT; ins@231:b'\xc3\xa9'; maxtok<-18446744073709551616; prompt-hex<-hex('!\x1d个tƬ\x88\x92\x8e\x8b\ue003:\ue005'..60ch)
F-01768	b7157a81c5ce70cedb9df9393487eff2a185599e84a85a23ca958b3e825d9307	1	REJECT_CLEAN	0	VERIFY FAIL — replay diverged from the receipt		1	REJECT_CLEAN	0	VERIFY FAIL — strict: no newline after the last line (exactly one is required)		qemu_receipt/RECEIPT.TXT; swap11/3; prompt-hex<-hex('ǌ͟t\x95丰'..5ch)
F-01769	70af4d2c3dbd9979bf459a67e489b60fe18b8a6c769585ef443693835c2f1ac4	1	REJECT_CLEAN	0	VERIFY FAIL — receipt inputs cannot be replayed: prompt tokenized to nothing		1	REJECT_CLEAN	0	VERIFY FAIL — strict: no newline after the last line (exactly one is required)		qemu_lookup/RECEIPT.TXT; swap11/2; ins@176:b'\n\n'; swap3/8
F-01770	8b1f6341f83ccc970f004d008c6684b2ec896dff19a07cad6c8aec19d8bd429f	1	REJECT_CLEAN	0	VERIFY FAIL — malformed receipt: not valid UTF-8		1	REJECT_CLEAN	0	VERIFY FAIL — strict: byte 112: 0xd0 is not printable ASCII or LF		qemu_calc_words/RECEIPT.TXT; dupline3; maxtok<-500; rep@112:0xd0
F-01771	084d7c389bc390be7b43a8bf4b0e942f5d56412d7616b85789ea8c621729cae5	0	ACCEPT	0	VERIFY PASS — replay reproduced 9 tokens, the token digest, and the full logit chain bit-for-bit		1	REJECT_CLEAN	0	VERIFY FAIL — strict: line 5: duplicate key "vocab", canonical order expects "maxtok"		qemu_calc/RECEIPT2.TXT; dupline3
F-01772	235bb2357d13a448609011edef28ed9e29c5ba7035ecf975cac59c6879c05025	1	REJECT_CLEAN	0	VERIFY FAIL — receipt inputs cannot be replayed: prompt tokenized to nothing		1	REJECT_CLEAN	0	VERIFY FAIL — strict: line 6 (prompt-hex): expected non-empty lower-case hex of even length		qemu_self/RECEIPT.TXT; prompt-hex<-hex('\n̸'..2ch); prompt-hex<-'0'
F-01773	78db4f1e4b06082a8b46f7a253462192f9631ec03ba31d50e8dee2d637ea2a64	1	REJECT_CLEAN	0	VERIFY FAIL — replay diverged from the receipt		1	REJECT_CLEAN	0	VERIFY FAIL — strict: line 10 (cis-digest): expected 16 lower-case hex digits		qemu_calc_words/RECEIPT2.TXT; cis-digest<-'184467440737'
F-01774	a4cb2e77de3bee9d3a694918a8308a671f6c82744fd41255c162a13d8434c666	1	REJECT_CLEAN	0	VERIFY FAIL — replay diverged from the receipt		1	REJECT_CLEAN	0	VERIFY FAIL — replay diverged from the receipt		qemu_calc/RECEIPT.TXT; prompt-hex<-hex('😉l\x9c\x7fĻZ\x96C'..8ch); maxtok<-100
F-01775	a3626f4869e178db4e5d78e88167743b08d38a03bebe2c9bfdedb1500fc92ac1	1	REJECT_CLEAN	0	VERIFY FAIL — replay diverged from the receipt		1	REJECT_CLEAN	0	VERIFY FAIL — strict: line 11: duplicate key "cis-digest", canonical order expects "chain"		qemu_receipt/RECEIPT.TXT; prompt-hex<-hex('Po\ue001*丫串为\x9eƘĳ&\x15'..200ch); dupline9
F-01776	917722c8864ebbf46d85405f77f4fe09d10653834357ce0da9f54ab88adfe603	1	REJECT_CLEAN	0	VERIFY FAIL — replay diverged from the receipt		1	REJECT_CLEAN	0	VERIFY FAIL — strict: line 9 (token-ids): expected comma-separated canonical decimal u32 ids		qemu_self/RECEIPT.TXT; del[268:278]; token-ids<-','
F-01777	5c50273a0ff9fe73c524cc1b3129a6db558448f7ad5108a5f7998d6893225031	1	REJECT_CLEAN	0	VERIFY FAIL — replay diverged from the receipt		1	REJECT_CLEAN	0	VERIFY FAIL — strict: line 5: unknown key "maitok", canonical order expects "maxtok"		qemu_everyday/RECEIPT.TXT; rep@236:0x69
F-01778	ba6bbd3b5b28dc1656a1274e744adf9bec5004ffa03959999ae16c6b3f5852c7	1	REJECT_CLEAN	0	VERIFY FAIL — replay diverged from the receipt		1	REJECT_CLEAN	0	VERIFY FAIL — replay diverged from the receipt		qemu_calc_words/RECEIPT2.TXT; prompt-hex<-hex('͋\x05\x14'..3ch)
F-01779	116a7bf832ab42e2f9d85055a4e9b3cfeee2f0288ae4c28aa3fcf0b83e9c23e9	1	REJECT_CLEAN	0	VERIFY FAIL — replay diverged from the receipt		1	REJECT_CLEAN	0	VERIFY FAIL — strict: line 10 (cis-digest): expected 16 lower-case hex digits		qemu_lookup/RECEIPT.TXT; cis-digest<-'4294967296'; prompt-hex<-hex('\ue010\x87\ue000丁\x80Ɓ\ue00dL'..8ch)
F-01780	0971050ce8de4c99f30a4ce959cbeabb32df206eba4f5c21f42e98df149ee557	1	REJECT_CLEAN	0	VERIFY FAIL — malformed receipt: not valid UTF-8		1	REJECT_CLEAN	0	VERIFY FAIL — strict: byte 136: 0x9f is not printable ASCII or LF		qemu_lookup/RECEIPT.TXT; ins@332:b'999999999999999999999999999999'; vocab<-'aé'; rep@136:0x9f
F-01781	cc79e7147990949e0e9c0ecf6fdbd68d9a95587c5294a549a0f8361d39390827	1	REJECT_CLEAN	0	FAIL artifact: VOCAB hash mismatch (receipt ffffffffffffffff vs local a4cafc9649488987)		1	REJECT_CLEAN	0	VERIFY FAIL — strict: no newline after the last line (exactly one is required)		qemu_unknown_tool/RECEIPT.TXT; dupline8; rep@203:0x6b; vocab<-'ffffffffffff'
F-01782	945b2cc8dfff4605b297b1d98cc1db88e11babb0f76a678d6ddea214964e7401	1	REJECT_CLEAN	0	VERIFY FAIL — replay diverged from the receipt		1	REJECT_CLEAN	0	VERIFY FAIL — strict: line 10: unknown key "cis-di999999999999999999999999999999gest", canonical order expects "cis-digest"		qemu_calc_words/RECEIPT.TXT; ins@379:b'999999999999999999999999999999'
F-01783	c3a386028e67f9b2614560ea9f80deb96405eb15be2b426cfd4b65becf57d31a	1	REJECT_CLEAN	0	VERIFY FAIL — replay diverged from the receipt		1	REJECT_CLEAN	0	VERIFY FAIL — strict: line 10: expected "cis-digest <value>"		qemu_calc_words/RECEIPT.TXT; ins@355:b'\n\n'
F-01784	88cdc91544d28a7fe21c3ba4b05a6574222a8c72dea581948c73151676c3f802	1	REJECT_CLEAN	0	VERIFY FAIL — receipt inputs cannot be replayed: prompt (41) + max_new (18446744073709551615) exceeds max_position_embeddings (512)		1	REJECT_CLEAN	0	VERIFY FAIL — strict: line 4: duplicate key "model", canonical order expects "vocab"		qemu_lookup/RECEIPT2.TXT; dupline1; maxtok<-18446744073709551615; gen-toks<-'184467440737'
F-01785	10ff66aaafb07d52cf39d856af6700d43b05ae5f5a6304cdb85db1bfb72f7057	1	REJECT_CLEAN	0	VERIFY FAIL — replay diverged from the receipt		1	REJECT_CLEAN	0	VERIFY FAIL — strict: line 2: key out of order "prompt-toks", canonical order expects "model"		qemu_unknown_tool/RECEIPT.TXT; maxtok<-500; swap1/6; prompt-toks<-'xxxxxxxxxxxx'
F-01786	ddbdd82590797577b96bfeefebe4eac494d2a4c25b259af416fc0f876928f717	0	ACCEPT	0	VERIFY PASS — replay reproduced 50 tokens, the token digest, and the full logit chain bit-for-bit		1	REJECT_CLEAN	0	VERIFY FAIL — strict: line 8 (gen-toks): expected a decimal integer without sign or leading zeros		qemu_receipt/RECEIPT.TXT; gen-toks<-'ffffffffffff'
F-01787	1c2d18dc99d2d6b24e7b45499ff5f3cbfe6e316aa7ef93ba86d501dedb38fa82	0	ACCEPT	0	VERIFY PASS — replay reproduced 3 tokens, the token digest, and the full logit chain bit-for-bit		1	REJECT_CLEAN	0	VERIFY FAIL — strict: line 4: key out of order "chain", canonical order expects "vocab"		qemu_everyday/RECEIPT.TXT; dupline10; dupline10
F-01788	b73db90186d800fa378dec20dccdc3e5594844802de138f91a8560871253078e	1	REJECT_CLEAN	0	VERIFY FAIL — malformed receipt: maxtok is not an unsigned integer		1	REJECT_CLEAN	0	VERIFY FAIL — strict: line 5 (maxtok): expected a decimal integer without sign or leading zeros		qemu_self/RECEIPT.TXT; maxtok<-'1,2,'; prompt-toks<-'1 2'
F-01789	e3b0c44298fc1c149afbf4c8996fb92427ae41e4649b934ca495991b7852b855	1	REJECT_CLEAN	0	FAIL artifact: VOCAB hash mismatch (receipt  vs local a4cafc9649488987)		1	REJECT_CLEAN	0	VERIFY FAIL — strict: empty file		qemu_calc_words/RECEIPT2.TXT; trunc@117; trunc@0
F-01790	948d6eb7a6ced40c96936cd99b013d67be84d7fe5c708190f4c090c4a085d0c4	1	REJECT_CLEAN	0	VERIFY FAIL — receipt inputs cannot be replayed: prompt (1457) + max_new (25) exceeds max_position_embeddings (512)		1	REJECT_CLEAN	0	VERIFY FAIL — receipt inputs cannot be replayed: prompt (1457) + max_new (25) exceeds max_position_embeddings (512)		qemu_abstain/RECEIPT.TXT; prompt-hex<-hex('\x94Ǚ😔DġĤċ`\x8eAu\x88'..700ch)
F-01791	e167d1302299bfaf6cfa76a00ce2443b9a58be700179d3ce4b5c123a5a593ea1	1	REJECT_CLEAN	0	VERIFY FAIL — replay diverged from the receipt		1	REJECT_CLEAN	0	VERIFY FAIL — strict: line 11 (chain): expected 64 lower-case hex digits		qemu_self/RECEIPT.TXT; gen-toks<-'0'; rep@640:0x5a
F-01792	5ef05681b120bcccf29ef488d8a720c490e5680be7f4d1ee68aac6ead8c0b240	1	REJECT_CLEAN	0	VERIFY FAIL — receipt inputs cannot be replayed: prompt tokenized to nothing		1	REJECT_CLEAN	0	VERIFY FAIL — strict: byte 255: 0x09 is not printable ASCII or LF		qemu_receipt/RECEIPT.TXT; prompt-hex<-'\t'; del[353:354]
F-01793	36baaa257935cd52cf4a1d9accfc3b06d382ad91960cc13ff680f806f85e9d04	0	ACCEPT	0	VERIFY PASS — replay reproduced 25 tokens, the token digest, and the full logit chain bit-for-bit		1	REJECT_CLEAN	0	VERIFY FAIL — strict: line 10: duplicate key "embed", canonical order expects "cis-digest"		qemu_abstain/RECEIPT.TXT; dupline2
F-01794	af95339ba90aa0e00d66d13879d4a1e7b75ab54e5b3c1daa5dc75237cdb9d3a0	1	REJECT_CLEAN	0	VERIFY FAIL — receipt inputs cannot be replayed: prompt (1) + max_new (512) exceeds max_position_embeddings (512)		1	REJECT_CLEAN	0	VERIFY FAIL — receipt inputs cannot be replayed: prompt (1) + max_new (512) exceeds max_position_embeddings (512)		qemu_receipt/RECEIPT.TXT; prompt-hex<-hex('A'..1ch); maxtok<-512
F-01795	ff6af9f14c03bc89b591a34d930cbec003d2aafa94aea6feac24f315fb7c8034	1	REJECT_CLEAN	0	VERIFY FAIL — replay diverged from the receipt		1	REJECT_CLEAN	0	VERIFY FAIL — strict: line 4: duplicate key "embed", canonical order expects "vocab"		qemu_lookup/RECEIPT2.TXT; prompt-hex<-'zz'; prompt-hex<-hex('万'..1ch); dupline2
F-01796	f57af4564540b2b1ecc983956cc0a4886293559a862fc035451527570ca11b23	1	REJECT_CLEAN	0	VERIFY FAIL — replay diverged from the receipt		1	REJECT_CLEAN	0	VERIFY FAIL — strict: line 2: key out of order "prompt-toks", canonical order expects "model"		qemu_lookup/RECEIPT2.TXT; prompt-hex<-hex('̰w\ue009'..3ch); swap1/6
F-01797	42f04ce4f6d3b6d16f4ba01c5d25aae482057701eeb71af33116d6ae4c4686d1	0	ACCEPT	0	VERIFY PASS — replay reproduced 7 tokens, the token digest, and the full logit chain bit-for-bit		1	REJECT_CLEAN	0	VERIFY FAIL — strict receipt checks failed		qemu_lookup/RECEIPT.TXT; prompt-toks<-'184467440737'
F-01798	0f54235a17ec6d2e38f6257f7d3f5e30918b52fade72b0df9a6889d5b446db0e	0	ACCEPT	0	VERIFY PASS — replay reproduced 9 tokens, the token digest, and the full logit chain bit-for-bit		1	REJECT_CLEAN	0	VERIFY FAIL — strict: byte 265: 0x09 is not printable ASCII or LF		qemu_calc/RECEIPT.TXT; prompt-toks<-'000000000000'; swap1/7; ins@265:b'\t'
F-01799	c0042ccc7f27c83f374f3d6b0c8a6e64358de8f9f8225c02bca6e2974ba92b7d	1	REJECT_CLEAN	0	VERIFY FAIL — malformed receipt: not valid UTF-8		1	REJECT_CLEAN	0	VERIFY FAIL — strict: byte 507: 0xff is not printable ASCII or LF		qemu_self/RECEIPT.TXT; rep@610:0xff; rep@632:0xcd; token-ids<-'184467440737'
F-01800	d1c54bd4d3ed536e6a82f0d281028d4ea0b74ad16affccd5de2b2c30e927b051	1	REJECT_CLEAN	0	VERIFY FAIL — malformed receipt: not valid UTF-8		1	REJECT_CLEAN	0	VERIFY FAIL — strict: byte 0: 0xff is not printable ASCII or LF		garbage:highbytes
F-01801	f10d58ec213ff150a10141eb8857e129403bdc5b47104afc67b7b68aeaa68777	1	REJECT_CLEAN	0	VERIFY FAIL — replay diverged from the receipt		1	REJECT_CLEAN	0	VERIFY FAIL — strict: byte 481: 0xe2 is not printable ASCII or LF		qemu_calc/RECEIPT2.TXT; ins@481:b'\xe2\x80\xae'
F-01802	0c01a8a90596f9f819c5664b4fd56d4bbaa955986786eb76bfdf98b80cb3ae3e	1	REJECT_CLEAN	0	VERIFY FAIL — replay diverged from the receipt		1	REJECT_CLEAN	0	VERIFY FAIL — strict: line 3: key out of order "chain", canonical order expects "embed"		qemu_unknown_tool/RECEIPT.TXT; dupline10; prompt-hex<-hex('1r̗Ȳ\ue004丘O😊Ȩ😐\ue000Ę'..60ch); prompt-hex<-hex('Lơ\x9e\x83B丟\x00举ͣ\x93I+'..60ch)
F-01803	d575102a1a7cbc75c2f0b7fb6548d7fb9d95fbf5376fe76285fb09f802fa7816	1	REJECT_CLEAN	0	FAIL artifact: MODEL hash mismatch (receipt  vs local a44e48965c641b81)		1	REJECT_CLEAN	0	VERIFY FAIL — strict: line 1: header must be exactly "AEGIS-WITNESS v1-CIS"		qemu_lookup/RECEIPT.TXT; del[19:39]
F-01804	a04d7559e7999b6dbc512b0fff59c33b10307b1d69368ab47e1cdca56320c238	1	REJECT_CLEAN	0	VERIFY FAIL — malformed receipt: not valid UTF-8		1	REJECT_CLEAN	0	VERIFY FAIL — strict: byte 357: 0xa4 is not printable ASCII or LF		qemu_unknown_tool/RECEIPT.TXT; rep@391:0xa4; prompt-hex<-hex('不'..1ch)
F-01805	2521e9302b13ba82cbd6e3d9b2e8f5f92d94b1d5a3f218ab521d9ad8ef8967f6	1	REJECT_CLEAN	0	FAIL artifact: MODEL hash mismatch (receipt a44e48965c641b8a vs local a44e48965c641b81)		1	REJECT_CLEAN	0	VERIFY FAIL — strict: line 2: key out of order "embed", canonical order expects "model"		qemu_unknown_tool/RECEIPT.TXT; swap1/2; del[113:149]
F-01806	6b20920f22d97db823352b078b351cb6be4991006a165575a58d3fec923c4d6f	1	REJECT_CLEAN	0	VERIFY FAIL — malformed receipt: prompt-hex does not decode to UTF-8 text		1	REJECT_CLEAN	0	VERIFY FAIL — strict: byte 373: 0x09 is not printable ASCII or LF		qemu_lookup/RECEIPT2.TXT; del[630:645]; ins@373:b'\t'
F-01807	748c7681eed998c8eec2b38e2dbfe1f742ae1381b23d16aa57e7cc1ad18fb767	1	REJECT_CLEAN	0	VERIFY FAIL — receipt inputs cannot be replayed: prompt (19) + max_new (9223372036854775808) exceeds max_position_embeddings (512)		1	REJECT_CLEAN	0	VERIFY FAIL — receipt inputs cannot be replayed: prompt (19) + max_new (9223372036854775808) exceeds max_position_embeddings (512)		qemu_self/RECEIPT.TXT; maxtok<-9223372036854775808
F-01808	9807e6fe148fe0794efed76007fb40bb94b01b21ee9600128c8b8ab21be05d90	1	REJECT_CLEAN	0	VERIFY FAIL — malformed receipt: maxtok is not an unsigned integer		1	REJECT_CLEAN	0	VERIFY FAIL — strict: line 5 (maxtok): expected a decimal integer without sign or leading zeros		qemu_lookup/RECEIPT.TXT; maxtok<-18446744073709551616; token-ids<-'000000000000'
F-01809	e0c0a13eaf7213a62075a63f1a8ef9d4c286d53b95cb4a81947cc84e7da5677c	1	REJECT_CLEAN	0	FAIL artifact: EMBED hash mismatch (receipt  vs local 8cbcd6b69df03539)		1	REJECT_CLEAN	0	VERIFY FAIL — strict: line 2 (model): expected 64 lower-case hex digits		qemu_receipt/RECEIPT.TXT; prompt-hex<-hex('\ue00a\x80o'..3ch); maxtok<-7; del[87:111]
F-01810	ca173ccd257ce13f34a89823aa3d13923453111b26cd75ab88cdf5ad547a8f51	1	REJECT_CLEAN	0	FAIL artifact: VOCAB hash mismatch (receipt  vs local a4cafc9649488987)		1	REJECT_CLEAN	0	VERIFY FAIL — strict: line 3 (embed): expected 64 lower-case hex digits		qemu_receipt/RECEIPT.TXT; vocab<-'+'; del[138:164]
F-01811	b052ed6b2331f5c7b3d4afc62e1cc9eb46c02f3f8af58f63605efc7a8abec5dc	1	REJECT_CLEAN	0	VERIFY FAIL — malformed receipt: prompt-hex: byte pair 0 splits a multi-byte character		1	REJECT_CLEAN	0	VERIFY FAIL — strict: byte 225: 0xe2 is not printable ASCII or LF		qemu_everyday/RECEIPT.TXT; prompt-hex<-'\u202e'; del[101:108]; del[166:188]
F-01812	ba369520f655c9eab993f6f337670460e73c1be9b14087545bba6bd3fcee6526	0	ACCEPT	0	VERIFY PASS — replay reproduced 50 tokens, the token digest, and the full logit chain bit-for-bit		1	REJECT_CLEAN	0	VERIFY FAIL — strict: line 1: header must be exactly "AEGIS-WITNESS v1-CIS"		qemu_receipt/RECEIPT.TXT; dupline5; dupline10
F-01813	a2d8f52e9ea68484c7cf706b7e2f4dab912c718d3fb63d70050c8a3b7ec1e167	1	REJECT_CLEAN	0	VERIFY FAIL — malformed receipt: maxtok is not an unsigned integer		1	REJECT_CLEAN	0	VERIFY FAIL — strict: line 5 (maxtok): expected a decimal integer without sign or leading zeros		qemu_calc/RECEIPT2.TXT; dupline11; maxtok<-'184467440737'; dupline5
F-01814	9c27cbea3e0e26dc3217758a707f27b83e8ad0d5585714f28cfe8b690c20c542	1	REJECT_CLEAN	0	VERIFY FAIL — replay diverged from the receipt		1	REJECT_CLEAN	0	VERIFY FAIL — strict: byte 400: 0x09 is not printable ASCII or LF		qemu_lookup/RECEIPT.TXT; chain<-'\t'
F-01815	4a4795e9afea2d203c9bf87fb64065e6e6ecb8e4e26826fe52310e2ba987f41b	1	REJECT_CLEAN	0	VERIFY FAIL — replay diverged from the receipt		1	REJECT_CLEAN	0	VERIFY FAIL — replay diverged from the receipt		qemu_lookup/RECEIPT2.TXT; prompt-hex<-hex('\x80I'..2ch); maxtok<-100
F-01816	bc0008cb764e998270966ada9ffb9fe7e99f8850d3e4f01d6aa9f4b1b56987b2	1	REJECT_CLEAN	0	FAIL artifact: VOCAB hash mismatch (receipt  vs local a4cafc9649488987)		1	REJECT_CLEAN	0	VERIFY FAIL — strict: no newline after the last line (exactly one is required)		qemu_abstain/RECEIPT.TXT; trunc@118; dupline2
F-01817	d7988da0dce2b8483af089f272f6e448bd3e980d768a940faab47beb0ec490c2	1	REJECT_CLEAN	0	FAIL artifact: EMBED hash mismatch (receipt 8cb | cd6b69df0353 vs local 8cbcd6b69df03539)		1	REJECT_CLEAN	0	VERIFY FAIL — strict: byte 101: 0x09 is not printable ASCII or LF		qemu_lookup/RECEIPT2.TXT; prompt-hex<-hex('\x9f两ȶ😊😟\x7f主\x1d\x1c😁C\n'..20ch); ins@101:b'\t'
F-01818	080a788fe779663e60e322ffb6419cd9e37fbb99edea2aab68ca1e809270f520	1	REJECT_CLEAN	0	FAIL artifact: MODEL hash mismatch (receipt 48965c641b81994a vs local a44e48965c641b81)		1	REJECT_CLEAN	0	VERIFY FAIL — strict: line 2 (model): expected 64 lower-case hex digits		qemu_lookup/RECEIPT2.TXT; dupline3; del[27:31]
F-01819	f90bf2e7729ccb087e55879588021bbe2feb6342b7755d39c7e5ffcf485763a0	1	REJECT_CLEAN	0	VERIFY FAIL — malformed receipt: not valid UTF-8		1	REJECT_CLEAN	0	VERIFY FAIL — strict: byte 294: 0xba is not printable ASCII or LF		qemu_calc_words/RECEIPT2.TXT; prompt-hex<-hex('#'..1ch); rep@294:0xba
F-01820	c50fca7958dbc39d07bca9923b19e70342be50f6a1dca8fbbce5c4ab99af39d2	1	REJECT_CLEAN	0	VERIFY FAIL — malformed receipt: not valid UTF-8		1	REJECT_CLEAN	0	VERIFY FAIL — strict: byte 80: 0xe2 is not printable ASCII or LF		qemu_abstain/RECEIPT.TXT; dupline7; rep@579:0x99; rep@80:0xe2
F-01821	a06b967fcc0504fe066b7fd2e8d9581dc3ef284d5dd25f53c1dbe1a981eed9b7	1	REJECT_CLEAN	0	FAIL artifact: VOCAB hash mismatch (receipt  vs local a4cafc9649488987)		1	REJECT_CLEAN	0	VERIFY FAIL — strict: byte 15: 0xc3 is not printable ASCII or LF		qemu_self/RECEIPT.TXT; AEGIS-WITNESS<-'aé'; trunc@63
F-01822	93bb60f393943c4006e3fe830b53b10c5296983c731ccf29ef268152e823d23b	1	REJECT_CLEAN	0	VERIFY FAIL — replay diverged from the receipt		1	REJECT_CLEAN	0	VERIFY FAIL — strict: line 8 (gen-toks): expected a decimal integer without sign or leading zeros		qemu_calc_words/RECEIPT2.TXT; gen-toks<-'xxxxxxxxxxxx'; del[930:964]; prompt-hex<-hex('\x03̷\ue009\x0c̐\ue00fƕ专\x9b丛ōz'..200ch)
F-01823	61939f8252fc6dc933a9df0e94fedfe53aef76a6bb5a9ce853e2bb5e50a0b6dc	1	REJECT_CLEAN	0	FAIL artifact: EMBED hash mismatch (receipt é vs local 8cbcd6b69df03539)		1	REJECT_CLEAN	0	VERIFY FAIL — strict: byte 98: 0xc3 is not printable ASCII or LF		qemu_calc_words/RECEIPT2.TXT; embed<-'é'
F-01824	579a031338148ee86ae2ccdddc48ae649aa3c993085168be8d382beb980cdbc2	1	REJECT_CLEAN	0	VERIFY FAIL — receipt inputs cannot be replayed: prompt (27) + max_new (9223372036854775808) exceeds max_position_embeddings (512)		1	REJECT_CLEAN	0	VERIFY FAIL — receipt inputs cannot be replayed: prompt (27) + max_new (9223372036854775808) exceeds max_position_embeddings (512)		qemu_calc_words/RECEIPT2.TXT; maxtok<-9223372036854775808
F-01825	fca8934815a88c9191f3e6bcf49d278903a990112ed700425cf58de111ddc918	1	REJECT_CLEAN	0	VERIFY FAIL — replay diverged from the receipt		1	REJECT_CLEAN	0	VERIFY FAIL — strict: line 11 (chain): expected 64 lower-case hex digits		qemu_calc/RECEIPT2.TXT; ins@530:b'-'; del[271:286]; prompt-hex<-hex('ȣAo\x99j'..5ch)
F-01826	84868b04def453a1f8d279cd77b95510c9ea08d06c84ce7cce5089d216166807	0	ACCEPT	0	VERIFY PASS — replay reproduced 7 tokens, the token digest, and the full logit chain bit-for-bit		1	REJECT_CLEAN	0	VERIFY FAIL — strict: line 8: key out of order "token-ids", canonical order expects "gen-toks"		qemu_lookup/RECEIPT.TXT; swap8/7
F-01827	ab89154b45a57a1c8c8ac3ef4a0edbc7f3ff5e03f8fc66f961d75a7b8e4fceea	1	REJECT_CLEAN	0	VERIFY FAIL — replay diverged from the receipt		1	REJECT_CLEAN	0	VERIFY FAIL — replay diverged from the receipt		qemu_calc/RECEIPT2.TXT; prompt-hex<-hex('̉'..1ch)
F-01828	7c23bac4658f5a5461186acc7a8cd6ac29e2fa0e0e243dd4234e2ffb7b304a40	0	ACCEPT	0	VERIFY PASS — replay reproduced 7 tokens, the token digest, and the full logit chain bit-for-bit		1	REJECT_CLEAN	0	VERIFY FAIL — strict: line 4: key out of order "gen-toks", canonical order expects "vocab"		qemu_lookup/RECEIPT.TXT; dupline7
F-01829	f94db039a88572c416e503dfb305d1fee0c4dcaa71a721dd445fc850220da907	1	REJECT_CLEAN	0	VERIFY FAIL — receipt inputs cannot be replayed: prompt (12) + max_new (4294967296) exceeds max_position_embeddings (512)		1	REJECT_CLEAN	0	VERIFY FAIL — strict: line 7 (prompt-toks): expected a decimal integer without sign or leading zeros		qemu_lookup/RECEIPT.TXT; maxtok<-4294967296; prompt-toks<-'999999999999'
F-01830	4e0894f638fbfe7c11c99897b1b5dd6037e24450fcabbc4265f076c686add3ad	1	REJECT_CLEAN	0	FAIL artifact: VOCAB hash mismatch (receipt 4294967296 vs local a4cafc9649488987)		1	REJECT_CLEAN	0	VERIFY FAIL — strict: line 4 (vocab): expected 64 lower-case hex digits		qemu_calc_words/RECEIPT2.TXT; del[427:433]; vocab<-'4294967296'
F-01831	9e57725cc800825afc2bae62bc2110803745b6521b058ee376cc3f5d136e582a	1	REJECT_CLEAN	0	VERIFY FAIL — replay diverged from the receipt		1	REJECT_CLEAN	0	VERIFY FAIL — replay diverged from the receipt		qemu_calc_words/RECEIPT2.TXT; prompt-hex<-hex('\ue001\x8e\ue008丽\ue006😌\x9c̠̟为\ue00fM'..200ch)
F-01832	5602aacd4e2e0d7cb4e66de65e4e5d85234a2e8e9b5084f7017f5dad79aba661	1	REJECT_CLEAN	0	FAIL artifact: VOCAB hash mismatch (receipt a4cafc9649488987 vs local a4cafc9649488987)		1	REJECT_CLEAN	0	VERIFY FAIL — strict: line 4 (vocab): expected 64 lower-case hex digits		qemu_unknown_tool/RECEIPT.TXT; ins@205:b'\n\n'
F-01833	8999c9fdb2637fe6e0a7ba31ad848fc5c63f7dce63b2fc06aa19cd39aaa2b282	1	REJECT_CLEAN	0	VERIFY FAIL — replay diverged from the receipt		1	REJECT_CLEAN	0	VERIFY FAIL — strict: line 11 (chain): expected 64 lower-case hex digits		qemu_unknown_tool/RECEIPT.TXT; del[541:555]; ins@532:b'-'
F-01834	c23564e5197e933b894a7081e9af3dec6fd5938767f0ba20ec77b32ef0613d4c	0	ACCEPT	0	VERIFY PASS — replay reproduced 35 tokens, the token digest, and the full logit chain bit-for-bit		1	REJECT_CLEAN	0	VERIFY FAIL — strict: line 1: header must be exactly "AEGIS-WITNESS v1-CIS"		qemu_unknown_tool/RECEIPT.TXT; swap5/0
F-01835	e1a4f0abc6bf4c87ad5bf34fd9f7a17531a9b54d794b962b3a212e8cc827c0f4	1	REJECT_CLEAN	0	VERIFY FAIL — malformed receipt: not valid UTF-8		1	REJECT_CLEAN	0	VERIFY FAIL — strict: byte 415: 0xc3 is not printable ASCII or LF		qemu_abstain/RECEIPT.TXT; prompt-hex<-'000000000000'; ins@415:b'\xc3'; swap2/1
F-01836	2b84294ac470a3e6fccb712ca2e96c0319c7ef572661e0810ba57a9b036d1c42	1	REJECT_CLEAN	0	VERIFY FAIL — replay diverged from the receipt		1	REJECT_CLEAN	0	VERIFY FAIL — replay diverged from the receipt		qemu_everyday/RECEIPT.TXT; maxtok<-500; prompt-hex<-hex('\x9e'..1ch); prompt-hex<-hex('\ue00e乃^̶业'..5ch)
F-01837	5bcaec5622ad9149c13e64b6c7adeac7ceec2abf1a7dca3ac7cd99565e3e7cd0	1	REJECT_CLEAN	0	VERIFY FAIL — replay diverged from the receipt		1	REJECT_CLEAN	0	VERIFY FAIL — replay diverged from the receipt		qemu_lookup/RECEIPT.TXT; prompt-hex<-hex('0丷ͧȬvxÚ\x05×Ǉ̂Ɲ'..20ch)
F-01838	651b59b52bc66cac8d5a2b54b4e74ac2e36f4a32c403ad79ebf52eb361d76d63	1	REJECT_CLEAN	0	FAIL artifact: VOCAB hash mismatch (receipt 1 2 vs local a4cafc9649488987)		1	REJECT_CLEAN	0	VERIFY FAIL — strict: line 4 (vocab): expected 64 lower-case hex digits		qemu_unknown_tool/RECEIPT.TXT; vocab<-'1 2'; swap10/7
F-01839	df45494d1e565a5a8da6c0b15ce0eec976c3a8f872262c5c7c9daca949bfe18a	0	ACCEPT	0	VERIFY PASS — replay reproduced 23 tokens, the token digest, and the full logit chain bit-for-bit		1	REJECT_CLEAN	0	VERIFY FAIL — strict: line 4: key out of order "chain", canonical order expects "vocab"		qemu_lookup/RECEIPT2.TXT; dupline10
F-01840	7bc427a69bbd7ac84446ee8164a5521ffed7d2ffeabf4136853ad0d580b846ce	1	REJECT_CLEAN	0	FAIL artifact: VOCAB hash mismatch (receipt  vs local a4cafc9649488987)		1	REJECT_CLEAN	0	VERIFY FAIL — strict: blank line at the end (exactly one trailing newline is required)		garbage:newlines
F-01841	10c07cde11e578a3be0f44d4312bb30a7a15ba01024e04cfd5eab1e78ccc2516	1	REJECT_CLEAN	0	VERIFY FAIL — replay diverged from the receipt		1	REJECT_CLEAN	0	VERIFY FAIL — strict: line 2: key out of order "cis-digest", canonical order expects "model"		qemu_abstain/RECEIPT.TXT; swap1/9; swap9/4; maxtok<-1
F-01842	15ab9e7920b582c9e04876026b784acf644b2da02fb8cacd95465d0c8230851c	1	REJECT_CLEAN	0	VERIFY FAIL — replay diverged from the receipt		1	REJECT_CLEAN	0	VERIFY FAIL — strict: byte 331: 0xc3 is not printable ASCII or LF		qemu_calc/RECEIPT.TXT; cis-digest<-'4294967296'; ins@335:b'\n'; gen-toks<-'éé'
F-01843	9de23c9e8e9150fa0bc2ada99edf081ad2a57dde2b37d944e6586ccd11d43577	1	REJECT_CLEAN	0	VERIFY FAIL — malformed receipt: not valid UTF-8		1	REJECT_CLEAN	0	VERIFY FAIL — strict: byte 499: 0xcd is not printable ASCII or LF		qemu_calc/RECEIPT2.TXT; rep@499:0xcd
F-01844	647428a7b225009d501ac696f98bb2b31be375886b0220710cae85f466539117	1	REJECT_CLEAN	0	FAIL artifact: VOCAB hash mismatch (receipt a4cafc9649488987 vs local a4cafc9649488987)		1	REJECT_CLEAN	0	VERIFY FAIL — strict: byte 238: 0x00 is not printable ASCII or LF		qemu_receipt/RECEIPT.TXT; del[200:217]; prompt-hex<-'\x00'
F-01845	0105b409edafb0d233f8722a00ec8f78105fcb64af73fb55f7e7f2cd87878c55	1	REJECT_CLEAN	0	FAIL artifact: MODEL hash mismatch (receipt  vs local a44e48965c641b81)		1	REJECT_CLEAN	0	VERIFY FAIL — strict: byte 23: 0x00 is not printable ASCII or LF		qemu_calc_words/RECEIPT.TXT; ins@23:b'\x00'
F-01846	ab4f22d75c06290d767bf9e73b4cd4d1bc8ebccf43a34d5703e6b1e822d43531	1	REJECT_CLEAN	0	VERIFY FAIL — malformed receipt: not valid UTF-8		1	REJECT_CLEAN	0	VERIFY FAIL — strict: byte 147: 0xd8 is not printable ASCII or LF		qemu_lookup/RECEIPT.TXT; rep@147:0xd8; dupline2; prompt-hex<-hex('丑\x8a'..2ch)
F-01847	54e89f928d472c037ba204be84cfc8e2d30d5461c296611e6d7b7ee30950ed47	1	REJECT_CLEAN	0	VERIFY FAIL — replay diverged from the receipt		1	REJECT_CLEAN	0	VERIFY FAIL — strict: line 3: key out of order "maxtok", canonical order expects "embed"		qemu_unknown_tool/RECEIPT.TXT; del[434:457]; swap2/4
F-01848	2aee3c7cebc8f5f3862f90dd1af9b0ffd1fc4f37a788f4bd79621498a15c2e90	0	ACCEPT	0	VERIFY PASS — replay reproduced 35 tokens, the token digest, and the full logit chain bit-for-bit		1	REJECT_CLEAN	0	VERIFY FAIL — strict: line 4: key out of order "prompt-toks", canonical order expects "vocab"		qemu_unknown_tool/RECEIPT.TXT; dupline6
F-01849	e97609fafaf68e79b81c5a59fe74acf9ccc30fc4e5b6b9b956eb719221c2a2bc	1	REJECT_CLEAN	0	VERIFY FAIL — replay diverged from the receipt		1	REJECT_CLEAN	0	VERIFY FAIL — strict: gen-toks 50 does not equal the token-ids count 51		qemu_receipt/RECEIPT.TXT; ins@583:b','
F-01850	21578aae800ffed12e9edc9e1cba6067561b94fc8489d251aa1a0a577a112217	1	REJECT_CLEAN	0	VERIFY FAIL — replay diverged from the receipt		1	REJECT_CLEAN	0	VERIFY FAIL — strict: line 5: key out of order "prompt-hex", canonical order expects "maxtok"		qemu_self/RECEIPT.TXT; dupline5; maxtok<-2
F-01851	c55b43bae28cf4a37a7b4003f9fd7dd60c96e2c530c23d834859e0e77073f983	1	REJECT_CLEAN	0	VERIFY FAIL — malformed receipt: not valid UTF-8		1	REJECT_CLEAN	0	VERIFY FAIL — strict: byte 90: 0xf0 is not printable ASCII or LF		qemu_receipt/RECEIPT.TXT; prompt-hex<-hex('v\x94iŵ\x1f丹\ue000̋¦\x92$\x91'..60ch); chain<-'0'; rep@90:0xf0
F-01852	ec27c4641197e33b2b97b6808bff3de6fc5c8426849e6820f28c1633fadda37c	1	REJECT_CLEAN	0	VERIFY FAIL — replay diverged from the receipt		1	REJECT_CLEAN	0	VERIFY FAIL — replay diverged from the receipt		qemu_calc_words/RECEIPT2.TXT; prompt-hex<-'000000000000'
F-01853	45d8a8d3f5574a688c858ff95ae325e29d26f41ac95e53845460e082b6d71cb9	1	REJECT_CLEAN	0	FAIL artifact: EMBED hash mismatch (receipt  vs local 8cbcd6b69df03539)		1	REJECT_CLEAN	0	VERIFY FAIL — strict: line 2 (model): expected 64 lower-case hex digits		qemu_calc/RECEIPT.TXT; del[89:121]; prompt-hex<-hex('[N\x8b\ue00b\x8f'..5ch)
F-01854	d1df587975c03e56c6ae1b07aa81da08a917d03f57750a0ff49245006366a2dc	1	REJECT_CLEAN	0	VERIFY FAIL — replay diverged from the receipt		1	REJECT_CLEAN	0	VERIFY FAIL — replay diverged from the receipt		qemu_calc/RECEIPT.TXT; prompt-hex<-hex('k;\x96\ue000😊\x9ạ😏\x92😙😅丶'..200ch)
F-01855	7c063a4115383ed54232c56e0e2ddee95b07b235a8f803843021e88da1759d7e	1	REJECT_CLEAN	0	VERIFY FAIL — replay diverged from the receipt		1	REJECT_CLEAN	0	VERIFY FAIL — strict: no newline after the last line (exactly one is required)		qemu_self/RECEIPT.TXT; trunc@510; del[343:373]
F-01856	9cd659221667f2be6975cfb8c827aab7e29ae9d1946fa446eb29ae0bf0dab687	1	REJECT_CLEAN	0	VERIFY FAIL — malformed receipt: maxtok is not an unsigned integer		1	REJECT_CLEAN	0	VERIFY FAIL — strict: byte 241: 0xc3 is not printable ASCII or LF		qemu_calc_words/RECEIPT.TXT; swap7/5; maxtok<-'éé'
F-01857	a74a693a08b497c7666a2a36103ff67bf6265f37484ffcf2438fa2f8b70631e6	1	REJECT_CLEAN	0	VERIFY FAIL — receipt inputs cannot be replayed: prompt (29) + max_new (18446744073709551615) exceeds max_position_embeddings (512)		1	REJECT_CLEAN	0	VERIFY FAIL — receipt inputs cannot be replayed: prompt (29) + max_new (18446744073709551615) exceeds max_position_embeddings (512)		qemu_calc/RECEIPT2.TXT; maxtok<-18446744073709551615; del[356:364]
F-01858	7da9d903979375616ff714affde753648c80d8d2ef0cb42b60d554470ac477fd	1	REJECT_CLEAN	0	VERIFY FAIL — replay diverged from the receipt		1	REJECT_CLEAN	0	VERIFY FAIL — replay diverged from the receipt		qemu_calc/RECEIPT2.TXT; maxtok<-18446744073709551616; maxtok<-1
F-01859	1b043f97eeab14d46b38baf516ee859afc5f6ab967618dce398ffc16ea22d3b8	1	REJECT_CLEAN	0	VERIFY FAIL — malformed receipt: prompt-hex does not decode to UTF-8 text		1	REJECT_CLEAN	0	VERIFY FAIL — strict: byte 211: carriage return (CRLF line endings are not canonical)		qemu_everyday/RECEIPT.TXT; del[421:425]; vocab<-'0'; ins@211:b'\r'
F-01860	cefa224926e61c8d7de3779ecd7f96b501d48d244a632554d38b95ce641843db	0	ACCEPT	0	VERIFY PASS — replay reproduced 8 tokens, the token digest, and the full logit chain bit-for-bit		1	REJECT_CLEAN	0	VERIFY FAIL — strict: line 1: header must be exactly "AEGIS-WITNESS v1-CIS"		qemu_calc_words/RECEIPT.TXT; AEGIS-WITNESS<-'+'
F-01861	d6b36d98bbfa7ba9bd9be6679212973e8ccc7d8bda4fb652b773f306406658e7	1	REJECT_CLEAN	0	FAIL artifact: VOCAB hash mismatch (receipt  vs local a4cafc9649488987)		1	REJECT_CLEAN	0	VERIFY FAIL — strict: no newline after the last line (exactly one is required)		qemu_receipt/RECEIPT.TXT; trunc@69; del[18:28]; rep@16:0x75
F-01862	071d7436f96e37d55675d33bb6e2fa9b7f273be304bccd585871098f2c2ed1d6	1	REJECT_CLEAN	0	VERIFY FAIL — replay diverged from the receipt		1	REJECT_CLEAN	0	VERIFY FAIL — strict: line 10: expected "cis-digest <value>"		qemu_receipt/RECEIPT.TXT; del[648:684]
F-01863	5d6586003b1c14eac29330b04ec75d2af0c35728387c49c06f1a1a95350efec0	1	REJECT_CLEAN	0	FAIL artifact: VOCAB hash mismatch (receipt  vs local a4cafc9649488987)		1	REJECT_CLEAN	0	VERIFY FAIL — strict: no newline after the last line (exactly one is required)		qemu_abstain/RECEIPT.TXT; trunc@69
F-01864	0d8e2a59534ff24240504691dcef95d1ad8935ae99543566d62bbcc84b815662	1	REJECT_CLEAN	0	FAIL artifact: VOCAB hash mismatch (receipt é vs local a4cafc9649488987)		1	REJECT_CLEAN	0	VERIFY FAIL — strict: byte 156: 0xc3 is not printable ASCII or LF		qemu_calc_words/RECEIPT.TXT; del[12:25]; vocab<-'é'; prompt-hex<-hex('}ȓd😝{.\x0c̵1\x95丙J'..20ch)
F-01865	66a1946df66712785a9cd8ae2ab28afc2e1ce83ab2792b2f4602ac93dbee5e3c	1	REJECT_CLEAN	0	FAIL artifact: EMBED hash mismatch (receipt  vs local 8cbcd6b69df03539)		1	REJECT_CLEAN	0	VERIFY FAIL — strict: no newline after the last line (exactly one is required)		qemu_calc_words/RECEIPT.TXT; trunc@273; del[76:97]; AEGIS-WITNESS<-'+1'
F-01866	ab99277357f415d40993689e99575a8d93824e2ecdcbd93dd7951edd1659f1b0	1	REJECT_CLEAN	0	VERIFY FAIL — replay diverged from the receipt		1	REJECT_CLEAN	0	VERIFY FAIL — replay diverged from the receipt		qemu_calc_words/RECEIPT.TXT; prompt-hex<-hex('͒Ř͐\x01\x9f'..5ch)
F-01867	033a5bbf3b4cbcd1fd7a741e6dd1f436f1dba125451c0b27ac274189004ecca3	1	REJECT_CLEAN	0	VERIFY FAIL — replay diverged from the receipt		1	REJECT_CLEAN	0	VERIFY FAIL — replay diverged from the receipt		qemu_calc/RECEIPT.TXT; prompt-hex<-hex('不Ê'..2ch)
F-01868	4cfbdce42e59c88fb4b7e5638dadb0dc7ce8d9b75b7f1504a0ef4ae37c10b926	1	REJECT_CLEAN	0	VERIFY FAIL — receipt inputs cannot be replayed: prompt (1) + max_new (4096) exceeds max_position_embeddings (512)		1	REJECT_CLEAN	0	VERIFY FAIL — strict: line 8: key out of order "token-ids", canonical order expects "gen-toks"		qemu_everyday/RECEIPT.TXT; prompt-hex<-hex(' '..1ch); del[271:282]; maxtok<-4096
F-01869	2e4437b12c0dceb5e21671051d9c25debaddb660ea910e97292b514c1c6a882b	1	REJECT_CLEAN	0	VERIFY FAIL — receipt inputs cannot be replayed: prompt (19) + max_new (4096) exceeds max_position_embeddings (512)		1	REJECT_CLEAN	0	VERIFY FAIL — strict: line 5: key out of order "prompt-toks", canonical order expects "maxtok"		qemu_self/RECEIPT.TXT; swap6/4; maxtok<-4096; chain<-'0'
F-01870	e73e47e982f50780627d544d873f20d8dcb143b5b074783daaf0f477c004070c	1	REJECT_CLEAN	0	VERIFY FAIL — replay diverged from the receipt		1	REJECT_CLEAN	0	VERIFY FAIL — strict: no newline after the last line (exactly one is required)		qemu_calc_words/RECEIPT.TXT; trunc@418; prompt-hex<-hex('专<\ue003'..3ch)
F-01871	5ee9e15d3136422f13f71d5fe77706f7da318af5c11e54c3395d51719debd94e	0	ACCEPT	0	VERIFY PASS — replay reproduced 23 tokens, the token digest, and the full logit chain bit-for-bit		1	REJECT_CLEAN	0	VERIFY FAIL — strict: byte 484: 0xed is not printable ASCII or LF		qemu_lookup/RECEIPT2.TXT; gen-toks<-'\ud7ff'
F-01872	57a3f6727c98b708cc6d03b0d648b6dfead2b4fb7ef113f3a03bd81e3e90a49c	1	REJECT_CLEAN	0	VERIFY FAIL — replay diverged from the receipt		1	REJECT_CLEAN	0	VERIFY FAIL — strict: line 7 (prompt-toks): expected a decimal integer without sign or leading zeros		qemu_calc/RECEIPT.TXT; prompt-toks<-' '; del[350:355]
F-01873	38c047e45196a8bff575d6829204a5dc1beb072c7c1425e3fa220aa0cce66f97	1	REJECT_CLEAN	0	VERIFY FAIL — replay diverged from the receipt		1	REJECT_CLEAN	0	VERIFY FAIL — strict: line 11 (chain): expected 64 lower-case hex digits		qemu_self/RECEIPT.TXT; ins@611:b'999999999999999999999999999999'
F-01874	2f2006386eaab4586d40a3f40589bb307c024c95658a8c4416b82a16ecf493af	1	REJECT_CLEAN	0	VERIFY FAIL — receipt inputs cannot be replayed: prompt (9) + max_new (18446744073709551615) exceeds max_position_embeddings (512)		1	REJECT_CLEAN	0	VERIFY FAIL — strict: line 1: header must be exactly "AEGIS-WITNESS v1-CIS"		qemu_unknown_tool/RECEIPT.TXT; AEGIS-WITNESS<-'ffffffffffff'; maxtok<-9223372036854775807; maxtok<-18446744073709551615
F-01875	3a74034a82d9f4433de26c355e12b489aa8e5d23dfdb89a0a3a4f57d2d7ae37d	0	ACCEPT	0	VERIFY PASS — replay reproduced 50 tokens, the token digest, and the full logit chain bit-for-bit		1	REJECT_CLEAN	0	VERIFY FAIL — strict: line 1: header must be exactly "AEGIS-WITNESS v1-CIS"		qemu_receipt/RECEIPT.TXT; swap0/8
F-01876	b48fcc90ebc8e22531e4758d7713214a0cc9e8df7e2d87af7293a9f8b7650a05	1	REJECT_CLEAN	0	VERIFY FAIL — replay diverged from the receipt		1	REJECT_CLEAN	0	VERIFY FAIL — strict: line 2: key out of order "prompt-toks", canonical order expects "model"		qemu_calc/RECEIPT.TXT; maxtok<-3; dupline6
F-01877	15c215a017fc6fc43a85e3a476ed8dd5d886d224860c061478087ccf5c4006ee	0	ACCEPT	0	VERIFY PASS — replay reproduced 9 tokens, the token digest, and the full logit chain bit-for-bit		1	REJECT_CLEAN	0	VERIFY FAIL — strict: line 11: duplicate key "embed", canonical order expects "chain"		qemu_calc/RECEIPT2.TXT; dupline2
F-01878	2975f9d3b1d8673598c5d362af8c417569c9342555bf17fa9db3eafef73edd17	1	REJECT_CLEAN	0	VERIFY FAIL — replay diverged from the receipt		1	REJECT_CLEAN	0	VERIFY FAIL — strict: line 9: duplicate key "gen-toks", canonical order expects "token-ids"		qemu_lookup/RECEIPT2.TXT; dupline7; maxtok<-7
F-01879	5ba05f2d47976d432da40bf08f2d06b144d6e100d6c18c4ff03dbdbd89c7e663	1	REJECT_CLEAN	0	VERIFY FAIL — malformed receipt: prompt-hex does not decode to UTF-8 text		1	REJECT_CLEAN	0	VERIFY FAIL — strict: line 6 (prompt-hex): expected non-empty lower-case hex of even length		qemu_lookup/RECEIPT2.TXT; ins@261:b'g'; dupline1; maxtok<-4294967296
F-01880	1ecb30efe1679ce6d135280f600fe1c8c55c8e22e2dc3f2191725d005f2f24a9	1	REJECT_CLEAN	0	VERIFY FAIL — malformed receipt: not valid UTF-8		1	REJECT_CLEAN	0	VERIFY FAIL — strict: byte 0: 0x10 is not printable ASCII or LF		garbage:rand
F-01881	2b904784e444f3af54d6914509ddff458b57b18961dc3e03213b9c5657ac65de	1	REJECT_CLEAN	0	FAIL artifact: VOCAB hash mismatch (receipt ퟿ vs local a4cafc9649488987)		1	REJECT_CLEAN	0	VERIFY FAIL — strict: byte 169: 0xed is not printable ASCII or LF		qemu_self/RECEIPT.TXT; vocab<-'\ud7ff'
F-01882	32b67a39615c9ae0408b39e2fbd0db3696996b764533e91f227cffe8cbaa5317	1	REJECT_CLEAN	0	VERIFY FAIL — replay diverged from the receipt		1	REJECT_CLEAN	0	VERIFY FAIL — replay diverged from the receipt		qemu_self/RECEIPT.TXT; maxtok<-1
F-01883	197d0da1a1d27a9e75b79e16458ddb4415b6fcb224c4fbff066a23b0ed0f9fd6	1	REJECT_CLEAN	0	VERIFY FAIL — malformed receipt: prompt-hex does not decode to UTF-8 text		1	REJECT_CLEAN	0	VERIFY FAIL — strict: line 2 (model): expected 64 lower-case hex digits		qemu_calc_words/RECEIPT2.TXT; prompt-hex<-'ffffffffffff'; ins@45:b' '
F-01884	8617ab21d8e0a650aef235d6c6d4102eee2e289809e2c8f335753a124bda559d	1	REJECT_CLEAN	0	VERIFY FAIL — replay diverged from the receipt		1	REJECT_CLEAN	0	VERIFY FAIL — strict: line 9 (token-ids): expected comma-separated canonical decimal u32 ids		qemu_lookup/RECEIPT2.TXT; rep@356:0xaf; prompt-hex<-hex('丗̉{Þ丷'..5ch); del[342:363]
F-01885	120628026b62b8a1edd8dbe475e7bdac9410741e29f6f39d78e8b5a90a1313de	1	REJECT_CLEAN	0	VERIFY FAIL — malformed receipt: prompt-hex does not decode to UTF-8 text		1	REJECT_CLEAN	0	VERIFY FAIL — strict: no newline after the last line (exactly one is required)		qemu_self/RECEIPT.TXT; prompt-hex<-hex('\ue005ž͉\ue00c\x16#与丱.丠a\ue001'..200ch); trunc@728
F-01886	532d860baa33c49d743c95cec1460d47e7edc829d82da9f70e29873033deeb17	1	REJECT_CLEAN	0	VERIFY FAIL — replay diverged from the receipt		1	REJECT_CLEAN	0	VERIFY FAIL — strict: no newline after the last line (exactly one is required)		qemu_receipt/RECEIPT.TXT; trunc@557
F-01887	f19bf4bda587701b99ae59e43ab810bd6cf2559b3e2f7d1d13aba32b662fd0b0	1	REJECT_CLEAN	0	FAIL artifact: MODEL hash mismatch (receipt a44e4c76a8bebd38 vs local a44e48965c641b81)		1	REJECT_CLEAN	0	VERIFY FAIL — strict: byte 291: 0x12 is not printable ASCII or LF		qemu_everyday/RECEIPT.TXT; del[32:53]; rep@291:0x12
F-01888	95f1012aa6451d78dda9fa180cf303fa2e3a48e3919d498c223abe491af65da2	1	REJECT_CLEAN	0	VERIFY FAIL — malformed receipt: not valid UTF-8		1	REJECT_CLEAN	0	VERIFY FAIL — strict: byte 14: carriage return (CRLF line endings are not canonical)		qemu_calc/RECEIPT.TXT; rep@353:0xe7; ins@14:b'\r'; maxtok<-2
F-01889	41cc7b9d583f2267f99dd743347d8b56618c3292bab851fffefb268a1c4068d9	0	ACCEPT	0	VERIFY PASS — replay reproduced 25 tokens, the token digest, and the full logit chain bit-for-bit		1	REJECT_CLEAN	0	VERIFY FAIL — strict: line 6: key out of order "token-ids", canonical order expects "prompt-hex"		qemu_abstain/RECEIPT.TXT; swap5/8
F-01890	d63da2c2ebbe03da6823aa372f567fe74de1dc6d037c764ee56481cc723486ee	1	REJECT_CLEAN	0	FAIL artifact: MODEL hash mismatch (receipt 1844674407370955 vs local a44e48965c641b81)		1	REJECT_CLEAN	0	VERIFY FAIL — strict: line 2 (model): expected 64 lower-case hex digits		qemu_lookup/RECEIPT.TXT; model<-'184467440737'
F-01891	03f68d68ee46a5cbf8ecebab0cae18f260afaeca9baa6d217c66c0ab13a2ca81	1	REJECT_CLEAN	0	FAIL artifact: MODEL hash mismatch (receipt a44e48965c641b81 vs local a44e48965c641b81)		1	REJECT_CLEAN	0	VERIFY FAIL — strict: line 2 (model): expected 64 lower-case hex digits		qemu_calc_words/RECEIPT2.TXT; ins@85:b'-'; dupline10
F-01892	a5e171c53004a4bcad753e91a6122bec3948f19dff452fe0e73e32c637d87868	1	REJECT_CLEAN	0	VERIFY FAIL — replay diverged from the receipt		1	REJECT_CLEAN	0	VERIFY FAIL — strict: line 9: expected "token-ids <value>"		qemu_lookup/RECEIPT.TXT; ins@357:b','; ins@334:b'\n\n'
F-01893	15ae5a08da4cf5f674a6943153369bf2675d3167e1f6a2e5e1cdae49c2c41899	1	REJECT_CLEAN	0	VERIFY FAIL — malformed receipt: not valid UTF-8		1	REJECT_CLEAN	0	VERIFY FAIL — strict: byte 106: 0xff is not printable ASCII or LF		qemu_calc_words/RECEIPT.TXT; rep@442:0x93; ins@106:b'\xff'
F-01894	eb6bc3f0d621e4bfaf942c3ba0cedb1461d671c0d1210460dca95e05abaedba1	1	REJECT_CLEAN	0	FAIL artifact: EMBED hash mismatch (receipt 8cbcd6b69dfb9039 vs local 8cbcd6b69df03539)		1	REJECT_CLEAN	0	VERIFY FAIL — strict: line 3 (embed): expected 64 lower-case hex digits		qemu_lookup/RECEIPT.TXT; del[109:124]
F-01895	58358164bb71137a2823b338898dce151308f3e2734913c9ba8e20491f754bcd	1	REJECT_CLEAN	0	FAIL artifact: EMBED hash mismatch (receipt 0 vs local 8cbcd6b69df03539)		1	REJECT_CLEAN	0	VERIFY FAIL — strict: line 3 (embed): expected 64 lower-case hex digits		qemu_calc/RECEIPT2.TXT; del[247:263]; prompt-toks<-'0'; embed<-'0'
F-01896	0772a83f9ae68347919097639ab33ccbe1fee3892cbbfdec5959144ec648d2dd	1	REJECT_CLEAN	0	VERIFY FAIL — receipt inputs cannot be replayed: prompt (31) + max_new (4096) exceeds max_position_embeddings (512)		1	REJECT_CLEAN	0	VERIFY FAIL — receipt inputs cannot be replayed: prompt (31) + max_new (4096) exceeds max_position_embeddings (512)		qemu_calc/RECEIPT2.TXT; maxtok<-4096
F-01897	063a35db755ba80604a378a938419cbecf62f6443a40f9ec7c049b8a454b2561	0	ACCEPT	0	VERIFY PASS — replay reproduced 25 tokens, the token digest, and the full logit chain bit-for-bit		1	REJECT_CLEAN	0	VERIFY FAIL — strict: byte 356: 0xed is not printable ASCII or LF		qemu_abstain/RECEIPT.TXT; dupline6; prompt-toks<-'\ud7ff'
F-01898	0f96d82ca4903a4340126f4e13218323ec5409ba3c0852dd834319ad426fa281	1	REJECT_CLEAN	0	VERIFY FAIL — replay diverged from the receipt		1	REJECT_CLEAN	0	VERIFY FAIL — strict: no newline after the last line (exactly one is required)		qemu_unknown_tool/RECEIPT.TXT; trunc@444
F-01899	dd3d3ab9a5128dcb7a43d91538d84edcfc914313cbf73884da1705f24fccd673	1	REJECT_CLEAN	0	VERIFY FAIL — replay diverged from the receipt		1	REJECT_CLEAN	0	VERIFY FAIL — strict: gen-toks 23 does not equal the token-ids count 17		qemu_lookup/RECEIPT2.TXT; del[499:522]
F-01900	1279cd2a37ea96cae80aeb91dc7398517b28133cf2affcb8b10c761daecd6860	1	REJECT_CLEAN	0	VERIFY FAIL — receipt inputs cannot be replayed: prompt tokenized to nothing		1	REJECT_CLEAN	0	VERIFY FAIL — strict: byte 255: 0x09 is not printable ASCII or LF		qemu_self/RECEIPT.TXT; prompt-hex<-'\t'
F-01901	4a8e1ce776ba0585700311f92b4eb88bf63f03d38bc6e1c44f97ca553988df2e	0	ACCEPT	0	VERIFY PASS — replay reproduced 35 tokens, the token digest, and the full logit chain bit-for-bit		1	REJECT_CLEAN	0	VERIFY FAIL — strict: no newline after the last line (exactly one is required)		qemu_unknown_tool/RECEIPT.TXT; swap7/11
F-01902	b3ac936b1d3140b372827fa799284a268ee50fd6a4f7b8d66d334d6dadc486a3	1	REJECT_CLEAN	0	FAIL artifact: VOCAB hash mismatch (receipt  vs local a4cafc9649488987)		1	REJECT_CLEAN	0	VERIFY FAIL — strict: no newline after the last line (exactly one is required)		qemu_lookup/RECEIPT.TXT; dupline0; trunc@333; trunc@19
F-01903	d09af839fb1771fda41ae54fe6aefe44a102e820d80d4d416c7a4f22cba2f70b	1	REJECT_CLEAN	0	VERIFY FAIL — receipt inputs cannot be replayed: prompt tokenized to nothing		1	REJECT_CLEAN	0	VERIFY FAIL — strict: no newline after the last line (exactly one is required)		qemu_lookup/RECEIPT2.TXT; del[391:394]; trunc@246
F-01904	6aaf5d4016641b1a55b5bd1b4a5d27a2441b8e6388241cf4f77092de4f40cacc	1	REJECT_CLEAN	0	VERIFY FAIL — malformed receipt: maxtok is not an unsigned integer		1	REJECT_CLEAN	0	VERIFY FAIL — strict: line 1: header must be exactly "AEGIS-WITNESS v1-CIS"		qemu_calc/RECEIPT.TXT; AEGIS-WITNESS<-','; maxtok<-'-1'
F-01905	3d5cd2625a15fc41ec9200a6c4d2e8045ded7873284c722553e83e691bdf0454	1	REJECT_CLEAN	0	VERIFY FAIL — receipt inputs cannot be replayed: prompt (613) + max_new (3) exceeds max_position_embeddings (512)		1	REJECT_CLEAN	0	VERIFY FAIL — strict: no newline after the last line (exactly one is required)		qemu_everyday/RECEIPT.TXT; prompt-hex<-hex('\x07\x1b😔I\x98q😅(严!3个'..700ch); ins@1483:b'\n'; dupline5
F-01906	2ae19c1b767501da858ad74a37b71350065ddb2c270df0ca8eb6e0a737579cf3	1	REJECT_CLEAN	0	VERIFY FAIL — replay diverged from the receipt		1	REJECT_CLEAN	0	VERIFY FAIL — replay diverged from the receipt		qemu_calc/RECEIPT2.TXT; prompt-hex<-hex(' \x97😂丱͓\ue009\x9a丱\x1d😙ȭ😖'..60ch)
F-01907	fb06877d63d9b1b34eb00084d6c220c880403a21b9df11494ba6bffcf0741650	1	REJECT_CLEAN	0	VERIFY FAIL — malformed receipt: prompt-hex does not decode to UTF-8 text		1	REJECT_CLEAN	0	VERIFY FAIL — strict: line 6 (prompt-hex): expected non-empty lower-case hex of even length		qemu_self/RECEIPT.TXT; rep@339:0x2b; del[619:635]; prompt-hex<-'FFFFFFFFFFFF'
F-01908	0a70fca10af92cbe54332524c91543be68d2cbbd6e12bccace1474eefa19b0c4	1	REJECT_CLEAN	0	VERIFY FAIL — malformed receipt: token id "14 " is not an unsigned 32-bit integer		1	REJECT_CLEAN	0	VERIFY FAIL — strict: line 1: header must be exactly "AEGIS-WITNESS v1-CIS"		qemu_abstain/RECEIPT.TXT; swap0/5; ins@477:b' '
F-01909	7c97e0f1af1b39c020e34c824b549d407e8f206ff2ec021e035d7976f9859dfa	1	REJECT_CLEAN	0	VERIFY FAIL — replay diverged from the receipt		1	REJECT_CLEAN	0	VERIFY FAIL — strict: no newline after the last line (exactly one is required)		qemu_lookup/RECEIPT.TXT; trunc@300
F-01910	f3985034e87aac4f8fd958d35cdf4fec49d87ad88572589cc92b908c47b8d8fd	1	REJECT_CLEAN	0	VERIFY FAIL — replay diverged from the receipt		1	REJECT_CLEAN	0	VERIFY FAIL — replay diverged from the receipt		qemu_lookup/RECEIPT2.TXT; maxtok<-100
F-01911	e558f38d1eb12cb8c83201d1bebecbe43a2550c95dd178465f1404622b7db879	1	REJECT_CLEAN	0	VERIFY FAIL — malformed receipt: token id "-1" is not an unsigned 32-bit integer		1	REJECT_CLEAN	0	VERIFY FAIL — strict: line 9 (token-ids): expected comma-separated canonical decimal u32 ids		qemu_abstain/RECEIPT.TXT; token-ids<-'-1'
F-01912	8c333de9362dbbf3fc625a6d45aa1b760f59c9d2192eb55969497310838a1886	1	REJECT_CLEAN	0	VERIFY FAIL — replay diverged from the receipt		1	REJECT_CLEAN	0	VERIFY FAIL — strict: line 1: header must be exactly "AEGIS-WITNESS v1-CIS"		qemu_calc_words/RECEIPT2.TXT; prompt-hex<-hex('\ue004乇_J😟\x1b\ue00aȊ\x81\x92\ue00a\x92'..20ch); swap9/0; dupline10
F-01913	251e7d3856fff107e393831bbb76f7712a638f4deb0d538a46c6f152f77c3418	1	REJECT_CLEAN	0	VERIFY FAIL — replay diverged from the receipt		1	REJECT_CLEAN	0	VERIFY FAIL — strict: line 11 (chain): expected 64 lower-case hex digits		qemu_self/RECEIPT.TXT; chain<-'-'
F-01914	c9006088b78d94f1d2af58bde37b9ee9b7ad31155b440030c718b32636d93c5b	1	REJECT_CLEAN	0	VERIFY FAIL — malformed receipt: token id "-" is not an unsigned 32-bit integer		1	REJECT_CLEAN	0	VERIFY FAIL — strict: no newline after the last line (exactly one is required)		qemu_everyday/RECEIPT.TXT; del[445:472]; token-ids<-'-'
F-01915	bec6cd3535ac8fd02007a9b9f8d4aa27abf62514da1a7593212dbd11e7e5fa1b	1	REJECT_CLEAN	0	VERIFY FAIL — malformed receipt: maxtok is not an unsigned integer		1	REJECT_CLEAN	0	VERIFY FAIL — strict: byte 242: 0xc3 is not printable ASCII or LF		qemu_calc/RECEIPT.TXT; prompt-hex<-hex('Ȕ丅\x02Ą\ue0069丯\ue000\x16😍並u'..60ch); maxtok<-'aé'
F-01916	25264cc4f0c6b2716ec33f7a2c79a6164545ab0ff4d0af9aa1a354af18aa3d9a	1	REJECT_CLEAN	0	VERIFY FAIL — malformed receipt: not valid UTF-8		1	REJECT_CLEAN	0	VERIFY FAIL — strict: byte 52: 0xc9 is not printable ASCII or LF		qemu_calc/RECEIPT.TXT; rep@52:0xc9; maxtok<-513; swap5/10
F-01917	b7e3832bf1ef3ac84565f4d5f04d1d8b01465d5d178340b0ffc3336e714e87be	1	REJECT_CLEAN	0	FAIL artifact: EMBED hash mismatch (receipt xxxxxxxxxxxxxxxx vs local 8cbcd6b69df03539)		1	REJECT_CLEAN	0	VERIFY FAIL — strict: line 3 (embed): expected 64 lower-case hex digits		qemu_abstain/RECEIPT.TXT; embed<-'xxxxxxxxxxxx'
F-01918	4447ea9865b49040a487d0d60e020ce41fb9509faa3334cbfa34ff7dfc757c56	1	REJECT_CLEAN	0	VERIFY FAIL — receipt inputs cannot be replayed: prompt (17) + max_new (9223372036854775807) exceeds max_position_embeddings (512)		1	REJECT_CLEAN	0	VERIFY FAIL — receipt inputs cannot be replayed: prompt (17) + max_new (9223372036854775807) exceeds max_position_embeddings (512)		qemu_everyday/RECEIPT.TXT; prompt-hex<-hex('y\x1d:丟\ue009\ue00b丯\x8d'..8ch); maxtok<-9223372036854775807
F-01919	097974ed32835984f3f1eb4cb3c799c15eeca9a575bc49190412c90a03292f20	0	ACCEPT	0	VERIFY PASS — replay reproduced 7 tokens, the token digest, and the full logit chain bit-for-bit		1	REJECT_CLEAN	0	VERIFY FAIL — strict: line 9: key out of order "chain", canonical order expects "token-ids"		qemu_calc_words/RECEIPT2.TXT; dupline9; swap10/8
F-01920	186a9d238f2280db2592ed52e3d3ab7e841b5534ce77b39f37d05fdcb12201fb	1	REJECT_CLEAN	0	VERIFY FAIL — malformed receipt: not valid UTF-8		1	REJECT_CLEAN	0	VERIFY FAIL — strict: byte 0: 0xff is not printable ASCII or LF		garbage:highbytes
F-01921	bb88a76891cc9eda354a956a538300ca3f422bee2d6f587b4e82cce867e29a44	1	REJECT_CLEAN	0	FAIL artifact: MODEL hash mismatch (receipt + vs local a44e48965c641b81)		1	REJECT_CLEAN	0	VERIFY FAIL — strict: line 1: header must be exactly "AEGIS-WITNESS v1-CIS"		qemu_calc/RECEIPT2.TXT; model<-'+'; AEGIS-WITNESS<-'1,,2'; chain<-'FFFFFFFFFFFF'
F-01922	07f8a1d5e267e283083bb1c0aebfdf3258500ff71c8a5e67a6aefddd92c46522	1	REJECT_CLEAN	0	FAIL artifact: EMBED hash mismatch (receipt 8cbcd6b69df03539 vs local 8cbcd6b69df03539)		1	REJECT_CLEAN	0	VERIFY FAIL — strict: line 3 (embed): expected 64 lower-case hex digits		qemu_abstain/RECEIPT.TXT; del[123:148]; prompt-hex<-hex('͎.\ue00e\x08\x86̕\x16😗😕\ue006😅P'..700ch)
F-01923	15450377abb4c338a56704b81f16d190f6eac08c0446f44be53b0ba7ca4b6aa0	1	REJECT_CLEAN	0	FAIL artifact: VOCAB hash mismatch (receipt a4cafc9*49488987 vs local a4cafc9649488987)		1	REJECT_CLEAN	0	VERIFY FAIL — strict: byte 510: 0xc3 is not printable ASCII or LF		qemu_calc_words/RECEIPT2.TXT; rep@176:0x2a; rep@43:0x49; ins@510:b'\xc3\xa9'
F-01924	b14b23d6c54601542005135cdc29447c32cd3494d3aaec28cf30b59f0336f59d	1	REJECT_CLEAN	0	VERIFY FAIL — replay diverged from the receipt		1	REJECT_CLEAN	0	VERIFY FAIL — strict: line 12: unexpected extra line "AEGIS-WITNESS" (a receipt has exactly 11 lines)		qemu_calc/RECEIPT.TXT; prompt-hex<-hex('\x88w@\ue004丢丮úͯ😝\x98͖丐'..60ch); dupline0
F-01925	45004b54dc357372812cd809fafe0c5aafad325e07119172b00a1384589d5382	1	REJECT_CLEAN	0	VERIFY FAIL — replay diverged from the receipt		1	REJECT_CLEAN	0	VERIFY FAIL — strict: line 1: header must be exactly "AEGIS-WITNESS v1-CIS"		qemu_lookup/RECEIPT2.TXT; swap0/3; dupline6; prompt-hex<-hex('😅\x12ź'..3ch)
F-01926	600276968781a46904223cbd1bb81f1690c9eec49522ab5f9f2a741570d737e6	1	REJECT_CLEAN	0	VERIFY FAIL — malformed receipt: not valid UTF-8		1	REJECT_CLEAN	0	VERIFY FAIL — strict: byte 425: 0xe8 is not printable ASCII or LF		qemu_lookup/RECEIPT2.TXT; prompt-hex<-hex('ǎ\ue003'..2ch); rep@425:0xe8
F-01927	5083c1d829ac440403f5468db51480d287be4074422377990205bc74df46032c	1	REJECT_CLEAN	0	VERIFY FAIL — malformed receipt: not valid UTF-8		1	REJECT_CLEAN	0	VERIFY FAIL — strict: byte 348: 0xff is not printable ASCII or LF		qemu_abstain/RECEIPT.TXT; ins@348:b'\xff'
F-01928	928e02cee4a4afd4abe18c37816bcad5c3255a8ba27b9ca44066a41606d46526	1	REJECT_CLEAN	0	VERIFY FAIL — malformed receipt: token id "+" is not an unsigned 32-bit integer		1	REJECT_CLEAN	0	VERIFY FAIL — strict: byte 193: 0xe2 is not printable ASCII or LF		qemu_calc/RECEIPT2.TXT; token-ids<-'+'; ins@193:b'\xe2\x80\xae'
F-01929	71b8fed5bc4eb21b007a7c1e69b3d978301de94810aa314382bfb0fc37233bfd	1	REJECT_CLEAN	0	FAIL artifact: VOCAB hash mismatch (receipt a4cafc9649488987 vs local a4cafc9649488987)		1	REJECT_CLEAN	0	VERIFY FAIL — strict: byte 229: 0x1a is not printable ASCII or LF		qemu_lookup/RECEIPT2.TXT; rep@229:0x1a; embed<-'FFFFFFFFFFFF'; trunc@552
F-01930	1a83478f547f9f47c4a308a3533a2546322be35f2093d14f2293148367bf8d1f	1	REJECT_CLEAN	0	VERIFY FAIL — replay diverged from the receipt		1	REJECT_CLEAN	0	VERIFY FAIL — strict: no newline after the last line (exactly one is required)		qemu_calc/RECEIPT.TXT; swap0/5; del[459:478]
F-01931	2ada5e0b4c2240b7a40c5dc75b33c2f93dc335072a02534164852ea3f4ed17ec	1	REJECT_CLEAN	0	VERIFY FAIL — malformed receipt: not valid UTF-8		1	REJECT_CLEAN	0	VERIFY FAIL — strict: byte 61: 0xe5 is not printable ASCII or LF		qemu_unknown_tool/RECEIPT.TXT; swap10/6; rep@61:0xe5
F-01932	a54e929a569875f02e9fea1244a53e17e998cb612fb62fd002b7d4758b98ef67	1	REJECT_CLEAN	0	VERIFY FAIL — replay diverged from the receipt		1	REJECT_CLEAN	0	VERIFY FAIL — strict: line 3: expected "embed <value>"		qemu_calc/RECEIPT2.TXT; dupline11; prompt-hex<-hex('\x90͗\ue006'..3ch)
F-01933	f77c0f18c97e33001014079c3a92aad88b1ad85362780f5b601b0465fc6c1ab0	0	ACCEPT	0	VERIFY PASS — replay reproduced 25 tokens, the token digest, and the full logit chain bit-for-bit		1	REJECT_CLEAN	0	VERIFY FAIL — strict: line 1: header must be exactly "AEGIS-WITNESS v1-CIS"		qemu_abstain/RECEIPT.TXT; swap0/8
F-01934	b20792abade0e3b80105abe85ef6d7fafb9eee857a3affa9a669720a7f87f0c8	1	REJECT_CLEAN	0	FAIL artifact: EMBED hash mismatch (receipt aéé vs local 8cbcd6b69df03539)		1	REJECT_CLEAN	0	VERIFY FAIL — strict: byte 7: 0xc3 is not printable ASCII or LF		qemu_calc_words/RECEIPT.TXT; embed<-'aéé'; swap0/2
F-01935	a8831e7f70fa4a279625b5dc658240afb804eadbfca246cbea0e9370e00f330d	1	REJECT_CLEAN	0	VERIFY FAIL — receipt inputs cannot be replayed: prompt (1474) + max_new (9) exceeds max_position_embeddings (512)		1	REJECT_CLEAN	0	VERIFY FAIL — strict: byte 3343: 0x09 is not printable ASCII or LF		qemu_calc/RECEIPT2.TXT; ins@519:b'\t'; prompt-hex<-hex('k並ͨŊ乃̝ǋľ̫\ue007\ue003\x9f'..700ch)
F-01936	8cf8a15d6d098dfec4476d48d75d08b11f6ef45b0fcbf109c5ce3168c9842b60	1	REJECT_CLEAN	0	VERIFY FAIL — malformed receipt: not valid UTF-8		1	REJECT_CLEAN	0	VERIFY FAIL — strict: byte 241: 0x09 is not printable ASCII or LF		qemu_calc/RECEIPT2.TXT; ins@393:b'\n\n'; maxtok<-'\t'; rep@342:0x89
F-01937	1d6bdc972d4f29465425e61737fe5658642eaee41b0488ac12fd65ebc1c0bd88	1	REJECT_CLEAN	0	VERIFY FAIL — replay diverged from the receipt		1	REJECT_CLEAN	0	VERIFY FAIL — replay diverged from the receipt		qemu_receipt/RECEIPT.TXT; maxtok<-3; prompt-hex<-hex('\ue008'..1ch)
F-01938	fe8697cfbc0ea9b4729ea6565d348b2ed7fa58903cabeac02399b3da2dfadf3b	1	REJECT_CLEAN	0	VERIFY FAIL — malformed receipt: token id "99999999999999999999999999" is not an unsigned 32-bit integer		1	REJECT_CLEAN	0	VERIFY FAIL — strict: line 9 (token-ids): expected comma-separated canonical decimal u32 ids		qemu_self/RECEIPT.TXT; token-ids<-'999999999999'; prompt-hex<-hex('\x9c\ue008J且>\x0èD'..8ch); prompt-hex<-hex('ǃƊ😗\x03͙\x17ŮDUAƥ͢'..20ch)
F-01939	a77e79d3feae0ae05b7d28bfc325935165dc3c6ff58d260e73ab6a40f974f37b	1	REJECT_CLEAN	0	VERIFY FAIL — malformed receipt: token id "2168+" is not an unsigned 32-bit integer		1	REJECT_CLEAN	0	VERIFY FAIL — strict: line 9 (token-ids): expected comma-separated canonical decimal u32 ids		qemu_receipt/RECEIPT.TXT; ins@528:b'+'
F-01940	d8ee54c1702395cf00f2f8a293f6ffb00bb66484e12ddb4eb6bf3cacde514e45	1	REJECT_CLEAN	0	VERIFY FAIL — malformed receipt: not valid UTF-8		1	REJECT_CLEAN	0	VERIFY FAIL — strict: byte 65: 0xc3 is not printable ASCII or LF		qemu_abstain/RECEIPT.TXT; trunc@95; ins@65:b'\xc3'
F-01941	4a1d98ef303f6877104c32eb02a308a3f88f0f785203fc448528ce7efb0990ec	1	REJECT_CLEAN	0	VERIFY FAIL — malformed receipt: not valid UTF-8		1	REJECT_CLEAN	0	VERIFY FAIL — strict: byte 550: 0xd5 is not printable ASCII or LF		qemu_unknown_tool/RECEIPT.TXT; model<-'xxxxxxxxxxxx'; rep@550:0xd5
F-01942	3560923e30f63ece66d2b2d11a16f52203aedeaa9b7664c742971bb603541ba4	1	REJECT_CLEAN	0	VERIFY FAIL — replay diverged from the receipt		1	REJECT_CLEAN	0	VERIFY FAIL — replay diverged from the receipt		qemu_self/RECEIPT.TXT; prompt-hex<-hex('̴\rƋ\x8c😜\ue003\x9c͑"主Z\x8c'..60ch)
F-01943	3b521508fc8701ebff0eb1005b4a7be595e54b771d48605b09005d40fa01285f	1	REJECT_CLEAN	0	VERIFY FAIL — replay diverged from the receipt		1	REJECT_CLEAN	0	VERIFY FAIL — strict: line 3: unknown key "AEGIS-WITNESS", canonical order expects "embed"		qemu_everyday/RECEIPT.TXT; trunc@327; dupline0
F-01944	a7b55ac250e03543e61ccef80fe8f85b83e4ebcb16952f1fcc399e2aeeb34101	1	REJECT_CLEAN	0	FAIL artifact: VOCAB hash mismatch (receipt a4ca05c51bfc42eb vs local a4cafc9649488987)		1	REJECT_CLEAN	0	VERIFY FAIL — strict: line 1: header must be exactly "AEGIS-WITNESS v1-CIS"		qemu_calc/RECEIPT.TXT; swap8/0; del[198:232]
F-01945	dfd70c1f5e82fef26f1f3a350ace43674882d4b1136045161cabc676531cbc76	1	REJECT_CLEAN	0	VERIFY FAIL — receipt inputs cannot be replayed: prompt (19) + max_new (18446744073709551615) exceeds max_position_embeddings (512)		1	REJECT_CLEAN	0	VERIFY FAIL — strict: line 10 (cis-digest): expected 16 lower-case hex digits		qemu_receipt/RECEIPT.TXT; maxtok<-18446744073709551615; cis-digest<-'zz'
F-01946	398d8369c38d47b8ea5710d26f8d2acda89b7f85e432c488d243156ce0daf0b3	1	REJECT_CLEAN	0	VERIFY FAIL — malformed receipt: maxtok is not an unsigned integer		1	REJECT_CLEAN	0	VERIFY FAIL — strict: line 5 (maxtok): expected a decimal integer without sign or leading zeros		qemu_calc/RECEIPT.TXT; maxtok<-18446744073709551616; prompt-hex<-hex(';😖\ue00f̈́丼\x08中丰\ue00a\\1\ue00d'..60ch)
F-01947	028895dc846b6e0f572573c2565b391892d47118decf7bbc2431be325421c1f4	1	REJECT_CLEAN	0	FAIL artifact: VOCAB hash mismatch (receipt  vs local a4cafc9649488987)		1	REJECT_CLEAN	0	VERIFY FAIL — strict: byte 305: 0x0e is not printable ASCII or LF		qemu_abstain/RECEIPT.TXT; dupline4; del[160:187]; rep@305:0x0e
F-01948	54463f081cd17e5eff65884a101c06154c111819efe21ef3a6b4c4ae4d261890	0	ACCEPT	0	VERIFY PASS — replay reproduced 7 tokens, the token digest, and the full logit chain bit-for-bit		1	REJECT_CLEAN	0	VERIFY FAIL — strict: byte 384: 0x1e is not printable ASCII or LF		qemu_calc_words/RECEIPT2.TXT; rep@384:0x1e
F-01949	24d5eeb51d57ca2267c3c3a023d2c2025a7bd261582ad60562c7125d03254ee8	1	REJECT_CLEAN	0	VERIFY FAIL — malformed receipt: token id "1\u{202e}2" is not an unsigned 32-bit integer		1	REJECT_CLEAN	0	VERIFY FAIL — strict: byte 477: 0xe2 is not printable ASCII or LF		qemu_unknown_tool/RECEIPT.TXT; dupline0; ins@477:b'\xe2\x80\xae'
F-01950	da07cfcf01d96d52c3a03c3f1266b6d1eeba8bd32ba9df925ac9677d314cb808	1	REJECT_CLEAN	0	VERIFY FAIL — malformed receipt: not valid UTF-8		1	REJECT_CLEAN	0	VERIFY FAIL — strict: byte 636: 0xac is not printable ASCII or LF		qemu_self/RECEIPT.TXT; rep@401:0x64; dupline8; rep@636:0xac
F-01951	4ab472a4ba7d10d96623a0535433f6398b67608dd798458f1d9e07f1ebc41339	1	REJECT_CLEAN	0	VERIFY FAIL — malformed receipt: not valid UTF-8		1	REJECT_CLEAN	0	VERIFY FAIL — strict: byte 223: 0xb2 is not printable ASCII or LF		qemu_calc_words/RECEIPT.TXT; rep@223:0xb2; prompt-hex<-hex('\x98p\x91为😔\ue007͇\x0e\x82\x13*#'..200ch)
F-01952	a069b42868864ddba67125dc1ddd1bea95e7625dfc557d6b70d7a21d7cdd7998	1	REJECT_CLEAN	0	FAIL artifact: EMBED hash mismatch (receipt zz vs local 8cbcd6b69df03539)		1	REJECT_CLEAN	0	VERIFY FAIL — strict: no newline after the last line (exactly one is required)		qemu_self/RECEIPT.TXT; trunc@559; del[483:517]; embed<-'zz'
F-01953	c9073896debfd62d344ea7be24768ff84128413ec82d9b6627b9f08f0c8df5ac	0	ACCEPT	0	VERIFY PASS — replay reproduced 30 tokens, the token digest, and the full logit chain bit-for-bit		1	REJECT_CLEAN	0	VERIFY FAIL — strict: line 4: key out of order "cis-digest", canonical order expects "vocab"		qemu_self/RECEIPT.TXT; swap3/9
F-01954	3c37ee3d4b4c5a6a845b09394a6534ea2065f6e9f3c37b654029c326f8578bd6	1	REJECT_CLEAN	0	FAIL artifact: VOCAB hash mismatch (receipt a4cafc9649488987 vs local a4cafc9649488987)		1	REJECT_CLEAN	0	VERIFY FAIL — strict: byte 193: 0x09 is not printable ASCII or LF		qemu_self/RECEIPT.TXT; ins@193:b'\t'; del[556:577]
F-01955	12696e8ca11f9ce22f0a7e977c396e23e6ad34d66dc744d9e98289e0ba6a37ab	1	REJECT_CLEAN	0	FAIL artifact: MODEL hash mismatch (receipt ffffffffffffffff vs local a44e48965c641b81)		1	REJECT_CLEAN	0	VERIFY FAIL — strict: line 9: key out of order "chain", canonical order expects "token-ids"		qemu_calc/RECEIPT.TXT; model<-'ffffffffffff'; swap8/10; dupline8
F-01956	d1003ea9f8dc5b52d0f2c2cda797403f9f6db668bcd82c3dd9a296c8441c9277	0	ACCEPT	0	VERIFY PASS — replay reproduced 9 tokens, the token digest, and the full logit chain bit-for-bit		1	REJECT_CLEAN	0	VERIFY FAIL — strict: line 4: key out of order "chain", canonical order expects "vocab"		qemu_calc/RECEIPT.TXT; dupline7; dupline10
F-01957	67818d3c752c626af0d8a8f91708eee5ed2b4c385a44ac116874311617194995	1	REJECT_CLEAN	0	FAIL artifact: MODEL hash mismatch (receipt a44e48965c641b81 vs local a44e48965c641b81)		1	REJECT_CLEAN	0	VERIFY FAIL — strict: byte 63: 0x06 is not printable ASCII or LF		qemu_everyday/RECEIPT.TXT; rep@63:0x06; prompt-hex<-hex('¤J\ue004?n\x8b\x06😏̥乎[\x8d'..700ch)
F-01958	a8bc68540bf537335b5ccc80038008aebd48d8c6ac89377b4aee57306116e593	0	ACCEPT	0	VERIFY PASS — replay reproduced 9 tokens, the token digest, and the full logit chain bit-for-bit		1	REJECT_CLEAN	0	VERIFY FAIL — strict: no newline after the last line (exactly one is required)		qemu_calc/RECEIPT.TXT; swap11/1
F-01959	de31376d5c96128e5fb52246e2e81209639006b627a95ad1ce349ebf2323701e	1	REJECT_CLEAN	0	VERIFY FAIL — replay diverged from the receipt		1	REJECT_CLEAN	0	VERIFY FAIL — strict: line 9 (token-ids): expected comma-separated canonical decimal u32 ids		qemu_receipt/RECEIPT.TXT; token-ids<-'000000000000'
F-01960	e3b0c44298fc1c149afbf4c8996fb92427ae41e4649b934ca495991b7852b855	1	REJECT_CLEAN	0	FAIL artifact: VOCAB hash mismatch (receipt  vs local a4cafc9649488987)		1	REJECT_CLEAN	0	VERIFY FAIL — strict: empty file		garbage:empty
F-01961	6ebf324a15336d2037c760c3d396c189ab9817c69dd134cde888f5c276233dc7	1	REJECT_CLEAN	0	VERIFY FAIL — malformed receipt: not valid UTF-8		1	REJECT_CLEAN	0	VERIFY FAIL — strict: byte 141: 0xb6 is not printable ASCII or LF		qemu_unknown_tool/RECEIPT.TXT; trunc@159; rep@141:0xb6; swap0/1
F-01962	96eddb8039406598d2b2b8ca32d38e8fc561cf1f189fc226f4f952c37d56d6a5	1	REJECT_CLEAN	0	VERIFY FAIL — replay diverged from the receipt		1	REJECT_CLEAN	0	VERIFY FAIL — strict: no newline after the last line (exactly one is required)		qemu_calc_words/RECEIPT.TXT; maxtok<-7; del[471:472]; swap6/3
F-01963	f9855a6d574d97677426930b947f2528a37763350987bbd4529a52ae5792c365	1	REJECT_CLEAN	0	VERIFY FAIL — replay diverged from the receipt		1	REJECT_CLEAN	0	VERIFY FAIL — strict: line 9: unknown key "token-i", canonical order expects "token-ids"		qemu_calc_words/RECEIPT2.TXT; del[410:450]
F-01964	cc03de578ede45e85b50d78b8f314c97a38939e461b3baed93e982fcf88bc833	1	REJECT_CLEAN	0	FAIL artifact: EMBED hash mismatch (receipt 8cbcd6b69df0353 vs local 8cbcd6b69df03539)		1	REJECT_CLEAN	0	VERIFY FAIL — strict: byte 113: carriage return (CRLF line endings are not canonical)		qemu_calc_words/RECEIPT.TXT; maxtok<-100; ins@113:b'\r\n'
F-01965	b08e1ecac3e2a09484f1d52b5a35c436fa8f3549864170e3e1f661a560aadffd	0	ACCEPT	0	VERIFY PASS — replay reproduced 7 tokens, the token digest, and the full logit chain bit-for-bit		1	REJECT_CLEAN	0	VERIFY FAIL — strict: line 7 (prompt-toks): expected a decimal integer without sign or leading zeros		qemu_lookup/RECEIPT.TXT; prompt-toks<-'000000000000'
F-01966	4ce8f82851d665b87ff614f3e94704fa7b0f05cfe15ffbfe4b6ab3c91ba861f4	0	ACCEPT	0	VERIFY PASS — replay reproduced 50 tokens, the token digest, and the full logit chain bit-for-bit		1	REJECT_CLEAN	0	VERIFY FAIL — strict: no newline after the last line (exactly one is required)		qemu_receipt/RECEIPT.TXT; dupline0
F-01967	ae5e45e20a6b597feea2307d868c43d7affc8f589a3a6079ad7bb1773e3b7bea	1	REJECT_CLEAN	0	VERIFY FAIL — replay diverged from the receipt		1	REJECT_CLEAN	0	VERIFY FAIL — replay diverged from the receipt		qemu_receipt/RECEIPT.TXT; prompt-hex<-hex('\x80下'..2ch)
F-01968	c2803d8ab9b2f314100c8acae47e11b772b2005e1386e54166536f12bc3b1fbb	1	REJECT_CLEAN	0	VERIFY FAIL — replay diverged from the receipt		1	REJECT_CLEAN	0	VERIFY FAIL — strict: line 6 (prompt-hex): expected non-empty lower-case hex of even length		qemu_unknown_tool/RECEIPT.TXT; prompt-hex<-'-1'
F-01969	d69eb0a09d30aa412b114d1eb1c6f63a00ae2fef9b78df0a8a9162078401d77a	1	REJECT_CLEAN	0	FAIL artifact: VOCAB hash mismatch (receipt  vs local a4cafc9649488987)		1	REJECT_CLEAN	0	VERIFY FAIL — strict: no newline after the last line (exactly one is required)		qemu_everyday/RECEIPT.TXT; trunc@83; del[62:68]
F-01970	865c28e2be87ca532ad36f29a40863be42ecefd0e99a062fc6db00b6098ce28c	1	REJECT_CLEAN	0	VERIFY FAIL — replay diverged from the receipt		1	REJECT_CLEAN	0	VERIFY FAIL — strict: line 11 (chain): expected 64 lower-case hex digits		qemu_calc/RECEIPT.TXT; prompt-hex<-hex(',̛\ue00f'..3ch); rep@418:0x4c
F-01971	d0dc3f29df4554330053b722180468af1e7a47b7c6368944caadc73da5efb1b8	1	REJECT_CLEAN	0	FAIL artifact: EMBED hash mismatch (receipt  vs local 8cbcd6b69df03539)		1	REJECT_CLEAN	0	VERIFY FAIL — strict: line 1: header must be exactly "AEGIS-WITNESS v1-CIS"		qemu_unknown_tool/RECEIPT.TXT; swap4/1; swap0/1; embed<-''
F-01972	b6aee7119630e598cdd8ef54639acc4ceda49fd84de89529937ad07352485b05	1	REJECT_CLEAN	0	VERIFY FAIL — malformed receipt: not valid UTF-8		1	REJECT_CLEAN	0	VERIFY FAIL — strict: byte 9: 0x9c is not printable ASCII or LF		qemu_self/RECEIPT.TXT; swap5/9; rep@9:0x9c
F-01973	70eeac04e5f55f7d6a6570c87930ff0a4d5a3a692859c7b4c77a06ff28b4b810	1	REJECT_CLEAN	0	VERIFY FAIL — replay diverged from the receipt		1	REJECT_CLEAN	0	VERIFY FAIL — replay diverged from the receipt		qemu_receipt/RECEIPT.TXT; prompt-hex<-hex('中̞f'..3ch)
F-01974	b3ac936b1d3140b372827fa799284a268ee50fd6a4f7b8d66d334d6dadc486a3	1	REJECT_CLEAN	0	FAIL artifact: VOCAB hash mismatch (receipt  vs local a4cafc9649488987)		1	REJECT_CLEAN	0	VERIFY FAIL — strict: no newline after the last line (exactly one is required)		qemu_unknown_tool/RECEIPT.TXT; prompt-hex<-hex('万\x80Æ\\\\'..5ch); maxtok<-513; trunc@19
F-01975	6643d5bf3358be58e715fde3ef68e587f30d600609c5dfe8f49d6122964e25d1	1	REJECT_CLEAN	0	VERIFY FAIL — receipt inputs cannot be replayed: prompt (1472) + max_new (35) exceeds max_position_embeddings (512)		1	REJECT_CLEAN	0	VERIFY FAIL — strict: line 12: unexpected extra line "embed" (a receipt has exactly 11 lines)		qemu_unknown_tool/RECEIPT.TXT; prompt-hex<-hex('\x85\x92o\x9d+\x91\x01Ƴ\ue002😓Ț😋'..700ch); dupline2
F-01976	312bce643cf6952d1bd3baaacbaa9bc7efd00c2ed2c3895360f177c5c6d22989	1	REJECT_CLEAN	0	FAIL artifact: VOCAB hash mismatch (receipt  vs local a4cafc9649488987)		1	REJECT_CLEAN	0	VERIFY FAIL — strict: no newline after the last line (exactly one is required)		qemu_calc_words/RECEIPT.TXT; ins@157:b'g'; prompt-hex<-hex('̓'..1ch); trunc@7
F-01977	9d04a3fcda8147849fa57cd362583cac6e0e49a04193ff5e4c27844fe8ea573c	1	REJECT_CLEAN	0	FAIL artifact: EMBED hash mismatch (receipt  vs local 8cbcd6b69df03539)		1	REJECT_CLEAN	0	VERIFY FAIL — strict: line 2 (model): expected 64 lower-case hex digits		qemu_abstain/RECEIPT.TXT; swap5/10; del[87:123]; gen-toks<-'0'
F-01978	23849a06f247b4da374124659b5dab669ae9c8faa1764b769f4939ea40d4e5b9	1	REJECT_CLEAN	0	VERIFY FAIL — replay diverged from the receipt		1	REJECT_CLEAN	0	VERIFY FAIL — replay diverged from the receipt		qemu_calc_words/RECEIPT.TXT; prompt-hex<-hex('ũ\x0b\ue001\x12😆Z\x9aZ'..8ch)
F-01979	c559bcb36285478630dcce188a44d2d2f263481a9997591776d0ebc8853b908b	1	REJECT_CLEAN	0	FAIL artifact: VOCAB hash mismatch (receipt  vs local a4cafc9649488987)		1	REJECT_CLEAN	0	VERIFY FAIL — strict: no newline after the last line (exactly one is required)		qemu_lookup/RECEIPT.TXT; prompt-hex<-hex('\x12\x98'..2ch); trunc@162
F-01980	e2cf47e8760266d3c2b7030a41f377dc390e7262b5e252b3d00fb0725b5a786e	1	REJECT_CLEAN	0	VERIFY FAIL — malformed receipt: maxtok is not an unsigned integer		1	REJECT_CLEAN	0	VERIFY FAIL — strict: byte 241: 0xc3 is not printable ASCII or LF		qemu_calc_words/RECEIPT2.TXT; maxtok<-'é'
F-01981	956d9c9db20d469f22ed7725fba6d48f253705876bc0151e5ec027b441c0a895	1	REJECT_CLEAN	0	VERIFY FAIL — receipt inputs cannot be replayed: prompt tokenized to nothing		1	REJECT_CLEAN	0	VERIFY FAIL — strict: no newline after the last line (exactly one is required)		qemu_lookup/RECEIPT2.TXT; rep@611:0xb5; dupline4; trunc@238
F-01982	2a54ec7ddca8d850e87770bd7b60a5e4d8ae919f2c958ab336dc16b7afded537	1	REJECT_CLEAN	0	FAIL artifact: MODEL hash mismatch (receipt 1 2 vs local a44e48965c641b81)		1	REJECT_CLEAN	0	VERIFY FAIL — strict: line 2 (model): expected 64 lower-case hex digits		qemu_calc/RECEIPT2.TXT; prompt-hex<-hex('\x8a乍'..2ch); model<-'1 2'
F-01983	054643ed2520036bc0881dc4028726f0118411d26db805ace14b285930394eae	1	REJECT_CLEAN	0	VERIFY FAIL — malformed receipt: not valid UTF-8		1	REJECT_CLEAN	0	VERIFY FAIL — strict: byte 433: 0xff is not printable ASCII or LF		qemu_everyday/RECEIPT.TXT; ins@433:b'\xff'
F-01984	e447ffd726cc99df16f8c239030a654673ca9bf9d7146f00a7acb0ce9d9169f1	1	REJECT_CLEAN	0	FAIL artifact: VOCAB hash mismatch (receipt  vs local a4cafc9649488987)		1	REJECT_CLEAN	0	VERIFY FAIL — strict: no newline after the last line (exactly one is required)		qemu_calc_words/RECEIPT2.TXT; gen-toks<-'\t'; trunc@15
F-01985	4885839c5ddc8a438c9ac20e9ebd247c2d8aa178cefc21d55f1130aef269a2b9	1	REJECT_CLEAN	0	VERIFY FAIL — replay diverged from the receipt		1	REJECT_CLEAN	0	VERIFY FAIL — strict: line 6 (prompt-hex): expected non-empty lower-case hex of even length		qemu_lookup/RECEIPT2.TXT; dupline0; prompt-hex<-',,'
F-01986	b639237b9c2dca675b768bcac24092a838e564703f4b8cdfc424ee4d39fb2514	1	REJECT_CLEAN	0	FAIL artifact: VOCAB hash mismatch (receipt zz vs local a4cafc9649488987)		1	REJECT_CLEAN	0	VERIFY FAIL — strict: line 4 (vocab): expected 64 lower-case hex digits		qemu_calc_words/RECEIPT.TXT; vocab<-'zz'; maxtok<-0; maxtok<-500
F-01987	0a6a07cf6710e6caa643d71a9e6b81f4377b533853ced1b3c14f5a68731efea8	1	REJECT_CLEAN	0	VERIFY FAIL — malformed receipt: token id "7F49" is not an unsigned 32-bit integer		1	REJECT_CLEAN	0	VERIFY FAIL — strict: line 4: key out of order "prompt-hex", canonical order expects "vocab"		qemu_lookup/RECEIPT2.TXT; rep@525:0x46; swap3/5
F-01988	6c56edc735e622e85534bccf2abe8c0093a48d8ffd1ba2e6d0758c73b6067b01	1	REJECT_CLEAN	0	FAIL artifact: VOCAB hash mismatch (receipt 0 vs local a4cafc9649488987)		1	REJECT_CLEAN	0	VERIFY FAIL — strict: line 4 (vocab): expected 64 lower-case hex digits		qemu_calc_words/RECEIPT2.TXT; vocab<-'0'; ins@455:b' '
F-01989	abc41fca45c3de601fa45eed3018303884e627a54cf8d39bd358f657cbc72211	1	REJECT_CLEAN	0	FAIL artifact: VOCAB hash mismatch (receipt a4cafc9649488987 vs local a4cafc9649488987)		1	REJECT_CLEAN	0	VERIFY FAIL — strict: line 1: header must be exactly "AEGIS-WITNESS v1-CIS"		qemu_everyday/RECEIPT.TXT; swap8/5; del[192:211]; AEGIS-WITNESS<-'184467440737'
F-01990	e46efc7755ac9a8053e9347ed0648b24f65c43c5fe172b0474fadb13ced90672	0	ACCEPT	0	VERIFY PASS — replay reproduced 30 tokens, the token digest, and the full logit chain bit-for-bit		1	REJECT_CLEAN	0	VERIFY FAIL — strict: line 9: duplicate key "prompt-toks", canonical order expects "token-ids"		qemu_self/RECEIPT.TXT; dupline6
F-01991	5dfabd2281424f064dc71bc48e7250208edac4effe3c37a92e969d7d49e322f3	1	REJECT_CLEAN	0	VERIFY FAIL — malformed receipt: token id "\0" is not an unsigned 32-bit integer		1	REJECT_CLEAN	0	VERIFY FAIL — strict: byte 1136: 0x00 is not printable ASCII or LF		qemu_unknown_tool/RECEIPT.TXT; prompt-hex<-hex("5;串\\͢\x19ͥƳ'x丨d"..700ch); prompt-hex<-hex('\x89😓丫.͔Ǟ\x92丛"l\ue00f丧'..200ch); token-ids<-'\x00'
F-01992	09a4f20e782fd7b9cce78f804e24250591e2f722a735154199a08b458345cc52	1	REJECT_CLEAN	0	VERIFY FAIL — replay diverged from the receipt		1	REJECT_CLEAN	0	VERIFY FAIL — replay diverged from the receipt		qemu_calc/RECEIPT2.TXT; prompt-hex<-hex('Ċ'..1ch)
F-01993	e134b968f45470ad1a0a80ec9f6bc05fb604f2e2f7c2408a01803cef651d9197	1	REJECT_CLEAN	0	VERIFY FAIL — malformed receipt: prompt-hex does not decode to UTF-8 text		1	REJECT_CLEAN	0	VERIFY FAIL — strict: byte 3271: 0x00 is not printable ASCII or LF		qemu_calc/RECEIPT.TXT; prompt-hex<-hex('\x8e&\x07̦\x91\x17\x93\x16😗😆GƂ'..700ch); cis-digest<-'\x00'; ins@2629:b','
F-01994	1e7f251135eba88de8fa2dc8a49e11fb3991104cdbd23e72460015081e9eb1a1	1	REJECT_CLEAN	0	FAIL artifact: VOCAB hash mismatch (receipt  vs local a4cafc9649488987)		1	REJECT_CLEAN	0	VERIFY FAIL — strict: no newline after the last line (exactly one is required)		qemu_calc/RECEIPT.TXT; trunc@91; ins@29:b'\n\n'
F-01995	c0a89238b3e5fb903d8774311695726ce98087a82aaaad548351ee3c72ea1181	1	REJECT_CLEAN	0	VERIFY FAIL — replay diverged from the receipt		1	REJECT_CLEAN	0	VERIFY FAIL — strict: line 1: header must be exactly "AEGIS-WITNESS v1-CIS"		qemu_lookup/RECEIPT.TXT; AEGIS-WITNESS<-',,'; prompt-hex<-hex('\x16_̽4\ue009\ue007\ue005̷\ue004\x11̺!'..200ch)
F-01996	5bf054e10f0c18f663916deeba4d2cd336309a0fb43564e9438e0d8601c0c5fa	1	REJECT_CLEAN	0	FAIL artifact: VOCAB hash mismatch (receipt a4cafc9649488987 vs local a4cafc9649488987)		1	REJECT_CLEAN	0	VERIFY FAIL — strict: line 4 (vocab): expected 64 lower-case hex digits		qemu_lookup/RECEIPT2.TXT; del[209:218]; prompt-hex<-hex('\x99ñ\x97临\x11丗😆0'..8ch)
F-01997	1dd43676e85026abf76d60405fd7221b3bdaa5befe87b61a9fe2302d7ce007a0	0	ACCEPT	0	VERIFY PASS — replay reproduced 9 tokens, the token digest, and the full logit chain bit-for-bit		1	REJECT_CLEAN	0	VERIFY FAIL — strict: line 8: duplicate key "maxtok", canonical order expects "gen-toks"		qemu_calc/RECEIPT.TXT; dupline4
F-01998	f04909b3f8bc0f43c191dec6755bf9c279ac982e25a18934a56dd64448c25229	1	REJECT_CLEAN	0	VERIFY FAIL — malformed receipt: not valid UTF-8		1	REJECT_CLEAN	0	VERIFY FAIL — strict: byte 226: 0xd4 is not printable ASCII or LF		qemu_everyday/RECEIPT.TXT; rep@226:0xd4
F-01999	20b2d584a4be48162435dba9bbaae53b074de5d75eacd86ccd922f9bdf61c622	1	REJECT_CLEAN	0	VERIFY FAIL — replay diverged from the receipt		1	REJECT_CLEAN	0	VERIFY FAIL — strict: no newline after the last line (exactly one is required)		qemu_lookup/RECEIPT2.TXT; swap11/6; prompt-hex<-hex('^o'..2ch); prompt-hex<-hex('a丸😁'..3ch)
F-02000	5129df19faf1c25f00bdb4a80e3e5a3aad238af4a499b6ab93f650c7db77b715	1	REJECT_CLEAN	0	FAIL artifact: VOCAB hash mismatch (receipt  vs local a4cafc9649488987)		1	REJECT_CLEAN	0	VERIFY FAIL — strict: blank line at the end (exactly one trailing newline is required)		garbage:newlines
F-02001	3a08020656ac8b744a0ecefee82d7f5132f434c10b290534c5042e3109204515	1	REJECT_CLEAN	0	FAIL artifact: MODEL hash mismatch (receipt zz vs local a44e48965c641b81)		1	REJECT_CLEAN	0	VERIFY FAIL — strict: line 2 (model): expected 64 lower-case hex digits		qemu_everyday/RECEIPT.TXT; model<-'zz'
F-02002	da227f2c82ede8ab1e81169c92f2f3ff09ca4634ca8cdcea25f25eb1e4ee2cb0	1	REJECT_CLEAN	0	FAIL artifact: VOCAB hash mismatch (receipt a4cafc9649488987 vs local a4cafc9649488987)		1	REJECT_CLEAN	0	VERIFY FAIL — strict: no newline after the last line (exactly one is required)		qemu_self/RECEIPT.TXT; trunc@203
F-02003	50cebfcecfaf87dc42cc4bed00a003538469b97a48e973522a4e3850c4429f02	1	REJECT_CLEAN	0	VERIFY FAIL — malformed receipt: maxtok is not an unsigned integer		1	REJECT_CLEAN	0	VERIFY FAIL — strict: line 2: key out of order "embed", canonical order expects "model"		qemu_unknown_tool/RECEIPT.TXT; maxtok<-'1 2'; swap1/2
F-02004	c07f33dac59ef9c0d945774db1f6068f1bee29d3d910fb6947a979219db9a698	1	REJECT_CLEAN	0	VERIFY FAIL — replay diverged from the receipt		1	REJECT_CLEAN	0	VERIFY FAIL — replay diverged from the receipt		qemu_unknown_tool/RECEIPT.TXT; prompt-hex<-hex('\ue00dU\x0fɀK\t举\x01ǲ专\ue010\x94'..60ch)
F-02005	c3c1f5e85c5aaa8c7b51150c29fec4757b65ee6dcf9abbd7a3717b3257327525	1	REJECT_CLEAN	0	VERIFY FAIL — replay diverged from the receipt		1	REJECT_CLEAN	0	VERIFY FAIL — strict: line 8 (gen-toks): expected a decimal integer without sign or leading zeros		qemu_unknown_tool/RECEIPT.TXT; gen-toks<-'1,2,'; rep@489:0x73
F-02006	6c449a2f0ad2a1b78dcc3df924ebeb9f6276346e67017da6f023a492236e4a29	1	REJECT_CLEAN	0	VERIFY FAIL — replay diverged from the receipt		1	REJECT_CLEAN	0	VERIFY FAIL — replay diverged from the receipt		qemu_everyday/RECEIPT.TXT; prompt-hex<-hex('😑为ȇ\x06\ue010Ġͨ乌ģ丽\x00'..60ch)
F-02007	286b32e0ee3e7768619f9391aebcaeeab01c81250c5106a379aa718aff67542a	1	REJECT_CLEAN	0	FAIL artifact: VOCAB hash mismatch (receipt  vs local a4cafc9649488987)		1	REJECT_CLEAN	0	VERIFY FAIL — strict: no newline after the last line (exactly one is required)		qemu_lookup/RECEIPT2.TXT; rep@583:0xec; trunc@114
F-02008	b9358f7567652c823b5136d2371e76f69e7f6243f0a131ff92482bcb2a1c2215	0	ACCEPT	0	VERIFY PASS — replay reproduced 50 tokens, the token digest, and the full logit chain bit-for-bit		1	REJECT_CLEAN	0	VERIFY FAIL — strict: line 7 (prompt-toks): expected a decimal integer without sign or leading zeros		qemu_receipt/RECEIPT.TXT; prompt-toks<-'999999999999'
F-02009	5670d2f007c24d8a13c76002cc5c005c0fbd51255203ef47253951813098e2fd	1	REJECT_CLEAN	0	VERIFY FAIL — replay diverged from the receipt		1	REJECT_CLEAN	0	VERIFY FAIL — strict: line 2: key out of order "prompt-hex", canonical order expects "model"		qemu_lookup/RECEIPT.TXT; swap1/5; ins@334:b'\n\n'; dupline8
F-02010	72e65b9a0e5649594c133ba1b4966eb91e9152afccb7e157a1753d818de81084	0	ACCEPT	0	VERIFY PASS — replay reproduced 3 tokens, the token digest, and the full logit chain bit-for-bit		1	REJECT_CLEAN	0	VERIFY FAIL — strict: line 2: key out of order "cis-digest", canonical order expects "model"		qemu_everyday/RECEIPT.TXT; swap1/9
F-02011	990a9b325bafdce37142ce0a895de4095c2c53c9452d9a4d62f4142bdb324719	1	REJECT_CLEAN	0	VERIFY FAIL — replay diverged from the receipt		1	REJECT_CLEAN	0	VERIFY FAIL — strict: line 1: header must be exactly "AEGIS-WITNESS v1-CIS"		qemu_abstain/RECEIPT.TXT; prompt-hex<-hex('\ue00aB\ue009\x1ai\ue00a😓\x95Ȝ̑\x9c̖'..60ch); AEGIS-WITNESS<-'+1'
F-02012	76574ba04c9e2bf662a5ab1e370f6fca05a66df2a9df9be695ddb76cdc768da6	0	ACCEPT	0	VERIFY PASS — replay reproduced 23 tokens, the token digest, and the full logit chain bit-for-bit		1	REJECT_CLEAN	0	VERIFY FAIL — strict: line 4: key out of order "maxtok", canonical order expects "vocab"		qemu_lookup/RECEIPT2.TXT; swap4/3
F-02013	0643f6ede37bec8727d8a48078f52ba11f6fe04192add0cbaa684b9b769007a2	1	REJECT_CLEAN	0	VERIFY FAIL — malformed receipt: not valid UTF-8		1	REJECT_CLEAN	0	VERIFY FAIL — strict: byte 382: 0xce is not printable ASCII or LF		qemu_everyday/RECEIPT.TXT; rep@382:0xce
F-02014	219fe5b16f2564cff1fa1efab04c2a95099dcc1ad65bf13b480e76aaa639fa45	0	ACCEPT	0	VERIFY PASS — replay reproduced 35 tokens, the token digest, and the full logit chain bit-for-bit		1	REJECT_CLEAN	0	VERIFY FAIL — strict: line 2: key out of order "vocab", canonical order expects "model"		qemu_unknown_tool/RECEIPT.TXT; dupline3; dupline0
F-02015	37ace400a575358fe329f7ca47e880d3e22ab9061f72bfa41c1a8d90de9b4f01	1	REJECT_CLEAN	0	VERIFY FAIL — replay diverged from the receipt		1	REJECT_CLEAN	0	VERIFY FAIL — strict: line 8 (gen-toks): expected a decimal integer without sign or leading zeros		qemu_abstain/RECEIPT.TXT; gen-toks<-'1,,2'; maxtok<-3
F-02016	93738f030a8b38aba74b616fe83d5d0416b89d1231fbbe740d4c5d381b9eaea2	1	REJECT_CLEAN	0	FAIL artifact: VOCAB hash mismatch (receipt FF vs local a4cafc9649488987)		1	REJECT_CLEAN	0	VERIFY FAIL — strict: line 4 (vocab): expected 64 lower-case hex digits		qemu_lookup/RECEIPT2.TXT; vocab<-'FF'
F-02017	f12d532106dc2deee58cf65969097ff0abe6e032f61e3b9ea17bc12cdb03f8ee	1	REJECT_CLEAN	0	FAIL artifact: MODEL hash mismatch (receipt a4481994a670001c vs local a44e48965c641b81)		1	REJECT_CLEAN	0	VERIFY FAIL — strict: line 2 (model): expected 64 lower-case hex digits		qemu_abstain/RECEIPT.TXT; del[30:41]; prompt-hex<-hex('gp\ue00c(\x13̻😎\x02'..8ch); prompt-hex<-hex('#\x9bẸ\ue00f\x96\x8f6nÔx\x02'..200ch)
F-02018	71da24d7ea0cace324eaccee07545e5fe570339becdd8ddf7ee9d9d2a74d3c08	1	REJECT_CLEAN	0	FAIL artifact: MODEL hash mismatch (receipt a44e48965c641b81 vs local a44e48965c641b81)		1	REJECT_CLEAN	0	VERIFY FAIL — strict: line 2 (model): expected 64 lower-case hex digits		qemu_self/RECEIPT.TXT; swap5/6; del[280:320]; rep@71:0x45
F-02019	930b46f3ee85c1c0d9571c826627471965a58c8842c0baf87ca430e737ca52fe	1	REJECT_CLEAN	0	FAIL artifact: VOCAB hash mismatch (receipt + vs local a4cafc9649488987)		1	REJECT_CLEAN	0	VERIFY FAIL — strict: line 4 (vocab): expected 64 lower-case hex digits		qemu_lookup/RECEIPT2.TXT; swap6/4; prompt-hex<-hex('😀ȕ̶\x90͓个乁D\x00\x96Ć\r'..700ch); vocab<-'+'
F-02020	a7466d91716ec7b7669994cc61434bdf7f8aeb7c74b47fb3ec94079f6b1c39e6	1	REJECT_CLEAN	0	FAIL artifact: VOCAB hash mismatch (receipt  vs local a4cafc9649488987)		1	REJECT_CLEAN	0	VERIFY FAIL — strict: no newline after the last line (exactly one is required)		qemu_unknown_tool/RECEIPT.TXT; trunc@18; ins@0:b'-'
F-02021	96dc07878b629c7aa3ebb85772ca2f55593f5298eeb164348dcd936236c1bee5	1	REJECT_CLEAN	0	VERIFY FAIL — replay diverged from the receipt		1	REJECT_CLEAN	0	VERIFY FAIL — strict: no newline after the last line (exactly one is required)		qemu_calc_words/RECEIPT2.TXT; trunc@384
F-02022	f6b2b37fae199b028ea89662078fc118d97e78d50e5c85e0d86fda3f830dd1e7	0	ACCEPT	0	VERIFY PASS — replay reproduced 50 tokens, the token digest, and the full logit chain bit-for-bit		1	REJECT_CLEAN	0	VERIFY FAIL — strict: line 7: key out of order "gen-toks", canonical order expects "prompt-toks"		qemu_receipt/RECEIPT.TXT; swap7/6
F-02023	6e9baf8960d00062e5e37f1be4602492d9bd7f548fc1a4bbfea2431a62bed4ab	1	REJECT_CLEAN	0	VERIFY FAIL — replay diverged from the receipt		1	REJECT_CLEAN	0	VERIFY FAIL — strict: line 1: header must be exactly "AEGIS-WITNESS v1-CIS"		qemu_receipt/RECEIPT.TXT; rep@297:0x9c; prompt-hex<-hex('̄'..1ch); swap0/2
F-02024	7735120211386080f89a50ac59efd5afcdc02c94af220cf8e7e8304333d90753	1	REJECT_CLEAN	0	VERIFY FAIL — replay diverged from the receipt		1	REJECT_CLEAN	0	VERIFY FAIL — strict: line 1: header must be exactly "AEGIS-WITNESS v1-CIS"		qemu_calc/RECEIPT.TXT; swap3/0; del[395:398]; prompt-hex<-hex('7'..1ch)
F-02025	fcc1e45bdb70b453cc068284a494d8e1d9eb397e70644118cc9fb7810f01b6c8	1	REJECT_CLEAN	0	FAIL artifact: VOCAB hash mismatch (receipt  vs local a4cafc9649488987)		1	REJECT_CLEAN	0	VERIFY FAIL — strict: no newline after the last line (exactly one is required)		qemu_abstain/RECEIPT.TXT; swap3/5; trunc@6
F-02026	250dd861362b414a7acfaab3fa5bf7c63295333f4aff551d03251afa068edbc1	1	REJECT_CLEAN	0	FAIL artifact: VOCAB hash mismatch (receipt a4cafc9649488987 vs local a4cafc9649488987)		1	REJECT_CLEAN	0	VERIFY FAIL — strict: line 1: header must be exactly "AEGIS-WITNESS v1-CIS"		qemu_calc_words/RECEIPT.TXT; dupline10; ins@303:b'\n\n'; rep@7:0x5c
F-02027	bfefb6f664b5054d0fe41dce31852cd1abb44e7e17599a99431775e25a6008d7	1	REJECT_CLEAN	0	FAIL artifact: VOCAB hash mismatch (receipt a4cafc9649488987 vs local a4cafc9649488987)		1	REJECT_CLEAN	0	VERIFY FAIL — strict: line 4 (vocab): expected 64 lower-case hex digits		qemu_lookup/RECEIPT2.TXT; rep@222:0x7d
F-02028	91d079fd85eb510e22584d2aa697991288a83d8ad9f7d986cb58aeff68bb0d41	1	REJECT_CLEAN	0	VERIFY FAIL — malformed receipt: not valid UTF-8		1	REJECT_CLEAN	0	VERIFY FAIL — strict: byte 486: 0x8c is not printable ASCII or LF		qemu_abstain/RECEIPT.TXT; vocab<-'ff'; rep@486:0x8c; dupline6
F-02029	3f4b10fe7246d46e349180942b463a549d28fbf5d801be1ba0014fe8b5f3b845	1	REJECT_CLEAN	0	VERIFY FAIL — replay diverged from the receipt		1	REJECT_CLEAN	0	VERIFY FAIL — strict: line 10: expected "cis-digest <value>"		qemu_calc_words/RECEIPT.TXT; del[373:397]
F-02030	3bb1347706e2f491f5bbab966e452298d5f739075bcc5721355ad46373887a72	1	REJECT_CLEAN	0	VERIFY FAIL — receipt inputs cannot be replayed: prompt tokenized to nothing		1	REJECT_CLEAN	0	VERIFY FAIL — strict: no newline after the last line (exactly one is required)		qemu_receipt/RECEIPT.TXT; del[545:576]; trunc@242
F-02031	d9f3786ffc76116052e09b8ac53ebab3a91f271fdfa87d2d50af90fc211e17bf	1	REJECT_CLEAN	0	VERIFY FAIL — replay diverged from the receipt		1	REJECT_CLEAN	0	VERIFY FAIL — strict: line 10 (cis-digest): expected 16 lower-case hex digits		qemu_lookup/RECEIPT2.TXT; maxtok<-' '; maxtok<-0; cis-digest<-'4294967296'
F-02032	02935260140691accce16a6efdbd77eb85d7b784739d3cf95389fc1abed82fb2	0	ACCEPT	0	VERIFY PASS — replay reproduced 8 tokens, the token digest, and the full logit chain bit-for-bit		1	REJECT_CLEAN	0	VERIFY FAIL — strict: byte 14: 0xc3 is not printable ASCII or LF		qemu_calc_words/RECEIPT.TXT; AEGIS-WITNESS<-'é'
F-02033	91436595778b6a672b42f14afbc2a465e44dafcbf685c119957aa88dfb8b921d	1	REJECT_CLEAN	0	VERIFY FAIL — malformed receipt: not valid UTF-8		1	REJECT_CLEAN	0	VERIFY FAIL — strict: byte 415: 0xbb is not printable ASCII or LF		qemu_calc_words/RECEIPT2.TXT; del[162:199]; chain<-',,'; rep@415:0xbb
F-02034	ee7eb8694053ca8b94b2445f04d90bf2a05909e12568ef04fad400fc208dd378	1	REJECT_CLEAN	0	FAIL artifact: EMBED hash mismatch (receipt 1,2, vs local 8cbcd6b69df03539)		1	REJECT_CLEAN	0	VERIFY FAIL — strict: line 3 (embed): expected 64 lower-case hex digits		qemu_calc/RECEIPT2.TXT; ins@461:b' '; embed<-'1,2,'
F-02035	66a6c99e1a15878e4df1520a19cb18ab3b6c9bf53c09b72381eda0ef364024f3	1	REJECT_CLEAN	0	VERIFY FAIL — receipt inputs cannot be replayed: prompt tokenized to nothing		1	REJECT_CLEAN	0	VERIFY FAIL — strict: line 6 (prompt-hex): expected non-empty lower-case hex of even length		qemu_lookup/RECEIPT2.TXT; prompt-hex<-'0'
F-02036	bb1c202965ca241975a90c4d4db43001bad7ee64ba9b4411be5d2010ac8db164	1	REJECT_CLEAN	0	FAIL artifact: VOCAB hash mismatch (receipt  vs local a4cafc9649488987)		1	REJECT_CLEAN	0	VERIFY FAIL — strict: no newline after the last line (exactly one is required)		qemu_self/RECEIPT.TXT; del[588:619]; swap7/8; trunc@2
F-02037	7243bbd84a2f9b2862e3b60dd4084a5b2a1045f11587afa4b9e0d6186f36bcc2	1	REJECT_CLEAN	0	VERIFY FAIL — replay diverged from the receipt		1	REJECT_CLEAN	0	VERIFY FAIL — replay diverged from the receipt		qemu_everyday/RECEIPT.TXT; prompt-hex<-hex('̗😞Z一ņ\x14/Då丫😋'..60ch)
F-02038	5ad49be64b446c47949a0682b619dfce42705678045f469ce18761372dd31d97	1	REJECT_CLEAN	0	VERIFY FAIL — malformed receipt: prompt-hex: byte pair 37 splits a multi-byte character		1	REJECT_CLEAN	0	VERIFY FAIL — strict: byte 266: 0xe2 is not printable ASCII or LF		qemu_lookup/RECEIPT2.TXT; model<-''; ins@266:b'\xe2\x80\xae'; dupline0
F-02039	469c6e80f4352bb4dae276573b2732662c95e00b28a75ad1a8d4cedf35cd7442	1	REJECT_CLEAN	0	VERIFY FAIL — replay diverged from the receipt		1	REJECT_CLEAN	0	VERIFY FAIL — replay diverged from the receipt		qemu_calc/RECEIPT2.TXT; prompt-hex<-hex('.\x1c😍'..3ch)
F-02040	e3b0c44298fc1c149afbf4c8996fb92427ae41e4649b934ca495991b7852b855	1	REJECT_CLEAN	0	FAIL artifact: VOCAB hash mismatch (receipt  vs local a4cafc9649488987)		1	REJECT_CLEAN	0	VERIFY FAIL — strict: empty file		garbage:empty
F-02041	39bb797d8b11809eaaad04a3668eff5f6d802161bc46fb2573679c86e23c4eb7	1	REJECT_CLEAN	0	FAIL artifact: VOCAB hash mismatch (receipt a4cafc9649488987 vs local a4cafc9649488987)		1	REJECT_CLEAN	0	VERIFY FAIL — strict: byte 179: 0x1a is not printable ASCII or LF		qemu_abstain/RECEIPT.TXT; del[62:93]; rep@179:0x1a; swap7/5
F-02042	0e8185238261c10d52fc8f8e0f09be9cc973471f35e45b7d3fffd7f15cb2b1a4	1	REJECT_CLEAN	0	VERIFY FAIL — malformed receipt: token id "zz" is not an unsigned 32-bit integer		1	REJECT_CLEAN	0	VERIFY FAIL — strict: line 3 (embed): expected 64 lower-case hex digits		qemu_calc_words/RECEIPT2.TXT; ins@155:b'-'; token-ids<-'zz'; embed<-'FFFFFFFFFFFF'
F-02043	18188106b9abd40823f12768a16270f5745d1fa5340ba900c3a49bbf8f5a7848	1	REJECT_CLEAN	0	VERIFY FAIL — receipt inputs cannot be replayed: prompt (1473) + max_new (9) exceeds max_position_embeddings (512)		1	REJECT_CLEAN	0	VERIFY FAIL — receipt inputs cannot be replayed: prompt (1473) + max_new (9) exceeds max_position_embeddings (512)		qemu_calc/RECEIPT2.TXT; prompt-hex<-hex('\x0f\x02ŘSd\x88\ue009.乀\nt\x91'..700ch)
F-02044	31148c81601207141f14a4f77c1073cce96162c28f7660624388bf555df581bf	0	ACCEPT	0	VERIFY PASS — replay reproduced 30 tokens, the token digest, and the full logit chain bit-for-bit		1	REJECT_CLEAN	0	VERIFY FAIL — strict: line 8 (gen-toks): expected a decimal integer without sign or leading zeros		qemu_self/RECEIPT.TXT; gen-toks<-','
F-02045	2ca1d810d0ab34996780feb0a8f371c57edff8d92a30ced4ab784336a3456586	1	REJECT_CLEAN	0	VERIFY FAIL — malformed receipt: not valid UTF-8		1	REJECT_CLEAN	0	VERIFY FAIL — strict: byte 330: 0xf8 is not printable ASCII or LF		qemu_self/RECEIPT.TXT; rep@329:0xf8; maxtok<-100; maxtok<-500
F-02046	d437486f1af91b2bcd5ed6ffc03e084b12946074048948b3c31f871cc312c043	1	REJECT_CLEAN	0	VERIFY FAIL — replay diverged from the receipt		1	REJECT_CLEAN	0	VERIFY FAIL — strict: line 1: header must be exactly "AEGIS-WITNESS v1-CIS"		qemu_lookup/RECEIPT.TXT; maxtok<-100; AEGIS-WITNESS<-'ffffffffffff'
F-02047	215b843a7ee012645f2e933e8ed965ee5a3171d3267a048bcc95d4005397eb70	1	REJECT_CLEAN	0	VERIFY FAIL — replay diverged from the receipt		1	REJECT_CLEAN	0	VERIFY FAIL — strict: line 8: expected "gen-toks <value>"		qemu_calc/RECEIPT2.TXT; del[405:434]
F-02048	ae3de78c06e5fff7824d1b8f87ddc9c1b58c24a4c7feee5a1490855b988d5fb6	1	REJECT_CLEAN	0	VERIFY FAIL — replay diverged from the receipt		1	REJECT_CLEAN	0	VERIFY FAIL — replay diverged from the receipt		qemu_abstain/RECEIPT.TXT; prompt-hex<-hex('\x12è\x1f乂51\x8e乀[东\x15̱'..60ch)
F-02049	25eeaea77ee352a2cc3d21e717d4c73685ea84b7f63eded11a845ff969999842	1	REJECT_CLEAN	0	FAIL artifact: EMBED hash mismatch (receipt 9999999999999999 vs local 8cbcd6b69df03539)		1	REJECT_CLEAN	0	VERIFY FAIL — strict: line 1: header must be exactly "AEGIS-WITNESS v1-CIS"		qemu_receipt/RECEIPT.TXT; embed<-'999999999999'; dupline1
F-02050	c61980fa1ac8fd44c286b21ba5e01919cf43b5486354c553a5a707db29654c51	1	REJECT_CLEAN	0	FAIL artifact: MODEL hash mismatch (receipt a44e48965c641b81 vs local a44e48965c641b81)		1	REJECT_CLEAN	0	VERIFY FAIL — strict: no newline after the last line (exactly one is required)		qemu_abstain/RECEIPT.TXT; dupline9; trunc@266; ins@72:b'-'
F-02051	975fb989656cb7efca8e202605153345c63b5810a3c8f04e4cfe1386c9fe851d	1	REJECT_CLEAN	0	FAIL artifact: VOCAB hash mismatch (receipt a4cafc9649488987 vs local a4cafc9649488987)		1	REJECT_CLEAN	0	VERIFY FAIL — strict: no newline after the last line (exactly one is required)		qemu_lookup/RECEIPT.TXT; trunc@187
F-02052	4aa0aa9bd8f0e4d7e1f290186ca3d26fb1209a2f6c99b99d0716cea990ef1ab3	1	REJECT_CLEAN	0	VERIFY FAIL — replay diverged from the receipt		1	REJECT_CLEAN	0	VERIFY FAIL — strict: line 11 (chain): expected 64 lower-case hex digits		qemu_lookup/RECEIPT2.TXT; chain<-'1,,2'
F-02053	c2d1a3b8432ed091a6e793ba86173f7ed32df725157fe13be00848efeca76741	0	ACCEPT	0	VERIFY PASS — replay reproduced 30 tokens, the token digest, and the full logit chain bit-for-bit		1	REJECT_CLEAN	0	VERIFY FAIL — strict: line 11: duplicate key "maxtok", canonical order expects "chain"		qemu_self/RECEIPT.TXT; dupline4
F-02054	a32d4feebc3deaa354e67a0fc489e887744322c4af6bd1ba40c6cf7f478759c9	1	REJECT_CLEAN	0	VERIFY FAIL — replay diverged from the receipt		1	REJECT_CLEAN	0	VERIFY FAIL — replay diverged from the receipt		qemu_lookup/RECEIPT.TXT; prompt-hex<-hex('\x06Ū\x93;N'..5ch); prompt-hex<-hex('\ue010J下2之{\x8a.'..8ch); prompt-hex<-hex('\x8d͖d̩乆'..5ch)
F-02055	d5fd4bbef97e32569ed9b698201c5e32d3ed16cd298e6f80eb636d1f95358187	0	ACCEPT	0	VERIFY PASS — replay reproduced 7 tokens, the token digest, and the full logit chain bit-for-bit		1	REJECT_CLEAN	0	VERIFY FAIL — strict: byte 14: 0xc3 is not printable ASCII or LF		qemu_calc_words/RECEIPT2.TXT; AEGIS-WITNESS<-'éé'
F-02056	5d2cd5c3c2d773eab591f2d2eaaf6822194c5b413b7a23b94c4c73598ea3cc5e	1	REJECT_CLEAN	0	FAIL artifact: VOCAB hash mismatch (receipt  vs local a4cafc9649488987)		1	REJECT_CLEAN	0	VERIFY FAIL — strict: byte 28: 0x00 is not printable ASCII or LF		qemu_lookup/RECEIPT2.TXT; trunc@166; ins@28:b'\x00'
F-02057	365cc98808f3372d3d9b662543857b68f58e460f29def8e38047fd4b5602094d	1	REJECT_CLEAN	0	VERIFY FAIL — replay diverged from the receipt		1	REJECT_CLEAN	0	VERIFY FAIL — replay diverged from the receipt		qemu_unknown_tool/RECEIPT.TXT; prompt-hex<-hex('乂\x16O2\x1d'..5ch)
F-02058	190ac91633241e2c93742c95cac3bc05afc9da677a9823373e438ee4a12e4d31	1	REJECT_CLEAN	0	VERIFY FAIL — malformed receipt: not valid UTF-8		1	REJECT_CLEAN	0	VERIFY FAIL — strict: byte 372: 0xc6 is not printable ASCII or LF		qemu_unknown_tool/RECEIPT.TXT; rep@373:0xc6; maxtok<-2; ins@482:b','
F-02059	d5607329a6c5e761b5c8bd49ab8bec550e4c2cefbe4e600358ffecd8abfe267a	1	REJECT_CLEAN	0	VERIFY FAIL — replay diverged from the receipt		1	REJECT_CLEAN	0	VERIFY FAIL — strict: line 5: expected "maxtok <value>"		qemu_abstain/RECEIPT.TXT; ins@236:b'\n\n'
F-02060	d1580637be732443657a52787afae3e96ba5830b32bb87e5a9744992455225d8	1	REJECT_CLEAN	0	FAIL artifact: MODEL hash mismatch (receipt a44e48965c641b81 vs local a44e48965c641b81)		1	REJECT_CLEAN	0	VERIFY FAIL — strict: no newline after the last line (exactly one is required)		qemu_receipt/RECEIPT.TXT; prompt-hex<-hex('̈l丳'..3ch); trunc@599; del[51:52]
F-02061	ee2ca0de3ad6840b4d9433d870db1a34aa539434208dda52f6e4bd26422797d8	1	REJECT_CLEAN	0	FAIL artifact: MODEL hash mismatch (receipt a44e48965c641b81 vs local a44e48965c641b81)		1	REJECT_CLEAN	0	VERIFY FAIL — strict: line 2 (model): expected 64 lower-case hex digits		qemu_unknown_tool/RECEIPT.TXT; swap4/9; ins@87:b'999999999999999999999999999999'
F-02062	7d41f7b4c7c5d3b2754a9126026ab1c1eeadb302d1e5f5f9fb8bf98b1cdee3ce	1	REJECT_CLEAN	0	VERIFY FAIL — malformed receipt: maxtok is not an unsigned integer		1	REJECT_CLEAN	0	VERIFY FAIL — strict: no newline after the last line (exactly one is required)		qemu_receipt/RECEIPT.TXT; maxtok<-'ffffffffffff'; swap9/11; del[447:466]
F-02063	a659852fe9b51433dc3f7c362186693111f708e5633ee9915205d66741a980b2	1	REJECT_CLEAN	0	VERIFY FAIL — replay diverged from the receipt		1	REJECT_CLEAN	0	VERIFY FAIL — replay diverged from the receipt		qemu_unknown_tool/RECEIPT.TXT; prompt-hex<-hex('\x97义'..2ch)
F-02064	906db0e825aaa35bf350fc013f7d7c9898a23ac0d7ad191be9b95fd04915cda8	1	REJECT_CLEAN	0	VERIFY FAIL — replay diverged from the receipt		1	REJECT_CLEAN	0	VERIFY FAIL — strict: no newline after the last line (exactly one is required)		qemu_unknown_tool/RECEIPT.TXT; prompt-hex<-hex('\t😖😃[\x01\x94\ue00f\x94'..8ch); trunc@448; swap5/3
F-02065	f9c659fe6e52a75b200cab376e6735976ca05ae7daa51323a296468b357a3ca8	1	REJECT_CLEAN	0	VERIFY FAIL — replay diverged from the receipt		1	REJECT_CLEAN	0	VERIFY FAIL — strict: line 10 (cis-digest): expected 16 lower-case hex digits		qemu_calc_words/RECEIPT2.TXT; ins@458:b'999999999999999999999999999999'
F-02066	899e17202c484ad273d83ab456534a51e3dab581f1a1aa5e5cdbe3433b39eb1c	1	REJECT_CLEAN	0	FAIL artifact: VOCAB hash mismatch (receipt  vs local a4cafc9649488987)		1	REJECT_CLEAN	0	VERIFY FAIL — strict: no newline after the last line (exactly one is required)		qemu_calc/RECEIPT.TXT; trunc@93
F-02067	d062ad6a4fe25680d0bf5f94046d69743b9711a98d1969e1682959808d01d894	0	ACCEPT	0	VERIFY PASS — replay reproduced 30 tokens, the token digest, and the full logit chain bit-for-bit		1	REJECT_CLEAN	0	VERIFY FAIL — strict: line 8: duplicate key "prompt-toks", canonical order expects "gen-toks"		qemu_self/RECEIPT.TXT; dupline6
F-02068	bb05f3754cf352cf7873a27abda861070192ed20a14fd52d977ad79263770a44	1	REJECT_CLEAN	0	VERIFY FAIL — replay diverged from the receipt		1	REJECT_CLEAN	0	VERIFY FAIL — strict: line 10: duplicate key "vocab", canonical order expects "cis-digest"		qemu_everyday/RECEIPT.TXT; dupline3; prompt-hex<-hex('丝'..1ch)
F-02069	e8de70af6476f39d3374d02df9a09dba31ea455fc92a4e4358544bb5e71ff66f	1	REJECT_CLEAN	0	VERIFY FAIL — malformed receipt: maxtok is not an unsigned integer		1	REJECT_CLEAN	0	VERIFY FAIL — strict: no newline after the last line (exactly one is required)		qemu_unknown_tool/RECEIPT.TXT; del[240:243]; trunc@574
F-02070	aec29c485ac443ffe370e4076600cbc998ee5a55b0ebe513a65c9fc514083248	1	REJECT_CLEAN	0	VERIFY FAIL — replay diverged from the receipt		1	REJECT_CLEAN	0	VERIFY FAIL — replay diverged from the receipt		qemu_calc/RECEIPT2.TXT; prompt-hex<-hex('乄̈\ue008乆\ue006Ƴ😔&c̻3P'..60ch); maxtok<-1
F-02071	fb3960326e23cc638767ef3ae6530d42039fc8a20d9c115db01748ba2336aa66	1	REJECT_CLEAN	0	VERIFY FAIL — malformed receipt: token id "48q13" is not an unsigned 32-bit integer		1	REJECT_CLEAN	0	VERIFY FAIL — strict: line 7: key out of order "chain", canonical order expects "prompt-toks"		qemu_lookup/RECEIPT.TXT; dupline10; dupline11; rep@420:0x71
F-02072	3742a144a1e2743314502a2a4419bec7784c32c80fd8563161c1ad2f921d9d4f	1	REJECT_CLEAN	0	FAIL artifact: MODEL hash mismatch (receipt d38857f9455cc500 vs local a44e48965c641b81)		1	REJECT_CLEAN	0	VERIFY FAIL — strict: line 2 (model): expected 64 lower-case hex digits		qemu_abstain/RECEIPT.TXT; del[27:61]
F-02073	7b71b270b762c64f6874d77dcae5088881cc5091b06f7c00c94babd50d59ca74	0	ACCEPT	0	VERIFY PASS — replay reproduced 35 tokens, the token digest, and the full logit chain bit-for-bit		1	REJECT_CLEAN	0	VERIFY FAIL — strict: line 1: header must be exactly "AEGIS-WITNESS v1-CIS"		qemu_unknown_tool/RECEIPT.TXT; dupline4; swap6/10
F-02074	5df2d4c27deacf11c6410540c023742ee4bdcc433f2df51b4c8005cc642d6834	1	REJECT_CLEAN	0	VERIFY FAIL — replay diverged from the receipt		1	REJECT_CLEAN	0	VERIFY FAIL — replay diverged from the receipt		qemu_lookup/RECEIPT.TXT; prompt-hex<-hex('\x8e\tÛ\x08\ue010ǻ^̈́lŸs)'..60ch)
F-02075	4ed2d44430c53972d1bdfb42e59490cd115666382458a11e1f180ebd32a9c049	1	REJECT_CLEAN	0	VERIFY FAIL — replay diverged from the receipt		1	REJECT_CLEAN	0	VERIFY FAIL — replay diverged from the receipt		qemu_everyday/RECEIPT.TXT; prompt-hex<-hex('\x85̂串\x19̸̓Ā😟'..8ch)
F-02076	688e97a84060617a8d9d9665c59639ac8cea006e69b970b408f148bdd6883fd3	1	REJECT_CLEAN	0	VERIFY FAIL — malformed receipt: token id "435r" is not an unsigned 32-bit integer		1	REJECT_CLEAN	0	VERIFY FAIL — strict: line 1: header must be exactly "AEGIS-WITNESS v1-CIS"		qemu_receipt/RECEIPT.TXT; prompt-hex<-hex('̧̙乊'..3ch); swap8/0; rep@105:0x72
F-02077	d2ef1e389ef69c63bf54dc151679060c27866739aefcc7c380a886d2d682be41	0	ACCEPT	0	VERIFY PASS — replay reproduced 7 tokens, the token digest, and the full logit chain bit-for-bit		1	REJECT_CLEAN	0	VERIFY FAIL — strict: line 7 (prompt-toks): expected a decimal integer without sign or leading zeros		qemu_lookup/RECEIPT.TXT; prompt-toks<-'-'
F-02078	9f3353677a0c4d0cf614751eacce5e5a45b0afca5241f652d18ded3c0350ef35	1	REJECT_CLEAN	0	VERIFY FAIL — replay diverged from the receipt		1	REJECT_CLEAN	0	VERIFY FAIL — replay diverged from the receipt		qemu_abstain/RECEIPT.TXT; prompt-hex<-hex('͠_😟\x13😁t¨͐😔̎为\x8f'..60ch)
F-02079	16c11fd462d2fde4ce0fcce124a53ca47df4f5aa355116b29cc0087b9a4d9805	1	REJECT_CLEAN	0	VERIFY FAIL — receipt inputs cannot be replayed: prompt (1465) + max_new (7) exceeds max_position_embeddings (512)		1	REJECT_CLEAN	0	VERIFY FAIL — receipt inputs cannot be replayed: prompt (1465) + max_new (7) exceeds max_position_embeddings (512)		qemu_calc_words/RECEIPT2.TXT; prompt-hex<-hex('丹\x11͋\x8dz\x1d͑😕O!😟😒'..700ch); prompt-toks<-'0'
F-02080	7525178e337061f3b30f2bc3918b1c12bd5363120163bc777ccdffc1a83b2fd3	1	REJECT_CLEAN	0	VERIFY FAIL — malformed receipt: not valid UTF-8		1	REJECT_CLEAN	0	VERIFY FAIL — strict: byte 0: 0xd5 is not printable ASCII or LF		garbage:rand
F-02081	339b0aede9f8a1ebd087af3fc8e402df496d7fa9c9b0cce89097810feedc36b8	1	REJECT_CLEAN	0	VERIFY FAIL — replay diverged from the receipt		1	REJECT_CLEAN	0	VERIFY FAIL — strict: no newline after the last line (exactly one is required)		qemu_calc_words/RECEIPT2.TXT; prompt-hex<-hex('乃9\ue00f😛Ƶ̨\ue00e-'..8ch); trunc@440
F-02082	fa6b3d49eefce06b5732b0061992d34797689fd19facfb4310fe41ea843608a4	1	REJECT_CLEAN	0	VERIFY FAIL — malformed receipt: maxtok is not an unsigned integer		1	REJECT_CLEAN	0	VERIFY FAIL — strict: line 5 (maxtok): expected a decimal integer without sign or leading zeros		qemu_lookup/RECEIPT2.TXT; maxtok<-','; ins@477:b'-'
F-02083	f94e82eff68802c7770cd217bcc263348952bbd3f1b59b25b8c0463cfe109d2f	1	REJECT_CLEAN	0	FAIL artifact: VOCAB hash mismatch (receipt a4cafc9649488987 vs local a4cafc9649488987)		1	REJECT_CLEAN	0	VERIFY FAIL — strict: line 3 (embed): expected 64 lower-case hex digits		qemu_lookup/RECEIPT.TXT; del[232:258]; rep@108:0x6c
F-02084	1142e28a877342d53c3130c3afdbb561d168733a03d30d6eae3014fb307c5122	1	REJECT_CLEAN	0	VERIFY FAIL — replay diverged from the receipt		1	REJECT_CLEAN	0	VERIFY FAIL — strict: line 11 (chain): expected 64 lower-case hex digits		qemu_lookup/RECEIPT2.TXT; maxtok<-0; chain<-'+1'
F-02085	e457be957b0ef9a8952394a328359a52d23b4351bc517524f654043e33298c1b	1	REJECT_CLEAN	0	VERIFY FAIL — malformed receipt: maxtok is not an unsigned integer		1	REJECT_CLEAN	0	VERIFY FAIL — strict: no newline after the last line (exactly one is required)		qemu_calc_words/RECEIPT2.TXT; maxtok<-18446744073709551617; trunc@352; dupline1
F-02086	e5b346135fbce142605d4a15c90df4592c6f8b257e07c3ac31ee30fa2f75a81f	1	REJECT_CLEAN	0	VERIFY FAIL — malformed receipt: prompt-hex does not decode to UTF-8 text		1	REJECT_CLEAN	0	VERIFY FAIL — strict: line 2 (model): expected 64 lower-case hex digits		qemu_lookup/RECEIPT.TXT; del[32:57]; prompt-hex<-hex('w丿+͠d̏乄\x92乌\ue009\x08\x17'..700ch); ins@316:b','
F-02087	286290dc2272a21351669dc3d1636c3c33afe899fd309907f8a1bde1c5b15af0	1	REJECT_CLEAN	0	VERIFY FAIL — receipt inputs cannot be replayed: prompt (41) + max_new (4294967296) exceeds max_position_embeddings (512)		1	REJECT_CLEAN	0	VERIFY FAIL — receipt inputs cannot be replayed: prompt (41) + max_new (4294967296) exceeds max_position_embeddings (512)		qemu_lookup/RECEIPT2.TXT; maxtok<-512; maxtok<-4294967296
F-02088	79b37b90869097ac03666f2b08acc249f77a9d51960f5069f110573963534d7d	1	REJECT_CLEAN	0	VERIFY FAIL — malformed receipt: not valid UTF-8		1	REJECT_CLEAN	0	VERIFY FAIL — strict: byte 213: 0x88 is not printable ASCII or LF		qemu_calc/RECEIPT2.TXT; swap10/9; rep@213:0x88; model<-'ffffffffffff'
F-02089	22324a747151354fd3dc13d591775417af0776c309318cbfe6438ce971637ec1	1	REJECT_CLEAN	0	VERIFY FAIL — malformed receipt: maxtok is not an unsigned integer		1	REJECT_CLEAN	0	VERIFY FAIL — strict: line 5 (maxtok): expected a decimal integer without sign or leading zeros		qemu_calc/RECEIPT.TXT; prompt-hex<-hex('v̙'..2ch); maxtok<-','; token-ids<-'000000000000'
F-02090	6aff4938a68f052b1fa4291dc4d3a18cfd832319befff4c125971232d8d6a300	1	REJECT_CLEAN	0	VERIFY FAIL — replay diverged from the receipt		1	REJECT_CLEAN	0	VERIFY FAIL — replay diverged from the receipt		qemu_calc/RECEIPT2.TXT; prompt-hex<-hex('ƍ'..1ch); prompt-hex<-hex('b}T̓丠\ue001L<̱,+N'..200ch)
F-02091	3b22e88f9d09049e50a05fbefd8b99d5c6dfabe465b68577422ef5b08cec62ca	1	REJECT_CLEAN	0	VERIFY FAIL — replay diverged from the receipt		1	REJECT_CLEAN	0	VERIFY FAIL — strict: no newline after the last line (exactly one is required)		qemu_abstain/RECEIPT.TXT; trunc@430; prompt-hex<-hex('\x1bS\ue006\x90😙'..5ch)
F-02092	d16b860b5ea2297b09b69b119559d205c0b5a1ebd5e5c152ecefc92358169000	1	REJECT_CLEAN	0	FAIL artifact: EMBED hash mismatch (receipt 8cbcd‮6b69df03 vs local 8cbcd6b69df03539)		1	REJECT_CLEAN	0	VERIFY FAIL — strict: byte 103: 0xe2 is not printable ASCII or LF		qemu_unknown_tool/RECEIPT.TXT; ins@103:b'\xe2\x80\xae'
F-02093	ac1133940d70102e91cb1aaf3b01e8924681d9845620a79d42df2b77f8866df0	1	REJECT_CLEAN	0	FAIL artifact: EMBED hash mismatch (receipt  |  vs local 8cbcd6b69df03539)		1	REJECT_CLEAN	0	VERIFY FAIL — strict: byte 98: 0x09 is not printable ASCII or LF		qemu_self/RECEIPT.TXT; embed<-'\t'
F-02094	1521508448ac466ba8274ffd3a625a48f354ab1f876704b521590ac738e7b1f4	1	REJECT_CLEAN	0	VERIFY FAIL — malformed receipt: not valid UTF-8		1	REJECT_CLEAN	0	VERIFY FAIL — strict: byte 525: 0xff is not printable ASCII or LF		qemu_lookup/RECEIPT2.TXT; ins@520:b'999999999999999999999999999999'; ins@641:b'\xff'; token-ids<-'1,2,'
F-02095	16d570805ee384134102f3a999f61b2397e05994268e0c40b361e08633761230	1	REJECT_CLEAN	0	VERIFY FAIL — malformed receipt: token id "2530\u{12}1319" is not an unsigned 32-bit integer		1	REJECT_CLEAN	0	VERIFY FAIL — strict: byte 467: 0x12 is not printable ASCII or LF		qemu_receipt/RECEIPT.TXT; rep@608:0x12; swap5/11
F-02096	e4aa573501fd88c740c34a44deccebba29518beab3d78b1d363bd72baf0e1c93	1	REJECT_CLEAN	0	FAIL artifact: VOCAB hash mismatch (receipt 0 vs local a4cafc9649488987)		1	REJECT_CLEAN	0	VERIFY FAIL — strict: line 3 (embed): expected 64 lower-case hex digits		qemu_self/RECEIPT.TXT; vocab<-'0'; rep@115:0x43
F-02097	40389818e588b0f1feb66e5967974d75ac98e0731ae3458b4e770efe9e6aec3e	0	ACCEPT	0	VERIFY PASS — replay reproduced 30 tokens, the token digest, and the full logit chain bit-for-bit		1	REJECT_CLEAN	0	VERIFY FAIL — strict: line 4: key out of order "prompt-toks", canonical order expects "vocab"		qemu_self/RECEIPT.TXT; swap6/3
F-02098	f8ee3125909be7b89f279042304dc45f4a97ca812249974f4648f0da7848afa4	1	REJECT_CLEAN	0	VERIFY FAIL — replay diverged from the receipt		1	REJECT_CLEAN	0	VERIFY FAIL — strict: line 5 (maxtok): expected a decimal integer without sign or leading zeros		qemu_unknown_tool/RECEIPT.TXT; maxtok<-9223372036854775808; chain<-'FF'; maxtok<-'+1'
F-02099	de74f6c449cc8de15deecada8d3db35524dbdff35928a0312e843a3cdb9ce3aa	1	REJECT_CLEAN	0	FAIL artifact: VOCAB hash mismatch (receipt  vs local a4cafc9649488987)		1	REJECT_CLEAN	0	VERIFY FAIL — strict: byte 184: 0xe2 is not printable ASCII or LF		qemu_calc/RECEIPT2.TXT; rep@163:0x54; ins@184:b'\xe2\x80\xae'; dupline1
F-02100	2fe6b292ecdb40159bee423a8bac7f1d17c63f654217aa8ed13b0dc2f675fb65	1	REJECT_CLEAN	0	VERIFY FAIL — replay diverged from the receipt		1	REJECT_CLEAN	0	VERIFY FAIL — strict: line 1: header must be exactly "AEGIS-WITNESS v1-CIS"		qemu_calc_words/RECEIPT.TXT; prompt-hex<-hex('😟😝ǁ😑M丷\ue006\x92\x8c9😀並'..20ch); swap0/4
F-02101	6f4ef0db90969f00e43de88da4d9cd4494738fdd8ba15a40786e57bd2f4bdb0d	1	REJECT_CLEAN	0	VERIFY FAIL — replay diverged from the receipt		1	REJECT_CLEAN	0	VERIFY FAIL — strict: byte 462: carriage return (CRLF line endings are not canonical)		qemu_lookup/RECEIPT.TXT; dupline11; ins@462:b'\r\n'
F-02102	c1a57ad43374fb49ed6b59867093bdffe83fe62c0dc33e22dd008e33229d469d	1	REJECT_CLEAN	0	VERIFY FAIL — receipt inputs cannot be replayed: prompt (1466) + max_new (7) exceeds max_position_embeddings (512)		1	REJECT_CLEAN	0	VERIFY FAIL — strict: line 7: duplicate key "maxtok", canonical order expects "prompt-toks"		qemu_calc_words/RECEIPT2.TXT; dupline4; prompt-hex<-hex('v/ͩ😜万\x93\ue00dl且\r\ue00f.'..700ch)
F-02103	5aaa735734593e16810626474337cbc1247041cfd42022902187e35c551449a3	1	REJECT_CLEAN	0	VERIFY FAIL — replay diverged from the receipt		1	REJECT_CLEAN	0	VERIFY FAIL — replay diverged from the receipt		qemu_unknown_tool/RECEIPT.TXT; prompt-hex<-hex('#😍q̻ǀ\x84O😈乊͓̊\x01'..60ch)
F-02104	5e0672ca8bc02f8a198113ab7e22d2481aaf9acbbb8d1b144f2259a8e9966668	1	REJECT_CLEAN	0	VERIFY FAIL — receipt inputs cannot be replayed: prompt (1485) + max_new (9) exceeds max_position_embeddings (512)		1	REJECT_CLEAN	0	VERIFY FAIL — receipt inputs cannot be replayed: prompt (1485) + max_new (9) exceeds max_position_embeddings (512)		qemu_calc/RECEIPT.TXT; rep@425:0x35; del[256:291]; prompt-hex<-hex('â^_😇Ƚ\ue0002l\x01ǋ😁\x04'..700ch)
F-02105	0ce2a4315cf573b278474be0f69f65fc97ab697bfeb6845f4f66add176c1853a	1	REJECT_CLEAN	0	VERIFY FAIL — malformed receipt: not valid UTF-8		1	REJECT_CLEAN	0	VERIFY FAIL — strict: byte 280: 0xe2 is not printable ASCII or LF		qemu_abstain/RECEIPT.TXT; rep@299:0x37; rep@280:0xe2; gen-toks<-',,'
F-02106	cfeebfd37d545555cb0d4ee5c02d17bc894a45bec303c878b5d3b6529d92c715	1	REJECT_CLEAN	0	VERIFY FAIL — replay diverged from the receipt		1	REJECT_CLEAN	0	VERIFY FAIL — strict: byte 389: 0xed is not printable ASCII or LF		qemu_calc_words/RECEIPT2.TXT; token-ids<-'+1'; prompt-toks<-'\ud7ff'
F-02107	768462c15c6475ce54ef0e018547dfdf797dffc50ce73e3c44e660f45bf24b4d	0	ACCEPT	0	VERIFY PASS — replay reproduced 8 tokens, the token digest, and the full logit chain bit-for-bit		1	REJECT_CLEAN	0	VERIFY FAIL — strict: line 1: header must be exactly "AEGIS-WITNESS v1-CIS"		qemu_calc_words/RECEIPT.TXT; AEGIS-WITNESS<-'1,,2'
F-02108	83e85b3d84c3b3c9e5ff6acddc1d549bba1ec29e3be4681999fe21e6ab59902f	1	REJECT_CLEAN	0	VERIFY FAIL — receipt inputs cannot be replayed: prompt tokenized to nothing		1	REJECT_CLEAN	0	VERIFY FAIL — strict: line 6 (prompt-hex): expected non-empty lower-case hex of even length		qemu_abstain/RECEIPT.TXT; prompt-hex<-','; dupline4
F-02109	60e65820f0467565732beb5cf1b231a5047acded31f738669eede32fb6123430	0	ACCEPT	0	VERIFY PASS — replay reproduced 30 tokens, the token digest, and the full logit chain bit-for-bit		1	REJECT_CLEAN	0	VERIFY FAIL — strict: line 3: key out of order "chain", canonical order expects "embed"		qemu_self/RECEIPT.TXT; dupline10; gen-toks<-'184467440737'
F-02110	cafd5885506976c3b5205687be2fec07fab2ecf60cbaa94698bf9c2bb3a7e3ab	1	REJECT_CLEAN	0	VERIFY FAIL — replay diverged from the receipt		1	REJECT_CLEAN	0	VERIFY FAIL — strict: line 11 (chain): expected 64 lower-case hex digits		qemu_calc_words/RECEIPT2.TXT; rep@521:0x69
F-02111	dd9743725e5300268b88bebec5ff5d6814c1db8da7ef0206a5bdc0a6f529b8df	0	ACCEPT	0	VERIFY PASS — replay reproduced 9 tokens, the token digest, and the full logit chain bit-for-bit		1	REJECT_CLEAN	0	VERIFY FAIL — strict: line 7: unknown key "pXompt-toks", canonical order expects "prompt-toks"		qemu_calc/RECEIPT2.TXT; rep@388:0x58
F-02112	26338a17b80244f2b540115c6d464a2d1040dd41c327772d1c6aaaecbcdedfc6	0	ACCEPT	0	VERIFY PASS — replay reproduced 7 tokens, the token digest, and the full logit chain bit-for-bit		1	REJECT_CLEAN	0	VERIFY FAIL — strict: line 7 (prompt-toks): expected a decimal integer without sign or leading zeros		qemu_lookup/RECEIPT.TXT; prompt-toks<-'+'
F-02113	d36dfa0efb65919e6a1bc3bc73703292a374a30ca111c642e0c3583f9f9fe8af	0	ACCEPT	0	VERIFY PASS — replay reproduced 30 tokens, the token digest, and the full logit chain bit-for-bit		1	REJECT_CLEAN	0	VERIFY FAIL — strict: line 8: duplicate key "maxtok", canonical order expects "gen-toks"		qemu_self/RECEIPT.TXT; dupline4
F-02114	ece852836f9110e4806577a259a834af8b2755682cb3a26b3ebcedf8c8d2e808	0	ACCEPT	0	VERIFY PASS — replay reproduced 23 tokens, the token digest, and the full logit chain bit-for-bit		1	REJECT_CLEAN	0	VERIFY FAIL — strict: no newline after the last line (exactly one is required)		qemu_lookup/RECEIPT2.TXT; swap0/11
F-02115	c520b51fbdc24d7381fba4a6ddcb05c282c5b786911798f0781b612747bb7615	1	REJECT_CLEAN	0	FAIL artifact: EMBED hash mismatch (receipt 8cbcd6b69df03539 vs local 8cbcd6b69df03539)		1	REJECT_CLEAN	0	VERIFY FAIL — strict: byte 132: carriage return (CRLF line endings are not canonical)		qemu_calc/RECEIPT2.TXT; ins@132:b'\r\n'; rep@399:0x75
F-02116	c3e8c81eb2537a9588fef90b7ed71a83882fe39cf36af176953372439a64b67c	0	ACCEPT	0	VERIFY PASS — replay reproduced 8 tokens, the token digest, and the full logit chain bit-for-bit		1	REJECT_CLEAN	0	VERIFY FAIL — strict: line 7: unknown key "prompt-t", canonical order expects "prompt-toks"		qemu_calc_words/RECEIPT.TXT; ins@313:b' '
F-02117	a098121cd630308adaf830eb3ee49a6c07d7283ee3e9d3fe6b0ac2dbc3ce2406	1	REJECT_CLEAN	0	VERIFY FAIL — malformed receipt: not valid UTF-8		1	REJECT_CLEAN	0	VERIFY FAIL — strict: byte 19: 0xab is not printable ASCII or LF		qemu_calc/RECEIPT.TXT; trunc@105; rep@19:0xab
F-02118	41b6dd816b536869dbec411f6fd21ebe1ea92d239ce80e8ca69b5d92d068c470	1	REJECT_CLEAN	0	FAIL artifact: EMBED hash mismatch (receipt 8cbcd6b69df03539 vs local 8cbcd6b69df03539)		1	REJECT_CLEAN	0	VERIFY FAIL — strict: no newline after the last line (exactly one is required)		qemu_lookup/RECEIPT.TXT; swap3/0; trunc@165
F-02119	3faddd55b254a865d35359d48b62975a5613c55f3425c17bd5227381e5b1f45f	1	REJECT_CLEAN	0	VERIFY FAIL — receipt inputs cannot be replayed: prompt (41) + max_new (18446744073709551615) exceeds max_position_embeddings (512)		1	REJECT_CLEAN	0	VERIFY FAIL — strict: line 8 (gen-toks): expected a decimal integer without sign or leading zeros		qemu_lookup/RECEIPT2.TXT; gen-toks<-'xxxxxxxxxxxx'; maxtok<-18446744073709551615
F-02120	31d326ca02854ba3c5ef1ffb15f667b88df8af9388fbb3d805e449fa7e7599c9	1	REJECT_CLEAN	0	FAIL artifact: VOCAB hash mismatch (receipt  vs local a4cafc9649488987)		1	REJECT_CLEAN	0	VERIFY FAIL — strict: blank line at the end (exactly one trailing newline is required)		garbage:newlines
F-02121	ce9a9ea70c9510232fb378b1191a176dda53f0bd28479699db62f65de0c98ef5	1	REJECT_CLEAN	0	VERIFY FAIL — receipt inputs cannot be replayed: prompt (19) + max_new (9223372036854775808) exceeds max_position_embeddings (512)		1	REJECT_CLEAN	0	VERIFY FAIL — strict: line 1: header must be exactly "AEGIS-WITNESS v1-CIS"		qemu_calc/RECEIPT.TXT; maxtok<-9223372036854775808; AEGIS-WITNESS<-'+'; prompt-hex<-hex('ü😒\n\ue00bŒ\ue000<\ue008'..8ch)
F-02122	a1df753e5ac16e2f2a1b3d555c874ca48dfe835c8d9bbb342b04aae645b0b195	1	REJECT_CLEAN	0	VERIFY FAIL — receipt inputs cannot be replayed: prompt (1472) + max_new (23) exceeds max_position_embeddings (512)		1	REJECT_CLEAN	0	VERIFY FAIL — strict: line 9: key out of order "chain", canonical order expects "token-ids"		qemu_lookup/RECEIPT2.TXT; prompt-hex<-hex('\x9c)\x0f且Ƕ七\x85😋Pǹ丿͕'..700ch); swap8/10
F-02123	5923076b6013ddb783ae0c5e8d60baee41a254cd377761414f6f4933091bb688	1	REJECT_CLEAN	0	FAIL artifact: EMBED hash mismatch (receipt  vs local 8cbcd6b69df03539)		1	REJECT_CLEAN	0	VERIFY FAIL — strict: line 2 (model): expected 64 lower-case hex digits		qemu_calc/RECEIPT2.TXT; maxtok<-512; maxtok<-2147483648; del[87:114]
F-02124	ec014ef8b758b5f4acd44188945171ce71f40b071c5f8b1740dd878a814a4abc	1	REJECT_CLEAN	0	VERIFY FAIL — receipt inputs cannot be replayed: prompt (1467) + max_new (9) exceeds max_position_embeddings (512)		1	REJECT_CLEAN	0	VERIFY FAIL — strict: no newline after the last line (exactly one is required)		qemu_calc/RECEIPT.TXT; prompt-hex<-hex('\ue00e\x0b\ue00c\ue00d\ue009\x03Ȩ举\ue005\x1cǠ个'..700ch); dupline1
F-02125	0d1c653507f966069ae998e581bf8a2e4a74f0b862404b35590b620800b08f76	1	REJECT_CLEAN	0	FAIL artifact: VOCAB hash mismatch (receipt  vs local a4cafc9649488987)		1	REJECT_CLEAN	0	VERIFY FAIL — strict: no newline after the last line (exactly one is required)		qemu_self/RECEIPT.TXT; dupline10; prompt-hex<-hex('\x1c😋\x0fA5͚g\x17\x0f\x08万\x83'..20ch); trunc@179
F-02126	f81ad1bfc2c5d3b16cdb29947daff4b6ccffb41247a615ccb471a86517e2483f	1	REJECT_CLEAN	0	VERIFY FAIL — malformed receipt: not valid UTF-8		1	REJECT_CLEAN	0	VERIFY FAIL — strict: byte 216: 0xff is not printable ASCII or LF		qemu_lookup/RECEIPT.TXT; ins@216:b'\xff'; dupline0
F-02127	fe0f97d71fe8c89d040ab7d50e81ec35ebe9ae93c4a730cff266505d67cfe76a	0	ACCEPT	0	VERIFY PASS — replay reproduced 23 tokens, the token digest, and the full logit chain bit-for-bit		1	REJECT_CLEAN	0	VERIFY FAIL — strict: no newline after the last line (exactly one is required)		qemu_lookup/RECEIPT2.TXT; swap3/11
F-02128	03cf2dddd1fa8127376a41ea342a0ee2dfcd44612ea653301a349a472605c7c6	1	REJECT_CLEAN	0	FAIL artifact: EMBED hash mismatch (receipt 8cbcd6b69df03539 vs local 8cbcd6b69df03539)		1	REJECT_CLEAN	0	VERIFY FAIL — strict: line 2 (model): expected 64 lower-case hex digits		qemu_calc_words/RECEIPT2.TXT; rep@136:0x47; del[67:80]; rep@109:0x5f
F-02129	d6a271b81b83305690a5cdce40ab880e1e30d829785df288d0bbc63e7aa2f370	1	REJECT_CLEAN	0	VERIFY FAIL — replay diverged from the receipt		1	REJECT_CLEAN	0	VERIFY FAIL — strict: line 1: header must be exactly "AEGIS-WITNESS v1-CIS"		qemu_unknown_tool/RECEIPT.TXT; del[305:319]; swap6/0; maxtok<-1
F-02130	a08fa53fc0d106c0369f7a09c0286c6840598e4651bbd4552a30627d23ba5ac7	1	REJECT_CLEAN	0	VERIFY FAIL — replay diverged from the receipt		1	REJECT_CLEAN	0	VERIFY FAIL — strict: line 12: unexpected extra line "maxtok" (a receipt has exactly 11 lines)		qemu_calc/RECEIPT.TXT; prompt-hex<-hex('\x81͓😛\x81\x12😇ư😐\x04Ǝ̜̊'..20ch); dupline4; maxtok<-511
F-02131	c7817d86419c3b50626406c1a5f2c48e14ed258d9bbc09eb94c5252079380385	1	REJECT_CLEAN	0	FAIL artifact: EMBED hash mismatch (receipt ffffffffffffffff vs local 8cbcd6b69df03539)		1	REJECT_CLEAN	0	FAIL artifact: EMBED hash mismatch (receipt ffffffffffffffff vs local 8cbcd6b69df03539)		qemu_lookup/RECEIPT2.TXT; embed<-'ffffffffffff'; prompt-hex<-'\u202e'; prompt-hex<-hex('\x10😅͢k\x9c\x1d@n'..8ch)
F-02132	f92feb4f6bde507cb2ea4209113b0f4344e13cff85ba9f64816a38d35338c566	1	REJECT_CLEAN	0	VERIFY FAIL — receipt inputs cannot be replayed: prompt (18) + max_new (513) exceeds max_position_embeddings (512)		1	REJECT_CLEAN	0	VERIFY FAIL — strict: line 10: unknown key "cis-digest,", canonical order expects "cis-digest"		qemu_abstain/RECEIPT.TXT; ins@490:b','; prompt-hex<-hex('😃😃$̰͞ͅ\x9bt'..8ch); maxtok<-513
F-02133	3abacd0f332f44bd43ceca835213e3cb1dc88bef84d88469fb76aef2ac949c34	1	REJECT_CLEAN	0	VERIFY FAIL — malformed receipt: prompt-hex does not decode to UTF-8 text		1	REJECT_CLEAN	0	VERIFY FAIL — strict: line 1: header must be exactly "AEGIS-WITNESS v1-CIS"		qemu_lookup/RECEIPT.TXT; embed<-'000000000000'; prompt-hex<-'999999999999'; swap0/3
F-02134	70fe49d009382efbf5dd78d1669745818bd823b128304b353b52c00c7be6c327	1	REJECT_CLEAN	0	VERIFY FAIL — malformed receipt: not valid UTF-8		1	REJECT_CLEAN	0	VERIFY FAIL — strict: byte 466: 0xae is not printable ASCII or LF		qemu_abstain/RECEIPT.TXT; prompt-hex<-hex('%一ƺ😀Ƒ\x8a\r😅'..8ch); del[169:180]; rep@466:0xae
F-02135	d98b95dff06a7eef45d9346ec07ec7e76136b3027916d9586be4a166886b9aa5	1	REJECT_CLEAN	0	VERIFY FAIL — malformed receipt: prompt-hex does not decode to UTF-8 text		1	REJECT_CLEAN	0	VERIFY FAIL — strict: line 1: header must be exactly "AEGIS-WITNESS v1-CIS"		qemu_unknown_tool/RECEIPT.TXT; AEGIS-WITNESS<-'ff'; rep@334:0x6f; del[273:274]
F-02136	20cde5d6971623688f44caac8158a23d2c3c74b91c5b6c8116b79ba7d0909666	0	ACCEPT	0	VERIFY PASS — replay reproduced 9 tokens, the token digest, and the full logit chain bit-for-bit		1	REJECT_CLEAN	0	VERIFY FAIL — strict: line 7 (prompt-toks): expected a decimal integer without sign or leading zeros		qemu_calc/RECEIPT.TXT; prompt-toks<-'+'
F-02137	47f82ba5220607f41d1c3b32210ca18d214ed2641866276bc12ccdddd3bf6beb	0	ACCEPT	0	VERIFY PASS — replay reproduced 9 tokens, the token digest, and the full logit chain bit-for-bit		1	REJECT_CLEAN	0	VERIFY FAIL — strict: line 9: duplicate key "prompt-toks", canonical order expects "token-ids"		qemu_calc/RECEIPT.TXT; dupline6
F-02138	40daa33dcf3416c5902fab2391dc3869edb86537e1c404cbf24ac951b2837ee3	1	REJECT_CLEAN	0	FAIL artifact: EMBED hash mismatch (receipt 1,,2 vs local 8cbcd6b69df03539)		1	REJECT_CLEAN	0	VERIFY FAIL — strict: line 3 (embed): expected 64 lower-case hex digits		qemu_everyday/RECEIPT.TXT; embed<-'1,,2'
F-02139	946e8c48b7c8f95fb841b99e877f401c6b3e2237d30a7b75547ac209b28a221b	1	REJECT_CLEAN	0	VERIFY FAIL — replay diverged from the receipt		1	REJECT_CLEAN	0	VERIFY FAIL — strict: line 10 (cis-digest): expected 16 lower-case hex digits		qemu_abstain/RECEIPT.TXT; maxtok<-0; cis-digest<-'00'
F-02140	23b2624d114932ee67550f1d6b60eaaa30dbaf4efafb443a0cac4ab875d5b4eb	1	REJECT_CLEAN	0	VERIFY FAIL — replay diverged from the receipt		1	REJECT_CLEAN	0	VERIFY FAIL — replay diverged from the receipt		qemu_calc/RECEIPT.TXT; prompt-hex<-hex('\x17\ue003\ue005😛😒'..5ch)
F-02141	10f06c5be3e2b31bde3d6a4b1caa797848a30b5adee9454ec6677d27f796e82d	1	REJECT_CLEAN	0	FAIL artifact: EMBED hash mismatch (receipt é vs local 8cbcd6b69df03539)		1	REJECT_CLEAN	0	VERIFY FAIL — strict: byte 78: 0xc3 is not printable ASCII or LF		qemu_lookup/RECEIPT.TXT; gen-toks<-'ff'; embed<-'é'; swap0/11
F-02142	ec118bc3fa55243ea1ba391bea7715c74da7a2c5972d47d5ff60f300bb4af8e6	1	REJECT_CLEAN	0	VERIFY FAIL — malformed receipt: not valid UTF-8		1	REJECT_CLEAN	0	VERIFY FAIL — strict: byte 127: 0xef is not printable ASCII or LF		qemu_unknown_tool/RECEIPT.TXT; prompt-hex<-hex('\x9c͕\x82\x01😀'..5ch); maxtok<-1; rep@127:0xef
F-02143	8d6dc3c51d026289b542b8af5b85d214688f439132d0c5a32f24811c6b65f8c7	1	REJECT_CLEAN	0	FAIL artifact: EMBED hash mismatch (receipt 8cbcd6b6638440fb vs local 8cbcd6b69df03539)		1	REJECT_CLEAN	0	VERIFY FAIL — strict: line 3 (embed): expected 64 lower-case hex digits		qemu_receipt/RECEIPT.TXT; prompt-hex<-hex('+😌}\x82\x85'..5ch); del[106:117]
F-02144	db3a71b069fc859541840f250e198d65365592b46b80a448f68a48eb956bb560	0	ACCEPT	0	VERIFY PASS — replay reproduced 3 tokens, the token digest, and the full logit chain bit-for-bit		1	REJECT_CLEAN	0	VERIFY FAIL — strict: line 7 (prompt-toks): expected a decimal integer without sign or leading zeros		qemu_everyday/RECEIPT.TXT; prompt-toks<-'FF'
F-02145	acf159986fd44fca95cc43d877b15e918d463d60db5b7b9dfbe614658408b1ef	1	REJECT_CLEAN	0	VERIFY FAIL — malformed receipt: token id "36\07" is not an unsigned 32-bit integer		1	REJECT_CLEAN	0	VERIFY FAIL — strict: byte 1157: 0x00 is not printable ASCII or LF		qemu_calc/RECEIPT.TXT; prompt-hex<-hex('\ue00e\ue000丶p{ƎŃz\x93ăs9'..200ch); ins@1157:b'\x00'
F-02146	5c67107dd4a514a7809ab4375dade68090c5c1a744272cd82f732b67f67c7644	1	REJECT_CLEAN	0	VERIFY FAIL — malformed receipt: prompt-hex: byte pair 12 splits a multi-byte character		1	REJECT_CLEAN	0	VERIFY FAIL — strict: byte 279: 0xe2 is not printable ASCII or LF		qemu_lookup/RECEIPT2.TXT; rep@597:0x07; prompt-hex<-hex("丰丆!ŵ\ue008GvĚ'>\ue00f😎"..60ch); ins@279:b'\xe2\x80\xae'
F-02147	36c42fc3838fada436a1c3f6b0ee2d560e9f9faec2c8a2b32bfdbcccfc91ebfe	1	REJECT_CLEAN	0	FAIL artifact: VOCAB hash mismatch (receipt xxxxxxxxxxxxxxxx vs local a4cafc9649488987)		1	REJECT_CLEAN	0	VERIFY FAIL — strict: line 4 (vocab): expected 64 lower-case hex digits		qemu_calc/RECEIPT2.TXT; vocab<-'xxxxxxxxxxxx'
F-02148	f612fbd10b2a87013f60ccf43689b5641e547176106056865164b1a52a64c5aa	1	REJECT_CLEAN	0	VERIFY FAIL — malformed receipt: not valid UTF-8		1	REJECT_CLEAN	0	VERIFY FAIL — strict: byte 31: 0xaa is not printable ASCII or LF		qemu_lookup/RECEIPT2.TXT; prompt-hex<-hex('3'..1ch); del[289:316]; rep@31:0xaa
F-02149	2e5fed0f0b5525deb6b57760d00aba6c3b10621c82a8b768bacc190ce622b42a	1	REJECT_CLEAN	0	VERIFY FAIL — replay diverged from the receipt		1	REJECT_CLEAN	0	VERIFY FAIL — strict: line 10 (cis-digest): expected 16 lower-case hex digits		qemu_calc_words/RECEIPT.TXT; cis-digest<-'ffffffffffff'
F-02150	adb6c0432272effd497eb70b67c0d2ed4a03f9118cd14fbf16e38ff479274a95	1	REJECT_CLEAN	0	FAIL artifact: VOCAB hash mismatch (receipt a4cafc9649488987 vs local a4cafc9649488987)		1	REJECT_CLEAN	0	VERIFY FAIL — strict: line 4 (vocab): expected 64 lower-case hex digits		qemu_calc_words/RECEIPT2.TXT; ins@214:b'999999999999999999999999999999'
F-02151	559aead08264d5795d3909718cdd05abd49572e84fe55590eef31a88a08fdffd	1	REJECT_CLEAN	0	FAIL artifact: VOCAB hash mismatch (receipt  vs local a4cafc9649488987)		1	REJECT_CLEAN	0	VERIFY FAIL — strict: no newline after the last line (exactly one is required)		qemu_receipt/RECEIPT.TXT; trunc@1
F-02152	e50b6c6c1804000cb28d1450d36ee39163d87bc505dad1c265716535dd69bded	1	REJECT_CLEAN	0	FAIL artifact: VOCAB hash mismatch (receipt a4cafc9649488987 vs local a4cafc9649488987)		1	REJECT_CLEAN	0	VERIFY FAIL — strict: no newline after the last line (exactly one is required)		qemu_unknown_tool/RECEIPT.TXT; prompt-toks<-'-'; trunc@220; swap2/1
F-02153	d464aa588db4389dbe3388f341b1a588edd9048e2d1666623eb695c9ba957914	1	REJECT_CLEAN	0	VERIFY FAIL — malformed receipt: not valid UTF-8		1	REJECT_CLEAN	0	VERIFY FAIL — strict: byte 132: 0xdb is not printable ASCII or LF		qemu_everyday/RECEIPT.TXT; prompt-hex<-hex('0'..1ch); rep@132:0xdb; ins@251:b'\xc3'
F-02154	fc13b7691c766c31c6c66ef768ce4a1421fa956926c89a6c545f2d5aaebbd524	1	REJECT_CLEAN	0	VERIFY FAIL — replay diverged from the receipt		1	REJECT_CLEAN	0	VERIFY FAIL — strict: line 10: duplicate key "prompt-toks", canonical order expects "cis-digest"		qemu_calc/RECEIPT2.TXT; maxtok<-100; cis-digest<-'1 2'; dupline6
F-02155	609ec2a9cc9b4d88e3dcba6abeb15e10433dd8d90905e74eea9848e4fbbca173	1	REJECT_CLEAN	0	VERIFY FAIL — replay diverged from the receipt		1	REJECT_CLEAN	0	VERIFY FAIL — strict: byte 624: carriage return (CRLF line endings are not canonical)		qemu_calc/RECEIPT2.TXT; trunc@523; ins@504:b'\r'; prompt-hex<-hex('o\x17丿😖\ue002!Ŕ̳\\\x8aJ义'..60ch)
F-02156	c7ecfe27022f7fc985b179bce9cd081ef57fb738552e2e63615233e91dbd5334	1	REJECT_CLEAN	0	VERIFY FAIL — malformed receipt: prompt-hex: byte pair 0 splits a multi-byte character		1	REJECT_CLEAN	0	VERIFY FAIL — strict: byte 255: 0xe2 is not printable ASCII or LF		qemu_abstain/RECEIPT.TXT; prompt-hex<-'\u202e'
F-02157	363a695dfe46655de80da1ee1843b4af0d52efe15fa999a55715ff001161480f	1	REJECT_CLEAN	0	VERIFY FAIL — replay diverged from the receipt		1	REJECT_CLEAN	0	VERIFY FAIL — strict: no newline after the last line (exactly one is required)		qemu_lookup/RECEIPT.TXT; trunc@267; prompt-hex<-hex('\x83'..1ch); prompt-hex<-hex('\ue007A'..2ch)
F-02158	7a2a91124dca04f3698ad45748e4aa3c93ce62361302a1de731e24aba5d345c6	1	REJECT_CLEAN	0	VERIFY FAIL — receipt inputs cannot be replayed: prompt (23) + max_new (2147483648) exceeds max_position_embeddings (512)		1	REJECT_CLEAN	0	VERIFY FAIL — receipt inputs cannot be replayed: prompt (23) + max_new (2147483648) exceeds max_position_embeddings (512)		qemu_everyday/RECEIPT.TXT; prompt-hex<-hex('😁&Ʊ😇😓两😎\x0e'..8ch); maxtok<-2147483648
F-02159	3e37dfdbabe7b2b252165791ae2221993495eecb7528021289ea11d677eca79b	1	REJECT_CLEAN	0	VERIFY FAIL — receipt inputs cannot be replayed: prompt (31) + max_new (512) exceeds max_position_embeddings (512)		1	REJECT_CLEAN	0	VERIFY FAIL — strict: line 9: key out of order "chain", canonical order expects "token-ids"		qemu_calc/RECEIPT2.TXT; maxtok<-512; dupline10
F-02160	13ba93b30fe3bcf6bbb3d93fb41aaeb5920a696b817ac8d6c8a02944be60124e	1	REJECT_CLEAN	0	FAIL artifact: VOCAB hash mismatch (receipt  vs local a4cafc9649488987)		1	REJECT_CLEAN	0	VERIFY FAIL — strict: blank line at the end (exactly one trailing newline is required)		garbage:newlines
F-02161	74e630a7bda71f60ab19a0ed73061077c79e494f9c4aa2c9a3efaaeca2a1a975	1	REJECT_CLEAN	0	VERIFY FAIL — malformed receipt: prompt-hex does not decode to UTF-8 text		1	REJECT_CLEAN	0	VERIFY FAIL — strict: line 6 (prompt-hex): does not decode to UTF-8 text		qemu_unknown_tool/RECEIPT.TXT; prompt-hex<-hex(':̩Ɋ-😒乆(Ʌ\x9d3\x99\x10'..700ch); prompt-hex<-'ff'
F-02162	8230bfb75f6846662bfe38411eaee581fcfaea39cf1ab61df1437f23c011a459	1	REJECT_CLEAN	0	VERIFY FAIL — replay diverged from the receipt		1	REJECT_CLEAN	0	VERIFY FAIL — strict: gen-toks 23 does not equal the token-ids count 20		qemu_lookup/RECEIPT2.TXT; del[547:558]; prompt-hex<-hex('̟'..1ch)
F-02163	8be8fa54dda58ec403d2c0ac94ee2580917880891714e42dddd5299b4878c0a2	1	REJECT_CLEAN	0	FAIL artifact: MODEL hash mismatch (receipt +1 vs local a44e48965c641b81)		1	REJECT_CLEAN	0	VERIFY FAIL — strict: line 2 (model): expected 64 lower-case hex digits		qemu_calc/RECEIPT.TXT; model<-'+1'
F-02164	074c34442b169a806f998dc56493be6b728f813d2f194172c58d7e2336435b9b	1	REJECT_CLEAN	0	VERIFY FAIL — malformed receipt: maxtok is not an unsigned integer		1	REJECT_CLEAN	0	VERIFY FAIL — strict: line 5 (maxtok): expected a decimal integer without sign or leading zeros		qemu_calc/RECEIPT2.TXT; maxtok<-18446744073709551617
F-02165	9d5e7f6e1c5dc3eabe2dc3eea3711a33d76190b83a5397d613dd1afc59a2f72b	1	REJECT_CLEAN	0	FAIL artifact: VOCAB hash mismatch (receipt a4cafc9649488987 vs local a4cafc9649488987)		1	REJECT_CLEAN	0	VERIFY FAIL — strict: no newline after the last line (exactly one is required)		qemu_self/RECEIPT.TXT; trunc@192; AEGIS-WITNESS<-'-1'
F-02166	59a03059d25ebfafcff61d90fb05fef7c16840eb594b78c10cc72a22ff6276be	1	REJECT_CLEAN	0	VERIFY FAIL — malformed receipt: prompt-hex does not decode to UTF-8 text		1	REJECT_CLEAN	0	VERIFY FAIL — strict: line 6 (prompt-hex): expected non-empty lower-case hex of even length		qemu_calc_words/RECEIPT2.TXT; del[306:343]; maxtok<-9223372036854775807
F-02167	24da866111a5f1e0183d100e31be7662c06a9427680593e6a4ede2166f4f540b	1	REJECT_CLEAN	0	VERIFY FAIL — receipt inputs cannot be replayed: prompt (9) + max_new (4096) exceeds max_position_embeddings (512)		1	REJECT_CLEAN	0	VERIFY FAIL — receipt inputs cannot be replayed: prompt (9) + max_new (4096) exceeds max_position_embeddings (512)		qemu_unknown_tool/RECEIPT.TXT; maxtok<-100; maxtok<-4096
F-02168	0590a76a2ad1f4096ee7b3cdeb10ee8b0edc57c0f4b82dce10951b37da3aa887	1	REJECT_CLEAN	0	VERIFY FAIL — malformed receipt: not valid UTF-8		1	REJECT_CLEAN	0	VERIFY FAIL — strict: byte 2473: 0xcc is not printable ASCII or LF		qemu_abstain/RECEIPT.TXT; prompt-hex<-hex('MZ\x13͎͒丁\ue006😅̈́~\x8dM'..700ch); rep@2473:0xcc
F-02169	5378de2c9d863b6a4886803f236ff86a57281e4c58beb8393d4d6042be350ac7	1	REJECT_CLEAN	0	VERIFY FAIL — replay diverged from the receipt		1	REJECT_CLEAN	0	VERIFY FAIL — strict: no newline after the last line (exactly one is required)		qemu_abstain/RECEIPT.TXT; trunc@416; dupline2
F-02170	7fd06185dc0912cd003ed0d96e39b03f77e838d8e4aa213f6df1dd6447adef91	0	ACCEPT	0	VERIFY PASS — replay reproduced 25 tokens, the token digest, and the full logit chain bit-for-bit		1	REJECT_CLEAN	0	VERIFY FAIL — strict: line 3: key out of order "prompt-hex", canonical order expects "embed"		qemu_abstain/RECEIPT.TXT; dupline5
F-02171	6c1edf784cfaa7fc97cf29a60134f460429b1f4be577d72d4292e2bf51b006c3	1	REJECT_CLEAN	0	VERIFY FAIL — malformed receipt: maxtok is not an unsigned integer		1	REJECT_CLEAN	0	VERIFY FAIL — strict: line 5 (maxtok): expected a decimal integer without sign or leading zeros		qemu_calc_words/RECEIPT.TXT; maxtok<-'1 2'
F-02172	33e024720c476fd6bb19faeab947538ef4ed599af42cfabc930decfe9f666c1f	1	REJECT_CLEAN	0	FAIL artifact: VOCAB hash mismatch (receipt  vs local a4cafc9649488987)		1	REJECT_CLEAN	0	VERIFY FAIL — strict: no newline after the last line (exactly one is required)		qemu_calc_words/RECEIPT.TXT; del[78:91]; trunc@46
F-02173	766f50e13000926fa90a2ccec302f8fa89fe895142099fd86c293551b1c01b57	1	REJECT_CLEAN	0	VERIFY FAIL — malformed receipt: not valid UTF-8		1	REJECT_CLEAN	0	VERIFY FAIL — strict: byte 51: 0xc3 is not printable ASCII or LF		qemu_receipt/RECEIPT.TXT; ins@51:b'\xc3'; ins@119:b'+'
F-02174	2a8ce5ff7140185f4756ec5a036105a5b4765b9c228876d3ce3c06fe71738fbc	1	REJECT_CLEAN	0	VERIFY FAIL — malformed receipt: maxtok is not an unsigned integer		1	REJECT_CLEAN	0	VERIFY FAIL — strict: line 5 (maxtok): expected a decimal integer without sign or leading zeros		qemu_receipt/RECEIPT.TXT; rep@302:0x20; maxtok<-18446744073709551616
F-02175	cf234285ff5202f4135adf46d71c3b7f9e4ba16b79ba47560a0396d2f93b6faf	1	REJECT_CLEAN	0	VERIFY FAIL — replay diverged from the receipt		1	REJECT_CLEAN	0	VERIFY FAIL — strict: no newline after the last line (exactly one is required)		qemu_unknown_tool/RECEIPT.TXT; trunc@311; dupline3
F-02176	0f0a462bc306ac827c865dfa77bcc10b156f3b05859f88c412d18c41aef1de0c	1	REJECT_CLEAN	0	VERIFY FAIL — malformed receipt: not valid UTF-8		1	REJECT_CLEAN	0	VERIFY FAIL — strict: byte 91: 0xb3 is not printable ASCII or LF		qemu_calc_words/RECEIPT.TXT; rep@91:0xb3; maxtok<-4096
F-02177	0704827f188d0f94df189ec9e4cac04e5083523ab2b13c1f0e464679b1f717e5	1	REJECT_CLEAN	0	VERIFY FAIL — replay diverged from the receipt		1	REJECT_CLEAN	0	VERIFY FAIL — strict: line 2: key out of order "cis-digest", canonical order expects "model"		qemu_calc_words/RECEIPT.TXT; dupline9; prompt-hex<-'184467440737'
F-02178	45973ef735afd66fec6cf4f564ed9a711c8ffd39cf41362076e7ffc45e194848	1	REJECT_CLEAN	0	VERIFY FAIL — malformed receipt: prompt-hex does not decode to UTF-8 text		1	REJECT_CLEAN	0	VERIFY FAIL — strict: line 6 (prompt-hex): expected non-empty lower-case hex of even length		qemu_calc/RECEIPT.TXT; del[389:397]; prompt-hex<-hex('ġ丝😟\x97\x18\ue00f̬N😕F̭c'..200ch); del[265:300]
F-02179	7c0cb5dc34514f1664a07b533d6ba8f19391be486d02c128ba835df1c543f1d0	0	ACCEPT	0	VERIFY PASS — replay reproduced 9 tokens, the token digest, and the full logit chain bit-for-bit		1	REJECT_CLEAN	0	VERIFY FAIL — strict: line 1: header must be exactly "AEGIS-WITNESS v1-CIS"		qemu_calc/RECEIPT.TXT; swap9/0
F-02180	2b6637f9ca6cfc7ca5debd82a04c72480acb6c2711d81395c2b434a6b02c9e8b	1	REJECT_CLEAN	0	VERIFY FAIL — replay diverged from the receipt		1	REJECT_CLEAN	0	VERIFY FAIL — strict: no newline after the last line (exactly one is required)		qemu_self/RECEIPT.TXT; maxtok<-16; trunc@279; dupline3
F-02181	98a55700ba46064332e30935b0ea5dd53118b8e57345706449e8039ccc420134	1	REJECT_CLEAN	0	VERIFY FAIL — receipt inputs cannot be replayed: prompt (41) + max_new (500) exceeds max_position_embeddings (512)		1	REJECT_CLEAN	0	VERIFY FAIL — strict: line 2: key out of order "embed", canonical order expects "model"		qemu_lookup/RECEIPT2.TXT; swap1/2; maxtok<-500
F-02182	d1045774cdab42ef47c2b9eba4091ebbe9bd4e684e8a701c3e2f3661aae6599f	1	REJECT_CLEAN	0	VERIFY FAIL — receipt inputs cannot be replayed: prompt (41) + max_new (1000) exceeds max_position_embeddings (512)		1	REJECT_CLEAN	0	VERIFY FAIL — strict: byte 495: 0x09 is not printable ASCII or LF		qemu_lookup/RECEIPT2.TXT; maxtok<-1000; prompt-toks<-'\t'; dupline0
F-02183	b364767e4f3a875dc02d187c9312861c9101d928ab750c93499f5e4d32e32766	0	ACCEPT	0	VERIFY PASS — replay reproduced 7 tokens, the token digest, and the full logit chain bit-for-bit		1	REJECT_CLEAN	0	VERIFY FAIL — strict: line 1: header must be exactly "AEGIS-WITNESS v1-CIS"		qemu_calc_words/RECEIPT2.TXT; AEGIS-WITNESS<-'4294967296'; gen-toks<-',,'; dupline1
F-02184	b5d70e106ced08ee28db413e6e59328ab0bcdc816ffe788cc4d4a4c05040b035	1	REJECT_CLEAN	0	VERIFY FAIL — replay diverged from the receipt		1	REJECT_CLEAN	0	VERIFY FAIL — strict: line 11: expected "chain <value>"		qemu_unknown_tool/RECEIPT.TXT; ins@513:b'\n'
F-02185	548610fe718551d1e5b183f0d23eb5f6f63deb5d36a7db1abb3ec8908cc24406	0	ACCEPT	0	VERIFY PASS — replay reproduced 8 tokens, the token digest, and the full logit chain bit-for-bit		1	REJECT_CLEAN	0	VERIFY FAIL — strict: line 9: duplicate key "model", canonical order expects "token-ids"		qemu_calc_words/RECEIPT.TXT; dupline1
F-02186	829caabeae120d61f02be88fb2ad973acc808dae064c7326b7934ce5c9dea431	1	REJECT_CLEAN	0	VERIFY FAIL — replay diverged from the receipt		1	REJECT_CLEAN	0	VERIFY FAIL — strict: byte 476: 0xc3 is not printable ASCII or LF		qemu_calc_words/RECEIPT2.TXT; chain<-'éé'; maxtok<-300
F-02187	5f0ddb0154c4c3abe4c56dd815a2208cff4368eb15284fe09584a93fe067f215	1	REJECT_CLEAN	0	VERIFY FAIL — replay diverged from the receipt		1	REJECT_CLEAN	0	VERIFY FAIL — strict: line 10 (cis-digest): expected 16 lower-case hex digits		qemu_calc_words/RECEIPT2.TXT; cis-digest<-'-1'
F-02188	d3c0532afc9cae6e47d29d34e6ab7af24dde032a5ea28eca2b4f87df7dc30500	1	REJECT_CLEAN	0	VERIFY FAIL — replay diverged from the receipt		1	REJECT_CLEAN	0	VERIFY FAIL — strict: byte 441: 0xc3 is not printable ASCII or LF		qemu_abstain/RECEIPT.TXT; prompt-hex<-hex('临\x99ȩ'..3ch); rep@13:0x65; chain<-'aéé'
F-02189	1b5e8a1aac24ae9a7230d0f6d39cefc53f039656cff6b27a2607d1610fa5e8ac	1	REJECT_CLEAN	0	FAIL artifact: VOCAB hash mismatch (receipt  vs local a4cafc9649488987)		1	REJECT_CLEAN	0	VERIFY FAIL — strict: no newline after the last line (exactly one is required)		qemu_calc_words/RECEIPT2.TXT; trunc@402; ins@383:b'\r'; trunc@127
F-02190	922a5ef16fa0ddd228b3198049b8529ca0f479d39f3de64a544e3147942c046e	1	REJECT_CLEAN	0	VERIFY FAIL — replay diverged from the receipt		1	REJECT_CLEAN	0	VERIFY FAIL — replay diverged from the receipt		qemu_abstain/RECEIPT.TXT; prompt-hex<-hex('\x7f`'..2ch)
F-02191	1591f0abf1bda7f51de18d03b6e9f6dba91f49e94be35184e8e3036b64f22bc3	1	REJECT_CLEAN	0	VERIFY FAIL — replay diverged from the receipt		1	REJECT_CLEAN	0	VERIFY FAIL — strict: line 2: key out of order "token-ids", canonical order expects "model"		qemu_calc_words/RECEIPT2.TXT; dupline8; prompt-hex<-hex('丳j:\ue006\ue005\x10😊ä\t\ue00f\ue00d\x11'..60ch); chain<-',,'
F-02192	21c3526676a4a86e0df7d6ce445cc21b2491284964869a7c909266549a77dfd6	0	ACCEPT	0	VERIFY PASS — replay reproduced 9 tokens, the token digest, and the full logit chain bit-for-bit		1	REJECT_CLEAN	0	VERIFY FAIL — strict: line 3: key out of order "chain", canonical order expects "embed"		qemu_calc/RECEIPT2.TXT; dupline10; dupline6
F-02193	c424bffbc96b70106a014cda26db151b5ab4fce3ba49519972fce18ef5b7dfb1	1	REJECT_CLEAN	0	VERIFY FAIL — replay diverged from the receipt		1	REJECT_CLEAN	0	VERIFY FAIL — strict: line 4: key out of order "cis-digest", canonical order expects "vocab"		qemu_everyday/RECEIPT.TXT; swap3/9; prompt-hex<-hex('̟ȝ¯g\x9d\ue004h_临̎\x9c\ue004'..20ch); del[176:198]
F-02194	bc4475b93f4b26dc4894cb106328a4e027be89e1ebd17b9f5365a3df54d8b245	1	REJECT_CLEAN	0	VERIFY FAIL — replay diverged from the receipt		1	REJECT_CLEAN	0	VERIFY FAIL — strict: line 9 (token-ids): expected comma-separated canonical decimal u32 ids		qemu_everyday/RECEIPT.TXT; token-ids<-',,'
F-02195	fe2692897079ae37e1a4b5674d40f6073ef0381d0c297baee2325d0e614da3ea	1	REJECT_CLEAN	0	FAIL artifact: MODEL hash mismatch (receipt - vs local a44e48965c641b81)		1	REJECT_CLEAN	0	VERIFY FAIL — strict: line 2 (model): expected 64 lower-case hex digits		qemu_unknown_tool/RECEIPT.TXT; model<-'-'; swap7/10
F-02196	51daf9bbaf4d7e81b2a3aff0a8b0bc39c1694e0b90a82dd7ec27ceabcfe23734	1	REJECT_CLEAN	0	FAIL artifact: VOCAB hash mismatch (receipt .4cafc9649488987 vs local a4cafc9649488987)		1	REJECT_CLEAN	0	VERIFY FAIL — strict: line 4 (vocab): expected 64 lower-case hex digits		qemu_calc/RECEIPT2.TXT; rep@169:0x2e; dupline2
F-02197	86c14e8521ef77977dd73ef893ba4649ee328884024a2e090ec4b6715714e33e	1	REJECT_CLEAN	0	VERIFY FAIL — replay diverged from the receipt		1	REJECT_CLEAN	0	VERIFY FAIL — strict: line 10 (cis-digest): expected 16 lower-case hex digits		qemu_calc_words/RECEIPT2.TXT; cis-digest<-' '
F-02198	0ecd0a8f0736969154a6ff6cd78da3b7051ca8ae3ff23f05e7eb00ef920e3133	1	REJECT_CLEAN	0	VERIFY FAIL — receipt inputs cannot be replayed: prompt (1452) + max_new (3) exceeds max_position_embeddings (512)		1	REJECT_CLEAN	0	VERIFY FAIL — strict: line 11 (chain): expected 64 lower-case hex digits		qemu_everyday/RECEIPT.TXT; ins@437:b','; prompt-hex<-hex('\x0bͧ\x1b\x1e\x18m\ue00f\x9d_\x06Ɠ:'..700ch)
F-02199	65745e30d06db81e40a7905d29787b5d2aa36391da5c55bb1374f60dc0c8a1ed	1	REJECT_CLEAN	0	VERIFY FAIL — receipt inputs cannot be replayed: prompt (41) + max_new (500) exceeds max_position_embeddings (512)		1	REJECT_CLEAN	0	VERIFY FAIL — strict: line 1: header must be exactly "AEGIS-WITNESS v1-CIS"		qemu_lookup/RECEIPT2.TXT; swap3/0; maxtok<-500
F-02200	7b12318a78a2c8c54d584dc870cf889f1104133435063ce69a52cbe4ad866408	1	REJECT_CLEAN	0	VERIFY FAIL — malformed receipt: not valid UTF-8		1	REJECT_CLEAN	0	VERIFY FAIL — strict: byte 1: 0xe0 is not printable ASCII or LF		garbage:rand
F-02201	8808ba2ff5ec17409148bd6c9e6705e713e0556da2a30b48aa0e73f99555402d	1	REJECT_CLEAN	0	VERIFY FAIL — malformed receipt: token id "1+504" is not an unsigned 32-bit integer		1	REJECT_CLEAN	0	VERIFY FAIL — strict: line 9 (token-ids): expected comma-separated canonical decimal u32 ids		qemu_lookup/RECEIPT2.TXT; ins@547:b'+'; prompt-hex<-hex('Ü\ue001:\ue006͞'..5ch); prompt-hex<-hex('r😙n\x8a\x81\x96\x02\x0c<\x8b😄😏'..60ch)
F-02202	e57222f39c83b13883dac81cff9d278cc6c402ee7d5f2c6265295685324cac11	1	REJECT_CLEAN	0	VERIFY FAIL — malformed receipt: token id "7549\0" is not an unsigned 32-bit integer		1	REJECT_CLEAN	0	VERIFY FAIL — strict: byte 357: 0x00 is not printable ASCII or LF		qemu_lookup/RECEIPT.TXT; ins@357:b'\x00'
F-02203	23cb6706ff44156d2985adfb3871268cc00e1dd974c76dd356a2bfb53ea86bfd	1	REJECT_CLEAN	0	VERIFY FAIL — receipt inputs cannot be replayed: prompt (14) + max_new (511) exceeds max_position_embeddings (512)		1	REJECT_CLEAN	0	VERIFY FAIL — strict: line 7: duplicate key "vocab", canonical order expects "prompt-toks"		qemu_self/RECEIPT.TXT; maxtok<-511; prompt-hex<-hex('\x9eȅ😙̉😘'..5ch); dupline3
F-02204	d6157322d6860780fd8ab98101824c676e92292d850a01a05047c8ce16fb952e	1	REJECT_CLEAN	0	FAIL artifact: VOCAB hash mismatch (receipt  vs local a4cafc9649488987)		1	REJECT_CLEAN	0	VERIFY FAIL — strict: no newline after the last line (exactly one is required)		qemu_unknown_tool/RECEIPT.TXT; del[468:475]; trunc@113
F-02205	435e3e0f1b0258b0711ff6d3342b8d33b148190f01ec5e9454f8d2b109e8c460	1	REJECT_CLEAN	0	VERIFY FAIL — replay diverged from the receipt		1	REJECT_CLEAN	0	VERIFY FAIL — replay diverged from the receipt		qemu_receipt/RECEIPT.TXT; prompt-hex<-hex('\x06丿$ͥ\ue008͊Éȫ\ue00d2\x89\x92'..20ch)
F-02206	5aaf5916a72bb2bf6d8de286aaa8754ca23a83cb1df4eaf7874d14188e3a5b06	1	REJECT_CLEAN	0	VERIFY FAIL — replay diverged from the receipt		1	REJECT_CLEAN	0	VERIFY FAIL — strict: byte 14: 0x00 is not printable ASCII or LF		qemu_calc/RECEIPT2.TXT; prompt-hex<-hex('ªU\ue010\ue009\x9e\x84ͅ\ue00d̽͡\ue002\n'..700ch); prompt-hex<-hex('\x83s'..2ch); AEGIS-WITNESS<-'\x00'
F-02207	4aad06813d44d2424e6b3ad56d6287b40b47220a21e01b8a72e4f66f196a4612	1	REJECT_CLEAN	0	VERIFY FAIL — malformed receipt: not valid UTF-8		1	REJECT_CLEAN	0	VERIFY FAIL — strict: byte 149: 0xdb is not printable ASCII or LF		qemu_lookup/RECEIPT.TXT; prompt-hex<-hex('͏̓\ue00ẹ̈\x00\ue007\x95I\ue00c9丗'..60ch); rep@149:0xdb; prompt-hex<-'1,2,'
F-02208	12373d9f6c0ba0a66e3f78901beaa9bef021dcbcd4e41734cf6d070d493b9119	1	REJECT_CLEAN	0	VERIFY FAIL — replay diverged from the receipt		1	REJECT_CLEAN	0	VERIFY FAIL — strict: line 10: expected "cis-digest <value>"		qemu_calc_words/RECEIPT2.TXT; prompt-hex<-hex("'Ʋ~😓̟v\ue009\x03&\ue00a\ue009乎"..60ch); del[558:598]
F-02209	2bbde37e1b3f13f7ebb76d225ffcc3888aa73cd4062923d1ad1997d0139d18b6	1	REJECT_CLEAN	0	VERIFY FAIL — malformed receipt: maxtok is not an unsigned integer		1	REJECT_CLEAN	0	VERIFY FAIL — strict: byte 98: 0xe2 is not printable ASCII or LF		qemu_calc_words/RECEIPT2.TXT; embed<-'\u202e'; ins@181:b'Z'; trunc@355
F-02210	3606776076cb85d3921d9c72f34084909ce812a88c195c686e3395603a5e4483	1	REJECT_CLEAN	0	VERIFY FAIL — malformed receipt: token id "\u{16}4" is not an unsigned 32-bit integer		1	REJECT_CLEAN	0	VERIFY FAIL — strict: byte 1274: 0x16 is not printable ASCII or LF		qemu_self/RECEIPT.TXT; prompt-hex<-hex('͒£乐NɌ\x9d丮̶'..8ch); prompt-hex<-hex(":\ue005¦\ue009ͯ😈'\x19\t\x9fÙ\ue006"..200ch); rep@1274:0x16
F-02211	fc99400c858fca9ad2f4a58221a4dc893e5ba9973c539d9ef15edeaeb6b6563b	1	REJECT_CLEAN	0	VERIFY FAIL — malformed receipt: not valid UTF-8		1	REJECT_CLEAN	0	VERIFY FAIL — strict: byte 427: 0xc7 is not printable ASCII or LF		qemu_unknown_tool/RECEIPT.TXT; rep@427:0xc7
F-02212	34315a09f10d0f6be6ee9e7a4ba119fd34125867a5153cad8221a2f006cc0b5b	1	REJECT_CLEAN	0	VERIFY FAIL — replay diverged from the receipt		1	REJECT_CLEAN	0	VERIFY FAIL — strict: line 1: header must be exactly "AEGIS-WITNESS v1-CIS"		qemu_lookup/RECEIPT.TXT; swap0/10; chain<-'ffffffffffff'
F-02213	e9e4603954de8a966bf34a20ccf72e93f2cfd1142f305553c2739058ae2da3a6	0	ACCEPT	0	VERIFY PASS — replay reproduced 7 tokens, the token digest, and the full logit chain bit-for-bit		1	REJECT_CLEAN	0	VERIFY FAIL — strict: line 8 (gen-toks): expected a decimal integer without sign or leading zeros		qemu_lookup/RECEIPT.TXT; gen-toks<-','; dupline11
F-02214	1f6022c134818004db6895df88695656622daae14905d5e2e25838629e558113	1	REJECT_CLEAN	0	VERIFY FAIL — replay diverged from the receipt		1	REJECT_CLEAN	0	VERIFY FAIL — strict: line 10: unknown key "cis-diges+t", canonical order expects "cis-digest"		qemu_everyday/RECEIPT.TXT; ins@382:b'+'
F-02215	9418b263d1f16b9fb8e1efd06114203fe5840e7aca9ec73efd154378eb509d68	1	REJECT_CLEAN	0	FAIL artifact: MODEL hash mismatch (receipt  vs local a44e48965c641b81)		1	REJECT_CLEAN	0	VERIFY FAIL — strict: line 1: header must be exactly "AEGIS-WITNESS v1-CIS"		qemu_calc_words/RECEIPT2.TXT; dupline9; prompt-hex<-hex('\x14😘\x0c\x87\x8e'..5ch); del[5:22]
F-02216	fdbd0c76a2aa4eb66edb46a6caf088bac05ab71502b573322603697ea50c09d5	1	REJECT_CLEAN	0	VERIFY FAIL — replay diverged from the receipt		1	REJECT_CLEAN	0	VERIFY FAIL — strict: line 1: header must be exactly "AEGIS-WITNESS v1-CIS"		qemu_calc_words/RECEIPT2.TXT; prompt-hex<-hex('\x17'..1ch); del[1:17]; maxtok<-100
F-02217	47065450bd619bd77a60daf5bbb5958830ca162bad6e4042e9460e8a93bbba77	1	REJECT_CLEAN	0	FAIL artifact: VOCAB hash mismatch (receipt  vs local a4cafc9649488987)		1	REJECT_CLEAN	0	VERIFY FAIL — strict: no newline after the last line (exactly one is required)		qemu_lookup/RECEIPT2.TXT; trunc@157
F-02218	af2b69d6e7d1d6619a03c97eadd322217eda32703d71365e1958f45c55545311	1	REJECT_CLEAN	0	FAIL artifact: VOCAB hash mismatch (receipt +1 vs local a4cafc9649488987)		1	REJECT_CLEAN	0	VERIFY FAIL — strict: line 4 (vocab): expected 64 lower-case hex digits		qemu_abstain/RECEIPT.TXT; vocab<-'+1'
F-02219	fd70443fab650bde1fa35b37c69374bc474ddf8a8a061e135461508a78a2f8af	1	REJECT_CLEAN	0	VERIFY FAIL — malformed receipt: maxtok is not an unsigned integer		1	REJECT_CLEAN	0	VERIFY FAIL — strict: byte 242: 0xc3 is not printable ASCII or LF		qemu_everyday/RECEIPT.TXT; maxtok<-'aéé'
F-02220	39c115ea28ec0f9bae1d5303abe6daadf82acebba6e8199984dae6526b7b6de0	1	REJECT_CLEAN	0	VERIFY FAIL — malformed receipt: token id "18446744073709551616" is not an unsigned 32-bit integer		1	REJECT_CLEAN	0	VERIFY FAIL — strict: line 9 (token-ids): expected comma-separated canonical decimal u32 ids		qemu_calc_words/RECEIPT.TXT; token-ids<-'184467440737'
F-02221	4a6a497eda2671a2704afc246e0685400149082156e93fecbc3526475edefc82	1	REJECT_CLEAN	0	VERIFY FAIL — malformed receipt: prompt-hex does not decode to UTF-8 text		1	REJECT_CLEAN	0	VERIFY FAIL — strict: line 6 (prompt-hex): expected non-empty lower-case hex of even length		qemu_abstain/RECEIPT.TXT; prompt-hex<-hex('i̺\x95\ue00a严中̹\ue00d丷\ue003\ue00b5'..200ch); rep@958:0x0a; maxtok<-100
F-02222	b14600928de6093eccea2585548632e633a76da3ee58b9c6dd740f42cbd69ac1	1	REJECT_CLEAN	0	VERIFY FAIL — malformed receipt: token id "V243" is not an unsigned 32-bit integer		1	REJECT_CLEAN	0	VERIFY FAIL — strict: line 9 (token-ids): expected comma-separated canonical decimal u32 ids		qemu_receipt/RECEIPT.TXT; rep@595:0x56
F-02223	62899d9c48640ee1e1a46642651e418b0a778f1255f6f39322427b3decabc0b1	0	ACCEPT	0	VERIFY PASS — replay reproduced 35 tokens, the token digest, and the full logit chain bit-for-bit		1	REJECT_CLEAN	0	VERIFY FAIL — strict: byte 7: carriage return (CRLF line endings are not canonical)		qemu_unknown_tool/RECEIPT.TXT; ins@7:b'\r\n'; dupline9
F-02224	d67c809a425c9a67089ed731490377db15cf254cfc5169d86448765c95707ceb	1	REJECT_CLEAN	0	VERIFY FAIL — replay diverged from the receipt		1	REJECT_CLEAN	0	VERIFY FAIL — replay diverged from the receipt		qemu_calc_words/RECEIPT2.TXT; maxtok<-1
F-02225	41c1d7fcff970e89f4f64056504822f1891139e9d6d79d678b5409d73432bfdd	0	ACCEPT	0	VERIFY PASS — replay reproduced 7 tokens, the token digest, and the full logit chain bit-for-bit		1	REJECT_CLEAN	0	VERIFY FAIL — strict: line 10: duplicate key "maxtok", canonical order expects "cis-digest"		qemu_lookup/RECEIPT.TXT; dupline4
F-02226	b06131454e53b702ea3a80a3a75ba022f3946eca36477f7c78f7576b1712ef12	1	REJECT_CLEAN	0	FAIL artifact: VOCAB hash mismatch (receipt a4cafc9649488987 vs local a4cafc9649488987)		1	REJECT_CLEAN	0	VERIFY FAIL — strict: no newline after the last line (exactly one is required)		qemu_calc_words/RECEIPT.TXT; prompt-hex<-hex('\x12\x97😚'..3ch); trunc@231
F-02227	bc9d8df75348bfe43dbb957f2151aa5f797c613484af62e3c88059bd9794ba1a	1	REJECT_CLEAN	0	VERIFY FAIL — replay diverged from the receipt		1	REJECT_CLEAN	0	VERIFY FAIL — replay diverged from the receipt		qemu_unknown_tool/RECEIPT.TXT; maxtok<-7
F-02228	052a6ba43cac54d7855fd06b1981caa79ed1ce8f55eface0718234b72fa93156	1	REJECT_CLEAN	0	VERIFY FAIL — malformed receipt: prompt-hex does not decode to UTF-8 text		1	REJECT_CLEAN	0	VERIFY FAIL — strict: line 6 (prompt-hex): expected non-empty lower-case hex of even length		qemu_everyday/RECEIPT.TXT; del[322:354]
F-02229	0b33c01a7e25a680b66c9f2457e5bd74b139b437e868575258ba1a8ef3519832	1	REJECT_CLEAN	0	FAIL artifact: EMBED hash mismatch (receipt 8cbcd6b69df03539 vs local 8cbcd6b69df03539)		1	REJECT_CLEAN	0	VERIFY FAIL — strict: line 3 (embed): expected 64 lower-case hex digits		qemu_self/RECEIPT.TXT; prompt-hex<-hex('\x16\ue004C3\ue00b'..5ch); del[135:141]
F-02230	d221b0f1c45e4c44b1126ebd2ef8351c598159e7cc1a7f69a9bbc2fe004df91d	1	REJECT_CLEAN	0	VERIFY FAIL — malformed receipt: maxtok is not an unsigned integer		1	REJECT_CLEAN	0	VERIFY FAIL — strict: byte 242: 0xc3 is not printable ASCII or LF		qemu_abstain/RECEIPT.TXT; maxtok<-'aéé'
F-02231	68cede56ab7e7fc23f495b9c1f1f1a64a2857d8e7151d25bd4365d4042a2f40b	1	REJECT_CLEAN	0	VERIFY FAIL — replay diverged from the receipt		1	REJECT_CLEAN	0	VERIFY FAIL — strict: line 10 (cis-digest): expected 16 lower-case hex digits		qemu_self/RECEIPT.TXT; prompt-hex<-hex('\x0b\ue002乐😈\x13̙😝lù串\ue00b且'..20ch); ins@537:b'-'
F-02232	98ab3aea1fb1ed9ff3f006445a8bdd9ac9225f20c66b13a7968c7a0469337d0e	1	REJECT_CLEAN	0	VERIFY FAIL — malformed receipt: not valid UTF-8		1	REJECT_CLEAN	0	VERIFY FAIL — strict: byte 3: 0xc3 is not printable ASCII or LF		qemu_unknown_tool/RECEIPT.TXT; del[171:181]; ins@3:b'\xc3'
F-02233	0e08afaeb117680df431d39bdc2c6dce928505cb4b4e4cae307c596fa8e7f4b6	1	REJECT_CLEAN	0	VERIFY FAIL — malformed receipt: not valid UTF-8		1	REJECT_CLEAN	0	VERIFY FAIL — strict: byte 308: 0x09 is not printable ASCII or LF		qemu_calc/RECEIPT2.TXT; vocab<-'1,,2'; rep@332:0xc3; ins@308:b'\t'
F-02234	515108a2fa301ffb2486b168ffe08315e60cd9e2e7dba8bfdff06548032ec8d7	1	REJECT_CLEAN	0	FAIL artifact: VOCAB hash mismatch (receipt a4cafc9649488987 vs local a4cafc9649488987)		1	REJECT_CLEAN	0	VERIFY FAIL — strict: line 4 (vocab): expected 64 lower-case hex digits		qemu_self/RECEIPT.TXT; rep@222:0x50
F-02235	d1b84bb08d208141f01a73195cc906a988ca014ce4c20c148b4a98de2fc13649	1	REJECT_CLEAN	0	VERIFY FAIL — replay diverged from the receipt		1	REJECT_CLEAN	0	VERIFY FAIL — strict: byte 15: 0xc3 is not printable ASCII or LF		qemu_calc/RECEIPT.TXT; AEGIS-WITNESS<-'aéé'; cis-digest<-'+1'
F-02236	d81fdd390a4af7aebdd360c4865ef017393139e2cefc2512c699b86938ec746f	1	REJECT_CLEAN	0	FAIL artifact: VOCAB hash mismatch (receipt a4cafc9649488987 vs local a4cafc9649488987)		1	REJECT_CLEAN	0	VERIFY FAIL — strict: no newline after the last line (exactly one is required)		qemu_abstain/RECEIPT.TXT; dupline3; dupline0; trunc@69
F-02237	ef0f81d99f966c21e33d3a4de29fec8e4a8898b86c7481d6fdcfcfade6317382	1	REJECT_CLEAN	0	FAIL artifact: EMBED hash mismatch (receipt 8cbcd6b69df03539 vs local 8cbcd6b69df03539)		1	REJECT_CLEAN	0	VERIFY FAIL — strict: line 3 (embed): expected 64 lower-case hex digits		qemu_self/RECEIPT.TXT; maxtok<-1000; prompt-hex<-hex('\x94下\x1b\x11\ue00c😁丂?'..8ch); del[122:156]
F-02238	53588c6006990c28e0ea5451e1053e4932b1ff8674a03144f630f8909142a387	1	REJECT_CLEAN	0	VERIFY FAIL — malformed receipt: token id "\u{15}549" is not an unsigned 32-bit integer		1	REJECT_CLEAN	0	VERIFY FAIL — strict: byte 524: 0x15 is not printable ASCII or LF		qemu_lookup/RECEIPT2.TXT; rep@524:0x15; trunc@570
F-02239	528233777a2f8869523151694a045d1e4c12fbba06e839289ea413f25b828ae7	1	REJECT_CLEAN	0	FAIL artifact: VOCAB hash mismatch (receipt a4cafc9649488987 vs local a4cafc9649488987)		1	REJECT_CLEAN	0	VERIFY FAIL — strict: no newline after the last line (exactly one is required)		qemu_calc_words/RECEIPT.TXT; del[219:248]; trunc@342
F-02240	ebe1d5eaa97c8a480f4ad79ce00b937833da1c83ae0453b218e8d13cc83a6e30	1	REJECT_CLEAN	0	FAIL artifact: VOCAB hash mismatch (receipt  vs local a4cafc9649488987)		1	REJECT_CLEAN	0	VERIFY FAIL — strict: blank line at the end (exactly one trailing newline is required)		garbage:newlines
F-02241	7faf1fcc08b1acf8057b655eeb5eb3a0b13217bf76985deff8d2d88022dac60c	1	REJECT_CLEAN	0	FAIL artifact: VOCAB hash mismatch (receipt a4cafc9649488987 vs local a4cafc9649488987)		1	REJECT_CLEAN	0	VERIFY FAIL — strict: line 4 (vocab): expected 64 lower-case hex digits		qemu_calc/RECEIPT.TXT; del[221:245]
F-02242	7fc431a5c7a7468493fbbce8f1bd6e6e7c3f99041f6aa4e4ce328d86f8681f0d	0	ACCEPT	0	VERIFY PASS — replay reproduced 9 tokens, the token digest, and the full logit chain bit-for-bit		1	REJECT_CLEAN	0	VERIFY FAIL — strict: line 6: duplicate key "maxtok", canonical order expects "prompt-hex"		qemu_calc/RECEIPT.TXT; dupline4
F-02243	03bbfd541398e8e20894398911ba3021fd070ab35f0d96005a07afb6cc97f020	1	REJECT_CLEAN	0	VERIFY FAIL — malformed receipt: token id "aéé" is not an unsigned 32-bit integer		1	REJECT_CLEAN	0	VERIFY FAIL — strict: byte 112: 0x10 is not printable ASCII or LF		qemu_everyday/RECEIPT.TXT; rep@112:0x10; token-ids<-'aéé'; del[411:441]
F-02244	5fd7d289ad31822b6d95771238eb7c2b4dc86a19885d6e809bef793ff6198b18	1	REJECT_CLEAN	0	VERIFY FAIL — replay diverged from the receipt		1	REJECT_CLEAN	0	VERIFY FAIL — strict: line 10: duplicate key "prompt-toks", canonical order expects "cis-digest"		qemu_lookup/RECEIPT2.TXT; prompt-hex<-hex('\ue00dKL😏s乁\x90😝z丨\ue00d😆'..60ch); dupline6
F-02245	f09290263e4535ee2bbc59afee41405d35fc76bc0dcc69a106cbcca2dea25eb0	1	REJECT_CLEAN	0	VERIFY FAIL — receipt inputs cannot be replayed: prompt (3) + max_new (9223372036854775807) exceeds max_position_embeddings (512)		1	REJECT_CLEAN	0	VERIFY FAIL — receipt inputs cannot be replayed: prompt (3) + max_new (9223372036854775807) exceeds max_position_embeddings (512)		qemu_calc/RECEIPT.TXT; maxtok<-9223372036854775807; prompt-hex<-hex('š>'..2ch)
F-02246	843328ce83d5c798cfa3511376c27c6dd8b91ab9c65beb15c9e223843b4c505e	1	REJECT_CLEAN	0	FAIL artifact: EMBED hash mismatch (receipt 1 2 vs local 8cbcd6b69df03539)		1	REJECT_CLEAN	0	VERIFY FAIL — strict: line 3 (embed): expected 64 lower-case hex digits		qemu_unknown_tool/RECEIPT.TXT; cis-digest<-'ff'; embed<-'1 2'; dupline1
F-02247	20d03a5d81532bdba44791185f2ad6b593b4071e48410d83f109c87d15ea9c89	0	ACCEPT	0	VERIFY PASS — replay reproduced 3 tokens, the token digest, and the full logit chain bit-for-bit		1	REJECT_CLEAN	0	VERIFY FAIL — strict: line 10: duplicate key "maxtok", canonical order expects "cis-digest"		qemu_everyday/RECEIPT.TXT; dupline4
F-02248	1ea84b1e86284b3f321cdb7e4e824a9ad1b4cc2e151a0bcd7788653f67366b99	1	REJECT_CLEAN	0	FAIL artifact: EMBED hash mismatch (receipt 8cbcd6b69df03539 vs local 8cbcd6b69df03539)		1	REJECT_CLEAN	0	VERIFY FAIL — strict: byte 125: carriage return (CRLF line endings are not canonical)		qemu_everyday/RECEIPT.TXT; ins@125:b'\r\n'; prompt-hex<-hex('\x81'..1ch)
F-02249	e43b452493be184f56a88aa2c9bca1c284cdc38d8a38fcc0fd179677190fc04d	1	REJECT_CLEAN	0	VERIFY FAIL — receipt inputs cannot be replayed: prompt tokenized to nothing		1	REJECT_CLEAN	0	VERIFY FAIL — strict: byte 248: 0x13 is not printable ASCII or LF		qemu_lookup/RECEIPT2.TXT; swap10/8; rep@248:0x13; promt-hex<-'4294967296'
F-02250	a494a1b40aee476293964df7e33eed585858b9baed1a7227dcca1e06325361e9	1	REJECT_CLEAN	0	FAIL artifact: EMBED hash mismatch (receipt 8cbcd6b69df03539 vs local 8cbcd6b69df03539)		1	REJECT_CLEAN	0	VERIFY FAIL — strict: byte 404: carriage return (CRLF line endings are not canonical)		qemu_calc_words/RECEIPT.TXT; ins@435:b'\r'; prompt-hex<-hex('\x1fwȺ̮丣'..5ch); ins@155:b','
F-02251	c5e8e7ef41ffa56e9c98a2e44c34bd565bb3e43f6df5c5818bd1000bb5cdb1e2	1	REJECT_CLEAN	0	FAIL artifact: VOCAB hash mismatch (receipt a4cafc9649488987 vs local a4cafc9649488987)		1	REJECT_CLEAN	0	VERIFY FAIL — strict: line 4 (vocab): expected 64 lower-case hex digits		qemu_lookup/RECEIPT.TXT; prompt-hex<-hex('Ï\ue00aH\ue004😏😝¥ã\x07丐乐.'..60ch); prompt-hex<-hex('U\ue010¯\ue008+'..5ch); del[230:232]
F-02252	38353504cbec9cd8e93e59dcfae973b60eeec4884f9c68f4a417b075408e1675	1	REJECT_CLEAN	0	VERIFY FAIL — replay diverged from the receipt		1	REJECT_CLEAN	0	VERIFY FAIL — strict: line 9: duplicate key "model", canonical order expects "token-ids"		qemu_unknown_tool/RECEIPT.TXT; dupline1; maxtok<-0; maxtok<-300
F-02253	95afcb209957d4e8cf41145044ab280400a2b7c6ddb189a8f55fc84e2d108d53	1	REJECT_CLEAN	0	VERIFY FAIL — replay diverged from the receipt		1	REJECT_CLEAN	0	VERIFY FAIL — strict: line 3: expected "embed <value>"		qemu_abstain/RECEIPT.TXT; prompt-hex<-hex('\x0c̆\ue002͙😂\x17个丗Aͬ\x98A'..200ch); prompt-hex<-hex('K😁*5$\x96̴ǝ丳\ue00b;͊'..200ch); dupline11
F-02254	f1ec03f499c998273a7766a97c426742987e16aeed02434ed0deb0cabf804a8d	1	REJECT_CLEAN	0	FAIL artifact: VOCAB hash mismatch (receipt a4cafc9649488987 vs local a4cafc9649488987)		1	REJECT_CLEAN	0	VERIFY FAIL — strict: line 4 (vocab): expected 64 lower-case hex digits		qemu_lookup/RECEIPT.TXT; del[200:236]
F-02255	440f1ae4ab993d6e53097c776b7b749be5977fa6c51a1d5a056dbda05334c5f8	1	REJECT_CLEAN	0	FAIL artifact: VOCAB hash mismatch (receipt  vs local a4cafc9649488987)		1	REJECT_CLEAN	0	VERIFY FAIL — strict: byte 98: 0x09 is not printable ASCII or LF		qemu_calc/RECEIPT.TXT; trunc@138; embed<-'\t'; trunc@99
F-02256	46faa595712854da33e34233741502e0dffa629718948149461e64f041065719	0	ACCEPT	0	VERIFY PASS — replay reproduced 8 tokens, the token digest, and the full logit chain bit-for-bit		1	REJECT_CLEAN	0	VERIFY FAIL — strict: line 7: unknown key "prompt-tos", canonical order expects "prompt-toks"		qemu_calc_words/RECEIPT.TXT; rep@322:0x0f; del[314:327]
F-02257	9c57d335f7a7cf5910b8adb7d5d711a41de2ecc7a5c3a35af947683ec1b96b5e	1	REJECT_CLEAN	0	VERIFY FAIL — replay diverged from the receipt		1	REJECT_CLEAN	0	VERIFY FAIL — strict: no newline after the last line (exactly one is required)		qemu_lookup/RECEIPT2.TXT; swap1/5; trunc@647
F-02258	2e7bd2b3f07b83b3398c58f287fee4cd6b834f96e8d7f4d3b75539dd21ce8355	1	REJECT_CLEAN	0	VERIFY FAIL — malformed receipt: maxtok is not an unsigned integer		1	REJECT_CLEAN	0	VERIFY FAIL — strict: line 5 (maxtok): expected a decimal integer without sign or leading zeros		qemu_self/RECEIPT.TXT; maxtok<-'-'; del[423:445]; maxtok<-18446744073709551617
F-02259	6dcc459e092eeb8e62ce135bd02449b0dfc95db8c7cc4ef482c421ff9f0ac6a1	1	REJECT_CLEAN	0	VERIFY FAIL — receipt inputs cannot be replayed: prompt (31) + max_new (18446744073709551615) exceeds max_position_embeddings (512)		1	REJECT_CLEAN	0	VERIFY FAIL — strict: line 7: key out of order "gen-toks", canonical order expects "prompt-toks"		qemu_calc/RECEIPT2.TXT; dupline7; dupline0; maxtok<-18446744073709551615
F-02260	4f06d75a701758830e91811e3b515a98f0f995b8004271dcd6748be30a708a09	1	REJECT_CLEAN	0	VERIFY FAIL — receipt inputs cannot be replayed: prompt (9) + max_new (9223372036854775808) exceeds max_position_embeddings (512)		1	REJECT_CLEAN	0	VERIFY FAIL — strict: no newline after the last line (exactly one is required)		qemu_unknown_tool/RECEIPT.TXT; trunc@374; swap7/8; maxtok<-9223372036854775808
F-02261	c78854f5c5cf3f15f97391ca42be615c8d1e7a06f6fc42288f40dbd83b945146	0	ACCEPT	0	VERIFY PASS — replay reproduced 9 tokens, the token digest, and the full logit chain bit-for-bit		1	REJECT_CLEAN	0	VERIFY FAIL — strict: line 5: key out of order "token-ids", canonical order expects "maxtok"		qemu_calc/RECEIPT.TXT; dupline1; prompt-toks<-''; swap8/4
F-02262	79d34ce1efb299a3700101395efe35fc803900a1f7c39b889399b20fb9a93787	1	REJECT_CLEAN	0	VERIFY FAIL — replay diverged from the receipt		1	REJECT_CLEAN	0	VERIFY FAIL — strict: no newline after the last line (exactly one is required)		qemu_lookup/RECEIPT2.TXT; del[426:448]; rep@550:0x78; trunc@371
F-02263	9f749e93b87cc22da40b20188c76160389e3a1d3f9dffd3ecf660ccd05ebed70	1	REJECT_CLEAN	0	VERIFY FAIL — replay diverged from the receipt		1	REJECT_CLEAN	0	VERIFY FAIL — strict: byte 407: carriage return (CRLF line endings are not canonical)		qemu_lookup/RECEIPT2.TXT; ins@407:b'\r\n'
F-02264	e59e51248647f9cdbf378b9a1013e95d06c9f7c3b7ae1968c6ca4f6ffdb786dc	1	REJECT_CLEAN	0	FAIL artifact: MODEL hash mismatch (receipt a44e48965c641b81 vs local a44e48965c641b81)		1	REJECT_CLEAN	0	VERIFY FAIL — strict: line 2 (model): expected 64 lower-case hex digits		qemu_calc/RECEIPT2.TXT; del[63:76]; prompt-hex<-hex('😐\x85Ƞ😄\x8at😚͙'..8ch)
F-02265	bf6cebd19af044aa5c211a3ddaad07290a6da3316a1bddff4b84f6a750832e89	1	REJECT_CLEAN	0	VERIFY FAIL — replay diverged from the receipt		1	REJECT_CLEAN	0	VERIFY FAIL — strict: line 10 (cis-digest): expected 16 lower-case hex digits		qemu_calc/RECEIPT2.TXT; rep@305:0x8e; cis-digest<-'-1'; prompt-hex<-hex('̚\x80L'..3ch)
F-02266	ecb336d63efe6fc65625b0b8f108ca14be9e0d3b390ca626b308ab59b97aa0c6	1	REJECT_CLEAN	0	VERIFY FAIL — receipt inputs cannot be replayed: prompt (10) + max_new (9223372036854775808) exceeds max_position_embeddings (512)		1	REJECT_CLEAN	0	VERIFY FAIL — strict: line 3: key out of order "cis-digest", canonical order expects "embed"		qemu_lookup/RECEIPT2.TXT; dupline9; maxtok<-9223372036854775808; prompt-hex<-hex('\ue004😌\ue002'..3ch)
F-02267	3c9b1044bb753fcbed603b37503e480c9c2230add4317f433d4ba37e223f31cd	0	ACCEPT	0	VERIFY PASS — replay reproduced 8 tokens, the token digest, and the full logit chain bit-for-bit		1	REJECT_CLEAN	0	VERIFY FAIL — strict: line 7 (prompt-toks): expected a decimal integer without sign or leading zeros		qemu_calc_words/RECEIPT.TXT; prompt-toks<-'1,2,'; prompt-toks<-'-'
F-02268	f1b619ef7d48f067a5c3349afaf27223471ca33bbb60422a3d23e6b641afd429	0	ACCEPT	0	VERIFY PASS — replay reproduced 3 tokens, the token digest, and the full logit chain bit-for-bit		1	REJECT_CLEAN	0	VERIFY FAIL — strict: line 12: unexpected extra line "prompt-toks" (a receipt has exactly 11 lines)		qemu_everyday/RECEIPT.TXT; dupline6
F-02269	ddd74087fe99bc70de27ddf6cf5baa43cba7a48fb9778d71ac29ee6c2b86ace3	1	REJECT_CLEAN	0	VERIFY FAIL — malformed receipt: prompt-hex does not decode to UTF-8 text		1	REJECT_CLEAN	0	VERIFY FAIL — strict: line 3 (embed): expected 64 lower-case hex digits		qemu_abstain/RECEIPT.TXT; del[133:169]; ins@233:b'Z'; rep@354:0x78
F-02270	a53a71d71fa7d2859290f629743ec8ca87328cd93161fbe79da46c30524a3bbe	1	REJECT_CLEAN	0	FAIL artifact: VOCAB hash mismatch (receipt  vs local a4cafc9649488987)		1	REJECT_CLEAN	0	VERIFY FAIL — strict: no newline after the last line (exactly one is required)		qemu_calc/RECEIPT.TXT; trunc@91
F-02271	dfc08d2e088bb0f6e2a9b6477342ec792a2d686bafff24d3c67c52af1aba5cd9	1	REJECT_CLEAN	0	FAIL artifact: MODEL hash mismatch (receipt a44e48965c64bd38 vs local a44e48965c641b81)		1	REJECT_CLEAN	0	VERIFY FAIL — strict: line 2 (model): expected 64 lower-case hex digits		qemu_lookup/RECEIPT2.TXT; del[39:60]; swap10/2
F-02272	e3d4535b1afaa1f7014301395e8d7b408d39febb58ba148b312032623a8088d7	1	REJECT_CLEAN	0	FAIL artifact: VOCAB hash mismatch (receipt 0000000000000000 vs local a4cafc9649488987)		1	REJECT_CLEAN	0	VERIFY FAIL — strict: line 10 (cis-digest): expected 16 lower-case hex digits		qemu_everyday/RECEIPT.TXT; vocab<-'000000000000'; cis-digest<-'00'
F-02273	57e493368197b9460ba6aba2be85f4a73f1bfd25a56f92a2be4390c2d49c85ce	1	REJECT_CLEAN	0	FAIL artifact: MODEL hash mismatch (receipt a44e48965c641b81 vs local a44e48965c641b81)		1	REJECT_CLEAN	0	VERIFY FAIL — strict: byte 69: 0xc3 is not printable ASCII or LF		qemu_self/RECEIPT.TXT; dupline6; ins@69:b'\xc3\xa9'
F-02274	7ff13446b0873ef100d81bab8fbbdf41310b39e69febae2b2c207e7da830f1bf	1	REJECT_CLEAN	0	FAIL artifact: EMBED hash mismatch (receipt 8cbcd6b69df03539 vs local 8cbcd6b69df03539)		1	REJECT_CLEAN	0	VERIFY FAIL — strict: line 3 (embed): expected 64 lower-case hex digits		qemu_everyday/RECEIPT.TXT; ins@143:b'999999999999999999999999999999'; prompt-hex<-hex('\x83:O^丸c😑̲͞ùU乌'..200ch)
F-02275	92615a8abc406c5f35e9475ae51c21de861ef3113b1ed9aac6c761b6c37b737a	1	REJECT_CLEAN	0	VERIFY FAIL — replay diverged from the receipt		1	REJECT_CLEAN	0	VERIFY FAIL — strict: line 7 (prompt-toks): expected a decimal integer without sign or leading zeros		qemu_calc_words/RECEIPT.TXT; prompt-toks<-','; prompt-hex<-hex('O\ue00e'..2ch)
F-02276	646bcf760d38b80030a09b4bdca1ec1f47d3daa7dd786552a5edb1dcc47e413d	0	ACCEPT	0	VERIFY PASS — replay reproduced 35 tokens, the token digest, and the full logit chain bit-for-bit		1	REJECT_CLEAN	0	VERIFY FAIL — strict: line 6: duplicate key "maxtok", canonical order expects "prompt-hex"		qemu_unknown_tool/RECEIPT.TXT; dupline4
F-02277	5b85396417c5dc2fd7217ab72ab0c8cb9a9984c2682e7637ee51c6240f60ea47	0	ACCEPT	0	VERIFY PASS — replay reproduced 23 tokens, the token digest, and the full logit chain bit-for-bit		1	REJECT_CLEAN	0	VERIFY FAIL — strict: byte 14: 0x09 is not printable ASCII or LF		qemu_lookup/RECEIPT2.TXT; AEGIS-WITNESS<-'\t'
F-02278	3c29725d59bf373c8246fb8a7954d5bf399eb624a5f18409e88a45c06d49ce35	1	REJECT_CLEAN	0	VERIFY FAIL — receipt inputs cannot be replayed: prompt tokenized to nothing		1	REJECT_CLEAN	0	VERIFY FAIL — strict: truncated: line 5 (maxtok) is missing		qemu_receipt/RECEIPT.TXT; prompt-hex<-hex('\ue008·Ɗ😝😝\ue010v\ue009\ue00a:三G'..20ch); trunc@234
F-02279	d85592d5146bc81f19f44635bc0cd5a8159ab86a5b598d8d02d89a48bcea8b42	1	REJECT_CLEAN	0	FAIL artifact: VOCAB hash mismatch (receipt  vs local a4cafc9649488987)		1	REJECT_CLEAN	0	VERIFY FAIL — strict: no newline after the last line (exactly one is required)		qemu_unknown_tool/RECEIPT.TXT; chain<-'ffffffffffff'; dupline3; trunc@14
F-02280	e3b0c44298fc1c149afbf4c8996fb92427ae41e4649b934ca495991b7852b855	1	REJECT_CLEAN	0	FAIL artifact: VOCAB hash mismatch (receipt  vs local a4cafc9649488987)		1	REJECT_CLEAN	0	VERIFY FAIL — strict: empty file		garbage:empty
F-02281	d7b22501591b8b784f5c3f5f1386f692de7c2111ea4ed173614f486b1f31bb84	1	REJECT_CLEAN	0	VERIFY FAIL — receipt inputs cannot be replayed: prompt (13) + max_new (9223372036854775808) exceeds max_position_embeddings (512)		1	REJECT_CLEAN	0	VERIFY FAIL — strict: line 7: key out of order "chain", canonical order expects "prompt-toks"		qemu_calc_words/RECEIPT2.TXT; swap10/6; prompt-hex<-hex('丧\ue004\x0f😗̳'..5ch); maxtok<-9223372036854775808
F-02282	593f2bab134e4dabc2375b161962af95b749d81997859bcc6b0b5fa9829d9fd4	1	REJECT_CLEAN	0	VERIFY FAIL — malformed receipt: token id "47-53" is not an unsigned 32-bit integer		1	REJECT_CLEAN	0	VERIFY FAIL — strict: line 9 (token-ids): expected comma-separated canonical decimal u32 ids		qemu_calc_words/RECEIPT2.TXT; ins@427:b'-'
F-02283	56bf0e1d2641bb523bd58edf33e1c92216775c26eb02b317f5a7a761b0dbab1c	1	REJECT_CLEAN	0	FAIL artifact: EMBED hash mismatch (receipt 8cbcb69df03539cd vs local 8cbcd6b69df03539)		1	REJECT_CLEAN	0	VERIFY FAIL — strict: line 3 (embed): expected 64 lower-case hex digits		qemu_calc/RECEIPT2.TXT; del[102:104]; prompt-hex<-hex('😕\x12̮3Ȼ\x12H丬\x83=\ue008\ue00d'..20ch)
F-02284	1db439814a2ffcc865706a62980c64ba06ba90de99d338d5d3052fe81c7a60ac	1	REJECT_CLEAN	0	VERIFY FAIL — malformed receipt: not valid UTF-8		1	REJECT_CLEAN	0	VERIFY FAIL — strict: byte 321: 0xbc is not printable ASCII or LF		qemu_lookup/RECEIPT.TXT; rep@391:0xbc; swap3/11
F-02285	a0f39225330bb4282b2303987ec486dd3a00b59c05d90becfc3988bd4b52d174	1	REJECT_CLEAN	0	VERIFY FAIL — replay diverged from the receipt		1	REJECT_CLEAN	0	VERIFY FAIL — replay diverged from the receipt		qemu_calc/RECEIPT.TXT; prompt-hex<-hex("]\ue00e\x06)h\ue006=下丕tͪ'"..60ch)
F-02286	9fdb2c4157a5ad00ac813bb36e04f648da9f17f8cfb53ef0613ef6282a06f44b	1	REJECT_CLEAN	0	FAIL artifact: EMBED hash mismatch (receipt  vs local 8cbcd6b69df03539)		1	REJECT_CLEAN	0	VERIFY FAIL — strict: no newline after the last line (exactly one is required)		qemu_calc_words/RECEIPT.TXT; trunc@235; rep@96:0x45
F-02287	bc6f14cc566004d18d8d733f24ec7b10d098b2581c255b062b027271e836c7f1	1	REJECT_CLEAN	0	VERIFY FAIL — replay diverged from the receipt		1	REJECT_CLEAN	0	VERIFY FAIL — strict: line 2: key out of order "maxtok", canonical order expects "model"		qemu_calc/RECEIPT.TXT; maxtok<-1000; swap1/4; maxtok<-'0'
F-02288	816f44a93b43b4c7800c52697854ffa878a815d81e29586f47a9427d06e24060	1	REJECT_CLEAN	0	VERIFY FAIL — malformed receipt: maxtok is not an unsigned integer		1	REJECT_CLEAN	0	VERIFY FAIL — strict: byte 241: 0x09 is not printable ASCII or LF		qemu_calc_words/RECEIPT2.TXT; maxtok<-'\t'; prompt-hex<-hex('\ue004\x0fN临😗͔丘乂'..8ch); del[256:279]
F-02289	d133d295046cae5a98987b090b92a5950d0e173738a12d263baee0fe11776aec	1	REJECT_CLEAN	0	VERIFY FAIL — replay diverged from the receipt		1	REJECT_CLEAN	0	VERIFY FAIL — strict: no newline after the last line (exactly one is required)		qemu_unknown_tool/RECEIPT.TXT; swap1/3; trunc@427
F-02290	929af627103f9c3443ea39875898c95cc2c46a59b2d9694ea6dc994a505fe723	1	REJECT_CLEAN	0	FAIL artifact: MODEL hash mismatch (receipt aé44e48965c641b vs local a44e48965c641b81)		1	REJECT_CLEAN	0	VERIFY FAIL — strict: byte 28: 0xc3 is not printable ASCII or LF		qemu_calc/RECEIPT2.TXT; ins@28:b'\xc3\xa9'; maxtok<-1000
F-02291	eddb7da6d88cc8b5996e7a3dbce6b3d02b43cfb5d6726c2ebb11646dc19cd3c6	1	REJECT_CLEAN	0	FAIL artifact: VOCAB hash mismatch (receipt  vs local a4cafc9649488987)		1	REJECT_CLEAN	0	VERIFY FAIL — strict: no newline after the last line (exactly one is required)		qemu_abstain/RECEIPT.TXT; prompt-hex<-hex('r{'..2ch); swap9/11; trunc@77
F-02292	8045476c3a6ed7587b447bf1585e4d44cf0a8bc32a87cb3236e4455e04d2f500	1	REJECT_CLEAN	0	VERIFY FAIL — malformed receipt: not valid UTF-8		1	REJECT_CLEAN	0	VERIFY FAIL — strict: byte 433: 0xc3 is not printable ASCII or LF		qemu_calc/RECEIPT.TXT; rep@469:0xc3; prompt-hex<-hex('\ue008I&\x00\x8b'..5ch)
F-02293	dfcc586471f6bba69b0b7bdac04d055f33eccf7291f843002244c665abbdc001	1	REJECT_CLEAN	0	VERIFY FAIL — replay diverged from the receipt		1	REJECT_CLEAN	0	VERIFY FAIL — strict: line 12: unexpected extra line "prompt-toks" (a receipt has exactly 11 lines)		qemu_receipt/RECEIPT.TXT; dupline6; prompt-hex<-hex('😒¯\x0f丛´丆4😘'..8ch)
F-02294	91eec5372755e3f099e7c5315c7074a387f1b40c0f59ac18e78b29e7aa11b19c	1	REJECT_CLEAN	0	FAIL artifact: MODEL hash mismatch (receipt  vs local a44e48965c641b81)		1	REJECT_CLEAN	0	VERIFY FAIL — strict: line 2: expected "model <value>"		qemu_unknown_tool/RECEIPT.TXT; swap4/9; del[22:31]
F-02295	ba754c5a16c076c13413201b7705ce42d5a8932c79142b3123008cf87615177c	1	REJECT_CLEAN	0	VERIFY FAIL — malformed receipt: maxtok is not an unsigned integer		1	REJECT_CLEAN	0	VERIFY FAIL — strict: byte 231: 0xe2 is not printable ASCII or LF		qemu_lookup/RECEIPT.TXT; ins@231:b'\xe2\x80\xae'; maxtok<-100; maxtok<-'FFFFFFFFFFFF'
F-02296	e838029bcee3b291607f1d44effb74a8c12c0b8fdf994de14d5b945648da45b4	1	REJECT_CLEAN	0	VERIFY FAIL — replay diverged from the receipt		1	REJECT_CLEAN	0	VERIFY FAIL — replay diverged from the receipt		qemu_everyday/RECEIPT.TXT; prompt-hex<-hex('ȕ°\ue007\x1e\ue007\x05😄😛东\ue00dx😏'..700ch); prompt-hex<-hex('͗l͍͑並ĄP😇万😆%\x99'..20ch)
F-02297	0cbac664641a6824924a8762a5e7dbfddd920afdcead6231d7ce1d401dc8226a	1	REJECT_CLEAN	0	FAIL artifact: MODEL hash mismatch (receipt a44e48965c64 vs local a44e48965c641b81)		1	REJECT_CLEAN	0	VERIFY FAIL — strict: line 2 (model): expected 64 lower-case hex digits		qemu_calc_words/RECEIPT.TXT; ins@39:b'\n\n'
F-02298	50984681d12bf2c57711ae0286f3ff84e5ff16d8b1850124a6d2d38bed1afac5	1	REJECT_CLEAN	0	FAIL artifact: EMBED hash mismatch (receipt aé vs local 8cbcd6b69df03539)		1	REJECT_CLEAN	0	VERIFY FAIL — strict: byte 81: 0xc3 is not printable ASCII or LF		qemu_calc_words/RECEIPT.TXT; trunc@355; del[28:46]; embed<-'aé'
F-02299	6cccc5de1ebada90442037864cc1387df38651871d769344c0cf5d0a650153b2	1	REJECT_CLEAN	0	VERIFY FAIL — replay diverged from the receipt		1	REJECT_CLEAN	0	VERIFY FAIL — replay diverged from the receipt		qemu_calc/RECEIPT2.TXT; prompt-hex<-hex('ƭ®😋͑万个\ue00fk'..8ch)
F-02300	f120c481d6626df228a2eb73e9c4e7c8e4d329b47dd2cf705d463d6036ac19cc	1	REJECT_CLEAN	0	VERIFY FAIL — replay diverged from the receipt		1	REJECT_CLEAN	0	VERIFY FAIL — replay diverged from the receipt		qemu_lookup/RECEIPT2.TXT; prompt-hex<-hex("与\x9b\ue000L\x1d😙😑'À\n\x87乃"..20ch)
F-02301	6d9b5bdebbffffb5878d4f2e3ea54c3c7f74c2c58bb87fdb16d734833e524d3c	1	REJECT_CLEAN	0	VERIFY FAIL — replay diverged from the receipt		1	REJECT_CLEAN	0	VERIFY FAIL — strict: line 3: key out of order "maxtok", canonical order expects "embed"		qemu_calc/RECEIPT2.TXT; rep@295:0x4e; swap2/4; chain<-'184467440737'
F-02302	4426c0460b6273bec8e447eeb3e41709cc7a051e50161b1631f0b96b0ec4e17b	1	REJECT_CLEAN	0	FAIL artifact: VOCAB hash mismatch (receipt  vs local a4cafc9649488987)		1	REJECT_CLEAN	0	VERIFY FAIL — strict: no newline after the last line (exactly one is required)		qemu_calc/RECEIPT.TXT; trunc@36
F-02303	ff02825d781359cdf5ef5adfdf089fb8d5f14e68da64cdeafc6b3fb2ef26a8b5	1	REJECT_CLEAN	0	VERIFY FAIL — replay diverged from the receipt		1	REJECT_CLEAN	0	VERIFY FAIL — strict: line 6 (prompt-hex): expected non-empty lower-case hex of even length		qemu_abstain/RECEIPT.TXT; rep@301:0x5c
F-02304	5a5232f706461f867ede9760c1def051686476082622c997b87a9fac9c85417a	1	REJECT_CLEAN	0	VERIFY FAIL — malformed receipt: token id "693p" is not an unsigned 32-bit integer		1	REJECT_CLEAN	0	VERIFY FAIL — strict: line 9 (token-ids): expected comma-separated canonical decimal u32 ids		qemu_unknown_tool/RECEIPT.TXT; rep@453:0x70; del[469:480]
F-02305	c58b295cb4b700d9c372d85e791db2e34635c187ee04d238a457226cef14bfa3	1	REJECT_CLEAN	0	VERIFY FAIL — malformed receipt: prompt-hex does not decode to UTF-8 text		1	REJECT_CLEAN	0	VERIFY FAIL — strict: line 3: key out of order "prompt-hex", canonical order expects "embed"		qemu_lookup/RECEIPT2.TXT; dupline5; del[516:531]
F-02306	4d272160ae73fcc531e6b39a9eb13ee721b10d417af46538a9aeed5de1eb7c9e	1	REJECT_CLEAN	0	FAIL artifact: MODEL hash mismatch (receipt a44e48965c641b81 vs local a44e48965c641b81)		1	REJECT_CLEAN	0	VERIFY FAIL — strict: byte 46: carriage return (CRLF line endings are not canonical)		qemu_abstain/RECEIPT.TXT; ins@46:b'\r\n'; maxtok<-500
F-02307	50143179414f8beb80d8be8b41078a659e777b7590ae20d3f229cacc0b8f123a	1	REJECT_CLEAN	0	VERIFY FAIL — replay diverged from the receipt		1	REJECT_CLEAN	0	VERIFY FAIL — replay diverged from the receipt		qemu_receipt/RECEIPT.TXT; prompt-hex<-hex('*-'..2ch)
F-02308	73c3b7c766f99e2e8a90ebea0686f82b8ce964e99fa0748d8c8fa24dfdfe46ec	1	REJECT_CLEAN	0	VERIFY FAIL — replay diverged from the receipt		1	REJECT_CLEAN	0	VERIFY FAIL — replay diverged from the receipt		qemu_lookup/RECEIPT.TXT; prompt-hex<-hex("丩_'😠.]̔\ue00e\x12[ğ¥"..200ch)
F-02309	0f55be4308cd7c43c81a235b39945f87b3a7309c131f0618f52b6010a093c8d9	1	REJECT_CLEAN	0	VERIFY FAIL — receipt inputs cannot be replayed: prompt (1433) + max_new (9) exceeds max_position_embeddings (512)		1	REJECT_CLEAN	0	VERIFY FAIL — receipt inputs cannot be replayed: prompt (1433) + max_new (9) exceeds max_position_embeddings (512)		qemu_calc/RECEIPT.TXT; prompt-hex<-hex('6\x07😜ͦ\x1fHj\ue008丱\ue002n͔'..700ch)
F-02310	77d7a0d725f125ccd4222ef98eca7c5f37270c8150c7f6165b694832122dd579	1	REJECT_CLEAN	0	FAIL artifact: EMBED hash mismatch (receipt 8cbcd6b 69df0353 vs local 8cbcd6b69df03539)		1	REJECT_CLEAN	0	VERIFY FAIL — strict: line 3 (embed): expected 64 lower-case hex digits		qemu_calc_words/RECEIPT.TXT; prompt-hex<-hex('bmĭ\x92\ue001\x17丙\x1d\x97T\ue001😍'..700ch); ins@105:b' '
F-02311	b0c21b70172d5a199d0603c1d53c36594d096fd5afe77080da18542e20e956c0	1	REJECT_CLEAN	0	VERIFY FAIL — malformed receipt: prompt-hex does not decode to UTF-8 text		1	REJECT_CLEAN	0	VERIFY FAIL — strict: line 6 (prompt-hex): expected non-empty lower-case hex of even length		qemu_calc/RECEIPT2.TXT; dupline5; prompt-hex<-hex('/̛57\x0eÀ並久)丛\x06?'..700ch); rep@2610:0x52
F-02312	722db19a0ca6c5d9e0c3393235d4e4f49998691cc9e5b64eb0b4c980545059bb	1	REJECT_CLEAN	0	VERIFY FAIL — receipt inputs cannot be replayed: prompt (116) + max_new (1000) exceeds max_position_embeddings (512)		1	REJECT_CLEAN	0	VERIFY FAIL — strict: line 11 (chain): expected 64 lower-case hex digits		qemu_self/RECEIPT.TXT; maxtok<-1000; prompt-hex<-hex(';😓丩😔͚6\x02\x8d͎\x98ͬė'..60ch); del[705:736]
F-02313	db287f31af2489e183e6f7a49b3fe2393179d10d1a7e51332c01b19086e29e7b	1	REJECT_CLEAN	0	FAIL artifact: MODEL hash mismatch (receipt  vs local a44e48965c641b81)		1	REJECT_CLEAN	0	VERIFY FAIL — strict: line 1: header must be exactly "AEGIS-WITNESS v1-CIS"		qemu_unknown_tool/RECEIPT.TXT; swap9/8; del[7:47]; del[41:48]
F-02314	ed221eadb690eb03b700f136e8f2746a8a69029792514de4b1040dce5fc7fc4d	1	REJECT_CLEAN	0	VERIFY FAIL — replay diverged from the receipt		1	REJECT_CLEAN	0	VERIFY FAIL — replay diverged from the receipt		qemu_calc_words/RECEIPT.TXT; chain<-'ffffffffffff'
F-02315	3412445faab8b187171d2f865fe1726b63ddf3c78363229da6cdefcb881fd5d3	1	REJECT_CLEAN	0	VERIFY FAIL — malformed receipt: not valid UTF-8		1	REJECT_CLEAN	0	VERIFY FAIL — strict: byte 404: 0xa8 is not printable ASCII or LF		qemu_calc_words/RECEIPT.TXT; rep@422:0xa8; prompt-hex<-hex(' \ue008😐之͉Ĺ\rz\x104\x04丂'..700ch); prompt-hex<-hex('\x99\ue010́\x16rXĭ😙'..8ch)
F-02316	2e9862b7010cdeb725c9e62a2a3da80b9bfb5d1c9d5e4e37860a4ff351812212	1	REJECT_CLEAN	0	VERIFY FAIL — receipt inputs cannot be replayed: prompt tokenized to nothing		1	REJECT_CLEAN	0	VERIFY FAIL — strict: line 5: expected "maxtok <value>"		qemu_calc/RECEIPT.TXT; del[240:263]
F-02317	770397b88c22d04ef46b1d70b24331678be732132b37d19045437fcedaf20a57	1	REJECT_CLEAN	0	VERIFY FAIL — replay diverged from the receipt		1	REJECT_CLEAN	0	VERIFY FAIL — replay diverged from the receipt		qemu_everyday/RECEIPT.TXT; prompt-hex<-hex("\ue007\ue000ȫ\x1e😛\x05\x9a'"..8ch)
F-02318	07104cb75f2bb22a56e639c95f4ec78a8bffe7093c55fcf47d42fa08c6609f16	1	REJECT_CLEAN	0	FAIL artifact: VOCAB hash mismatch (receipt a4cafc9649488987 vs local a4cafc9649488987)		1	REJECT_CLEAN	0	VERIFY FAIL — strict: byte 216: 0x18 is not printable ASCII or LF		qemu_lookup/RECEIPT2.TXT; rep@216:0x18; prompt-hex<-hex('\x0cS'..2ch); prompt-hex<-hex('\x89\ue00f\x9fg\x98'..5ch)
F-02319	65d8514ad3744ee9d7621f52d387245c7aeb0ebd32117084891e59240006f069	1	REJECT_CLEAN	0	FAIL artifact: VOCAB hash mismatch (receipt a4cafc+964948898 vs local a4cafc9649488987)		1	REJECT_CLEAN	0	VERIFY FAIL — strict: line 4 (vocab): expected 64 lower-case hex digits		qemu_lookup/RECEIPT.TXT; ins@175:b'+'
F-02320	d987392f59f26a761958fc3460a4501723dca7a6bd91a30d5c9871b8a3492e9a	1	REJECT_CLEAN	0	VERIFY FAIL — malformed receipt: not valid UTF-8		1	REJECT_CLEAN	0	VERIFY FAIL — strict: byte 0: 0x0c is not printable ASCII or LF		garbage:rand
F-02321	0abedbce542aa881b319ac54f60919231362bb7a5b02a3c962c594e748a5b363	1	REJECT_CLEAN	0	VERIFY FAIL — malformed receipt: maxtok is not an unsigned integer		1	REJECT_CLEAN	0	VERIFY FAIL — strict: line 5 (maxtok): expected a decimal integer without sign or leading zeros		qemu_everyday/RECEIPT.TXT; ins@342:b'+'; maxtok<-18446744073709551617
F-02322	dbec910819ac3ab0400857289c0fedfb5acd4e0f65e6cf3c937a5fdc0872ea83	0	ACCEPT	0	VERIFY PASS — replay reproduced 23 tokens, the token digest, and the full logit chain bit-for-bit		1	REJECT_CLEAN	0	VERIFY FAIL — strict: line 2: key out of order "embed", canonical order expects "model"		qemu_lookup/RECEIPT2.TXT; swap1/2
F-02323	5d2918a2e0dbc40c87b558277d50b38109098a35f08add96d2f6478e9836a050	1	REJECT_CLEAN	0	VERIFY FAIL — receipt inputs cannot be replayed: prompt (19) + max_new (4096) exceeds max_position_embeddings (512)		1	REJECT_CLEAN	0	VERIFY FAIL — strict: no newline after the last line (exactly one is required)		qemu_self/RECEIPT.TXT; maxtok<-4096; trunc@641
F-02324	c429151987f245d29813b18f7fc32b2b1791aa1015f503dd4616407778f5d7d5	1	REJECT_CLEAN	0	FAIL artifact: VOCAB hash mismatch (receipt  vs local a4cafc9649488987)		1	REJECT_CLEAN	0	VERIFY FAIL — strict: line 3 (embed): expected 64 lower-case hex digits		qemu_everyday/RECEIPT.TXT; del[156:176]
F-02325	5a710d848a00dd7adea823a2e8973ffb95ae6855a27af19f5dab497d623d09c8	0	ACCEPT	0	VERIFY PASS — replay reproduced 8 tokens, the token digest, and the full logit chain bit-for-bit		1	REJECT_CLEAN	0	VERIFY FAIL — strict: line 1: header must be exactly "AEGIS-WITNESS v1-CIS"		qemu_calc_words/RECEIPT.TXT; AEGIS-WITNESS<-','
F-02326	c0306695760025d0b19bf238dee12f72d76476a7b0d5cd388bc2328b4213faf0	1	REJECT_CLEAN	0	VERIFY FAIL — replay diverged from the receipt		1	REJECT_CLEAN	0	VERIFY FAIL — strict: line 7 (prompt-toks): expected a decimal integer without sign or leading zeros		qemu_receipt/RECEIPT.TXT; prompt-toks<-'1,2,'; prompt-hex<-hex('😔\x84â͐\x85\x02主̔0\x0c乁么'..20ch)
F-02327	dc1eb8e9cd7fb777c2a93aeaa16f77a669f4ffccb0a8238547253cd278a46d0a	1	REJECT_CLEAN	0	FAIL artifact: MODEL hash mismatch (receipt a44e48965c641b81 vs local a44e48965c641b81)		1	REJECT_CLEAN	0	VERIFY FAIL — strict: no newline after the last line (exactly one is required)		qemu_lookup/RECEIPT.TXT; del[45:55]; trunc@291; swap1/5
F-02328	2e4f1f235056f6b45dc0077940c81fde3d052a714048fb733fd79f5fa08ff300	1	REJECT_CLEAN	0	VERIFY FAIL — receipt inputs cannot be replayed: prompt (31) + max_new (1000) exceeds max_position_embeddings (512)		1	REJECT_CLEAN	0	VERIFY FAIL — strict: line 11 (chain): expected 64 lower-case hex digits		qemu_calc/RECEIPT2.TXT; chain<-'1,2,'; maxtok<-1000
F-02329	d30442f5d7bca077b7e01c482f5071768d6bcd854e5c8f83d9506d0af33ba0b3	1	REJECT_CLEAN	0	VERIFY FAIL — replay diverged from the receipt		1	REJECT_CLEAN	0	VERIFY FAIL — replay diverged from the receipt		qemu_receipt/RECEIPT.TXT; maxtok<-300
F-02330	71c4a3794fe6195950cf031b6cdeebaf331a625e23fcf37204a50e7ad161273e	1	REJECT_CLEAN	0	VERIFY FAIL — replay diverged from the receipt		1	REJECT_CLEAN	0	VERIFY FAIL — strict: no newline after the last line (exactly one is required)		qemu_self/RECEIPT.TXT; prompt-hex<-hex('̲X̾̒y丘O@-Ș\x03r'..200ch); dupline4
F-02331	a08865a39c71d2cb2e887e6f6b50df8252a8aca070e6c9130ae938a659f2fa00	0	ACCEPT	0	VERIFY PASS — replay reproduced 8 tokens, the token digest, and the full logit chain bit-for-bit		1	REJECT_CLEAN	0	VERIFY FAIL — strict: byte 338: 0x09 is not printable ASCII or LF		qemu_calc_words/RECEIPT.TXT; dupline4; gen-toks<-'\t'; rep@24:0x2b
F-02332	0d1655a782c0b83bb33903ebe868f8e4bdcb934a02d65645f37b1151c8ed534d	1	REJECT_CLEAN	0	VERIFY FAIL — replay diverged from the receipt		1	REJECT_CLEAN	0	VERIFY FAIL — replay diverged from the receipt		qemu_calc/RECEIPT2.TXT; prompt-hex<-hex('i\x8d丢ǟ\ue000😌両😗'..8ch)
F-02333	8734026bfacdc68978875ec0a3b257e4224da3fd39444806b85735430821eb4d	1	REJECT_CLEAN	0	VERIFY FAIL — malformed receipt: maxtok is not an unsigned integer		1	REJECT_CLEAN	0	VERIFY FAIL — strict: byte 242: 0xc3 is not printable ASCII or LF		qemu_lookup/RECEIPT2.TXT; maxtok<-300; maxtok<-'aéé'
F-02334	ddbd42b00a1f643e76107324d89b1db4c259c1a47d9b9ecc3a6c1180d4ab3021	1	REJECT_CLEAN	0	VERIFY FAIL — replay diverged from the receipt		1	REJECT_CLEAN	0	VERIFY FAIL — replay diverged from the receipt		qemu_lookup/RECEIPT2.TXT; prompt-hex<-hex('\x90͓\ue004\ue009\x80\ue003̐\ue003<z\ue00fǰ'..20ch); prompt-hex<-hex('\ue010z~þ=\x9aͣ\x8d\ue010下😇乀'..20ch)
F-02335	5a4fe07543da767e04a2ac34d76236568eb60d6b61c95d5583b31f1189bdb5a4	0	ACCEPT	0	VERIFY PASS — replay reproduced 25 tokens, the token digest, and the full logit chain bit-for-bit		1	REJECT_CLEAN	0	VERIFY FAIL — strict: line 5: key out of order "cis-digest", canonical order expects "maxtok"		qemu_abstain/RECEIPT.TXT; dupline9
F-02336	eb96f4c0f396008fbc3ec4a72a9209a71e3a878493b4a525d8739ba3418662d6	1	REJECT_CLEAN	0	VERIFY FAIL — replay diverged from the receipt		1	REJECT_CLEAN	0	VERIFY FAIL — strict: line 8 (gen-toks): expected a decimal integer without sign or leading zeros		qemu_calc_words/RECEIPT.TXT; ins@346:b'\n\n'; gen-toks<-'FFFFFFFFFFFF'; dupline1
F-02337	eae1e17da47041646e2ff58d8f684b2c2a3e96f05a7352744aaa2163d77e1fa6	1	REJECT_CLEAN	0	VERIFY FAIL — malformed receipt: maxtok is not an unsigned integer		1	REJECT_CLEAN	0	VERIFY FAIL — strict: byte 242: 0xc3 is not printable ASCII or LF		qemu_calc/RECEIPT.TXT; swap1/10; maxtok<-'aéé'; prompt-hex<-hex("i\x18\x19😗\nd\x93😚]😕'😆"..60ch)
F-02338	ffcfdc045e34d167216a2d9bb8f5689399d6915f3e74c3c9ec5bc13032277581	1	REJECT_CLEAN	0	FAIL artifact: MODEL hash mismatch (receipt a44e48965c641b81 vs local a44e48965c641b81)		1	REJECT_CLEAN	0	VERIFY FAIL — strict: line 2 (model): expected 64 lower-case hex digits		qemu_self/RECEIPT.TXT; prompt-hex<-'0'; del[65:84]
F-02339	0e69a6324c2226c6994887d3a53d46c569d56af5a1cc519b1e14058322593334	1	REJECT_CLEAN	0	FAIL artifact: VOCAB hash mismatch (receipt  vs local a4cafc9649488987)		1	REJECT_CLEAN	0	VERIFY FAIL — strict: line 2 (model): expected 64 lower-case hex digits		qemu_everyday/RECEIPT.TXT; trunc@163; rep@29:0x6d
F-02340	229a17a099019c50ec80b7febb205f8bf63515e9e5aa9f73b28f9078f163f155	1	REJECT_CLEAN	0	VERIFY FAIL — replay diverged from the receipt		1	REJECT_CLEAN	0	VERIFY FAIL — strict: byte 454: carriage return (CRLF line endings are not canonical)		qemu_abstain/RECEIPT.TXT; swap8/4; chain<-'00'; ins@454:b'\r'
F-02341	2d11de30a9bd17a9f029b2683c8eae11c9c79da605dc18d445d3dff959d468c0	1	REJECT_CLEAN	0	VERIFY FAIL — replay diverged from the receipt		1	REJECT_CLEAN	0	VERIFY FAIL — strict: no newline after the last line (exactly one is required)		qemu_receipt/RECEIPT.TXT; swap2/11; ins@306:b'-'; prompt-hex<-hex('̡'..1ch)
F-02342	c50ca51158b62ba438a7b02856b7de2ab5954cd3102466c975a09e37b2ab570f	1	REJECT_CLEAN	0	FAIL artifact: EMBED hash mismatch (receipt  vs local 8cbcd6b69df03539)		1	REJECT_CLEAN	0	VERIFY FAIL — strict: line 2 (model): expected 64 lower-case hex digits		qemu_calc_words/RECEIPT2.TXT; del[76:98]
F-02343	d690c05b6348cebcba14ae576aeb0a6d4c3b25db50dd9f59bcb010b65f826f48	1	REJECT_CLEAN	0	FAIL artifact: VOCAB hash mismatch (receipt  vs local a4cafc9649488987)		1	REJECT_CLEAN	0	VERIFY FAIL — strict: line 2 (model): expected 64 lower-case hex digits		qemu_everyday/RECEIPT.TXT; embed<-'1 2'; del[85:102]; prompt-hex<-hex('̶😕̽S̐\x80Ĥƹ😠̠ǑZ'..60ch)
F-02344	b46a1d16fb501ddd6a6726ce2584e1ab35e3244ba6f1200e115b74aaff9f80e2	1	REJECT_CLEAN	0	VERIFY FAIL — replay diverged from the receipt		1	REJECT_CLEAN	0	VERIFY FAIL — replay diverged from the receipt		qemu_calc_words/RECEIPT2.TXT; rep@373:0x38
F-02345	9541c82d7432ba125766c61dca74987215ad5e1d04bca1ecdeb633c437791bde	1	REJECT_CLEAN	0	VERIFY FAIL — replay diverged from the receipt		1	REJECT_CLEAN	0	VERIFY FAIL — strict: line 7: unknown key "proms", canonical order expects "prompt-toks"		qemu_lookup/RECEIPT.TXT; del[383:385]; del[309:327]
F-02346	167866dbb95e2217b6e5a77bc3c52ef154cc59ab1c99ac041cbd9343fa4f286b	1	REJECT_CLEAN	0	FAIL artifact: MODEL hash mismatch (receipt a44e48965c641b81 vs local a44e48965c641b81)		1	REJECT_CLEAN	0	VERIFY FAIL — strict: no newline after the last line (exactly one is required)		qemu_lookup/RECEIPT2.TXT; trunc@661; rep@78:0x48; swap10/1
F-02347	a9c513424e7afdeb820849edfa7e7b9a5a67b8ed60757894b3d9187673431c0e	1	REJECT_CLEAN	0	VERIFY FAIL — replay diverged from the receipt		1	REJECT_CLEAN	0	VERIFY FAIL — replay diverged from the receipt		qemu_calc_words/RECEIPT.TXT; prompt-hex<-hex('͚😀`😝½'..5ch)
F-02348	5961be216435e5e5e89a627a9af422f1839ab1e93e1c0a6dee9bb6de7f807c01	1	REJECT_CLEAN	0	VERIFY FAIL — replay diverged from the receipt		1	REJECT_CLEAN	0	VERIFY FAIL — strict: line 2: key out of order "prompt-hex", canonical order expects "model"		qemu_everyday/RECEIPT.TXT; dupline0; prompt-hex<-hex('\x12qy'..3ch); swap5/1
F-02349	b11d7dc7a2f9db282f51907365e23feabd0acc0b8fbe4c94ad4f0f7ab745f8c6	0	ACCEPT	0	VERIFY PASS — replay reproduced 9 tokens, the token digest, and the full logit chain bit-for-bit		1	REJECT_CLEAN	0	VERIFY FAIL — strict: byte 400: 0xc3 is not printable ASCII or LF		qemu_calc/RECEIPT2.TXT; prompt-toks<-'aéé'
F-02350	e65ff052188bb5cad58945507143f4c99dd2494390b1c882f21faef64019db0f	1	REJECT_CLEAN	0	VERIFY FAIL — malformed receipt: prompt-hex does not decode to UTF-8 text		1	REJECT_CLEAN	0	VERIFY FAIL — strict: line 4 (vocab): expected 64 lower-case hex digits		qemu_unknown_tool/RECEIPT.TXT; vocab<-'184467440737'; ins@401:b' '; prompt-hex<-'ffffffffffff'
F-02351	57a3d7e416f8f00eeba0b0f65636baa17b8ec66e46bf2d206c09885166ee6703	1	REJECT_CLEAN	0	VERIFY FAIL — replay diverged from the receipt		1	REJECT_CLEAN	0	VERIFY FAIL — strict: no newline after the last line (exactly one is required)		qemu_calc_words/RECEIPT2.TXT; dupline6; swap10/6; prompt-hex<-hex('\ue002̱'..2ch)
F-02352	45f4de4239506a28cd88f3f9ab5f1ef3944cac04583a814e46ab54777538746a	0	ACCEPT	0	VERIFY PASS — replay reproduced 9 tokens, the token digest, and the full logit chain bit-for-bit		1	REJECT_CLEAN	0	VERIFY FAIL — strict: no newline after the last line (exactly one is required)		qemu_calc/RECEIPT2.TXT; swap11/4
F-02353	c4f220f78827d9e2d6a6d773c318f76da8fe8283caa1813eb272493bc774ca34	1	REJECT_CLEAN	0	VERIFY FAIL — replay diverged from the receipt		1	REJECT_CLEAN	0	VERIFY FAIL — strict: no newline after the last line (exactly one is required)		qemu_everyday/RECEIPT.TXT; trunc@458; del[430:439]; dupline1
F-02354	04d3ce0af18353d8172d0bc91d03615ce834e1d7fba20bc0ea2abe3134e6ee10	0	ACCEPT	0	VERIFY PASS — replay reproduced 25 tokens, the token digest, and the full logit chain bit-for-bit		1	REJECT_CLEAN	0	VERIFY FAIL — strict: line 1: header must be exactly "AEGIS-WITNESS v1-CIS"		qemu_abstain/RECEIPT.TXT; del[1:2]
F-02355	3a94cc3438dee5b6f0f4cb5c2c518482145d34d3ae64bad4fe6b101ea1899ee0	1	REJECT_CLEAN	0	VERIFY FAIL — replay diverged from the receipt		1	REJECT_CLEAN	0	VERIFY FAIL — replay diverged from the receipt		qemu_lookup/RECEIPT.TXT; maxtok<-300; prompt-hex<-hex('-丗丛😙\ue00dR͙,\ue0094\t̠'..60ch)
F-02356	579d1eb920598faba2b530729dc3261313ab85cc30d173cd8cff3ad7d52ff99a	1	REJECT_CLEAN	0	VERIFY FAIL — receipt inputs cannot be replayed: prompt (41) + max_new (18446744073709551615) exceeds max_position_embeddings (512)		1	REJECT_CLEAN	0	VERIFY FAIL — receipt inputs cannot be replayed: prompt (41) + max_new (18446744073709551615) exceeds max_position_embeddings (512)		qemu_lookup/RECEIPT2.TXT; maxtok<-18446744073709551615
F-02357	d0994ac77e9ca5af28a01bac5aa7c65da2ac4fbd1e79026c20dbffd12d6dbc4a	1	REJECT_CLEAN	0	VERIFY FAIL — malformed receipt: not valid UTF-8		1	REJECT_CLEAN	0	VERIFY FAIL — strict: byte 45: 0xff is not printable ASCII or LF		qemu_self/RECEIPT.TXT; ins@45:b'\xff'
F-02358	03f8bb45273cf667f651edebe182a6b7f8dd975c85566aff0d74982558802bde	0	ACCEPT	0	VERIFY PASS — replay reproduced 30 tokens, the token digest, and the full logit chain bit-for-bit		1	REJECT_CLEAN	0	VERIFY FAIL — strict: line 2: key out of order "prompt-toks", canonical order expects "model"		qemu_self/RECEIPT.TXT; swap1/6; prompt-toks<-','
F-02359	397d9fc6f8bb0817d4e19a7d93be6dd92e6d37ffe0095b6944f5e14bb0145d46	1	REJECT_CLEAN	0	VERIFY FAIL — malformed receipt: maxtok is not an unsigned integer		1	REJECT_CLEAN	0	VERIFY FAIL — strict: byte 497: 0x00 is not printable ASCII or LF		qemu_lookup/RECEIPT.TXT; prompt-toks<-'\x00'; maxtok<-' '; prompt-hex<-hex('ó́两jr\x07\ue006丘丧\x05両😔'..60ch)
F-02360	f58449f83d71f6ccbfee327921cd179a67157486d9df929900f18444f3231085	1	REJECT_CLEAN	0	VERIFY FAIL — malformed receipt: not valid UTF-8		1	REJECT_CLEAN	0	VERIFY FAIL — strict: byte 0: 0xff is not printable ASCII or LF		garbage:highbytes
F-02361	4a0dca0db808b8a805c4454908fafbc30c15b6d6d9c63fdb143a37bee9fa1f93	1	REJECT_CLEAN	0	VERIFY FAIL — replay diverged from the receipt		1	REJECT_CLEAN	0	VERIFY FAIL — strict: line 1: header must be exactly "AEGIS-WITNESS v1-CIS"		qemu_lookup/RECEIPT.TXT; maxtok<-16; prompt-hex<-hex('主\x16😜[Ǌ̟\x1c\x03'..8ch); del[1:19]
F-02362	989929b9091c06a48300510572cc577037eff6003178dbd148c81fe0d7c9bbca	1	REJECT_CLEAN	0	VERIFY FAIL — malformed receipt: maxtok is not an unsigned integer		1	REJECT_CLEAN	0	VERIFY FAIL — strict: line 1: header must be exactly "AEGIS-WITNESS v1-CIS"		qemu_calc/RECEIPT2.TXT; maxtok<-100; maxtok<-18446744073709551617; swap10/0
F-02363	35996d45a4e6ecfd6656a93e15877b7e6daf65e20ade57fcafd586c999c3de76	1	REJECT_CLEAN	0	FAIL artifact: VOCAB hash mismatch (receipt a4cafc9649488987 vs local a4cafc9649488987)		1	REJECT_CLEAN	0	VERIFY FAIL — strict: no newline after the last line (exactly one is required)		qemu_lookup/RECEIPT.TXT; trunc@195
F-02364	fc345faf638db80518e92384969c1e904967b681ca127332bbfe5ff58e3295ae	1	REJECT_CLEAN	0	FAIL artifact: EMBED hash mismatch (receipt 8cbcd‮6b69df03 vs local 8cbcd6b69df03539)		1	REJECT_CLEAN	0	VERIFY FAIL — strict: byte 103: 0xe2 is not printable ASCII or LF		qemu_receipt/RECEIPT.TXT; trunc@378; ins@103:b'\xe2\x80\xae'
F-02365	42907c0498a3efef810144a2b21a8cd1994b7735edc2d004f39b4f0aa4221d90	1	REJECT_CLEAN	0	VERIFY FAIL — malformed receipt: maxtok is not an unsigned integer		1	REJECT_CLEAN	0	VERIFY FAIL — strict: line 5 (maxtok): expected a decimal integer without sign or leading zeros		qemu_everyday/RECEIPT.TXT; maxtok<-','; chain<-'+1'
F-02366	426e7b972dd5457f931634bc615ac07300f9aa5a547e24e717b06669b6d76c8a	1	REJECT_CLEAN	0	FAIL artifact: VOCAB hash mismatch (receipt  vs local a4cafc9649488987)		1	REJECT_CLEAN	0	VERIFY FAIL — strict: no newline after the last line (exactly one is required)		qemu_unknown_tool/RECEIPT.TXT; swap5/3; swap8/7; trunc@122
F-02367	ea8cbd387958e4c89681cb8f45d8174acead4784480f73e874dbd6ba9cb9dcab	1	REJECT_CLEAN	0	VERIFY FAIL — malformed receipt: not valid UTF-8		1	REJECT_CLEAN	0	VERIFY FAIL — strict: byte 2: 0x88 is not printable ASCII or LF		qemu_lookup/RECEIPT.TXT; rep@10:0x87; rep@2:0x88; prompt-hex<-hex('\x8el\x93̨\ue002\x13ĩs\x86丛\x86\ue004'..200ch)
F-02368	6d9da6c01c920193c308bef3a0e52f1843467c6ca0cd03ba3004707e7c3b059f	1	REJECT_CLEAN	0	VERIFY FAIL — malformed receipt: not valid UTF-8		1	REJECT_CLEAN	0	VERIFY FAIL — strict: byte 229: 0xfa is not printable ASCII or LF		qemu_unknown_tool/RECEIPT.TXT; rep@229:0xfa
F-02369	5cd7b29df74705054ca8c4f0196d936b911abc29d4bb01f46fe63f27856ceb54	1	REJECT_CLEAN	0	VERIFY FAIL — receipt inputs cannot be replayed: prompt (9) + max_new (512) exceeds max_position_embeddings (512)		1	REJECT_CLEAN	0	VERIFY FAIL — receipt inputs cannot be replayed: prompt (9) + max_new (512) exceeds max_position_embeddings (512)		qemu_unknown_tool/RECEIPT.TXT; maxtok<-512
F-02370	eb49e4541e8624a77620c49b9755051d438868b588bfbc166bf6dd770b428d99	1	REJECT_CLEAN	0	FAIL artifact: VOCAB hash mismatch (receipt  vs local a4cafc9649488987)		1	REJECT_CLEAN	0	VERIFY FAIL — strict: no newline after the last line (exactly one is required)		qemu_unknown_tool/RECEIPT.TXT; dupline2; swap7/5; trunc@84
F-02371	d4899e1878310ba0b1bf1bb2b63ac5e919a2afb45874f9257c0d9f1de4812e01	1	REJECT_CLEAN	0	VERIFY FAIL — receipt inputs cannot be replayed: prompt (9) + max_new (511) exceeds max_position_embeddings (512)		1	REJECT_CLEAN	0	VERIFY FAIL — strict: line 9: duplicate key "gen-toks", canonical order expects "token-ids"		qemu_unknown_tool/RECEIPT.TXT; maxtok<-511; dupline7
F-02372	083726082a1c6b100ca342b4acc5c22d649128a859e412383d7ec71dc446af19	1	REJECT_CLEAN	0	VERIFY FAIL — malformed receipt: not valid UTF-8		1	REJECT_CLEAN	0	VERIFY FAIL — strict: byte 21: 0xdd is not printable ASCII or LF		qemu_calc_words/RECEIPT.TXT; rep@21:0xdd
F-02373	430715d2c55434b8b43bc2ff418cfe3b92641d76150d5b6382e79ce594d1c071	1	REJECT_CLEAN	0	FAIL artifact: VOCAB hash mismatch (receipt a4caSc9649488987 vs local a4cafc9649488987)		1	REJECT_CLEAN	0	VERIFY FAIL — strict: line 4 (vocab): expected 64 lower-case hex digits		qemu_lookup/RECEIPT.TXT; prompt-hex<-hex('̿'..1ch); rep@173:0x53
F-02374	2605366719806509884e92a2077fe91465ea80c2ffc56109e4fc01e537280b20	0	ACCEPT	0	VERIFY PASS — replay reproduced 9 tokens, the token digest, and the full logit chain bit-for-bit		1	REJECT_CLEAN	0	VERIFY FAIL — strict: line 9: key out of order "chain", canonical order expects "token-ids"		qemu_calc/RECEIPT2.TXT; dupline10
F-02375	8931f43c6f5b4a58368f8529ecabe302d77e730d9733259191a8caab6dc35c49	0	ACCEPT	0	VERIFY PASS — replay reproduced 25 tokens, the token digest, and the full logit chain bit-for-bit		1	REJECT_CLEAN	0	VERIFY FAIL — strict: byte 14: 0xc3 is not printable ASCII or LF		qemu_abstain/RECEIPT.TXT; AEGIS-WITNESS<-'éé'; dupline1; dupline10
F-02376	870fbc89403c2a6b04a0005e7d42091047221faf059c7d7fc187c6660a7d8f8b	1	REJECT_CLEAN	0	VERIFY FAIL — receipt inputs cannot be replayed: prompt (6) + max_new (4096) exceeds max_position_embeddings (512)		1	REJECT_CLEAN	0	VERIFY FAIL — receipt inputs cannot be replayed: prompt (6) + max_new (4096) exceeds max_position_embeddings (512)		qemu_calc_words/RECEIPT.TXT; prompt-hex<-hex('ͣ\x10\ue00f'..3ch); maxtok<-4096
F-02377	44b2a2148976a04a29a796150c5fe9c1b6a0bd3d1f4ff24bc2efa57624ce7d88	1	REJECT_CLEAN	0	FAIL artifact: VOCAB hash mismatch (receipt  vs local a4cafc9649488987)		1	REJECT_CLEAN	0	VERIFY FAIL — strict: no newline after the last line (exactly one is required)		qemu_calc_words/RECEIPT.TXT; trunc@150; model<-'4294967296'
F-02378	1390b62cb4c801599bb09e918bb16b7a900687e91561ad793a10f627bcfb82eb	0	ACCEPT	0	VERIFY PASS — replay reproduced 8 tokens, the token digest, and the full logit chain bit-for-bit		1	REJECT_CLEAN	0	VERIFY FAIL — strict: line 5: key out of order "cis-digest", canonical order expects "maxtok"		qemu_calc_words/RECEIPT.TXT; swap9/4
F-02379	e901aaae86653642dd7bd723b6343b527f60a2722b1b5ff1eeda89bfdcef69cc	1	REJECT_CLEAN	0	VERIFY FAIL — malformed receipt: maxtok is not an unsigned integer		1	REJECT_CLEAN	0	VERIFY FAIL — strict: byte 466: 0xe2 is not printable ASCII or LF		qemu_self/RECEIPT.TXT; ins@98:b'+'; ins@501:b'\xe2\x80\xae'; del[242:277]
F-02380	869aad0e75e7ed4cc50400fbf177fa5d282a5a002e5b9ff45fb5b13401bbdaf0	1	REJECT_CLEAN	0	VERIFY FAIL — malformed receipt: token id "\t" is not an unsigned 32-bit integer		1	REJECT_CLEAN	0	VERIFY FAIL — strict: byte 365: 0x09 is not printable ASCII or LF		qemu_self/RECEIPT.TXT; model<-'zz'; del[487:526]; token-ids<-'\t'
F-02381	1104d1d8cda246d9103a9b9d349bf73f0072212a2f7e9eb4e116d13fff26835e	1	REJECT_CLEAN	0	FAIL artifact: EMBED hash mismatch (receipt  vs local 8cbcd6b69df03539)		1	REJECT_CLEAN	0	VERIFY FAIL — strict: no newline after the last line (exactly one is required)		qemu_abstain/RECEIPT.TXT; del[90:103]; trunc@552
F-02382	fa6227b8adbd0e6598ff1c9cdfe0ecc0a0ff033fbc54e0441e86439f1c963d31	1	REJECT_CLEAN	0	FAIL artifact: MODEL hash mismatch (receipt a44e48965cU41b81 vs local a44e48965c641b81)		1	REJECT_CLEAN	0	VERIFY FAIL — strict: line 2 (model): expected 64 lower-case hex digits		qemu_calc/RECEIPT.TXT; prompt-toks<-'0'; del[46:51]; rep@37:0x55
F-02383	2433285157753f4f441952c141951b88595801ccb075b7c505e1f65001c15cd4	1	REJECT_CLEAN	0	VERIFY FAIL — malformed receipt: not valid UTF-8		1	REJECT_CLEAN	0	VERIFY FAIL — strict: byte 254: 0xa8 is not printable ASCII or LF		qemu_lookup/RECEIPT2.TXT; rep@254:0xa8
F-02384	25a40583baf671e4b166ebd71a0b413c852f0befd1ae0eae27ef727814844ad4	1	REJECT_CLEAN	0	VERIFY FAIL — replay diverged from the receipt		1	REJECT_CLEAN	0	VERIFY FAIL — strict: line 6 (prompt-hex): expected non-empty lower-case hex of even length		qemu_receipt/RECEIPT.TXT; prompt-hex<-'+1'; maxtok<-1; ins@320:b'\n'
F-02385	3eaa956010e186d27183e5ca5de41cde98add3f688e8784ea3d2decbfb00dcfb	1	REJECT_CLEAN	0	VERIFY FAIL — replay diverged from the receipt		1	REJECT_CLEAN	0	VERIFY FAIL — replay diverged from the receipt		qemu_calc/RECEIPT.TXT; maxtok<-3
F-02386	d63e7e61412542e5015744fdb2797930535497de00d2c6acda49acc6a57f3315	1	REJECT_CLEAN	0	VERIFY FAIL — replay diverged from the receipt		1	REJECT_CLEAN	0	VERIFY FAIL — strict: no newline after the last line (exactly one is required)		qemu_calc/RECEIPT.TXT; gen-toks<-'éé'; trunc@309
F-02387	956d9c9db20d469f22ed7725fba6d48f253705876bc0151e5ec027b441c0a895	1	REJECT_CLEAN	0	VERIFY FAIL — receipt inputs cannot be replayed: prompt tokenized to nothing		1	REJECT_CLEAN	0	VERIFY FAIL — strict: no newline after the last line (exactly one is required)		qemu_lookup/RECEIPT.TXT; trunc@238
F-02388	3fdb672226d86604ed15d162b69599c22886a62b1a8bedbf6c80273c9804dd0a	0	ACCEPT	0	VERIFY PASS — replay reproduced 7 tokens, the token digest, and the full logit chain bit-for-bit		1	REJECT_CLEAN	0	VERIFY FAIL — strict: no newline after the last line (exactly one is required)		qemu_lookup/RECEIPT.TXT; swap11/10
F-02389	c790ea071d9bb324dfc47a71cc2521ad34ab5de4760bbe502cd5d27e4bb7335d	1	REJECT_CLEAN	0	VERIFY FAIL — malformed receipt: not valid UTF-8		1	REJECT_CLEAN	0	VERIFY FAIL — strict: byte 519: 0x9f is not printable ASCII or LF		qemu_unknown_tool/RECEIPT.TXT; swap7/10; rep@519:0x9f
F-02390	4d94d7024a7c759491355a5132ba74aad320084549a897b31116e7d4e65ce402	1	REJECT_CLEAN	0	VERIFY FAIL — replay diverged from the receipt		1	REJECT_CLEAN	0	VERIFY FAIL — strict: line 11 (chain): expected 64 lower-case hex digits		qemu_abstain/RECEIPT.TXT; prompt-hex<-hex('😍丼\ue00a\x0e\x81ƴ😔\ue00e'..8ch); chain<-'184467440737'
F-02391	b0d55da71266d31053fea82da3e4a94be8e7462caa7e25bd626c1d678739e65e	1	REJECT_CLEAN	0	VERIFY FAIL — malformed receipt: not valid UTF-8		1	REJECT_CLEAN	0	VERIFY FAIL — strict: byte 371: 0x93 is not printable ASCII or LF		qemu_unknown_tool/RECEIPT.TXT; prompt-hex<-hex('T乀\ue00b😕丞\nƂ=不丣̇+'..60ch); rep@370:0x93; maxtok<-100
F-02392	fcb8dfdb4fd7eda3c61b65e0ce25984396e2ebaf4c2380ff62c91aca49d8b230	1	REJECT_CLEAN	0	FAIL artifact: VOCAB hash mismatch (receipt a4cafc9649488987 vs local a4cafc9649488987)		1	REJECT_CLEAN	0	VERIFY FAIL — strict: line 4 (vocab): expected 64 lower-case hex digits		qemu_self/RECEIPT.TXT; maxtok<-300; prompt-hex<-hex('\x04七\x0b\x86͈😁̪\x83'..8ch); ins@200:b'\n\n'
F-02393	f7dfd40cc494b904367173382ddd9d101f02336015d4e845a8b793a57f4624b2	0	ACCEPT	0	VERIFY PASS — replay reproduced 35 tokens, the token digest, and the full logit chain bit-for-bit		1	REJECT_CLEAN	0	VERIFY FAIL — strict: line 1: header must be exactly "AEGIS-WITNESS v1-CIS"		qemu_unknown_tool/RECEIPT.TXT; AEGIS-WITNESS<-'xxxxxxxxxxxx'
F-02394	8dcff16317825aeaedc86efb81993cbca75c0f1f84746d719b954c217f0c85ae	1	REJECT_CLEAN	0	FAIL artifact: MODEL hash mismatch (receipt +1 vs local a44e48965c641b81)		1	REJECT_CLEAN	0	VERIFY FAIL — strict: line 2 (model): expected 64 lower-case hex digits		qemu_abstain/RECEIPT.TXT; model<-'+1'
F-02395	bce88f9d25562db5cff600eb90e3d9d61c19d1a168d6cdf64b85f8054ac6f57b	1	REJECT_CLEAN	0	FAIL artifact: EMBED hash mismatch (receipt 1844674407370955 vs local 8cbcd6b69df03539)		1	REJECT_CLEAN	0	VERIFY FAIL — strict: line 3 (embed): expected 64 lower-case hex digits		qemu_receipt/RECEIPT.TXT; maxtok<-7; prompt-hex<-hex('\x0f\x8a'..2ch); embed<-'184467440737'
F-02396	d8d86f5545bc30dbada85fe56146528d9e5f21ef1188aa977899eb8a74acfa61	1	REJECT_CLEAN	0	VERIFY FAIL — receipt inputs cannot be replayed: prompt (1536) + max_new (7) exceeds max_position_embeddings (512)		1	REJECT_CLEAN	0	VERIFY FAIL — receipt inputs cannot be replayed: prompt (1536) + max_new (7) exceeds max_position_embeddings (512)		qemu_lookup/RECEIPT.TXT; prompt-hex<-hex('͖h́\x04\ue001严\x8a\x1dȴ😓丳®'..700ch)
F-02397	5f57899eca5e086dd0d281c66d5ea22abf345d829f573f00e17052cd11f5eb5a	1	REJECT_CLEAN	0	VERIFY FAIL — replay diverged from the receipt		1	REJECT_CLEAN	0	VERIFY FAIL — strict: line 5 (maxtok): expected a decimal integer without sign or leading zeros		qemu_calc_words/RECEIPT2.TXT; prompt-hex<-hex('<tĳ'..3ch); maxtok<-'+1'; prompt-hex<-hex('̵Y😋05'..5ch)
F-02398	e9293a1294317d7971d67bd0a17026f2353322f00d5546095a66ae25c7a43262	1	REJECT_CLEAN	0	FAIL artifact: EMBED hash mismatch (receipt 8cbcd6b69df03539 vs local 8cbcd6b69df03539)		1	REJECT_CLEAN	0	VERIFY FAIL — strict: line 3 (embed): expected 64 lower-case hex digits		qemu_receipt/RECEIPT.TXT; ins@128:b'Z'
F-02399	00881eaf42f1d6c4d52a919d689b6d2b2cfa82cc6456949cd54b9ba2e8348f3e	1	REJECT_CLEAN	0	VERIFY FAIL — receipt inputs cannot be replayed: prompt (27) + max_new (511) exceeds max_position_embeddings (512)		1	REJECT_CLEAN	0	VERIFY FAIL — receipt inputs cannot be replayed: prompt (27) + max_new (511) exceeds max_position_embeddings (512)		qemu_calc_words/RECEIPT2.TXT; maxtok<-511
F-02400	98bb506a61bf4b1ac8ab16daf83ad1c6ef21405fb6c15cc20168427edcba2815	1	REJECT_CLEAN	0	VERIFY FAIL — malformed receipt: not valid UTF-8		1	REJECT_CLEAN	0	VERIFY FAIL — strict: byte 0: 0xff is not printable ASCII or LF		garbage:highbytes
