artifact_set	receipt	kind	gen_exit	verify_exit	verdict	stdout_last	receipt_path
orig_00	self	self	0	0	ACCEPT	VERIFY PASS — replay reproduced 16 tokens, the token digest, and the full logit chain bit-for-bit	/home/user/Ranger3143/labs/logs/safe/SAFE-01/h2_receipts/orig_00__self.TXT
orig_00	calc	self	0	0	ACCEPT	VERIFY PASS — replay reproduced 16 tokens, the token digest, and the full logit chain bit-for-bit	/home/user/Ranger3143/labs/logs/safe/SAFE-01/h2_receipts/orig_00__calc.TXT
orig_00	lookup	self	0	0	ACCEPT	VERIFY PASS — replay reproduced 16 tokens, the token digest, and the full logit chain bit-for-bit	/home/user/Ranger3143/labs/logs/safe/SAFE-01/h2_receipts/orig_00__lookup.TXT
orig_00	abstain	self	0	0	ACCEPT	VERIFY PASS — replay reproduced 16 tokens, the token digest, and the full logit chain bit-for-bit	/home/user/Ranger3143/labs/logs/safe/SAFE-01/h2_receipts/orig_00__abstain.TXT
byte_00	self	self	0	0	ACCEPT	VERIFY PASS — replay reproduced 16 tokens, the token digest, and the full logit chain bit-for-bit	/home/user/Ranger3143/labs/logs/safe/SAFE-01/h2_receipts/byte_00__self.TXT
byte_00	calc	self	0	0	ACCEPT	VERIFY PASS — replay reproduced 16 tokens, the token digest, and the full logit chain bit-for-bit	/home/user/Ranger3143/labs/logs/safe/SAFE-01/h2_receipts/byte_00__calc.TXT
byte_00	lookup	self	0	0	ACCEPT	VERIFY PASS — replay reproduced 16 tokens, the token digest, and the full logit chain bit-for-bit	/home/user/Ranger3143/labs/logs/safe/SAFE-01/h2_receipts/byte_00__lookup.TXT
byte_00	abstain	self	0	0	ACCEPT	VERIFY PASS — replay reproduced 16 tokens, the token digest, and the full logit chain bit-for-bit	/home/user/Ranger3143/labs/logs/safe/SAFE-01/h2_receipts/byte_00__abstain.TXT
byte_01	self	self	0	0	ACCEPT	VERIFY PASS — replay reproduced 16 tokens, the token digest, and the full logit chain bit-for-bit	/home/user/Ranger3143/labs/logs/safe/SAFE-01/h2_receipts/byte_01__self.TXT
byte_01	calc	self	0	0	ACCEPT	VERIFY PASS — replay reproduced 16 tokens, the token digest, and the full logit chain bit-for-bit	/home/user/Ranger3143/labs/logs/safe/SAFE-01/h2_receipts/byte_01__calc.TXT
byte_01	lookup	self	0	0	ACCEPT	VERIFY PASS — replay reproduced 16 tokens, the token digest, and the full logit chain bit-for-bit	/home/user/Ranger3143/labs/logs/safe/SAFE-01/h2_receipts/byte_01__lookup.TXT
byte_01	abstain	self	0	0	ACCEPT	VERIFY PASS — replay reproduced 16 tokens, the token digest, and the full logit chain bit-for-bit	/home/user/Ranger3143/labs/logs/safe/SAFE-01/h2_receipts/byte_01__abstain.TXT
byte_02	self	self	0	0	ACCEPT	VERIFY PASS — replay reproduced 16 tokens, the token digest, and the full logit chain bit-for-bit	/home/user/Ranger3143/labs/logs/safe/SAFE-01/h2_receipts/byte_02__self.TXT
byte_02	calc	self	0	0	ACCEPT	VERIFY PASS — replay reproduced 16 tokens, the token digest, and the full logit chain bit-for-bit	/home/user/Ranger3143/labs/logs/safe/SAFE-01/h2_receipts/byte_02__calc.TXT
byte_02	lookup	self	0	0	ACCEPT	VERIFY PASS — replay reproduced 16 tokens, the token digest, and the full logit chain bit-for-bit	/home/user/Ranger3143/labs/logs/safe/SAFE-01/h2_receipts/byte_02__lookup.TXT
byte_02	abstain	self	0	0	ACCEPT	VERIFY PASS — replay reproduced 16 tokens, the token digest, and the full logit chain bit-for-bit	/home/user/Ranger3143/labs/logs/safe/SAFE-01/h2_receipts/byte_02__abstain.TXT
byte_03	self	self	0	0	ACCEPT	VERIFY PASS — replay reproduced 16 tokens, the token digest, and the full logit chain bit-for-bit	/home/user/Ranger3143/labs/logs/safe/SAFE-01/h2_receipts/byte_03__self.TXT
byte_03	calc	self	0	0	ACCEPT	VERIFY PASS — replay reproduced 16 tokens, the token digest, and the full logit chain bit-for-bit	/home/user/Ranger3143/labs/logs/safe/SAFE-01/h2_receipts/byte_03__calc.TXT
byte_03	lookup	self	0	0	ACCEPT	VERIFY PASS — replay reproduced 16 tokens, the token digest, and the full logit chain bit-for-bit	/home/user/Ranger3143/labs/logs/safe/SAFE-01/h2_receipts/byte_03__lookup.TXT
byte_03	abstain	self	0	0	ACCEPT	VERIFY PASS — replay reproduced 16 tokens, the token digest, and the full logit chain bit-for-bit	/home/user/Ranger3143/labs/logs/safe/SAFE-01/h2_receipts/byte_03__abstain.TXT
byte_04	self	self	0	0	ACCEPT	VERIFY PASS — replay reproduced 16 tokens, the token digest, and the full logit chain bit-for-bit	/home/user/Ranger3143/labs/logs/safe/SAFE-01/h2_receipts/byte_04__self.TXT
byte_04	calc	self	0	0	ACCEPT	VERIFY PASS — replay reproduced 16 tokens, the token digest, and the full logit chain bit-for-bit	/home/user/Ranger3143/labs/logs/safe/SAFE-01/h2_receipts/byte_04__calc.TXT
byte_04	lookup	self	0	0	ACCEPT	VERIFY PASS — replay reproduced 16 tokens, the token digest, and the full logit chain bit-for-bit	/home/user/Ranger3143/labs/logs/safe/SAFE-01/h2_receipts/byte_04__lookup.TXT
byte_04	abstain	self	0	0	ACCEPT	VERIFY PASS — replay reproduced 16 tokens, the token digest, and the full logit chain bit-for-bit	/home/user/Ranger3143/labs/logs/safe/SAFE-01/h2_receipts/byte_04__abstain.TXT
byte_05	self	self	0	0	ACCEPT	VERIFY PASS — replay reproduced 16 tokens, the token digest, and the full logit chain bit-for-bit	/home/user/Ranger3143/labs/logs/safe/SAFE-01/h2_receipts/byte_05__self.TXT
byte_05	calc	self	0	0	ACCEPT	VERIFY PASS — replay reproduced 16 tokens, the token digest, and the full logit chain bit-for-bit	/home/user/Ranger3143/labs/logs/safe/SAFE-01/h2_receipts/byte_05__calc.TXT
byte_05	lookup	self	0	0	ACCEPT	VERIFY PASS — replay reproduced 16 tokens, the token digest, and the full logit chain bit-for-bit	/home/user/Ranger3143/labs/logs/safe/SAFE-01/h2_receipts/byte_05__lookup.TXT
byte_05	abstain	self	0	0	ACCEPT	VERIFY PASS — replay reproduced 16 tokens, the token digest, and the full logit chain bit-for-bit	/home/user/Ranger3143/labs/logs/safe/SAFE-01/h2_receipts/byte_05__abstain.TXT
byte_06	self	self	0	0	ACCEPT	VERIFY PASS — replay reproduced 16 tokens, the token digest, and the full logit chain bit-for-bit	/home/user/Ranger3143/labs/logs/safe/SAFE-01/h2_receipts/byte_06__self.TXT
byte_06	calc	self	0	0	ACCEPT	VERIFY PASS — replay reproduced 16 tokens, the token digest, and the full logit chain bit-for-bit	/home/user/Ranger3143/labs/logs/safe/SAFE-01/h2_receipts/byte_06__calc.TXT
byte_06	lookup	self	0	0	ACCEPT	VERIFY PASS — replay reproduced 16 tokens, the token digest, and the full logit chain bit-for-bit	/home/user/Ranger3143/labs/logs/safe/SAFE-01/h2_receipts/byte_06__lookup.TXT
byte_06	abstain	self	0	0	ACCEPT	VERIFY PASS — replay reproduced 16 tokens, the token digest, and the full logit chain bit-for-bit	/home/user/Ranger3143/labs/logs/safe/SAFE-01/h2_receipts/byte_06__abstain.TXT
byte_07	self	self	0	0	ACCEPT	VERIFY PASS — replay reproduced 16 tokens, the token digest, and the full logit chain bit-for-bit	/home/user/Ranger3143/labs/logs/safe/SAFE-01/h2_receipts/byte_07__self.TXT
byte_07	calc	self	0	0	ACCEPT	VERIFY PASS — replay reproduced 16 tokens, the token digest, and the full logit chain bit-for-bit	/home/user/Ranger3143/labs/logs/safe/SAFE-01/h2_receipts/byte_07__calc.TXT
byte_07	lookup	self	0	0	ACCEPT	VERIFY PASS — replay reproduced 16 tokens, the token digest, and the full logit chain bit-for-bit	/home/user/Ranger3143/labs/logs/safe/SAFE-01/h2_receipts/byte_07__lookup.TXT
byte_07	abstain	self	0	0	ACCEPT	VERIFY PASS — replay reproduced 16 tokens, the token digest, and the full logit chain bit-for-bit	/home/user/Ranger3143/labs/logs/safe/SAFE-01/h2_receipts/byte_07__abstain.TXT
byte_08	self	self	0	0	ACCEPT	VERIFY PASS — replay reproduced 16 tokens, the token digest, and the full logit chain bit-for-bit	/home/user/Ranger3143/labs/logs/safe/SAFE-01/h2_receipts/byte_08__self.TXT
byte_08	calc	self	0	0	ACCEPT	VERIFY PASS — replay reproduced 16 tokens, the token digest, and the full logit chain bit-for-bit	/home/user/Ranger3143/labs/logs/safe/SAFE-01/h2_receipts/byte_08__calc.TXT
byte_08	lookup	self	0	0	ACCEPT	VERIFY PASS — replay reproduced 16 tokens, the token digest, and the full logit chain bit-for-bit	/home/user/Ranger3143/labs/logs/safe/SAFE-01/h2_receipts/byte_08__lookup.TXT
byte_08	abstain	self	0	0	ACCEPT	VERIFY PASS — replay reproduced 16 tokens, the token digest, and the full logit chain bit-for-bit	/home/user/Ranger3143/labs/logs/safe/SAFE-01/h2_receipts/byte_08__abstain.TXT
byte_09	self	self	0	0	ACCEPT	VERIFY PASS — replay reproduced 16 tokens, the token digest, and the full logit chain bit-for-bit	/home/user/Ranger3143/labs/logs/safe/SAFE-01/h2_receipts/byte_09__self.TXT
byte_09	calc	self	0	0	ACCEPT	VERIFY PASS — replay reproduced 16 tokens, the token digest, and the full logit chain bit-for-bit	/home/user/Ranger3143/labs/logs/safe/SAFE-01/h2_receipts/byte_09__calc.TXT
byte_09	lookup	self	0	0	ACCEPT	VERIFY PASS — replay reproduced 16 tokens, the token digest, and the full logit chain bit-for-bit	/home/user/Ranger3143/labs/logs/safe/SAFE-01/h2_receipts/byte_09__lookup.TXT
byte_09	abstain	self	0	0	ACCEPT	VERIFY PASS — replay reproduced 16 tokens, the token digest, and the full logit chain bit-for-bit	/home/user/Ranger3143/labs/logs/safe/SAFE-01/h2_receipts/byte_09__abstain.TXT
byte_10	self	self	0	0	ACCEPT	VERIFY PASS — replay reproduced 16 tokens, the token digest, and the full logit chain bit-for-bit	/home/user/Ranger3143/labs/logs/safe/SAFE-01/h2_receipts/byte_10__self.TXT
byte_10	calc	self	0	0	ACCEPT	VERIFY PASS — replay reproduced 16 tokens, the token digest, and the full logit chain bit-for-bit	/home/user/Ranger3143/labs/logs/safe/SAFE-01/h2_receipts/byte_10__calc.TXT
byte_10	lookup	self	0	0	ACCEPT	VERIFY PASS — replay reproduced 16 tokens, the token digest, and the full logit chain bit-for-bit	/home/user/Ranger3143/labs/logs/safe/SAFE-01/h2_receipts/byte_10__lookup.TXT
byte_10	abstain	self	0	0	ACCEPT	VERIFY PASS — replay reproduced 16 tokens, the token digest, and the full logit chain bit-for-bit	/home/user/Ranger3143/labs/logs/safe/SAFE-01/h2_receipts/byte_10__abstain.TXT
byte_11	self	self	0	0	ACCEPT	VERIFY PASS — replay reproduced 16 tokens, the token digest, and the full logit chain bit-for-bit	/home/user/Ranger3143/labs/logs/safe/SAFE-01/h2_receipts/byte_11__self.TXT
byte_11	calc	self	0	0	ACCEPT	VERIFY PASS — replay reproduced 16 tokens, the token digest, and the full logit chain bit-for-bit	/home/user/Ranger3143/labs/logs/safe/SAFE-01/h2_receipts/byte_11__calc.TXT
byte_11	lookup	self	0	0	ACCEPT	VERIFY PASS — replay reproduced 16 tokens, the token digest, and the full logit chain bit-for-bit	/home/user/Ranger3143/labs/logs/safe/SAFE-01/h2_receipts/byte_11__lookup.TXT
byte_11	abstain	self	0	0	ACCEPT	VERIFY PASS — replay reproduced 16 tokens, the token digest, and the full logit chain bit-for-bit	/home/user/Ranger3143/labs/logs/safe/SAFE-01/h2_receipts/byte_11__abstain.TXT
byte_12	self	self	0	0	ACCEPT	VERIFY PASS — replay reproduced 16 tokens, the token digest, and the full logit chain bit-for-bit	/home/user/Ranger3143/labs/logs/safe/SAFE-01/h2_receipts/byte_12__self.TXT
byte_12	calc	self	0	0	ACCEPT	VERIFY PASS — replay reproduced 16 tokens, the token digest, and the full logit chain bit-for-bit	/home/user/Ranger3143/labs/logs/safe/SAFE-01/h2_receipts/byte_12__calc.TXT
byte_12	lookup	self	0	0	ACCEPT	VERIFY PASS — replay reproduced 16 tokens, the token digest, and the full logit chain bit-for-bit	/home/user/Ranger3143/labs/logs/safe/SAFE-01/h2_receipts/byte_12__lookup.TXT
byte_12	abstain	self	0	0	ACCEPT	VERIFY PASS — replay reproduced 16 tokens, the token digest, and the full logit chain bit-for-bit	/home/user/Ranger3143/labs/logs/safe/SAFE-01/h2_receipts/byte_12__abstain.TXT
byte_13	self	self	0	0	ACCEPT	VERIFY PASS — replay reproduced 16 tokens, the token digest, and the full logit chain bit-for-bit	/home/user/Ranger3143/labs/logs/safe/SAFE-01/h2_receipts/byte_13__self.TXT
byte_13	calc	self	0	0	ACCEPT	VERIFY PASS — replay reproduced 16 tokens, the token digest, and the full logit chain bit-for-bit	/home/user/Ranger3143/labs/logs/safe/SAFE-01/h2_receipts/byte_13__calc.TXT
byte_13	lookup	self	0	0	ACCEPT	VERIFY PASS — replay reproduced 16 tokens, the token digest, and the full logit chain bit-for-bit	/home/user/Ranger3143/labs/logs/safe/SAFE-01/h2_receipts/byte_13__lookup.TXT
byte_13	abstain	self	0	0	ACCEPT	VERIFY PASS — replay reproduced 16 tokens, the token digest, and the full logit chain bit-for-bit	/home/user/Ranger3143/labs/logs/safe/SAFE-01/h2_receipts/byte_13__abstain.TXT
byte_14	self	self	0	0	ACCEPT	VERIFY PASS — replay reproduced 16 tokens, the token digest, and the full logit chain bit-for-bit	/home/user/Ranger3143/labs/logs/safe/SAFE-01/h2_receipts/byte_14__self.TXT
byte_14	calc	self	0	0	ACCEPT	VERIFY PASS — replay reproduced 16 tokens, the token digest, and the full logit chain bit-for-bit	/home/user/Ranger3143/labs/logs/safe/SAFE-01/h2_receipts/byte_14__calc.TXT
byte_14	lookup	self	0	0	ACCEPT	VERIFY PASS — replay reproduced 16 tokens, the token digest, and the full logit chain bit-for-bit	/home/user/Ranger3143/labs/logs/safe/SAFE-01/h2_receipts/byte_14__lookup.TXT
byte_14	abstain	self	0	0	ACCEPT	VERIFY PASS — replay reproduced 16 tokens, the token digest, and the full logit chain bit-for-bit	/home/user/Ranger3143/labs/logs/safe/SAFE-01/h2_receipts/byte_14__abstain.TXT
byte_15	self	self	0	0	ACCEPT	VERIFY PASS — replay reproduced 16 tokens, the token digest, and the full logit chain bit-for-bit	/home/user/Ranger3143/labs/logs/safe/SAFE-01/h2_receipts/byte_15__self.TXT
byte_15	calc	self	0	0	ACCEPT	VERIFY PASS — replay reproduced 16 tokens, the token digest, and the full logit chain bit-for-bit	/home/user/Ranger3143/labs/logs/safe/SAFE-01/h2_receipts/byte_15__calc.TXT
byte_15	lookup	self	0	0	ACCEPT	VERIFY PASS — replay reproduced 16 tokens, the token digest, and the full logit chain bit-for-bit	/home/user/Ranger3143/labs/logs/safe/SAFE-01/h2_receipts/byte_15__lookup.TXT
byte_15	abstain	self	0	0	ACCEPT	VERIFY PASS — replay reproduced 16 tokens, the token digest, and the full logit chain bit-for-bit	/home/user/Ranger3143/labs/logs/safe/SAFE-01/h2_receipts/byte_15__abstain.TXT
byte_16	self	self	0	0	ACCEPT	VERIFY PASS — replay reproduced 16 tokens, the token digest, and the full logit chain bit-for-bit	/home/user/Ranger3143/labs/logs/safe/SAFE-01/h2_receipts/byte_16__self.TXT
byte_16	calc	self	0	0	ACCEPT	VERIFY PASS — replay reproduced 16 tokens, the token digest, and the full logit chain bit-for-bit	/home/user/Ranger3143/labs/logs/safe/SAFE-01/h2_receipts/byte_16__calc.TXT
byte_16	lookup	self	0	0	ACCEPT	VERIFY PASS — replay reproduced 16 tokens, the token digest, and the full logit chain bit-for-bit	/home/user/Ranger3143/labs/logs/safe/SAFE-01/h2_receipts/byte_16__lookup.TXT
byte_16	abstain	self	0	0	ACCEPT	VERIFY PASS — replay reproduced 16 tokens, the token digest, and the full logit chain bit-for-bit	/home/user/Ranger3143/labs/logs/safe/SAFE-01/h2_receipts/byte_16__abstain.TXT
byte_17	self	self	0	0	ACCEPT	VERIFY PASS — replay reproduced 16 tokens, the token digest, and the full logit chain bit-for-bit	/home/user/Ranger3143/labs/logs/safe/SAFE-01/h2_receipts/byte_17__self.TXT
byte_17	calc	self	0	0	ACCEPT	VERIFY PASS — replay reproduced 16 tokens, the token digest, and the full logit chain bit-for-bit	/home/user/Ranger3143/labs/logs/safe/SAFE-01/h2_receipts/byte_17__calc.TXT
byte_17	lookup	self	0	0	ACCEPT	VERIFY PASS — replay reproduced 16 tokens, the token digest, and the full logit chain bit-for-bit	/home/user/Ranger3143/labs/logs/safe/SAFE-01/h2_receipts/byte_17__lookup.TXT
byte_17	abstain	self	0	0	ACCEPT	VERIFY PASS — replay reproduced 16 tokens, the token digest, and the full logit chain bit-for-bit	/home/user/Ranger3143/labs/logs/safe/SAFE-01/h2_receipts/byte_17__abstain.TXT
byte_18	self	self	0	0	ACCEPT	VERIFY PASS — replay reproduced 16 tokens, the token digest, and the full logit chain bit-for-bit	/home/user/Ranger3143/labs/logs/safe/SAFE-01/h2_receipts/byte_18__self.TXT
byte_18	calc	self	0	0	ACCEPT	VERIFY PASS — replay reproduced 16 tokens, the token digest, and the full logit chain bit-for-bit	/home/user/Ranger3143/labs/logs/safe/SAFE-01/h2_receipts/byte_18__calc.TXT
byte_18	lookup	self	0	0	ACCEPT	VERIFY PASS — replay reproduced 16 tokens, the token digest, and the full logit chain bit-for-bit	/home/user/Ranger3143/labs/logs/safe/SAFE-01/h2_receipts/byte_18__lookup.TXT
byte_18	abstain	self	0	0	ACCEPT	VERIFY PASS — replay reproduced 16 tokens, the token digest, and the full logit chain bit-for-bit	/home/user/Ranger3143/labs/logs/safe/SAFE-01/h2_receipts/byte_18__abstain.TXT
byte_19	self	self	0	0	ACCEPT	VERIFY PASS — replay reproduced 16 tokens, the token digest, and the full logit chain bit-for-bit	/home/user/Ranger3143/labs/logs/safe/SAFE-01/h2_receipts/byte_19__self.TXT
byte_19	calc	self	0	0	ACCEPT	VERIFY PASS — replay reproduced 16 tokens, the token digest, and the full logit chain bit-for-bit	/home/user/Ranger3143/labs/logs/safe/SAFE-01/h2_receipts/byte_19__calc.TXT
byte_19	lookup	self	0	0	ACCEPT	VERIFY PASS — replay reproduced 16 tokens, the token digest, and the full logit chain bit-for-bit	/home/user/Ranger3143/labs/logs/safe/SAFE-01/h2_receipts/byte_19__lookup.TXT
byte_19	abstain	self	0	0	ACCEPT	VERIFY PASS — replay reproduced 16 tokens, the token digest, and the full logit chain bit-for-bit	/home/user/Ranger3143/labs/logs/safe/SAFE-01/h2_receipts/byte_19__abstain.TXT
bit_00	self	self	0	0	ACCEPT	VERIFY PASS — replay reproduced 16 tokens, the token digest, and the full logit chain bit-for-bit	/home/user/Ranger3143/labs/logs/safe/SAFE-01/h2_receipts/bit_00__self.TXT
bit_00	calc	self	0	0	ACCEPT	VERIFY PASS — replay reproduced 16 tokens, the token digest, and the full logit chain bit-for-bit	/home/user/Ranger3143/labs/logs/safe/SAFE-01/h2_receipts/bit_00__calc.TXT
bit_00	lookup	self	0	0	ACCEPT	VERIFY PASS — replay reproduced 16 tokens, the token digest, and the full logit chain bit-for-bit	/home/user/Ranger3143/labs/logs/safe/SAFE-01/h2_receipts/bit_00__lookup.TXT
bit_00	abstain	self	0	0	ACCEPT	VERIFY PASS — replay reproduced 16 tokens, the token digest, and the full logit chain bit-for-bit	/home/user/Ranger3143/labs/logs/safe/SAFE-01/h2_receipts/bit_00__abstain.TXT
bit_01	self	self	0	0	ACCEPT	VERIFY PASS — replay reproduced 16 tokens, the token digest, and the full logit chain bit-for-bit	/home/user/Ranger3143/labs/logs/safe/SAFE-01/h2_receipts/bit_01__self.TXT
bit_01	calc	self	0	0	ACCEPT	VERIFY PASS — replay reproduced 16 tokens, the token digest, and the full logit chain bit-for-bit	/home/user/Ranger3143/labs/logs/safe/SAFE-01/h2_receipts/bit_01__calc.TXT
bit_01	lookup	self	0	0	ACCEPT	VERIFY PASS — replay reproduced 16 tokens, the token digest, and the full logit chain bit-for-bit	/home/user/Ranger3143/labs/logs/safe/SAFE-01/h2_receipts/bit_01__lookup.TXT
bit_01	abstain	self	0	0	ACCEPT	VERIFY PASS — replay reproduced 16 tokens, the token digest, and the full logit chain bit-for-bit	/home/user/Ranger3143/labs/logs/safe/SAFE-01/h2_receipts/bit_01__abstain.TXT
bit_02	self	self	0	0	ACCEPT	VERIFY PASS — replay reproduced 16 tokens, the token digest, and the full logit chain bit-for-bit	/home/user/Ranger3143/labs/logs/safe/SAFE-01/h2_receipts/bit_02__self.TXT
bit_02	calc	self	0	0	ACCEPT	VERIFY PASS — replay reproduced 16 tokens, the token digest, and the full logit chain bit-for-bit	/home/user/Ranger3143/labs/logs/safe/SAFE-01/h2_receipts/bit_02__calc.TXT
bit_02	lookup	self	0	0	ACCEPT	VERIFY PASS — replay reproduced 16 tokens, the token digest, and the full logit chain bit-for-bit	/home/user/Ranger3143/labs/logs/safe/SAFE-01/h2_receipts/bit_02__lookup.TXT
bit_02	abstain	self	0	0	ACCEPT	VERIFY PASS — replay reproduced 16 tokens, the token digest, and the full logit chain bit-for-bit	/home/user/Ranger3143/labs/logs/safe/SAFE-01/h2_receipts/bit_02__abstain.TXT
bit_03	self	self	0	0	ACCEPT	VERIFY PASS — replay reproduced 16 tokens, the token digest, and the full logit chain bit-for-bit	/home/user/Ranger3143/labs/logs/safe/SAFE-01/h2_receipts/bit_03__self.TXT
bit_03	calc	self	0	0	ACCEPT	VERIFY PASS — replay reproduced 16 tokens, the token digest, and the full logit chain bit-for-bit	/home/user/Ranger3143/labs/logs/safe/SAFE-01/h2_receipts/bit_03__calc.TXT
bit_03	lookup	self	0	0	ACCEPT	VERIFY PASS — replay reproduced 16 tokens, the token digest, and the full logit chain bit-for-bit	/home/user/Ranger3143/labs/logs/safe/SAFE-01/h2_receipts/bit_03__lookup.TXT
bit_03	abstain	self	0	0	ACCEPT	VERIFY PASS — replay reproduced 16 tokens, the token digest, and the full logit chain bit-for-bit	/home/user/Ranger3143/labs/logs/safe/SAFE-01/h2_receipts/bit_03__abstain.TXT
bit_04	self	self	0	0	ACCEPT	VERIFY PASS — replay reproduced 16 tokens, the token digest, and the full logit chain bit-for-bit	/home/user/Ranger3143/labs/logs/safe/SAFE-01/h2_receipts/bit_04__self.TXT
bit_04	calc	self	0	0	ACCEPT	VERIFY PASS — replay reproduced 16 tokens, the token digest, and the full logit chain bit-for-bit	/home/user/Ranger3143/labs/logs/safe/SAFE-01/h2_receipts/bit_04__calc.TXT
bit_04	lookup	self	0	0	ACCEPT	VERIFY PASS — replay reproduced 16 tokens, the token digest, and the full logit chain bit-for-bit	/home/user/Ranger3143/labs/logs/safe/SAFE-01/h2_receipts/bit_04__lookup.TXT
bit_04	abstain	self	0	0	ACCEPT	VERIFY PASS — replay reproduced 16 tokens, the token digest, and the full logit chain bit-for-bit	/home/user/Ranger3143/labs/logs/safe/SAFE-01/h2_receipts/bit_04__abstain.TXT
bit_05	self	self	0	0	ACCEPT	VERIFY PASS — replay reproduced 16 tokens, the token digest, and the full logit chain bit-for-bit	/home/user/Ranger3143/labs/logs/safe/SAFE-01/h2_receipts/bit_05__self.TXT
bit_05	calc	self	0	0	ACCEPT	VERIFY PASS — replay reproduced 16 tokens, the token digest, and the full logit chain bit-for-bit	/home/user/Ranger3143/labs/logs/safe/SAFE-01/h2_receipts/bit_05__calc.TXT
bit_05	lookup	self	0	0	ACCEPT	VERIFY PASS — replay reproduced 16 tokens, the token digest, and the full logit chain bit-for-bit	/home/user/Ranger3143/labs/logs/safe/SAFE-01/h2_receipts/bit_05__lookup.TXT
bit_05	abstain	self	0	0	ACCEPT	VERIFY PASS — replay reproduced 16 tokens, the token digest, and the full logit chain bit-for-bit	/home/user/Ranger3143/labs/logs/safe/SAFE-01/h2_receipts/bit_05__abstain.TXT
bit_06	self	self	0	0	ACCEPT	VERIFY PASS — replay reproduced 16 tokens, the token digest, and the full logit chain bit-for-bit	/home/user/Ranger3143/labs/logs/safe/SAFE-01/h2_receipts/bit_06__self.TXT
bit_06	calc	self	0	0	ACCEPT	VERIFY PASS — replay reproduced 16 tokens, the token digest, and the full logit chain bit-for-bit	/home/user/Ranger3143/labs/logs/safe/SAFE-01/h2_receipts/bit_06__calc.TXT
bit_06	lookup	self	0	0	ACCEPT	VERIFY PASS — replay reproduced 16 tokens, the token digest, and the full logit chain bit-for-bit	/home/user/Ranger3143/labs/logs/safe/SAFE-01/h2_receipts/bit_06__lookup.TXT
bit_06	abstain	self	0	0	ACCEPT	VERIFY PASS — replay reproduced 16 tokens, the token digest, and the full logit chain bit-for-bit	/home/user/Ranger3143/labs/logs/safe/SAFE-01/h2_receipts/bit_06__abstain.TXT
bit_07	self	self	0	0	ACCEPT	VERIFY PASS — replay reproduced 16 tokens, the token digest, and the full logit chain bit-for-bit	/home/user/Ranger3143/labs/logs/safe/SAFE-01/h2_receipts/bit_07__self.TXT
bit_07	calc	self	0	0	ACCEPT	VERIFY PASS — replay reproduced 16 tokens, the token digest, and the full logit chain bit-for-bit	/home/user/Ranger3143/labs/logs/safe/SAFE-01/h2_receipts/bit_07__calc.TXT
bit_07	lookup	self	0	0	ACCEPT	VERIFY PASS — replay reproduced 16 tokens, the token digest, and the full logit chain bit-for-bit	/home/user/Ranger3143/labs/logs/safe/SAFE-01/h2_receipts/bit_07__lookup.TXT
bit_07	abstain	self	0	0	ACCEPT	VERIFY PASS — replay reproduced 16 tokens, the token digest, and the full logit chain bit-for-bit	/home/user/Ranger3143/labs/logs/safe/SAFE-01/h2_receipts/bit_07__abstain.TXT
bit_08	self	self	0	0	ACCEPT	VERIFY PASS — replay reproduced 16 tokens, the token digest, and the full logit chain bit-for-bit	/home/user/Ranger3143/labs/logs/safe/SAFE-01/h2_receipts/bit_08__self.TXT
bit_08	calc	self	0	0	ACCEPT	VERIFY PASS — replay reproduced 16 tokens, the token digest, and the full logit chain bit-for-bit	/home/user/Ranger3143/labs/logs/safe/SAFE-01/h2_receipts/bit_08__calc.TXT
bit_08	lookup	self	0	0	ACCEPT	VERIFY PASS — replay reproduced 16 tokens, the token digest, and the full logit chain bit-for-bit	/home/user/Ranger3143/labs/logs/safe/SAFE-01/h2_receipts/bit_08__lookup.TXT
bit_08	abstain	self	0	0	ACCEPT	VERIFY PASS — replay reproduced 16 tokens, the token digest, and the full logit chain bit-for-bit	/home/user/Ranger3143/labs/logs/safe/SAFE-01/h2_receipts/bit_08__abstain.TXT
bit_09	self	self	0	0	ACCEPT	VERIFY PASS — replay reproduced 16 tokens, the token digest, and the full logit chain bit-for-bit	/home/user/Ranger3143/labs/logs/safe/SAFE-01/h2_receipts/bit_09__self.TXT
bit_09	calc	self	0	0	ACCEPT	VERIFY PASS — replay reproduced 16 tokens, the token digest, and the full logit chain bit-for-bit	/home/user/Ranger3143/labs/logs/safe/SAFE-01/h2_receipts/bit_09__calc.TXT
bit_09	lookup	self	0	0	ACCEPT	VERIFY PASS — replay reproduced 16 tokens, the token digest, and the full logit chain bit-for-bit	/home/user/Ranger3143/labs/logs/safe/SAFE-01/h2_receipts/bit_09__lookup.TXT
bit_09	abstain	self	0	0	ACCEPT	VERIFY PASS — replay reproduced 16 tokens, the token digest, and the full logit chain bit-for-bit	/home/user/Ranger3143/labs/logs/safe/SAFE-01/h2_receipts/bit_09__abstain.TXT
bit_10	self	self	0	0	ACCEPT	VERIFY PASS — replay reproduced 16 tokens, the token digest, and the full logit chain bit-for-bit	/home/user/Ranger3143/labs/logs/safe/SAFE-01/h2_receipts/bit_10__self.TXT
bit_10	calc	self	0	0	ACCEPT	VERIFY PASS — replay reproduced 16 tokens, the token digest, and the full logit chain bit-for-bit	/home/user/Ranger3143/labs/logs/safe/SAFE-01/h2_receipts/bit_10__calc.TXT
bit_10	lookup	self	0	0	ACCEPT	VERIFY PASS — replay reproduced 16 tokens, the token digest, and the full logit chain bit-for-bit	/home/user/Ranger3143/labs/logs/safe/SAFE-01/h2_receipts/bit_10__lookup.TXT
bit_10	abstain	self	0	0	ACCEPT	VERIFY PASS — replay reproduced 16 tokens, the token digest, and the full logit chain bit-for-bit	/home/user/Ranger3143/labs/logs/safe/SAFE-01/h2_receipts/bit_10__abstain.TXT
bit_11	self	self	0	0	ACCEPT	VERIFY PASS — replay reproduced 16 tokens, the token digest, and the full logit chain bit-for-bit	/home/user/Ranger3143/labs/logs/safe/SAFE-01/h2_receipts/bit_11__self.TXT
bit_11	calc	self	0	0	ACCEPT	VERIFY PASS — replay reproduced 16 tokens, the token digest, and the full logit chain bit-for-bit	/home/user/Ranger3143/labs/logs/safe/SAFE-01/h2_receipts/bit_11__calc.TXT
bit_11	lookup	self	0	0	ACCEPT	VERIFY PASS — replay reproduced 16 tokens, the token digest, and the full logit chain bit-for-bit	/home/user/Ranger3143/labs/logs/safe/SAFE-01/h2_receipts/bit_11__lookup.TXT
bit_11	abstain	self	0	0	ACCEPT	VERIFY PASS — replay reproduced 16 tokens, the token digest, and the full logit chain bit-for-bit	/home/user/Ranger3143/labs/logs/safe/SAFE-01/h2_receipts/bit_11__abstain.TXT
bit_12	self	self	0	0	ACCEPT	VERIFY PASS — replay reproduced 16 tokens, the token digest, and the full logit chain bit-for-bit	/home/user/Ranger3143/labs/logs/safe/SAFE-01/h2_receipts/bit_12__self.TXT
bit_12	calc	self	0	0	ACCEPT	VERIFY PASS — replay reproduced 16 tokens, the token digest, and the full logit chain bit-for-bit	/home/user/Ranger3143/labs/logs/safe/SAFE-01/h2_receipts/bit_12__calc.TXT
bit_12	lookup	self	0	0	ACCEPT	VERIFY PASS — replay reproduced 16 tokens, the token digest, and the full logit chain bit-for-bit	/home/user/Ranger3143/labs/logs/safe/SAFE-01/h2_receipts/bit_12__lookup.TXT
bit_12	abstain	self	0	0	ACCEPT	VERIFY PASS — replay reproduced 16 tokens, the token digest, and the full logit chain bit-for-bit	/home/user/Ranger3143/labs/logs/safe/SAFE-01/h2_receipts/bit_12__abstain.TXT
bit_13	self	self	0	0	ACCEPT	VERIFY PASS — replay reproduced 16 tokens, the token digest, and the full logit chain bit-for-bit	/home/user/Ranger3143/labs/logs/safe/SAFE-01/h2_receipts/bit_13__self.TXT
bit_13	calc	self	0	0	ACCEPT	VERIFY PASS — replay reproduced 16 tokens, the token digest, and the full logit chain bit-for-bit	/home/user/Ranger3143/labs/logs/safe/SAFE-01/h2_receipts/bit_13__calc.TXT
bit_13	lookup	self	0	0	ACCEPT	VERIFY PASS — replay reproduced 16 tokens, the token digest, and the full logit chain bit-for-bit	/home/user/Ranger3143/labs/logs/safe/SAFE-01/h2_receipts/bit_13__lookup.TXT
bit_13	abstain	self	0	0	ACCEPT	VERIFY PASS — replay reproduced 16 tokens, the token digest, and the full logit chain bit-for-bit	/home/user/Ranger3143/labs/logs/safe/SAFE-01/h2_receipts/bit_13__abstain.TXT
bit_14	self	self	0	0	ACCEPT	VERIFY PASS — replay reproduced 16 tokens, the token digest, and the full logit chain bit-for-bit	/home/user/Ranger3143/labs/logs/safe/SAFE-01/h2_receipts/bit_14__self.TXT
bit_14	calc	self	0	0	ACCEPT	VERIFY PASS — replay reproduced 16 tokens, the token digest, and the full logit chain bit-for-bit	/home/user/Ranger3143/labs/logs/safe/SAFE-01/h2_receipts/bit_14__calc.TXT
bit_14	lookup	self	0	0	ACCEPT	VERIFY PASS — replay reproduced 16 tokens, the token digest, and the full logit chain bit-for-bit	/home/user/Ranger3143/labs/logs/safe/SAFE-01/h2_receipts/bit_14__lookup.TXT
bit_14	abstain	self	0	0	ACCEPT	VERIFY PASS — replay reproduced 16 tokens, the token digest, and the full logit chain bit-for-bit	/home/user/Ranger3143/labs/logs/safe/SAFE-01/h2_receipts/bit_14__abstain.TXT
bit_15	self	self	0	0	ACCEPT	VERIFY PASS — replay reproduced 16 tokens, the token digest, and the full logit chain bit-for-bit	/home/user/Ranger3143/labs/logs/safe/SAFE-01/h2_receipts/bit_15__self.TXT
bit_15	calc	self	0	0	ACCEPT	VERIFY PASS — replay reproduced 16 tokens, the token digest, and the full logit chain bit-for-bit	/home/user/Ranger3143/labs/logs/safe/SAFE-01/h2_receipts/bit_15__calc.TXT
bit_15	lookup	self	0	0	ACCEPT	VERIFY PASS — replay reproduced 16 tokens, the token digest, and the full logit chain bit-for-bit	/home/user/Ranger3143/labs/logs/safe/SAFE-01/h2_receipts/bit_15__lookup.TXT
bit_15	abstain	self	0	0	ACCEPT	VERIFY PASS — replay reproduced 16 tokens, the token digest, and the full logit chain bit-for-bit	/home/user/Ranger3143/labs/logs/safe/SAFE-01/h2_receipts/bit_15__abstain.TXT
bit_16	self	self	0	0	ACCEPT	VERIFY PASS — replay reproduced 16 tokens, the token digest, and the full logit chain bit-for-bit	/home/user/Ranger3143/labs/logs/safe/SAFE-01/h2_receipts/bit_16__self.TXT
bit_16	calc	self	0	0	ACCEPT	VERIFY PASS — replay reproduced 16 tokens, the token digest, and the full logit chain bit-for-bit	/home/user/Ranger3143/labs/logs/safe/SAFE-01/h2_receipts/bit_16__calc.TXT
bit_16	lookup	self	0	0	ACCEPT	VERIFY PASS — replay reproduced 16 tokens, the token digest, and the full logit chain bit-for-bit	/home/user/Ranger3143/labs/logs/safe/SAFE-01/h2_receipts/bit_16__lookup.TXT
bit_16	abstain	self	0	0	ACCEPT	VERIFY PASS — replay reproduced 16 tokens, the token digest, and the full logit chain bit-for-bit	/home/user/Ranger3143/labs/logs/safe/SAFE-01/h2_receipts/bit_16__abstain.TXT
bit_17	self	self	0	0	ACCEPT	VERIFY PASS — replay reproduced 16 tokens, the token digest, and the full logit chain bit-for-bit	/home/user/Ranger3143/labs/logs/safe/SAFE-01/h2_receipts/bit_17__self.TXT
bit_17	calc	self	0	0	ACCEPT	VERIFY PASS — replay reproduced 16 tokens, the token digest, and the full logit chain bit-for-bit	/home/user/Ranger3143/labs/logs/safe/SAFE-01/h2_receipts/bit_17__calc.TXT
bit_17	lookup	self	0	0	ACCEPT	VERIFY PASS — replay reproduced 16 tokens, the token digest, and the full logit chain bit-for-bit	/home/user/Ranger3143/labs/logs/safe/SAFE-01/h2_receipts/bit_17__lookup.TXT
bit_17	abstain	self	0	0	ACCEPT	VERIFY PASS — replay reproduced 16 tokens, the token digest, and the full logit chain bit-for-bit	/home/user/Ranger3143/labs/logs/safe/SAFE-01/h2_receipts/bit_17__abstain.TXT
bit_18	self	self	0	0	ACCEPT	VERIFY PASS — replay reproduced 16 tokens, the token digest, and the full logit chain bit-for-bit	/home/user/Ranger3143/labs/logs/safe/SAFE-01/h2_receipts/bit_18__self.TXT
bit_18	calc	self	0	0	ACCEPT	VERIFY PASS — replay reproduced 16 tokens, the token digest, and the full logit chain bit-for-bit	/home/user/Ranger3143/labs/logs/safe/SAFE-01/h2_receipts/bit_18__calc.TXT
bit_18	lookup	self	0	0	ACCEPT	VERIFY PASS — replay reproduced 16 tokens, the token digest, and the full logit chain bit-for-bit	/home/user/Ranger3143/labs/logs/safe/SAFE-01/h2_receipts/bit_18__lookup.TXT
bit_18	abstain	self	0	0	ACCEPT	VERIFY PASS — replay reproduced 16 tokens, the token digest, and the full logit chain bit-for-bit	/home/user/Ranger3143/labs/logs/safe/SAFE-01/h2_receipts/bit_18__abstain.TXT
bit_19	self	self	0	0	ACCEPT	VERIFY PASS — replay reproduced 16 tokens, the token digest, and the full logit chain bit-for-bit	/home/user/Ranger3143/labs/logs/safe/SAFE-01/h2_receipts/bit_19__self.TXT
bit_19	calc	self	0	0	ACCEPT	VERIFY PASS — replay reproduced 16 tokens, the token digest, and the full logit chain bit-for-bit	/home/user/Ranger3143/labs/logs/safe/SAFE-01/h2_receipts/bit_19__calc.TXT
bit_19	lookup	self	0	0	ACCEPT	VERIFY PASS — replay reproduced 16 tokens, the token digest, and the full logit chain bit-for-bit	/home/user/Ranger3143/labs/logs/safe/SAFE-01/h2_receipts/bit_19__lookup.TXT
bit_19	abstain	self	0	0	ACCEPT	VERIFY PASS — replay reproduced 16 tokens, the token digest, and the full logit chain bit-for-bit	/home/user/Ranger3143/labs/logs/safe/SAFE-01/h2_receipts/bit_19__abstain.TXT
byte_00	orig-minted canary self	cross		1	REJECT_CLEAN	FAIL artifact: MODEL hash mismatch (receipt a44e48965c641b81 vs local d60a26f037b9d637)	/home/user/Ranger3143/labs/logs/safe/SAFE-01/h2_receipts/orig_00__self.TXT
byte_00	orig-minted canary calc	cross		1	REJECT_CLEAN	FAIL artifact: MODEL hash mismatch (receipt a44e48965c641b81 vs local d60a26f037b9d637)	/home/user/Ranger3143/labs/logs/safe/SAFE-01/h2_receipts/orig_00__calc.TXT
byte_00	orig-minted canary lookup	cross		1	REJECT_CLEAN	FAIL artifact: MODEL hash mismatch (receipt a44e48965c641b81 vs local d60a26f037b9d637)	/home/user/Ranger3143/labs/logs/safe/SAFE-01/h2_receipts/orig_00__lookup.TXT
byte_00	orig-minted canary abstain	cross		1	REJECT_CLEAN	FAIL artifact: MODEL hash mismatch (receipt a44e48965c641b81 vs local d60a26f037b9d637)	/home/user/Ranger3143/labs/logs/safe/SAFE-01/h2_receipts/orig_00__abstain.TXT
byte_00	qemu_abstain/RECEIPT.TXT	cross		1	REJECT_CLEAN	FAIL artifact: MODEL hash mismatch (receipt a44e48965c641b81 vs local d60a26f037b9d637)	/home/user/Ranger3143/labs/logs/opmodel/final_step12000/qemu_abstain/RECEIPT.TXT
byte_00	qemu_calc/RECEIPT.TXT	cross		1	REJECT_CLEAN	FAIL artifact: MODEL hash mismatch (receipt a44e48965c641b81 vs local d60a26f037b9d637)	/home/user/Ranger3143/labs/logs/opmodel/final_step12000/qemu_calc/RECEIPT.TXT
byte_00	qemu_calc/RECEIPT2.TXT	cross		1	REJECT_CLEAN	FAIL artifact: MODEL hash mismatch (receipt a44e48965c641b81 vs local d60a26f037b9d637)	/home/user/Ranger3143/labs/logs/opmodel/final_step12000/qemu_calc/RECEIPT2.TXT
byte_00	qemu_calc_words/RECEIPT.TXT	cross		1	REJECT_CLEAN	FAIL artifact: MODEL hash mismatch (receipt a44e48965c641b81 vs local d60a26f037b9d637)	/home/user/Ranger3143/labs/logs/opmodel/final_step12000/qemu_calc_words/RECEIPT.TXT
byte_00	qemu_calc_words/RECEIPT2.TXT	cross		1	REJECT_CLEAN	FAIL artifact: MODEL hash mismatch (receipt a44e48965c641b81 vs local d60a26f037b9d637)	/home/user/Ranger3143/labs/logs/opmodel/final_step12000/qemu_calc_words/RECEIPT2.TXT
byte_00	qemu_everyday/RECEIPT.TXT	cross		1	REJECT_CLEAN	FAIL artifact: MODEL hash mismatch (receipt a44e48965c641b81 vs local d60a26f037b9d637)	/home/user/Ranger3143/labs/logs/opmodel/final_step12000/qemu_everyday/RECEIPT.TXT
byte_00	qemu_lookup/RECEIPT.TXT	cross		1	REJECT_CLEAN	FAIL artifact: MODEL hash mismatch (receipt a44e48965c641b81 vs local d60a26f037b9d637)	/home/user/Ranger3143/labs/logs/opmodel/final_step12000/qemu_lookup/RECEIPT.TXT
byte_00	qemu_lookup/RECEIPT2.TXT	cross		1	REJECT_CLEAN	FAIL artifact: MODEL hash mismatch (receipt a44e48965c641b81 vs local d60a26f037b9d637)	/home/user/Ranger3143/labs/logs/opmodel/final_step12000/qemu_lookup/RECEIPT2.TXT
byte_00	qemu_receipt/RECEIPT.TXT	cross		1	REJECT_CLEAN	FAIL artifact: MODEL hash mismatch (receipt a44e48965c641b81 vs local d60a26f037b9d637)	/home/user/Ranger3143/labs/logs/opmodel/final_step12000/qemu_receipt/RECEIPT.TXT
byte_00	qemu_self/RECEIPT.TXT	cross		1	REJECT_CLEAN	FAIL artifact: MODEL hash mismatch (receipt a44e48965c641b81 vs local d60a26f037b9d637)	/home/user/Ranger3143/labs/logs/opmodel/final_step12000/qemu_self/RECEIPT.TXT
byte_00	qemu_unknown_tool/RECEIPT.TXT	cross		1	REJECT_CLEAN	FAIL artifact: MODEL hash mismatch (receipt a44e48965c641b81 vs local d60a26f037b9d637)	/home/user/Ranger3143/labs/logs/opmodel/final_step12000/qemu_unknown_tool/RECEIPT.TXT
byte_01	orig-minted canary self	cross		1	REJECT_CLEAN	FAIL artifact: MODEL hash mismatch (receipt a44e48965c641b81 vs local 46954d894698ea83)	/home/user/Ranger3143/labs/logs/safe/SAFE-01/h2_receipts/orig_00__self.TXT
byte_01	orig-minted canary calc	cross		1	REJECT_CLEAN	FAIL artifact: MODEL hash mismatch (receipt a44e48965c641b81 vs local 46954d894698ea83)	/home/user/Ranger3143/labs/logs/safe/SAFE-01/h2_receipts/orig_00__calc.TXT
byte_01	orig-minted canary lookup	cross		1	REJECT_CLEAN	FAIL artifact: MODEL hash mismatch (receipt a44e48965c641b81 vs local 46954d894698ea83)	/home/user/Ranger3143/labs/logs/safe/SAFE-01/h2_receipts/orig_00__lookup.TXT
byte_01	orig-minted canary abstain	cross		1	REJECT_CLEAN	FAIL artifact: MODEL hash mismatch (receipt a44e48965c641b81 vs local 46954d894698ea83)	/home/user/Ranger3143/labs/logs/safe/SAFE-01/h2_receipts/orig_00__abstain.TXT
byte_01	qemu_abstain/RECEIPT.TXT	cross		1	REJECT_CLEAN	FAIL artifact: MODEL hash mismatch (receipt a44e48965c641b81 vs local 46954d894698ea83)	/home/user/Ranger3143/labs/logs/opmodel/final_step12000/qemu_abstain/RECEIPT.TXT
byte_01	qemu_calc/RECEIPT.TXT	cross		1	REJECT_CLEAN	FAIL artifact: MODEL hash mismatch (receipt a44e48965c641b81 vs local 46954d894698ea83)	/home/user/Ranger3143/labs/logs/opmodel/final_step12000/qemu_calc/RECEIPT.TXT
byte_01	qemu_calc/RECEIPT2.TXT	cross		1	REJECT_CLEAN	FAIL artifact: MODEL hash mismatch (receipt a44e48965c641b81 vs local 46954d894698ea83)	/home/user/Ranger3143/labs/logs/opmodel/final_step12000/qemu_calc/RECEIPT2.TXT
byte_01	qemu_calc_words/RECEIPT.TXT	cross		1	REJECT_CLEAN	FAIL artifact: MODEL hash mismatch (receipt a44e48965c641b81 vs local 46954d894698ea83)	/home/user/Ranger3143/labs/logs/opmodel/final_step12000/qemu_calc_words/RECEIPT.TXT
byte_01	qemu_calc_words/RECEIPT2.TXT	cross		1	REJECT_CLEAN	FAIL artifact: MODEL hash mismatch (receipt a44e48965c641b81 vs local 46954d894698ea83)	/home/user/Ranger3143/labs/logs/opmodel/final_step12000/qemu_calc_words/RECEIPT2.TXT
byte_01	qemu_everyday/RECEIPT.TXT	cross		1	REJECT_CLEAN	FAIL artifact: MODEL hash mismatch (receipt a44e48965c641b81 vs local 46954d894698ea83)	/home/user/Ranger3143/labs/logs/opmodel/final_step12000/qemu_everyday/RECEIPT.TXT
byte_01	qemu_lookup/RECEIPT.TXT	cross		1	REJECT_CLEAN	FAIL artifact: MODEL hash mismatch (receipt a44e48965c641b81 vs local 46954d894698ea83)	/home/user/Ranger3143/labs/logs/opmodel/final_step12000/qemu_lookup/RECEIPT.TXT
byte_01	qemu_lookup/RECEIPT2.TXT	cross		1	REJECT_CLEAN	FAIL artifact: MODEL hash mismatch (receipt a44e48965c641b81 vs local 46954d894698ea83)	/home/user/Ranger3143/labs/logs/opmodel/final_step12000/qemu_lookup/RECEIPT2.TXT
byte_01	qemu_receipt/RECEIPT.TXT	cross		1	REJECT_CLEAN	FAIL artifact: MODEL hash mismatch (receipt a44e48965c641b81 vs local 46954d894698ea83)	/home/user/Ranger3143/labs/logs/opmodel/final_step12000/qemu_receipt/RECEIPT.TXT
byte_01	qemu_self/RECEIPT.TXT	cross		1	REJECT_CLEAN	FAIL artifact: MODEL hash mismatch (receipt a44e48965c641b81 vs local 46954d894698ea83)	/home/user/Ranger3143/labs/logs/opmodel/final_step12000/qemu_self/RECEIPT.TXT
byte_01	qemu_unknown_tool/RECEIPT.TXT	cross		1	REJECT_CLEAN	FAIL artifact: MODEL hash mismatch (receipt a44e48965c641b81 vs local 46954d894698ea83)	/home/user/Ranger3143/labs/logs/opmodel/final_step12000/qemu_unknown_tool/RECEIPT.TXT
byte_02	orig-minted canary self	cross		1	REJECT_CLEAN	FAIL artifact: MODEL hash mismatch (receipt a44e48965c641b81 vs local 504f86ed71642411)	/home/user/Ranger3143/labs/logs/safe/SAFE-01/h2_receipts/orig_00__self.TXT
byte_02	orig-minted canary calc	cross		1	REJECT_CLEAN	FAIL artifact: MODEL hash mismatch (receipt a44e48965c641b81 vs local 504f86ed71642411)	/home/user/Ranger3143/labs/logs/safe/SAFE-01/h2_receipts/orig_00__calc.TXT
byte_02	orig-minted canary lookup	cross		1	REJECT_CLEAN	FAIL artifact: MODEL hash mismatch (receipt a44e48965c641b81 vs local 504f86ed71642411)	/home/user/Ranger3143/labs/logs/safe/SAFE-01/h2_receipts/orig_00__lookup.TXT
byte_02	orig-minted canary abstain	cross		1	REJECT_CLEAN	FAIL artifact: MODEL hash mismatch (receipt a44e48965c641b81 vs local 504f86ed71642411)	/home/user/Ranger3143/labs/logs/safe/SAFE-01/h2_receipts/orig_00__abstain.TXT
byte_02	qemu_abstain/RECEIPT.TXT	cross		1	REJECT_CLEAN	FAIL artifact: MODEL hash mismatch (receipt a44e48965c641b81 vs local 504f86ed71642411)	/home/user/Ranger3143/labs/logs/opmodel/final_step12000/qemu_abstain/RECEIPT.TXT
byte_02	qemu_calc/RECEIPT.TXT	cross		1	REJECT_CLEAN	FAIL artifact: MODEL hash mismatch (receipt a44e48965c641b81 vs local 504f86ed71642411)	/home/user/Ranger3143/labs/logs/opmodel/final_step12000/qemu_calc/RECEIPT.TXT
byte_02	qemu_calc/RECEIPT2.TXT	cross		1	REJECT_CLEAN	FAIL artifact: MODEL hash mismatch (receipt a44e48965c641b81 vs local 504f86ed71642411)	/home/user/Ranger3143/labs/logs/opmodel/final_step12000/qemu_calc/RECEIPT2.TXT
byte_02	qemu_calc_words/RECEIPT.TXT	cross		1	REJECT_CLEAN	FAIL artifact: MODEL hash mismatch (receipt a44e48965c641b81 vs local 504f86ed71642411)	/home/user/Ranger3143/labs/logs/opmodel/final_step12000/qemu_calc_words/RECEIPT.TXT
byte_02	qemu_calc_words/RECEIPT2.TXT	cross		1	REJECT_CLEAN	FAIL artifact: MODEL hash mismatch (receipt a44e48965c641b81 vs local 504f86ed71642411)	/home/user/Ranger3143/labs/logs/opmodel/final_step12000/qemu_calc_words/RECEIPT2.TXT
byte_02	qemu_everyday/RECEIPT.TXT	cross		1	REJECT_CLEAN	FAIL artifact: MODEL hash mismatch (receipt a44e48965c641b81 vs local 504f86ed71642411)	/home/user/Ranger3143/labs/logs/opmodel/final_step12000/qemu_everyday/RECEIPT.TXT
byte_02	qemu_lookup/RECEIPT.TXT	cross		1	REJECT_CLEAN	FAIL artifact: MODEL hash mismatch (receipt a44e48965c641b81 vs local 504f86ed71642411)	/home/user/Ranger3143/labs/logs/opmodel/final_step12000/qemu_lookup/RECEIPT.TXT
byte_02	qemu_lookup/RECEIPT2.TXT	cross		1	REJECT_CLEAN	FAIL artifact: MODEL hash mismatch (receipt a44e48965c641b81 vs local 504f86ed71642411)	/home/user/Ranger3143/labs/logs/opmodel/final_step12000/qemu_lookup/RECEIPT2.TXT
byte_02	qemu_receipt/RECEIPT.TXT	cross		1	REJECT_CLEAN	FAIL artifact: MODEL hash mismatch (receipt a44e48965c641b81 vs local 504f86ed71642411)	/home/user/Ranger3143/labs/logs/opmodel/final_step12000/qemu_receipt/RECEIPT.TXT
byte_02	qemu_self/RECEIPT.TXT	cross		1	REJECT_CLEAN	FAIL artifact: MODEL hash mismatch (receipt a44e48965c641b81 vs local 504f86ed71642411)	/home/user/Ranger3143/labs/logs/opmodel/final_step12000/qemu_self/RECEIPT.TXT
byte_02	qemu_unknown_tool/RECEIPT.TXT	cross		1	REJECT_CLEAN	FAIL artifact: MODEL hash mismatch (receipt a44e48965c641b81 vs local 504f86ed71642411)	/home/user/Ranger3143/labs/logs/opmodel/final_step12000/qemu_unknown_tool/RECEIPT.TXT
byte_03	orig-minted canary self	cross		1	REJECT_CLEAN	FAIL artifact: MODEL hash mismatch (receipt a44e48965c641b81 vs local 826f09fcd70b0187)	/home/user/Ranger3143/labs/logs/safe/SAFE-01/h2_receipts/orig_00__self.TXT
byte_03	orig-minted canary calc	cross		1	REJECT_CLEAN	FAIL artifact: MODEL hash mismatch (receipt a44e48965c641b81 vs local 826f09fcd70b0187)	/home/user/Ranger3143/labs/logs/safe/SAFE-01/h2_receipts/orig_00__calc.TXT
byte_03	orig-minted canary lookup	cross		1	REJECT_CLEAN	FAIL artifact: MODEL hash mismatch (receipt a44e48965c641b81 vs local 826f09fcd70b0187)	/home/user/Ranger3143/labs/logs/safe/SAFE-01/h2_receipts/orig_00__lookup.TXT
byte_03	orig-minted canary abstain	cross		1	REJECT_CLEAN	FAIL artifact: MODEL hash mismatch (receipt a44e48965c641b81 vs local 826f09fcd70b0187)	/home/user/Ranger3143/labs/logs/safe/SAFE-01/h2_receipts/orig_00__abstain.TXT
byte_03	qemu_abstain/RECEIPT.TXT	cross		1	REJECT_CLEAN	FAIL artifact: MODEL hash mismatch (receipt a44e48965c641b81 vs local 826f09fcd70b0187)	/home/user/Ranger3143/labs/logs/opmodel/final_step12000/qemu_abstain/RECEIPT.TXT
byte_03	qemu_calc/RECEIPT.TXT	cross		1	REJECT_CLEAN	FAIL artifact: MODEL hash mismatch (receipt a44e48965c641b81 vs local 826f09fcd70b0187)	/home/user/Ranger3143/labs/logs/opmodel/final_step12000/qemu_calc/RECEIPT.TXT
byte_03	qemu_calc/RECEIPT2.TXT	cross		1	REJECT_CLEAN	FAIL artifact: MODEL hash mismatch (receipt a44e48965c641b81 vs local 826f09fcd70b0187)	/home/user/Ranger3143/labs/logs/opmodel/final_step12000/qemu_calc/RECEIPT2.TXT
byte_03	qemu_calc_words/RECEIPT.TXT	cross		1	REJECT_CLEAN	FAIL artifact: MODEL hash mismatch (receipt a44e48965c641b81 vs local 826f09fcd70b0187)	/home/user/Ranger3143/labs/logs/opmodel/final_step12000/qemu_calc_words/RECEIPT.TXT
byte_03	qemu_calc_words/RECEIPT2.TXT	cross		1	REJECT_CLEAN	FAIL artifact: MODEL hash mismatch (receipt a44e48965c641b81 vs local 826f09fcd70b0187)	/home/user/Ranger3143/labs/logs/opmodel/final_step12000/qemu_calc_words/RECEIPT2.TXT
byte_03	qemu_everyday/RECEIPT.TXT	cross		1	REJECT_CLEAN	FAIL artifact: MODEL hash mismatch (receipt a44e48965c641b81 vs local 826f09fcd70b0187)	/home/user/Ranger3143/labs/logs/opmodel/final_step12000/qemu_everyday/RECEIPT.TXT
byte_03	qemu_lookup/RECEIPT.TXT	cross		1	REJECT_CLEAN	FAIL artifact: MODEL hash mismatch (receipt a44e48965c641b81 vs local 826f09fcd70b0187)	/home/user/Ranger3143/labs/logs/opmodel/final_step12000/qemu_lookup/RECEIPT.TXT
byte_03	qemu_lookup/RECEIPT2.TXT	cross		1	REJECT_CLEAN	FAIL artifact: MODEL hash mismatch (receipt a44e48965c641b81 vs local 826f09fcd70b0187)	/home/user/Ranger3143/labs/logs/opmodel/final_step12000/qemu_lookup/RECEIPT2.TXT
byte_03	qemu_receipt/RECEIPT.TXT	cross		1	REJECT_CLEAN	FAIL artifact: MODEL hash mismatch (receipt a44e48965c641b81 vs local 826f09fcd70b0187)	/home/user/Ranger3143/labs/logs/opmodel/final_step12000/qemu_receipt/RECEIPT.TXT
byte_03	qemu_self/RECEIPT.TXT	cross		1	REJECT_CLEAN	FAIL artifact: MODEL hash mismatch (receipt a44e48965c641b81 vs local 826f09fcd70b0187)	/home/user/Ranger3143/labs/logs/opmodel/final_step12000/qemu_self/RECEIPT.TXT
byte_03	qemu_unknown_tool/RECEIPT.TXT	cross		1	REJECT_CLEAN	FAIL artifact: MODEL hash mismatch (receipt a44e48965c641b81 vs local 826f09fcd70b0187)	/home/user/Ranger3143/labs/logs/opmodel/final_step12000/qemu_unknown_tool/RECEIPT.TXT
byte_04	orig-minted canary self	cross		1	REJECT_CLEAN	FAIL artifact: MODEL hash mismatch (receipt a44e48965c641b81 vs local 5f1ffaa60b344190)	/home/user/Ranger3143/labs/logs/safe/SAFE-01/h2_receipts/orig_00__self.TXT
byte_04	orig-minted canary calc	cross		1	REJECT_CLEAN	FAIL artifact: MODEL hash mismatch (receipt a44e48965c641b81 vs local 5f1ffaa60b344190)	/home/user/Ranger3143/labs/logs/safe/SAFE-01/h2_receipts/orig_00__calc.TXT
byte_04	orig-minted canary lookup	cross		1	REJECT_CLEAN	FAIL artifact: MODEL hash mismatch (receipt a44e48965c641b81 vs local 5f1ffaa60b344190)	/home/user/Ranger3143/labs/logs/safe/SAFE-01/h2_receipts/orig_00__lookup.TXT
byte_04	orig-minted canary abstain	cross		1	REJECT_CLEAN	FAIL artifact: MODEL hash mismatch (receipt a44e48965c641b81 vs local 5f1ffaa60b344190)	/home/user/Ranger3143/labs/logs/safe/SAFE-01/h2_receipts/orig_00__abstain.TXT
byte_04	qemu_abstain/RECEIPT.TXT	cross		1	REJECT_CLEAN	FAIL artifact: MODEL hash mismatch (receipt a44e48965c641b81 vs local 5f1ffaa60b344190)	/home/user/Ranger3143/labs/logs/opmodel/final_step12000/qemu_abstain/RECEIPT.TXT
byte_04	qemu_calc/RECEIPT.TXT	cross		1	REJECT_CLEAN	FAIL artifact: MODEL hash mismatch (receipt a44e48965c641b81 vs local 5f1ffaa60b344190)	/home/user/Ranger3143/labs/logs/opmodel/final_step12000/qemu_calc/RECEIPT.TXT
byte_04	qemu_calc/RECEIPT2.TXT	cross		1	REJECT_CLEAN	FAIL artifact: MODEL hash mismatch (receipt a44e48965c641b81 vs local 5f1ffaa60b344190)	/home/user/Ranger3143/labs/logs/opmodel/final_step12000/qemu_calc/RECEIPT2.TXT
byte_04	qemu_calc_words/RECEIPT.TXT	cross		1	REJECT_CLEAN	FAIL artifact: MODEL hash mismatch (receipt a44e48965c641b81 vs local 5f1ffaa60b344190)	/home/user/Ranger3143/labs/logs/opmodel/final_step12000/qemu_calc_words/RECEIPT.TXT
byte_04	qemu_calc_words/RECEIPT2.TXT	cross		1	REJECT_CLEAN	FAIL artifact: MODEL hash mismatch (receipt a44e48965c641b81 vs local 5f1ffaa60b344190)	/home/user/Ranger3143/labs/logs/opmodel/final_step12000/qemu_calc_words/RECEIPT2.TXT
byte_04	qemu_everyday/RECEIPT.TXT	cross		1	REJECT_CLEAN	FAIL artifact: MODEL hash mismatch (receipt a44e48965c641b81 vs local 5f1ffaa60b344190)	/home/user/Ranger3143/labs/logs/opmodel/final_step12000/qemu_everyday/RECEIPT.TXT
byte_04	qemu_lookup/RECEIPT.TXT	cross		1	REJECT_CLEAN	FAIL artifact: MODEL hash mismatch (receipt a44e48965c641b81 vs local 5f1ffaa60b344190)	/home/user/Ranger3143/labs/logs/opmodel/final_step12000/qemu_lookup/RECEIPT.TXT
byte_04	qemu_lookup/RECEIPT2.TXT	cross		1	REJECT_CLEAN	FAIL artifact: MODEL hash mismatch (receipt a44e48965c641b81 vs local 5f1ffaa60b344190)	/home/user/Ranger3143/labs/logs/opmodel/final_step12000/qemu_lookup/RECEIPT2.TXT
byte_04	qemu_receipt/RECEIPT.TXT	cross		1	REJECT_CLEAN	FAIL artifact: MODEL hash mismatch (receipt a44e48965c641b81 vs local 5f1ffaa60b344190)	/home/user/Ranger3143/labs/logs/opmodel/final_step12000/qemu_receipt/RECEIPT.TXT
byte_04	qemu_self/RECEIPT.TXT	cross		1	REJECT_CLEAN	FAIL artifact: MODEL hash mismatch (receipt a44e48965c641b81 vs local 5f1ffaa60b344190)	/home/user/Ranger3143/labs/logs/opmodel/final_step12000/qemu_self/RECEIPT.TXT
byte_04	qemu_unknown_tool/RECEIPT.TXT	cross		1	REJECT_CLEAN	FAIL artifact: MODEL hash mismatch (receipt a44e48965c641b81 vs local 5f1ffaa60b344190)	/home/user/Ranger3143/labs/logs/opmodel/final_step12000/qemu_unknown_tool/RECEIPT.TXT
byte_05	orig-minted canary self	cross		1	REJECT_CLEAN	FAIL artifact: MODEL hash mismatch (receipt a44e48965c641b81 vs local 8b9e818249752564)	/home/user/Ranger3143/labs/logs/safe/SAFE-01/h2_receipts/orig_00__self.TXT
byte_05	orig-minted canary calc	cross		1	REJECT_CLEAN	FAIL artifact: MODEL hash mismatch (receipt a44e48965c641b81 vs local 8b9e818249752564)	/home/user/Ranger3143/labs/logs/safe/SAFE-01/h2_receipts/orig_00__calc.TXT
byte_05	orig-minted canary lookup	cross		1	REJECT_CLEAN	FAIL artifact: MODEL hash mismatch (receipt a44e48965c641b81 vs local 8b9e818249752564)	/home/user/Ranger3143/labs/logs/safe/SAFE-01/h2_receipts/orig_00__lookup.TXT
byte_05	orig-minted canary abstain	cross		1	REJECT_CLEAN	FAIL artifact: MODEL hash mismatch (receipt a44e48965c641b81 vs local 8b9e818249752564)	/home/user/Ranger3143/labs/logs/safe/SAFE-01/h2_receipts/orig_00__abstain.TXT
byte_05	qemu_abstain/RECEIPT.TXT	cross		1	REJECT_CLEAN	FAIL artifact: MODEL hash mismatch (receipt a44e48965c641b81 vs local 8b9e818249752564)	/home/user/Ranger3143/labs/logs/opmodel/final_step12000/qemu_abstain/RECEIPT.TXT
byte_05	qemu_calc/RECEIPT.TXT	cross		1	REJECT_CLEAN	FAIL artifact: MODEL hash mismatch (receipt a44e48965c641b81 vs local 8b9e818249752564)	/home/user/Ranger3143/labs/logs/opmodel/final_step12000/qemu_calc/RECEIPT.TXT
byte_05	qemu_calc/RECEIPT2.TXT	cross		1	REJECT_CLEAN	FAIL artifact: MODEL hash mismatch (receipt a44e48965c641b81 vs local 8b9e818249752564)	/home/user/Ranger3143/labs/logs/opmodel/final_step12000/qemu_calc/RECEIPT2.TXT
byte_05	qemu_calc_words/RECEIPT.TXT	cross		1	REJECT_CLEAN	FAIL artifact: MODEL hash mismatch (receipt a44e48965c641b81 vs local 8b9e818249752564)	/home/user/Ranger3143/labs/logs/opmodel/final_step12000/qemu_calc_words/RECEIPT.TXT
byte_05	qemu_calc_words/RECEIPT2.TXT	cross		1	REJECT_CLEAN	FAIL artifact: MODEL hash mismatch (receipt a44e48965c641b81 vs local 8b9e818249752564)	/home/user/Ranger3143/labs/logs/opmodel/final_step12000/qemu_calc_words/RECEIPT2.TXT
byte_05	qemu_everyday/RECEIPT.TXT	cross		1	REJECT_CLEAN	FAIL artifact: MODEL hash mismatch (receipt a44e48965c641b81 vs local 8b9e818249752564)	/home/user/Ranger3143/labs/logs/opmodel/final_step12000/qemu_everyday/RECEIPT.TXT
byte_05	qemu_lookup/RECEIPT.TXT	cross		1	REJECT_CLEAN	FAIL artifact: MODEL hash mismatch (receipt a44e48965c641b81 vs local 8b9e818249752564)	/home/user/Ranger3143/labs/logs/opmodel/final_step12000/qemu_lookup/RECEIPT.TXT
byte_05	qemu_lookup/RECEIPT2.TXT	cross		1	REJECT_CLEAN	FAIL artifact: MODEL hash mismatch (receipt a44e48965c641b81 vs local 8b9e818249752564)	/home/user/Ranger3143/labs/logs/opmodel/final_step12000/qemu_lookup/RECEIPT2.TXT
byte_05	qemu_receipt/RECEIPT.TXT	cross		1	REJECT_CLEAN	FAIL artifact: MODEL hash mismatch (receipt a44e48965c641b81 vs local 8b9e818249752564)	/home/user/Ranger3143/labs/logs/opmodel/final_step12000/qemu_receipt/RECEIPT.TXT
byte_05	qemu_self/RECEIPT.TXT	cross		1	REJECT_CLEAN	FAIL artifact: MODEL hash mismatch (receipt a44e48965c641b81 vs local 8b9e818249752564)	/home/user/Ranger3143/labs/logs/opmodel/final_step12000/qemu_self/RECEIPT.TXT
byte_05	qemu_unknown_tool/RECEIPT.TXT	cross		1	REJECT_CLEAN	FAIL artifact: MODEL hash mismatch (receipt a44e48965c641b81 vs local 8b9e818249752564)	/home/user/Ranger3143/labs/logs/opmodel/final_step12000/qemu_unknown_tool/RECEIPT.TXT
byte_06	orig-minted canary self	cross		1	REJECT_CLEAN	FAIL artifact: MODEL hash mismatch (receipt a44e48965c641b81 vs local 69c310812bd80b97)	/home/user/Ranger3143/labs/logs/safe/SAFE-01/h2_receipts/orig_00__self.TXT
byte_06	orig-minted canary calc	cross		1	REJECT_CLEAN	FAIL artifact: MODEL hash mismatch (receipt a44e48965c641b81 vs local 69c310812bd80b97)	/home/user/Ranger3143/labs/logs/safe/SAFE-01/h2_receipts/orig_00__calc.TXT
byte_06	orig-minted canary lookup	cross		1	REJECT_CLEAN	FAIL artifact: MODEL hash mismatch (receipt a44e48965c641b81 vs local 69c310812bd80b97)	/home/user/Ranger3143/labs/logs/safe/SAFE-01/h2_receipts/orig_00__lookup.TXT
byte_06	orig-minted canary abstain	cross		1	REJECT_CLEAN	FAIL artifact: MODEL hash mismatch (receipt a44e48965c641b81 vs local 69c310812bd80b97)	/home/user/Ranger3143/labs/logs/safe/SAFE-01/h2_receipts/orig_00__abstain.TXT
byte_06	qemu_abstain/RECEIPT.TXT	cross		1	REJECT_CLEAN	FAIL artifact: MODEL hash mismatch (receipt a44e48965c641b81 vs local 69c310812bd80b97)	/home/user/Ranger3143/labs/logs/opmodel/final_step12000/qemu_abstain/RECEIPT.TXT
byte_06	qemu_calc/RECEIPT.TXT	cross		1	REJECT_CLEAN	FAIL artifact: MODEL hash mismatch (receipt a44e48965c641b81 vs local 69c310812bd80b97)	/home/user/Ranger3143/labs/logs/opmodel/final_step12000/qemu_calc/RECEIPT.TXT
byte_06	qemu_calc/RECEIPT2.TXT	cross		1	REJECT_CLEAN	FAIL artifact: MODEL hash mismatch (receipt a44e48965c641b81 vs local 69c310812bd80b97)	/home/user/Ranger3143/labs/logs/opmodel/final_step12000/qemu_calc/RECEIPT2.TXT
byte_06	qemu_calc_words/RECEIPT.TXT	cross		1	REJECT_CLEAN	FAIL artifact: MODEL hash mismatch (receipt a44e48965c641b81 vs local 69c310812bd80b97)	/home/user/Ranger3143/labs/logs/opmodel/final_step12000/qemu_calc_words/RECEIPT.TXT
byte_06	qemu_calc_words/RECEIPT2.TXT	cross		1	REJECT_CLEAN	FAIL artifact: MODEL hash mismatch (receipt a44e48965c641b81 vs local 69c310812bd80b97)	/home/user/Ranger3143/labs/logs/opmodel/final_step12000/qemu_calc_words/RECEIPT2.TXT
byte_06	qemu_everyday/RECEIPT.TXT	cross		1	REJECT_CLEAN	FAIL artifact: MODEL hash mismatch (receipt a44e48965c641b81 vs local 69c310812bd80b97)	/home/user/Ranger3143/labs/logs/opmodel/final_step12000/qemu_everyday/RECEIPT.TXT
byte_06	qemu_lookup/RECEIPT.TXT	cross		1	REJECT_CLEAN	FAIL artifact: MODEL hash mismatch (receipt a44e48965c641b81 vs local 69c310812bd80b97)	/home/user/Ranger3143/labs/logs/opmodel/final_step12000/qemu_lookup/RECEIPT.TXT
byte_06	qemu_lookup/RECEIPT2.TXT	cross		1	REJECT_CLEAN	FAIL artifact: MODEL hash mismatch (receipt a44e48965c641b81 vs local 69c310812bd80b97)	/home/user/Ranger3143/labs/logs/opmodel/final_step12000/qemu_lookup/RECEIPT2.TXT
byte_06	qemu_receipt/RECEIPT.TXT	cross		1	REJECT_CLEAN	FAIL artifact: MODEL hash mismatch (receipt a44e48965c641b81 vs local 69c310812bd80b97)	/home/user/Ranger3143/labs/logs/opmodel/final_step12000/qemu_receipt/RECEIPT.TXT
byte_06	qemu_self/RECEIPT.TXT	cross		1	REJECT_CLEAN	FAIL artifact: MODEL hash mismatch (receipt a44e48965c641b81 vs local 69c310812bd80b97)	/home/user/Ranger3143/labs/logs/opmodel/final_step12000/qemu_self/RECEIPT.TXT
byte_06	qemu_unknown_tool/RECEIPT.TXT	cross		1	REJECT_CLEAN	FAIL artifact: MODEL hash mismatch (receipt a44e48965c641b81 vs local 69c310812bd80b97)	/home/user/Ranger3143/labs/logs/opmodel/final_step12000/qemu_unknown_tool/RECEIPT.TXT
byte_07	orig-minted canary self	cross		1	REJECT_CLEAN	FAIL artifact: MODEL hash mismatch (receipt a44e48965c641b81 vs local d4be2f1cfe08f934)	/home/user/Ranger3143/labs/logs/safe/SAFE-01/h2_receipts/orig_00__self.TXT
byte_07	orig-minted canary calc	cross		1	REJECT_CLEAN	FAIL artifact: MODEL hash mismatch (receipt a44e48965c641b81 vs local d4be2f1cfe08f934)	/home/user/Ranger3143/labs/logs/safe/SAFE-01/h2_receipts/orig_00__calc.TXT
byte_07	orig-minted canary lookup	cross		1	REJECT_CLEAN	FAIL artifact: MODEL hash mismatch (receipt a44e48965c641b81 vs local d4be2f1cfe08f934)	/home/user/Ranger3143/labs/logs/safe/SAFE-01/h2_receipts/orig_00__lookup.TXT
byte_07	orig-minted canary abstain	cross		1	REJECT_CLEAN	FAIL artifact: MODEL hash mismatch (receipt a44e48965c641b81 vs local d4be2f1cfe08f934)	/home/user/Ranger3143/labs/logs/safe/SAFE-01/h2_receipts/orig_00__abstain.TXT
byte_07	qemu_abstain/RECEIPT.TXT	cross		1	REJECT_CLEAN	FAIL artifact: MODEL hash mismatch (receipt a44e48965c641b81 vs local d4be2f1cfe08f934)	/home/user/Ranger3143/labs/logs/opmodel/final_step12000/qemu_abstain/RECEIPT.TXT
byte_07	qemu_calc/RECEIPT.TXT	cross		1	REJECT_CLEAN	FAIL artifact: MODEL hash mismatch (receipt a44e48965c641b81 vs local d4be2f1cfe08f934)	/home/user/Ranger3143/labs/logs/opmodel/final_step12000/qemu_calc/RECEIPT.TXT
byte_07	qemu_calc/RECEIPT2.TXT	cross		1	REJECT_CLEAN	FAIL artifact: MODEL hash mismatch (receipt a44e48965c641b81 vs local d4be2f1cfe08f934)	/home/user/Ranger3143/labs/logs/opmodel/final_step12000/qemu_calc/RECEIPT2.TXT
byte_07	qemu_calc_words/RECEIPT.TXT	cross		1	REJECT_CLEAN	FAIL artifact: MODEL hash mismatch (receipt a44e48965c641b81 vs local d4be2f1cfe08f934)	/home/user/Ranger3143/labs/logs/opmodel/final_step12000/qemu_calc_words/RECEIPT.TXT
byte_07	qemu_calc_words/RECEIPT2.TXT	cross		1	REJECT_CLEAN	FAIL artifact: MODEL hash mismatch (receipt a44e48965c641b81 vs local d4be2f1cfe08f934)	/home/user/Ranger3143/labs/logs/opmodel/final_step12000/qemu_calc_words/RECEIPT2.TXT
byte_07	qemu_everyday/RECEIPT.TXT	cross		1	REJECT_CLEAN	FAIL artifact: MODEL hash mismatch (receipt a44e48965c641b81 vs local d4be2f1cfe08f934)	/home/user/Ranger3143/labs/logs/opmodel/final_step12000/qemu_everyday/RECEIPT.TXT
byte_07	qemu_lookup/RECEIPT.TXT	cross		1	REJECT_CLEAN	FAIL artifact: MODEL hash mismatch (receipt a44e48965c641b81 vs local d4be2f1cfe08f934)	/home/user/Ranger3143/labs/logs/opmodel/final_step12000/qemu_lookup/RECEIPT.TXT
byte_07	qemu_lookup/RECEIPT2.TXT	cross		1	REJECT_CLEAN	FAIL artifact: MODEL hash mismatch (receipt a44e48965c641b81 vs local d4be2f1cfe08f934)	/home/user/Ranger3143/labs/logs/opmodel/final_step12000/qemu_lookup/RECEIPT2.TXT
byte_07	qemu_receipt/RECEIPT.TXT	cross		1	REJECT_CLEAN	FAIL artifact: MODEL hash mismatch (receipt a44e48965c641b81 vs local d4be2f1cfe08f934)	/home/user/Ranger3143/labs/logs/opmodel/final_step12000/qemu_receipt/RECEIPT.TXT
byte_07	qemu_self/RECEIPT.TXT	cross		1	REJECT_CLEAN	FAIL artifact: MODEL hash mismatch (receipt a44e48965c641b81 vs local d4be2f1cfe08f934)	/home/user/Ranger3143/labs/logs/opmodel/final_step12000/qemu_self/RECEIPT.TXT
byte_07	qemu_unknown_tool/RECEIPT.TXT	cross		1	REJECT_CLEAN	FAIL artifact: MODEL hash mismatch (receipt a44e48965c641b81 vs local d4be2f1cfe08f934)	/home/user/Ranger3143/labs/logs/opmodel/final_step12000/qemu_unknown_tool/RECEIPT.TXT
byte_08	orig-minted canary self	cross		1	REJECT_CLEAN	FAIL artifact: MODEL hash mismatch (receipt a44e48965c641b81 vs local dc876a7d208f31da)	/home/user/Ranger3143/labs/logs/safe/SAFE-01/h2_receipts/orig_00__self.TXT
byte_08	orig-minted canary calc	cross		1	REJECT_CLEAN	FAIL artifact: MODEL hash mismatch (receipt a44e48965c641b81 vs local dc876a7d208f31da)	/home/user/Ranger3143/labs/logs/safe/SAFE-01/h2_receipts/orig_00__calc.TXT
byte_08	orig-minted canary lookup	cross		1	REJECT_CLEAN	FAIL artifact: MODEL hash mismatch (receipt a44e48965c641b81 vs local dc876a7d208f31da)	/home/user/Ranger3143/labs/logs/safe/SAFE-01/h2_receipts/orig_00__lookup.TXT
byte_08	orig-minted canary abstain	cross		1	REJECT_CLEAN	FAIL artifact: MODEL hash mismatch (receipt a44e48965c641b81 vs local dc876a7d208f31da)	/home/user/Ranger3143/labs/logs/safe/SAFE-01/h2_receipts/orig_00__abstain.TXT
byte_08	qemu_abstain/RECEIPT.TXT	cross		1	REJECT_CLEAN	FAIL artifact: MODEL hash mismatch (receipt a44e48965c641b81 vs local dc876a7d208f31da)	/home/user/Ranger3143/labs/logs/opmodel/final_step12000/qemu_abstain/RECEIPT.TXT
byte_08	qemu_calc/RECEIPT.TXT	cross		1	REJECT_CLEAN	FAIL artifact: MODEL hash mismatch (receipt a44e48965c641b81 vs local dc876a7d208f31da)	/home/user/Ranger3143/labs/logs/opmodel/final_step12000/qemu_calc/RECEIPT.TXT
byte_08	qemu_calc/RECEIPT2.TXT	cross		1	REJECT_CLEAN	FAIL artifact: MODEL hash mismatch (receipt a44e48965c641b81 vs local dc876a7d208f31da)	/home/user/Ranger3143/labs/logs/opmodel/final_step12000/qemu_calc/RECEIPT2.TXT
byte_08	qemu_calc_words/RECEIPT.TXT	cross		1	REJECT_CLEAN	FAIL artifact: MODEL hash mismatch (receipt a44e48965c641b81 vs local dc876a7d208f31da)	/home/user/Ranger3143/labs/logs/opmodel/final_step12000/qemu_calc_words/RECEIPT.TXT
byte_08	qemu_calc_words/RECEIPT2.TXT	cross		1	REJECT_CLEAN	FAIL artifact: MODEL hash mismatch (receipt a44e48965c641b81 vs local dc876a7d208f31da)	/home/user/Ranger3143/labs/logs/opmodel/final_step12000/qemu_calc_words/RECEIPT2.TXT
byte_08	qemu_everyday/RECEIPT.TXT	cross		1	REJECT_CLEAN	FAIL artifact: MODEL hash mismatch (receipt a44e48965c641b81 vs local dc876a7d208f31da)	/home/user/Ranger3143/labs/logs/opmodel/final_step12000/qemu_everyday/RECEIPT.TXT
byte_08	qemu_lookup/RECEIPT.TXT	cross		1	REJECT_CLEAN	FAIL artifact: MODEL hash mismatch (receipt a44e48965c641b81 vs local dc876a7d208f31da)	/home/user/Ranger3143/labs/logs/opmodel/final_step12000/qemu_lookup/RECEIPT.TXT
byte_08	qemu_lookup/RECEIPT2.TXT	cross		1	REJECT_CLEAN	FAIL artifact: MODEL hash mismatch (receipt a44e48965c641b81 vs local dc876a7d208f31da)	/home/user/Ranger3143/labs/logs/opmodel/final_step12000/qemu_lookup/RECEIPT2.TXT
byte_08	qemu_receipt/RECEIPT.TXT	cross		1	REJECT_CLEAN	FAIL artifact: MODEL hash mismatch (receipt a44e48965c641b81 vs local dc876a7d208f31da)	/home/user/Ranger3143/labs/logs/opmodel/final_step12000/qemu_receipt/RECEIPT.TXT
byte_08	qemu_self/RECEIPT.TXT	cross		1	REJECT_CLEAN	FAIL artifact: MODEL hash mismatch (receipt a44e48965c641b81 vs local dc876a7d208f31da)	/home/user/Ranger3143/labs/logs/opmodel/final_step12000/qemu_self/RECEIPT.TXT
byte_08	qemu_unknown_tool/RECEIPT.TXT	cross		1	REJECT_CLEAN	FAIL artifact: MODEL hash mismatch (receipt a44e48965c641b81 vs local dc876a7d208f31da)	/home/user/Ranger3143/labs/logs/opmodel/final_step12000/qemu_unknown_tool/RECEIPT.TXT
byte_09	orig-minted canary self	cross		1	REJECT_CLEAN	FAIL artifact: MODEL hash mismatch (receipt a44e48965c641b81 vs local a39afb660f24991d)	/home/user/Ranger3143/labs/logs/safe/SAFE-01/h2_receipts/orig_00__self.TXT
byte_09	orig-minted canary calc	cross		1	REJECT_CLEAN	FAIL artifact: MODEL hash mismatch (receipt a44e48965c641b81 vs local a39afb660f24991d)	/home/user/Ranger3143/labs/logs/safe/SAFE-01/h2_receipts/orig_00__calc.TXT
byte_09	orig-minted canary lookup	cross		1	REJECT_CLEAN	FAIL artifact: MODEL hash mismatch (receipt a44e48965c641b81 vs local a39afb660f24991d)	/home/user/Ranger3143/labs/logs/safe/SAFE-01/h2_receipts/orig_00__lookup.TXT
byte_09	orig-minted canary abstain	cross		1	REJECT_CLEAN	FAIL artifact: MODEL hash mismatch (receipt a44e48965c641b81 vs local a39afb660f24991d)	/home/user/Ranger3143/labs/logs/safe/SAFE-01/h2_receipts/orig_00__abstain.TXT
byte_09	qemu_abstain/RECEIPT.TXT	cross		1	REJECT_CLEAN	FAIL artifact: MODEL hash mismatch (receipt a44e48965c641b81 vs local a39afb660f24991d)	/home/user/Ranger3143/labs/logs/opmodel/final_step12000/qemu_abstain/RECEIPT.TXT
byte_09	qemu_calc/RECEIPT.TXT	cross		1	REJECT_CLEAN	FAIL artifact: MODEL hash mismatch (receipt a44e48965c641b81 vs local a39afb660f24991d)	/home/user/Ranger3143/labs/logs/opmodel/final_step12000/qemu_calc/RECEIPT.TXT
byte_09	qemu_calc/RECEIPT2.TXT	cross		1	REJECT_CLEAN	FAIL artifact: MODEL hash mismatch (receipt a44e48965c641b81 vs local a39afb660f24991d)	/home/user/Ranger3143/labs/logs/opmodel/final_step12000/qemu_calc/RECEIPT2.TXT
byte_09	qemu_calc_words/RECEIPT.TXT	cross		1	REJECT_CLEAN	FAIL artifact: MODEL hash mismatch (receipt a44e48965c641b81 vs local a39afb660f24991d)	/home/user/Ranger3143/labs/logs/opmodel/final_step12000/qemu_calc_words/RECEIPT.TXT
byte_09	qemu_calc_words/RECEIPT2.TXT	cross		1	REJECT_CLEAN	FAIL artifact: MODEL hash mismatch (receipt a44e48965c641b81 vs local a39afb660f24991d)	/home/user/Ranger3143/labs/logs/opmodel/final_step12000/qemu_calc_words/RECEIPT2.TXT
byte_09	qemu_everyday/RECEIPT.TXT	cross		1	REJECT_CLEAN	FAIL artifact: MODEL hash mismatch (receipt a44e48965c641b81 vs local a39afb660f24991d)	/home/user/Ranger3143/labs/logs/opmodel/final_step12000/qemu_everyday/RECEIPT.TXT
byte_09	qemu_lookup/RECEIPT.TXT	cross		1	REJECT_CLEAN	FAIL artifact: MODEL hash mismatch (receipt a44e48965c641b81 vs local a39afb660f24991d)	/home/user/Ranger3143/labs/logs/opmodel/final_step12000/qemu_lookup/RECEIPT.TXT
byte_09	qemu_lookup/RECEIPT2.TXT	cross		1	REJECT_CLEAN	FAIL artifact: MODEL hash mismatch (receipt a44e48965c641b81 vs local a39afb660f24991d)	/home/user/Ranger3143/labs/logs/opmodel/final_step12000/qemu_lookup/RECEIPT2.TXT
byte_09	qemu_receipt/RECEIPT.TXT	cross		1	REJECT_CLEAN	FAIL artifact: MODEL hash mismatch (receipt a44e48965c641b81 vs local a39afb660f24991d)	/home/user/Ranger3143/labs/logs/opmodel/final_step12000/qemu_receipt/RECEIPT.TXT
byte_09	qemu_self/RECEIPT.TXT	cross		1	REJECT_CLEAN	FAIL artifact: MODEL hash mismatch (receipt a44e48965c641b81 vs local a39afb660f24991d)	/home/user/Ranger3143/labs/logs/opmodel/final_step12000/qemu_self/RECEIPT.TXT
byte_09	qemu_unknown_tool/RECEIPT.TXT	cross		1	REJECT_CLEAN	FAIL artifact: MODEL hash mismatch (receipt a44e48965c641b81 vs local a39afb660f24991d)	/home/user/Ranger3143/labs/logs/opmodel/final_step12000/qemu_unknown_tool/RECEIPT.TXT
byte_10	orig-minted canary self	cross		1	REJECT_CLEAN	FAIL artifact: MODEL hash mismatch (receipt a44e48965c641b81 vs local 3e2bb3f0a9564dc7)	/home/user/Ranger3143/labs/logs/safe/SAFE-01/h2_receipts/orig_00__self.TXT
byte_10	orig-minted canary calc	cross		1	REJECT_CLEAN	FAIL artifact: MODEL hash mismatch (receipt a44e48965c641b81 vs local 3e2bb3f0a9564dc7)	/home/user/Ranger3143/labs/logs/safe/SAFE-01/h2_receipts/orig_00__calc.TXT
byte_10	orig-minted canary lookup	cross		1	REJECT_CLEAN	FAIL artifact: MODEL hash mismatch (receipt a44e48965c641b81 vs local 3e2bb3f0a9564dc7)	/home/user/Ranger3143/labs/logs/safe/SAFE-01/h2_receipts/orig_00__lookup.TXT
byte_10	orig-minted canary abstain	cross		1	REJECT_CLEAN	FAIL artifact: MODEL hash mismatch (receipt a44e48965c641b81 vs local 3e2bb3f0a9564dc7)	/home/user/Ranger3143/labs/logs/safe/SAFE-01/h2_receipts/orig_00__abstain.TXT
byte_10	qemu_abstain/RECEIPT.TXT	cross		1	REJECT_CLEAN	FAIL artifact: MODEL hash mismatch (receipt a44e48965c641b81 vs local 3e2bb3f0a9564dc7)	/home/user/Ranger3143/labs/logs/opmodel/final_step12000/qemu_abstain/RECEIPT.TXT
byte_10	qemu_calc/RECEIPT.TXT	cross		1	REJECT_CLEAN	FAIL artifact: MODEL hash mismatch (receipt a44e48965c641b81 vs local 3e2bb3f0a9564dc7)	/home/user/Ranger3143/labs/logs/opmodel/final_step12000/qemu_calc/RECEIPT.TXT
byte_10	qemu_calc/RECEIPT2.TXT	cross		1	REJECT_CLEAN	FAIL artifact: MODEL hash mismatch (receipt a44e48965c641b81 vs local 3e2bb3f0a9564dc7)	/home/user/Ranger3143/labs/logs/opmodel/final_step12000/qemu_calc/RECEIPT2.TXT
byte_10	qemu_calc_words/RECEIPT.TXT	cross		1	REJECT_CLEAN	FAIL artifact: MODEL hash mismatch (receipt a44e48965c641b81 vs local 3e2bb3f0a9564dc7)	/home/user/Ranger3143/labs/logs/opmodel/final_step12000/qemu_calc_words/RECEIPT.TXT
byte_10	qemu_calc_words/RECEIPT2.TXT	cross		1	REJECT_CLEAN	FAIL artifact: MODEL hash mismatch (receipt a44e48965c641b81 vs local 3e2bb3f0a9564dc7)	/home/user/Ranger3143/labs/logs/opmodel/final_step12000/qemu_calc_words/RECEIPT2.TXT
byte_10	qemu_everyday/RECEIPT.TXT	cross		1	REJECT_CLEAN	FAIL artifact: MODEL hash mismatch (receipt a44e48965c641b81 vs local 3e2bb3f0a9564dc7)	/home/user/Ranger3143/labs/logs/opmodel/final_step12000/qemu_everyday/RECEIPT.TXT
byte_10	qemu_lookup/RECEIPT.TXT	cross		1	REJECT_CLEAN	FAIL artifact: MODEL hash mismatch (receipt a44e48965c641b81 vs local 3e2bb3f0a9564dc7)	/home/user/Ranger3143/labs/logs/opmodel/final_step12000/qemu_lookup/RECEIPT.TXT
byte_10	qemu_lookup/RECEIPT2.TXT	cross		1	REJECT_CLEAN	FAIL artifact: MODEL hash mismatch (receipt a44e48965c641b81 vs local 3e2bb3f0a9564dc7)	/home/user/Ranger3143/labs/logs/opmodel/final_step12000/qemu_lookup/RECEIPT2.TXT
byte_10	qemu_receipt/RECEIPT.TXT	cross		1	REJECT_CLEAN	FAIL artifact: MODEL hash mismatch (receipt a44e48965c641b81 vs local 3e2bb3f0a9564dc7)	/home/user/Ranger3143/labs/logs/opmodel/final_step12000/qemu_receipt/RECEIPT.TXT
byte_10	qemu_self/RECEIPT.TXT	cross		1	REJECT_CLEAN	FAIL artifact: MODEL hash mismatch (receipt a44e48965c641b81 vs local 3e2bb3f0a9564dc7)	/home/user/Ranger3143/labs/logs/opmodel/final_step12000/qemu_self/RECEIPT.TXT
byte_10	qemu_unknown_tool/RECEIPT.TXT	cross		1	REJECT_CLEAN	FAIL artifact: MODEL hash mismatch (receipt a44e48965c641b81 vs local 3e2bb3f0a9564dc7)	/home/user/Ranger3143/labs/logs/opmodel/final_step12000/qemu_unknown_tool/RECEIPT.TXT
byte_11	orig-minted canary self	cross		1	REJECT_CLEAN	FAIL artifact: MODEL hash mismatch (receipt a44e48965c641b81 vs local 4fad31043fc5f1d0)	/home/user/Ranger3143/labs/logs/safe/SAFE-01/h2_receipts/orig_00__self.TXT
byte_11	orig-minted canary calc	cross		1	REJECT_CLEAN	FAIL artifact: MODEL hash mismatch (receipt a44e48965c641b81 vs local 4fad31043fc5f1d0)	/home/user/Ranger3143/labs/logs/safe/SAFE-01/h2_receipts/orig_00__calc.TXT
byte_11	orig-minted canary lookup	cross		1	REJECT_CLEAN	FAIL artifact: MODEL hash mismatch (receipt a44e48965c641b81 vs local 4fad31043fc5f1d0)	/home/user/Ranger3143/labs/logs/safe/SAFE-01/h2_receipts/orig_00__lookup.TXT
byte_11	orig-minted canary abstain	cross		1	REJECT_CLEAN	FAIL artifact: MODEL hash mismatch (receipt a44e48965c641b81 vs local 4fad31043fc5f1d0)	/home/user/Ranger3143/labs/logs/safe/SAFE-01/h2_receipts/orig_00__abstain.TXT
byte_11	qemu_abstain/RECEIPT.TXT	cross		1	REJECT_CLEAN	FAIL artifact: MODEL hash mismatch (receipt a44e48965c641b81 vs local 4fad31043fc5f1d0)	/home/user/Ranger3143/labs/logs/opmodel/final_step12000/qemu_abstain/RECEIPT.TXT
byte_11	qemu_calc/RECEIPT.TXT	cross		1	REJECT_CLEAN	FAIL artifact: MODEL hash mismatch (receipt a44e48965c641b81 vs local 4fad31043fc5f1d0)	/home/user/Ranger3143/labs/logs/opmodel/final_step12000/qemu_calc/RECEIPT.TXT
byte_11	qemu_calc/RECEIPT2.TXT	cross		1	REJECT_CLEAN	FAIL artifact: MODEL hash mismatch (receipt a44e48965c641b81 vs local 4fad31043fc5f1d0)	/home/user/Ranger3143/labs/logs/opmodel/final_step12000/qemu_calc/RECEIPT2.TXT
byte_11	qemu_calc_words/RECEIPT.TXT	cross		1	REJECT_CLEAN	FAIL artifact: MODEL hash mismatch (receipt a44e48965c641b81 vs local 4fad31043fc5f1d0)	/home/user/Ranger3143/labs/logs/opmodel/final_step12000/qemu_calc_words/RECEIPT.TXT
byte_11	qemu_calc_words/RECEIPT2.TXT	cross		1	REJECT_CLEAN	FAIL artifact: MODEL hash mismatch (receipt a44e48965c641b81 vs local 4fad31043fc5f1d0)	/home/user/Ranger3143/labs/logs/opmodel/final_step12000/qemu_calc_words/RECEIPT2.TXT
byte_11	qemu_everyday/RECEIPT.TXT	cross		1	REJECT_CLEAN	FAIL artifact: MODEL hash mismatch (receipt a44e48965c641b81 vs local 4fad31043fc5f1d0)	/home/user/Ranger3143/labs/logs/opmodel/final_step12000/qemu_everyday/RECEIPT.TXT
byte_11	qemu_lookup/RECEIPT.TXT	cross		1	REJECT_CLEAN	FAIL artifact: MODEL hash mismatch (receipt a44e48965c641b81 vs local 4fad31043fc5f1d0)	/home/user/Ranger3143/labs/logs/opmodel/final_step12000/qemu_lookup/RECEIPT.TXT
byte_11	qemu_lookup/RECEIPT2.TXT	cross		1	REJECT_CLEAN	FAIL artifact: MODEL hash mismatch (receipt a44e48965c641b81 vs local 4fad31043fc5f1d0)	/home/user/Ranger3143/labs/logs/opmodel/final_step12000/qemu_lookup/RECEIPT2.TXT
byte_11	qemu_receipt/RECEIPT.TXT	cross		1	REJECT_CLEAN	FAIL artifact: MODEL hash mismatch (receipt a44e48965c641b81 vs local 4fad31043fc5f1d0)	/home/user/Ranger3143/labs/logs/opmodel/final_step12000/qemu_receipt/RECEIPT.TXT
byte_11	qemu_self/RECEIPT.TXT	cross		1	REJECT_CLEAN	FAIL artifact: MODEL hash mismatch (receipt a44e48965c641b81 vs local 4fad31043fc5f1d0)	/home/user/Ranger3143/labs/logs/opmodel/final_step12000/qemu_self/RECEIPT.TXT
byte_11	qemu_unknown_tool/RECEIPT.TXT	cross		1	REJECT_CLEAN	FAIL artifact: MODEL hash mismatch (receipt a44e48965c641b81 vs local 4fad31043fc5f1d0)	/home/user/Ranger3143/labs/logs/opmodel/final_step12000/qemu_unknown_tool/RECEIPT.TXT
byte_12	orig-minted canary self	cross		1	REJECT_CLEAN	FAIL artifact: MODEL hash mismatch (receipt a44e48965c641b81 vs local c680aef5531ba4da)	/home/user/Ranger3143/labs/logs/safe/SAFE-01/h2_receipts/orig_00__self.TXT
byte_12	orig-minted canary calc	cross		1	REJECT_CLEAN	FAIL artifact: MODEL hash mismatch (receipt a44e48965c641b81 vs local c680aef5531ba4da)	/home/user/Ranger3143/labs/logs/safe/SAFE-01/h2_receipts/orig_00__calc.TXT
byte_12	orig-minted canary lookup	cross		1	REJECT_CLEAN	FAIL artifact: MODEL hash mismatch (receipt a44e48965c641b81 vs local c680aef5531ba4da)	/home/user/Ranger3143/labs/logs/safe/SAFE-01/h2_receipts/orig_00__lookup.TXT
byte_12	orig-minted canary abstain	cross		1	REJECT_CLEAN	FAIL artifact: MODEL hash mismatch (receipt a44e48965c641b81 vs local c680aef5531ba4da)	/home/user/Ranger3143/labs/logs/safe/SAFE-01/h2_receipts/orig_00__abstain.TXT
byte_12	qemu_abstain/RECEIPT.TXT	cross		1	REJECT_CLEAN	FAIL artifact: MODEL hash mismatch (receipt a44e48965c641b81 vs local c680aef5531ba4da)	/home/user/Ranger3143/labs/logs/opmodel/final_step12000/qemu_abstain/RECEIPT.TXT
byte_12	qemu_calc/RECEIPT.TXT	cross		1	REJECT_CLEAN	FAIL artifact: MODEL hash mismatch (receipt a44e48965c641b81 vs local c680aef5531ba4da)	/home/user/Ranger3143/labs/logs/opmodel/final_step12000/qemu_calc/RECEIPT.TXT
byte_12	qemu_calc/RECEIPT2.TXT	cross		1	REJECT_CLEAN	FAIL artifact: MODEL hash mismatch (receipt a44e48965c641b81 vs local c680aef5531ba4da)	/home/user/Ranger3143/labs/logs/opmodel/final_step12000/qemu_calc/RECEIPT2.TXT
byte_12	qemu_calc_words/RECEIPT.TXT	cross		1	REJECT_CLEAN	FAIL artifact: MODEL hash mismatch (receipt a44e48965c641b81 vs local c680aef5531ba4da)	/home/user/Ranger3143/labs/logs/opmodel/final_step12000/qemu_calc_words/RECEIPT.TXT
byte_12	qemu_calc_words/RECEIPT2.TXT	cross		1	REJECT_CLEAN	FAIL artifact: MODEL hash mismatch (receipt a44e48965c641b81 vs local c680aef5531ba4da)	/home/user/Ranger3143/labs/logs/opmodel/final_step12000/qemu_calc_words/RECEIPT2.TXT
byte_12	qemu_everyday/RECEIPT.TXT	cross		1	REJECT_CLEAN	FAIL artifact: MODEL hash mismatch (receipt a44e48965c641b81 vs local c680aef5531ba4da)	/home/user/Ranger3143/labs/logs/opmodel/final_step12000/qemu_everyday/RECEIPT.TXT
byte_12	qemu_lookup/RECEIPT.TXT	cross		1	REJECT_CLEAN	FAIL artifact: MODEL hash mismatch (receipt a44e48965c641b81 vs local c680aef5531ba4da)	/home/user/Ranger3143/labs/logs/opmodel/final_step12000/qemu_lookup/RECEIPT.TXT
byte_12	qemu_lookup/RECEIPT2.TXT	cross		1	REJECT_CLEAN	FAIL artifact: MODEL hash mismatch (receipt a44e48965c641b81 vs local c680aef5531ba4da)	/home/user/Ranger3143/labs/logs/opmodel/final_step12000/qemu_lookup/RECEIPT2.TXT
byte_12	qemu_receipt/RECEIPT.TXT	cross		1	REJECT_CLEAN	FAIL artifact: MODEL hash mismatch (receipt a44e48965c641b81 vs local c680aef5531ba4da)	/home/user/Ranger3143/labs/logs/opmodel/final_step12000/qemu_receipt/RECEIPT.TXT
byte_12	qemu_self/RECEIPT.TXT	cross		1	REJECT_CLEAN	FAIL artifact: MODEL hash mismatch (receipt a44e48965c641b81 vs local c680aef5531ba4da)	/home/user/Ranger3143/labs/logs/opmodel/final_step12000/qemu_self/RECEIPT.TXT
byte_12	qemu_unknown_tool/RECEIPT.TXT	cross		1	REJECT_CLEAN	FAIL artifact: MODEL hash mismatch (receipt a44e48965c641b81 vs local c680aef5531ba4da)	/home/user/Ranger3143/labs/logs/opmodel/final_step12000/qemu_unknown_tool/RECEIPT.TXT
byte_13	orig-minted canary self	cross		1	REJECT_CLEAN	FAIL artifact: MODEL hash mismatch (receipt a44e48965c641b81 vs local 0415b74f4e9b4b9d)	/home/user/Ranger3143/labs/logs/safe/SAFE-01/h2_receipts/orig_00__self.TXT
byte_13	orig-minted canary calc	cross		1	REJECT_CLEAN	FAIL artifact: MODEL hash mismatch (receipt a44e48965c641b81 vs local 0415b74f4e9b4b9d)	/home/user/Ranger3143/labs/logs/safe/SAFE-01/h2_receipts/orig_00__calc.TXT
byte_13	orig-minted canary lookup	cross		1	REJECT_CLEAN	FAIL artifact: MODEL hash mismatch (receipt a44e48965c641b81 vs local 0415b74f4e9b4b9d)	/home/user/Ranger3143/labs/logs/safe/SAFE-01/h2_receipts/orig_00__lookup.TXT
byte_13	orig-minted canary abstain	cross		1	REJECT_CLEAN	FAIL artifact: MODEL hash mismatch (receipt a44e48965c641b81 vs local 0415b74f4e9b4b9d)	/home/user/Ranger3143/labs/logs/safe/SAFE-01/h2_receipts/orig_00__abstain.TXT
byte_13	qemu_abstain/RECEIPT.TXT	cross		1	REJECT_CLEAN	FAIL artifact: MODEL hash mismatch (receipt a44e48965c641b81 vs local 0415b74f4e9b4b9d)	/home/user/Ranger3143/labs/logs/opmodel/final_step12000/qemu_abstain/RECEIPT.TXT
byte_13	qemu_calc/RECEIPT.TXT	cross		1	REJECT_CLEAN	FAIL artifact: MODEL hash mismatch (receipt a44e48965c641b81 vs local 0415b74f4e9b4b9d)	/home/user/Ranger3143/labs/logs/opmodel/final_step12000/qemu_calc/RECEIPT.TXT
byte_13	qemu_calc/RECEIPT2.TXT	cross		1	REJECT_CLEAN	FAIL artifact: MODEL hash mismatch (receipt a44e48965c641b81 vs local 0415b74f4e9b4b9d)	/home/user/Ranger3143/labs/logs/opmodel/final_step12000/qemu_calc/RECEIPT2.TXT
byte_13	qemu_calc_words/RECEIPT.TXT	cross		1	REJECT_CLEAN	FAIL artifact: MODEL hash mismatch (receipt a44e48965c641b81 vs local 0415b74f4e9b4b9d)	/home/user/Ranger3143/labs/logs/opmodel/final_step12000/qemu_calc_words/RECEIPT.TXT
byte_13	qemu_calc_words/RECEIPT2.TXT	cross		1	REJECT_CLEAN	FAIL artifact: MODEL hash mismatch (receipt a44e48965c641b81 vs local 0415b74f4e9b4b9d)	/home/user/Ranger3143/labs/logs/opmodel/final_step12000/qemu_calc_words/RECEIPT2.TXT
byte_13	qemu_everyday/RECEIPT.TXT	cross		1	REJECT_CLEAN	FAIL artifact: MODEL hash mismatch (receipt a44e48965c641b81 vs local 0415b74f4e9b4b9d)	/home/user/Ranger3143/labs/logs/opmodel/final_step12000/qemu_everyday/RECEIPT.TXT
byte_13	qemu_lookup/RECEIPT.TXT	cross		1	REJECT_CLEAN	FAIL artifact: MODEL hash mismatch (receipt a44e48965c641b81 vs local 0415b74f4e9b4b9d)	/home/user/Ranger3143/labs/logs/opmodel/final_step12000/qemu_lookup/RECEIPT.TXT
byte_13	qemu_lookup/RECEIPT2.TXT	cross		1	REJECT_CLEAN	FAIL artifact: MODEL hash mismatch (receipt a44e48965c641b81 vs local 0415b74f4e9b4b9d)	/home/user/Ranger3143/labs/logs/opmodel/final_step12000/qemu_lookup/RECEIPT2.TXT
byte_13	qemu_receipt/RECEIPT.TXT	cross		1	REJECT_CLEAN	FAIL artifact: MODEL hash mismatch (receipt a44e48965c641b81 vs local 0415b74f4e9b4b9d)	/home/user/Ranger3143/labs/logs/opmodel/final_step12000/qemu_receipt/RECEIPT.TXT
byte_13	qemu_self/RECEIPT.TXT	cross		1	REJECT_CLEAN	FAIL artifact: MODEL hash mismatch (receipt a44e48965c641b81 vs local 0415b74f4e9b4b9d)	/home/user/Ranger3143/labs/logs/opmodel/final_step12000/qemu_self/RECEIPT.TXT
byte_13	qemu_unknown_tool/RECEIPT.TXT	cross		1	REJECT_CLEAN	FAIL artifact: MODEL hash mismatch (receipt a44e48965c641b81 vs local 0415b74f4e9b4b9d)	/home/user/Ranger3143/labs/logs/opmodel/final_step12000/qemu_unknown_tool/RECEIPT.TXT
byte_14	orig-minted canary self	cross		1	REJECT_CLEAN	FAIL artifact: MODEL hash mismatch (receipt a44e48965c641b81 vs local b123540c800e16b8)	/home/user/Ranger3143/labs/logs/safe/SAFE-01/h2_receipts/orig_00__self.TXT
byte_14	orig-minted canary calc	cross		1	REJECT_CLEAN	FAIL artifact: MODEL hash mismatch (receipt a44e48965c641b81 vs local b123540c800e16b8)	/home/user/Ranger3143/labs/logs/safe/SAFE-01/h2_receipts/orig_00__calc.TXT
byte_14	orig-minted canary lookup	cross		1	REJECT_CLEAN	FAIL artifact: MODEL hash mismatch (receipt a44e48965c641b81 vs local b123540c800e16b8)	/home/user/Ranger3143/labs/logs/safe/SAFE-01/h2_receipts/orig_00__lookup.TXT
byte_14	orig-minted canary abstain	cross		1	REJECT_CLEAN	FAIL artifact: MODEL hash mismatch (receipt a44e48965c641b81 vs local b123540c800e16b8)	/home/user/Ranger3143/labs/logs/safe/SAFE-01/h2_receipts/orig_00__abstain.TXT
byte_14	qemu_abstain/RECEIPT.TXT	cross		1	REJECT_CLEAN	FAIL artifact: MODEL hash mismatch (receipt a44e48965c641b81 vs local b123540c800e16b8)	/home/user/Ranger3143/labs/logs/opmodel/final_step12000/qemu_abstain/RECEIPT.TXT
byte_14	qemu_calc/RECEIPT.TXT	cross		1	REJECT_CLEAN	FAIL artifact: MODEL hash mismatch (receipt a44e48965c641b81 vs local b123540c800e16b8)	/home/user/Ranger3143/labs/logs/opmodel/final_step12000/qemu_calc/RECEIPT.TXT
byte_14	qemu_calc/RECEIPT2.TXT	cross		1	REJECT_CLEAN	FAIL artifact: MODEL hash mismatch (receipt a44e48965c641b81 vs local b123540c800e16b8)	/home/user/Ranger3143/labs/logs/opmodel/final_step12000/qemu_calc/RECEIPT2.TXT
byte_14	qemu_calc_words/RECEIPT.TXT	cross		1	REJECT_CLEAN	FAIL artifact: MODEL hash mismatch (receipt a44e48965c641b81 vs local b123540c800e16b8)	/home/user/Ranger3143/labs/logs/opmodel/final_step12000/qemu_calc_words/RECEIPT.TXT
byte_14	qemu_calc_words/RECEIPT2.TXT	cross		1	REJECT_CLEAN	FAIL artifact: MODEL hash mismatch (receipt a44e48965c641b81 vs local b123540c800e16b8)	/home/user/Ranger3143/labs/logs/opmodel/final_step12000/qemu_calc_words/RECEIPT2.TXT
byte_14	qemu_everyday/RECEIPT.TXT	cross		1	REJECT_CLEAN	FAIL artifact: MODEL hash mismatch (receipt a44e48965c641b81 vs local b123540c800e16b8)	/home/user/Ranger3143/labs/logs/opmodel/final_step12000/qemu_everyday/RECEIPT.TXT
byte_14	qemu_lookup/RECEIPT.TXT	cross		1	REJECT_CLEAN	FAIL artifact: MODEL hash mismatch (receipt a44e48965c641b81 vs local b123540c800e16b8)	/home/user/Ranger3143/labs/logs/opmodel/final_step12000/qemu_lookup/RECEIPT.TXT
byte_14	qemu_lookup/RECEIPT2.TXT	cross		1	REJECT_CLEAN	FAIL artifact: MODEL hash mismatch (receipt a44e48965c641b81 vs local b123540c800e16b8)	/home/user/Ranger3143/labs/logs/opmodel/final_step12000/qemu_lookup/RECEIPT2.TXT
byte_14	qemu_receipt/RECEIPT.TXT	cross		1	REJECT_CLEAN	FAIL artifact: MODEL hash mismatch (receipt a44e48965c641b81 vs local b123540c800e16b8)	/home/user/Ranger3143/labs/logs/opmodel/final_step12000/qemu_receipt/RECEIPT.TXT
byte_14	qemu_self/RECEIPT.TXT	cross		1	REJECT_CLEAN	FAIL artifact: MODEL hash mismatch (receipt a44e48965c641b81 vs local b123540c800e16b8)	/home/user/Ranger3143/labs/logs/opmodel/final_step12000/qemu_self/RECEIPT.TXT
byte_14	qemu_unknown_tool/RECEIPT.TXT	cross		1	REJECT_CLEAN	FAIL artifact: MODEL hash mismatch (receipt a44e48965c641b81 vs local b123540c800e16b8)	/home/user/Ranger3143/labs/logs/opmodel/final_step12000/qemu_unknown_tool/RECEIPT.TXT
byte_15	orig-minted canary self	cross		1	REJECT_CLEAN	FAIL artifact: MODEL hash mismatch (receipt a44e48965c641b81 vs local c378ad4c0dbd644d)	/home/user/Ranger3143/labs/logs/safe/SAFE-01/h2_receipts/orig_00__self.TXT
byte_15	orig-minted canary calc	cross		1	REJECT_CLEAN	FAIL artifact: MODEL hash mismatch (receipt a44e48965c641b81 vs local c378ad4c0dbd644d)	/home/user/Ranger3143/labs/logs/safe/SAFE-01/h2_receipts/orig_00__calc.TXT
byte_15	orig-minted canary lookup	cross		1	REJECT_CLEAN	FAIL artifact: MODEL hash mismatch (receipt a44e48965c641b81 vs local c378ad4c0dbd644d)	/home/user/Ranger3143/labs/logs/safe/SAFE-01/h2_receipts/orig_00__lookup.TXT
byte_15	orig-minted canary abstain	cross		1	REJECT_CLEAN	FAIL artifact: MODEL hash mismatch (receipt a44e48965c641b81 vs local c378ad4c0dbd644d)	/home/user/Ranger3143/labs/logs/safe/SAFE-01/h2_receipts/orig_00__abstain.TXT
byte_15	qemu_abstain/RECEIPT.TXT	cross		1	REJECT_CLEAN	FAIL artifact: MODEL hash mismatch (receipt a44e48965c641b81 vs local c378ad4c0dbd644d)	/home/user/Ranger3143/labs/logs/opmodel/final_step12000/qemu_abstain/RECEIPT.TXT
byte_15	qemu_calc/RECEIPT.TXT	cross		1	REJECT_CLEAN	FAIL artifact: MODEL hash mismatch (receipt a44e48965c641b81 vs local c378ad4c0dbd644d)	/home/user/Ranger3143/labs/logs/opmodel/final_step12000/qemu_calc/RECEIPT.TXT
byte_15	qemu_calc/RECEIPT2.TXT	cross		1	REJECT_CLEAN	FAIL artifact: MODEL hash mismatch (receipt a44e48965c641b81 vs local c378ad4c0dbd644d)	/home/user/Ranger3143/labs/logs/opmodel/final_step12000/qemu_calc/RECEIPT2.TXT
byte_15	qemu_calc_words/RECEIPT.TXT	cross		1	REJECT_CLEAN	FAIL artifact: MODEL hash mismatch (receipt a44e48965c641b81 vs local c378ad4c0dbd644d)	/home/user/Ranger3143/labs/logs/opmodel/final_step12000/qemu_calc_words/RECEIPT.TXT
byte_15	qemu_calc_words/RECEIPT2.TXT	cross		1	REJECT_CLEAN	FAIL artifact: MODEL hash mismatch (receipt a44e48965c641b81 vs local c378ad4c0dbd644d)	/home/user/Ranger3143/labs/logs/opmodel/final_step12000/qemu_calc_words/RECEIPT2.TXT
byte_15	qemu_everyday/RECEIPT.TXT	cross		1	REJECT_CLEAN	FAIL artifact: MODEL hash mismatch (receipt a44e48965c641b81 vs local c378ad4c0dbd644d)	/home/user/Ranger3143/labs/logs/opmodel/final_step12000/qemu_everyday/RECEIPT.TXT
byte_15	qemu_lookup/RECEIPT.TXT	cross		1	REJECT_CLEAN	FAIL artifact: MODEL hash mismatch (receipt a44e48965c641b81 vs local c378ad4c0dbd644d)	/home/user/Ranger3143/labs/logs/opmodel/final_step12000/qemu_lookup/RECEIPT.TXT
byte_15	qemu_lookup/RECEIPT2.TXT	cross		1	REJECT_CLEAN	FAIL artifact: MODEL hash mismatch (receipt a44e48965c641b81 vs local c378ad4c0dbd644d)	/home/user/Ranger3143/labs/logs/opmodel/final_step12000/qemu_lookup/RECEIPT2.TXT
byte_15	qemu_receipt/RECEIPT.TXT	cross		1	REJECT_CLEAN	FAIL artifact: MODEL hash mismatch (receipt a44e48965c641b81 vs local c378ad4c0dbd644d)	/home/user/Ranger3143/labs/logs/opmodel/final_step12000/qemu_receipt/RECEIPT.TXT
byte_15	qemu_self/RECEIPT.TXT	cross		1	REJECT_CLEAN	FAIL artifact: MODEL hash mismatch (receipt a44e48965c641b81 vs local c378ad4c0dbd644d)	/home/user/Ranger3143/labs/logs/opmodel/final_step12000/qemu_self/RECEIPT.TXT
byte_15	qemu_unknown_tool/RECEIPT.TXT	cross		1	REJECT_CLEAN	FAIL artifact: MODEL hash mismatch (receipt a44e48965c641b81 vs local c378ad4c0dbd644d)	/home/user/Ranger3143/labs/logs/opmodel/final_step12000/qemu_unknown_tool/RECEIPT.TXT
byte_16	orig-minted canary self	cross		1	REJECT_CLEAN	FAIL artifact: MODEL hash mismatch (receipt a44e48965c641b81 vs local 2518ffde3c803d0e)	/home/user/Ranger3143/labs/logs/safe/SAFE-01/h2_receipts/orig_00__self.TXT
byte_16	orig-minted canary calc	cross		1	REJECT_CLEAN	FAIL artifact: MODEL hash mismatch (receipt a44e48965c641b81 vs local 2518ffde3c803d0e)	/home/user/Ranger3143/labs/logs/safe/SAFE-01/h2_receipts/orig_00__calc.TXT
byte_16	orig-minted canary lookup	cross		1	REJECT_CLEAN	FAIL artifact: MODEL hash mismatch (receipt a44e48965c641b81 vs local 2518ffde3c803d0e)	/home/user/Ranger3143/labs/logs/safe/SAFE-01/h2_receipts/orig_00__lookup.TXT
byte_16	orig-minted canary abstain	cross		1	REJECT_CLEAN	FAIL artifact: MODEL hash mismatch (receipt a44e48965c641b81 vs local 2518ffde3c803d0e)	/home/user/Ranger3143/labs/logs/safe/SAFE-01/h2_receipts/orig_00__abstain.TXT
byte_16	qemu_abstain/RECEIPT.TXT	cross		1	REJECT_CLEAN	FAIL artifact: MODEL hash mismatch (receipt a44e48965c641b81 vs local 2518ffde3c803d0e)	/home/user/Ranger3143/labs/logs/opmodel/final_step12000/qemu_abstain/RECEIPT.TXT
byte_16	qemu_calc/RECEIPT.TXT	cross		1	REJECT_CLEAN	FAIL artifact: MODEL hash mismatch (receipt a44e48965c641b81 vs local 2518ffde3c803d0e)	/home/user/Ranger3143/labs/logs/opmodel/final_step12000/qemu_calc/RECEIPT.TXT
byte_16	qemu_calc/RECEIPT2.TXT	cross		1	REJECT_CLEAN	FAIL artifact: MODEL hash mismatch (receipt a44e48965c641b81 vs local 2518ffde3c803d0e)	/home/user/Ranger3143/labs/logs/opmodel/final_step12000/qemu_calc/RECEIPT2.TXT
byte_16	qemu_calc_words/RECEIPT.TXT	cross		1	REJECT_CLEAN	FAIL artifact: MODEL hash mismatch (receipt a44e48965c641b81 vs local 2518ffde3c803d0e)	/home/user/Ranger3143/labs/logs/opmodel/final_step12000/qemu_calc_words/RECEIPT.TXT
byte_16	qemu_calc_words/RECEIPT2.TXT	cross		1	REJECT_CLEAN	FAIL artifact: MODEL hash mismatch (receipt a44e48965c641b81 vs local 2518ffde3c803d0e)	/home/user/Ranger3143/labs/logs/opmodel/final_step12000/qemu_calc_words/RECEIPT2.TXT
byte_16	qemu_everyday/RECEIPT.TXT	cross		1	REJECT_CLEAN	FAIL artifact: MODEL hash mismatch (receipt a44e48965c641b81 vs local 2518ffde3c803d0e)	/home/user/Ranger3143/labs/logs/opmodel/final_step12000/qemu_everyday/RECEIPT.TXT
byte_16	qemu_lookup/RECEIPT.TXT	cross		1	REJECT_CLEAN	FAIL artifact: MODEL hash mismatch (receipt a44e48965c641b81 vs local 2518ffde3c803d0e)	/home/user/Ranger3143/labs/logs/opmodel/final_step12000/qemu_lookup/RECEIPT.TXT
byte_16	qemu_lookup/RECEIPT2.TXT	cross		1	REJECT_CLEAN	FAIL artifact: MODEL hash mismatch (receipt a44e48965c641b81 vs local 2518ffde3c803d0e)	/home/user/Ranger3143/labs/logs/opmodel/final_step12000/qemu_lookup/RECEIPT2.TXT
byte_16	qemu_receipt/RECEIPT.TXT	cross		1	REJECT_CLEAN	FAIL artifact: MODEL hash mismatch (receipt a44e48965c641b81 vs local 2518ffde3c803d0e)	/home/user/Ranger3143/labs/logs/opmodel/final_step12000/qemu_receipt/RECEIPT.TXT
byte_16	qemu_self/RECEIPT.TXT	cross		1	REJECT_CLEAN	FAIL artifact: MODEL hash mismatch (receipt a44e48965c641b81 vs local 2518ffde3c803d0e)	/home/user/Ranger3143/labs/logs/opmodel/final_step12000/qemu_self/RECEIPT.TXT
byte_16	qemu_unknown_tool/RECEIPT.TXT	cross		1	REJECT_CLEAN	FAIL artifact: MODEL hash mismatch (receipt a44e48965c641b81 vs local 2518ffde3c803d0e)	/home/user/Ranger3143/labs/logs/opmodel/final_step12000/qemu_unknown_tool/RECEIPT.TXT
byte_17	orig-minted canary self	cross		1	REJECT_CLEAN	FAIL artifact: MODEL hash mismatch (receipt a44e48965c641b81 vs local bac4b22192134c7e)	/home/user/Ranger3143/labs/logs/safe/SAFE-01/h2_receipts/orig_00__self.TXT
byte_17	orig-minted canary calc	cross		1	REJECT_CLEAN	FAIL artifact: MODEL hash mismatch (receipt a44e48965c641b81 vs local bac4b22192134c7e)	/home/user/Ranger3143/labs/logs/safe/SAFE-01/h2_receipts/orig_00__calc.TXT
byte_17	orig-minted canary lookup	cross		1	REJECT_CLEAN	FAIL artifact: MODEL hash mismatch (receipt a44e48965c641b81 vs local bac4b22192134c7e)	/home/user/Ranger3143/labs/logs/safe/SAFE-01/h2_receipts/orig_00__lookup.TXT
byte_17	orig-minted canary abstain	cross		1	REJECT_CLEAN	FAIL artifact: MODEL hash mismatch (receipt a44e48965c641b81 vs local bac4b22192134c7e)	/home/user/Ranger3143/labs/logs/safe/SAFE-01/h2_receipts/orig_00__abstain.TXT
byte_17	qemu_abstain/RECEIPT.TXT	cross		1	REJECT_CLEAN	FAIL artifact: MODEL hash mismatch (receipt a44e48965c641b81 vs local bac4b22192134c7e)	/home/user/Ranger3143/labs/logs/opmodel/final_step12000/qemu_abstain/RECEIPT.TXT
byte_17	qemu_calc/RECEIPT.TXT	cross		1	REJECT_CLEAN	FAIL artifact: MODEL hash mismatch (receipt a44e48965c641b81 vs local bac4b22192134c7e)	/home/user/Ranger3143/labs/logs/opmodel/final_step12000/qemu_calc/RECEIPT.TXT
byte_17	qemu_calc/RECEIPT2.TXT	cross		1	REJECT_CLEAN	FAIL artifact: MODEL hash mismatch (receipt a44e48965c641b81 vs local bac4b22192134c7e)	/home/user/Ranger3143/labs/logs/opmodel/final_step12000/qemu_calc/RECEIPT2.TXT
byte_17	qemu_calc_words/RECEIPT.TXT	cross		1	REJECT_CLEAN	FAIL artifact: MODEL hash mismatch (receipt a44e48965c641b81 vs local bac4b22192134c7e)	/home/user/Ranger3143/labs/logs/opmodel/final_step12000/qemu_calc_words/RECEIPT.TXT
byte_17	qemu_calc_words/RECEIPT2.TXT	cross		1	REJECT_CLEAN	FAIL artifact: MODEL hash mismatch (receipt a44e48965c641b81 vs local bac4b22192134c7e)	/home/user/Ranger3143/labs/logs/opmodel/final_step12000/qemu_calc_words/RECEIPT2.TXT
byte_17	qemu_everyday/RECEIPT.TXT	cross		1	REJECT_CLEAN	FAIL artifact: MODEL hash mismatch (receipt a44e48965c641b81 vs local bac4b22192134c7e)	/home/user/Ranger3143/labs/logs/opmodel/final_step12000/qemu_everyday/RECEIPT.TXT
byte_17	qemu_lookup/RECEIPT.TXT	cross		1	REJECT_CLEAN	FAIL artifact: MODEL hash mismatch (receipt a44e48965c641b81 vs local bac4b22192134c7e)	/home/user/Ranger3143/labs/logs/opmodel/final_step12000/qemu_lookup/RECEIPT.TXT
byte_17	qemu_lookup/RECEIPT2.TXT	cross		1	REJECT_CLEAN	FAIL artifact: MODEL hash mismatch (receipt a44e48965c641b81 vs local bac4b22192134c7e)	/home/user/Ranger3143/labs/logs/opmodel/final_step12000/qemu_lookup/RECEIPT2.TXT
byte_17	qemu_receipt/RECEIPT.TXT	cross		1	REJECT_CLEAN	FAIL artifact: MODEL hash mismatch (receipt a44e48965c641b81 vs local bac4b22192134c7e)	/home/user/Ranger3143/labs/logs/opmodel/final_step12000/qemu_receipt/RECEIPT.TXT
byte_17	qemu_self/RECEIPT.TXT	cross		1	REJECT_CLEAN	FAIL artifact: MODEL hash mismatch (receipt a44e48965c641b81 vs local bac4b22192134c7e)	/home/user/Ranger3143/labs/logs/opmodel/final_step12000/qemu_self/RECEIPT.TXT
byte_17	qemu_unknown_tool/RECEIPT.TXT	cross		1	REJECT_CLEAN	FAIL artifact: MODEL hash mismatch (receipt a44e48965c641b81 vs local bac4b22192134c7e)	/home/user/Ranger3143/labs/logs/opmodel/final_step12000/qemu_unknown_tool/RECEIPT.TXT
byte_18	orig-minted canary self	cross		1	REJECT_CLEAN	FAIL artifact: MODEL hash mismatch (receipt a44e48965c641b81 vs local 9535619fafe68c06)	/home/user/Ranger3143/labs/logs/safe/SAFE-01/h2_receipts/orig_00__self.TXT
byte_18	orig-minted canary calc	cross		1	REJECT_CLEAN	FAIL artifact: MODEL hash mismatch (receipt a44e48965c641b81 vs local 9535619fafe68c06)	/home/user/Ranger3143/labs/logs/safe/SAFE-01/h2_receipts/orig_00__calc.TXT
byte_18	orig-minted canary lookup	cross		1	REJECT_CLEAN	FAIL artifact: MODEL hash mismatch (receipt a44e48965c641b81 vs local 9535619fafe68c06)	/home/user/Ranger3143/labs/logs/safe/SAFE-01/h2_receipts/orig_00__lookup.TXT
byte_18	orig-minted canary abstain	cross		1	REJECT_CLEAN	FAIL artifact: MODEL hash mismatch (receipt a44e48965c641b81 vs local 9535619fafe68c06)	/home/user/Ranger3143/labs/logs/safe/SAFE-01/h2_receipts/orig_00__abstain.TXT
byte_18	qemu_abstain/RECEIPT.TXT	cross		1	REJECT_CLEAN	FAIL artifact: MODEL hash mismatch (receipt a44e48965c641b81 vs local 9535619fafe68c06)	/home/user/Ranger3143/labs/logs/opmodel/final_step12000/qemu_abstain/RECEIPT.TXT
byte_18	qemu_calc/RECEIPT.TXT	cross		1	REJECT_CLEAN	FAIL artifact: MODEL hash mismatch (receipt a44e48965c641b81 vs local 9535619fafe68c06)	/home/user/Ranger3143/labs/logs/opmodel/final_step12000/qemu_calc/RECEIPT.TXT
byte_18	qemu_calc/RECEIPT2.TXT	cross		1	REJECT_CLEAN	FAIL artifact: MODEL hash mismatch (receipt a44e48965c641b81 vs local 9535619fafe68c06)	/home/user/Ranger3143/labs/logs/opmodel/final_step12000/qemu_calc/RECEIPT2.TXT
byte_18	qemu_calc_words/RECEIPT.TXT	cross		1	REJECT_CLEAN	FAIL artifact: MODEL hash mismatch (receipt a44e48965c641b81 vs local 9535619fafe68c06)	/home/user/Ranger3143/labs/logs/opmodel/final_step12000/qemu_calc_words/RECEIPT.TXT
byte_18	qemu_calc_words/RECEIPT2.TXT	cross		1	REJECT_CLEAN	FAIL artifact: MODEL hash mismatch (receipt a44e48965c641b81 vs local 9535619fafe68c06)	/home/user/Ranger3143/labs/logs/opmodel/final_step12000/qemu_calc_words/RECEIPT2.TXT
byte_18	qemu_everyday/RECEIPT.TXT	cross		1	REJECT_CLEAN	FAIL artifact: MODEL hash mismatch (receipt a44e48965c641b81 vs local 9535619fafe68c06)	/home/user/Ranger3143/labs/logs/opmodel/final_step12000/qemu_everyday/RECEIPT.TXT
byte_18	qemu_lookup/RECEIPT.TXT	cross		1	REJECT_CLEAN	FAIL artifact: MODEL hash mismatch (receipt a44e48965c641b81 vs local 9535619fafe68c06)	/home/user/Ranger3143/labs/logs/opmodel/final_step12000/qemu_lookup/RECEIPT.TXT
byte_18	qemu_lookup/RECEIPT2.TXT	cross		1	REJECT_CLEAN	FAIL artifact: MODEL hash mismatch (receipt a44e48965c641b81 vs local 9535619fafe68c06)	/home/user/Ranger3143/labs/logs/opmodel/final_step12000/qemu_lookup/RECEIPT2.TXT
byte_18	qemu_receipt/RECEIPT.TXT	cross		1	REJECT_CLEAN	FAIL artifact: MODEL hash mismatch (receipt a44e48965c641b81 vs local 9535619fafe68c06)	/home/user/Ranger3143/labs/logs/opmodel/final_step12000/qemu_receipt/RECEIPT.TXT
byte_18	qemu_self/RECEIPT.TXT	cross		1	REJECT_CLEAN	FAIL artifact: MODEL hash mismatch (receipt a44e48965c641b81 vs local 9535619fafe68c06)	/home/user/Ranger3143/labs/logs/opmodel/final_step12000/qemu_self/RECEIPT.TXT
byte_18	qemu_unknown_tool/RECEIPT.TXT	cross		1	REJECT_CLEAN	FAIL artifact: MODEL hash mismatch (receipt a44e48965c641b81 vs local 9535619fafe68c06)	/home/user/Ranger3143/labs/logs/opmodel/final_step12000/qemu_unknown_tool/RECEIPT.TXT
byte_19	orig-minted canary self	cross		1	REJECT_CLEAN	FAIL artifact: MODEL hash mismatch (receipt a44e48965c641b81 vs local 66bf3d9ce0d2c0a8)	/home/user/Ranger3143/labs/logs/safe/SAFE-01/h2_receipts/orig_00__self.TXT
byte_19	orig-minted canary calc	cross		1	REJECT_CLEAN	FAIL artifact: MODEL hash mismatch (receipt a44e48965c641b81 vs local 66bf3d9ce0d2c0a8)	/home/user/Ranger3143/labs/logs/safe/SAFE-01/h2_receipts/orig_00__calc.TXT
byte_19	orig-minted canary lookup	cross		1	REJECT_CLEAN	FAIL artifact: MODEL hash mismatch (receipt a44e48965c641b81 vs local 66bf3d9ce0d2c0a8)	/home/user/Ranger3143/labs/logs/safe/SAFE-01/h2_receipts/orig_00__lookup.TXT
byte_19	orig-minted canary abstain	cross		1	REJECT_CLEAN	FAIL artifact: MODEL hash mismatch (receipt a44e48965c641b81 vs local 66bf3d9ce0d2c0a8)	/home/user/Ranger3143/labs/logs/safe/SAFE-01/h2_receipts/orig_00__abstain.TXT
byte_19	qemu_abstain/RECEIPT.TXT	cross		1	REJECT_CLEAN	FAIL artifact: MODEL hash mismatch (receipt a44e48965c641b81 vs local 66bf3d9ce0d2c0a8)	/home/user/Ranger3143/labs/logs/opmodel/final_step12000/qemu_abstain/RECEIPT.TXT
byte_19	qemu_calc/RECEIPT.TXT	cross		1	REJECT_CLEAN	FAIL artifact: MODEL hash mismatch (receipt a44e48965c641b81 vs local 66bf3d9ce0d2c0a8)	/home/user/Ranger3143/labs/logs/opmodel/final_step12000/qemu_calc/RECEIPT.TXT
byte_19	qemu_calc/RECEIPT2.TXT	cross		1	REJECT_CLEAN	FAIL artifact: MODEL hash mismatch (receipt a44e48965c641b81 vs local 66bf3d9ce0d2c0a8)	/home/user/Ranger3143/labs/logs/opmodel/final_step12000/qemu_calc/RECEIPT2.TXT
byte_19	qemu_calc_words/RECEIPT.TXT	cross		1	REJECT_CLEAN	FAIL artifact: MODEL hash mismatch (receipt a44e48965c641b81 vs local 66bf3d9ce0d2c0a8)	/home/user/Ranger3143/labs/logs/opmodel/final_step12000/qemu_calc_words/RECEIPT.TXT
byte_19	qemu_calc_words/RECEIPT2.TXT	cross		1	REJECT_CLEAN	FAIL artifact: MODEL hash mismatch (receipt a44e48965c641b81 vs local 66bf3d9ce0d2c0a8)	/home/user/Ranger3143/labs/logs/opmodel/final_step12000/qemu_calc_words/RECEIPT2.TXT
byte_19	qemu_everyday/RECEIPT.TXT	cross		1	REJECT_CLEAN	FAIL artifact: MODEL hash mismatch (receipt a44e48965c641b81 vs local 66bf3d9ce0d2c0a8)	/home/user/Ranger3143/labs/logs/opmodel/final_step12000/qemu_everyday/RECEIPT.TXT
byte_19	qemu_lookup/RECEIPT.TXT	cross		1	REJECT_CLEAN	FAIL artifact: MODEL hash mismatch (receipt a44e48965c641b81 vs local 66bf3d9ce0d2c0a8)	/home/user/Ranger3143/labs/logs/opmodel/final_step12000/qemu_lookup/RECEIPT.TXT
byte_19	qemu_lookup/RECEIPT2.TXT	cross		1	REJECT_CLEAN	FAIL artifact: MODEL hash mismatch (receipt a44e48965c641b81 vs local 66bf3d9ce0d2c0a8)	/home/user/Ranger3143/labs/logs/opmodel/final_step12000/qemu_lookup/RECEIPT2.TXT
byte_19	qemu_receipt/RECEIPT.TXT	cross		1	REJECT_CLEAN	FAIL artifact: MODEL hash mismatch (receipt a44e48965c641b81 vs local 66bf3d9ce0d2c0a8)	/home/user/Ranger3143/labs/logs/opmodel/final_step12000/qemu_receipt/RECEIPT.TXT
byte_19	qemu_self/RECEIPT.TXT	cross		1	REJECT_CLEAN	FAIL artifact: MODEL hash mismatch (receipt a44e48965c641b81 vs local 66bf3d9ce0d2c0a8)	/home/user/Ranger3143/labs/logs/opmodel/final_step12000/qemu_self/RECEIPT.TXT
byte_19	qemu_unknown_tool/RECEIPT.TXT	cross		1	REJECT_CLEAN	FAIL artifact: MODEL hash mismatch (receipt a44e48965c641b81 vs local 66bf3d9ce0d2c0a8)	/home/user/Ranger3143/labs/logs/opmodel/final_step12000/qemu_unknown_tool/RECEIPT.TXT
bit_00	orig-minted canary self	cross		1	REJECT_CLEAN	FAIL artifact: MODEL hash mismatch (receipt a44e48965c641b81 vs local 0d7e078cb7a01c88)	/home/user/Ranger3143/labs/logs/safe/SAFE-01/h2_receipts/orig_00__self.TXT
bit_00	orig-minted canary calc	cross		1	REJECT_CLEAN	FAIL artifact: MODEL hash mismatch (receipt a44e48965c641b81 vs local 0d7e078cb7a01c88)	/home/user/Ranger3143/labs/logs/safe/SAFE-01/h2_receipts/orig_00__calc.TXT
bit_00	orig-minted canary lookup	cross		1	REJECT_CLEAN	FAIL artifact: MODEL hash mismatch (receipt a44e48965c641b81 vs local 0d7e078cb7a01c88)	/home/user/Ranger3143/labs/logs/safe/SAFE-01/h2_receipts/orig_00__lookup.TXT
bit_00	orig-minted canary abstain	cross		1	REJECT_CLEAN	FAIL artifact: MODEL hash mismatch (receipt a44e48965c641b81 vs local 0d7e078cb7a01c88)	/home/user/Ranger3143/labs/logs/safe/SAFE-01/h2_receipts/orig_00__abstain.TXT
bit_00	qemu_abstain/RECEIPT.TXT	cross		1	REJECT_CLEAN	FAIL artifact: MODEL hash mismatch (receipt a44e48965c641b81 vs local 0d7e078cb7a01c88)	/home/user/Ranger3143/labs/logs/opmodel/final_step12000/qemu_abstain/RECEIPT.TXT
bit_00	qemu_calc/RECEIPT.TXT	cross		1	REJECT_CLEAN	FAIL artifact: MODEL hash mismatch (receipt a44e48965c641b81 vs local 0d7e078cb7a01c88)	/home/user/Ranger3143/labs/logs/opmodel/final_step12000/qemu_calc/RECEIPT.TXT
bit_00	qemu_calc/RECEIPT2.TXT	cross		1	REJECT_CLEAN	FAIL artifact: MODEL hash mismatch (receipt a44e48965c641b81 vs local 0d7e078cb7a01c88)	/home/user/Ranger3143/labs/logs/opmodel/final_step12000/qemu_calc/RECEIPT2.TXT
bit_00	qemu_calc_words/RECEIPT.TXT	cross		1	REJECT_CLEAN	FAIL artifact: MODEL hash mismatch (receipt a44e48965c641b81 vs local 0d7e078cb7a01c88)	/home/user/Ranger3143/labs/logs/opmodel/final_step12000/qemu_calc_words/RECEIPT.TXT
bit_00	qemu_calc_words/RECEIPT2.TXT	cross		1	REJECT_CLEAN	FAIL artifact: MODEL hash mismatch (receipt a44e48965c641b81 vs local 0d7e078cb7a01c88)	/home/user/Ranger3143/labs/logs/opmodel/final_step12000/qemu_calc_words/RECEIPT2.TXT
bit_00	qemu_everyday/RECEIPT.TXT	cross		1	REJECT_CLEAN	FAIL artifact: MODEL hash mismatch (receipt a44e48965c641b81 vs local 0d7e078cb7a01c88)	/home/user/Ranger3143/labs/logs/opmodel/final_step12000/qemu_everyday/RECEIPT.TXT
bit_00	qemu_lookup/RECEIPT.TXT	cross		1	REJECT_CLEAN	FAIL artifact: MODEL hash mismatch (receipt a44e48965c641b81 vs local 0d7e078cb7a01c88)	/home/user/Ranger3143/labs/logs/opmodel/final_step12000/qemu_lookup/RECEIPT.TXT
bit_00	qemu_lookup/RECEIPT2.TXT	cross		1	REJECT_CLEAN	FAIL artifact: MODEL hash mismatch (receipt a44e48965c641b81 vs local 0d7e078cb7a01c88)	/home/user/Ranger3143/labs/logs/opmodel/final_step12000/qemu_lookup/RECEIPT2.TXT
bit_00	qemu_receipt/RECEIPT.TXT	cross		1	REJECT_CLEAN	FAIL artifact: MODEL hash mismatch (receipt a44e48965c641b81 vs local 0d7e078cb7a01c88)	/home/user/Ranger3143/labs/logs/opmodel/final_step12000/qemu_receipt/RECEIPT.TXT
bit_00	qemu_self/RECEIPT.TXT	cross		1	REJECT_CLEAN	FAIL artifact: MODEL hash mismatch (receipt a44e48965c641b81 vs local 0d7e078cb7a01c88)	/home/user/Ranger3143/labs/logs/opmodel/final_step12000/qemu_self/RECEIPT.TXT
bit_00	qemu_unknown_tool/RECEIPT.TXT	cross		1	REJECT_CLEAN	FAIL artifact: MODEL hash mismatch (receipt a44e48965c641b81 vs local 0d7e078cb7a01c88)	/home/user/Ranger3143/labs/logs/opmodel/final_step12000/qemu_unknown_tool/RECEIPT.TXT
bit_01	orig-minted canary self	cross		1	REJECT_CLEAN	FAIL artifact: MODEL hash mismatch (receipt a44e48965c641b81 vs local c7a8a1be75c462be)	/home/user/Ranger3143/labs/logs/safe/SAFE-01/h2_receipts/orig_00__self.TXT
bit_01	orig-minted canary calc	cross		1	REJECT_CLEAN	FAIL artifact: MODEL hash mismatch (receipt a44e48965c641b81 vs local c7a8a1be75c462be)	/home/user/Ranger3143/labs/logs/safe/SAFE-01/h2_receipts/orig_00__calc.TXT
bit_01	orig-minted canary lookup	cross		1	REJECT_CLEAN	FAIL artifact: MODEL hash mismatch (receipt a44e48965c641b81 vs local c7a8a1be75c462be)	/home/user/Ranger3143/labs/logs/safe/SAFE-01/h2_receipts/orig_00__lookup.TXT
bit_01	orig-minted canary abstain	cross		1	REJECT_CLEAN	FAIL artifact: MODEL hash mismatch (receipt a44e48965c641b81 vs local c7a8a1be75c462be)	/home/user/Ranger3143/labs/logs/safe/SAFE-01/h2_receipts/orig_00__abstain.TXT
bit_01	qemu_abstain/RECEIPT.TXT	cross		1	REJECT_CLEAN	FAIL artifact: MODEL hash mismatch (receipt a44e48965c641b81 vs local c7a8a1be75c462be)	/home/user/Ranger3143/labs/logs/opmodel/final_step12000/qemu_abstain/RECEIPT.TXT
bit_01	qemu_calc/RECEIPT.TXT	cross		1	REJECT_CLEAN	FAIL artifact: MODEL hash mismatch (receipt a44e48965c641b81 vs local c7a8a1be75c462be)	/home/user/Ranger3143/labs/logs/opmodel/final_step12000/qemu_calc/RECEIPT.TXT
bit_01	qemu_calc/RECEIPT2.TXT	cross		1	REJECT_CLEAN	FAIL artifact: MODEL hash mismatch (receipt a44e48965c641b81 vs local c7a8a1be75c462be)	/home/user/Ranger3143/labs/logs/opmodel/final_step12000/qemu_calc/RECEIPT2.TXT
bit_01	qemu_calc_words/RECEIPT.TXT	cross		1	REJECT_CLEAN	FAIL artifact: MODEL hash mismatch (receipt a44e48965c641b81 vs local c7a8a1be75c462be)	/home/user/Ranger3143/labs/logs/opmodel/final_step12000/qemu_calc_words/RECEIPT.TXT
bit_01	qemu_calc_words/RECEIPT2.TXT	cross		1	REJECT_CLEAN	FAIL artifact: MODEL hash mismatch (receipt a44e48965c641b81 vs local c7a8a1be75c462be)	/home/user/Ranger3143/labs/logs/opmodel/final_step12000/qemu_calc_words/RECEIPT2.TXT
bit_01	qemu_everyday/RECEIPT.TXT	cross		1	REJECT_CLEAN	FAIL artifact: MODEL hash mismatch (receipt a44e48965c641b81 vs local c7a8a1be75c462be)	/home/user/Ranger3143/labs/logs/opmodel/final_step12000/qemu_everyday/RECEIPT.TXT
bit_01	qemu_lookup/RECEIPT.TXT	cross		1	REJECT_CLEAN	FAIL artifact: MODEL hash mismatch (receipt a44e48965c641b81 vs local c7a8a1be75c462be)	/home/user/Ranger3143/labs/logs/opmodel/final_step12000/qemu_lookup/RECEIPT.TXT
bit_01	qemu_lookup/RECEIPT2.TXT	cross		1	REJECT_CLEAN	FAIL artifact: MODEL hash mismatch (receipt a44e48965c641b81 vs local c7a8a1be75c462be)	/home/user/Ranger3143/labs/logs/opmodel/final_step12000/qemu_lookup/RECEIPT2.TXT
bit_01	qemu_receipt/RECEIPT.TXT	cross		1	REJECT_CLEAN	FAIL artifact: MODEL hash mismatch (receipt a44e48965c641b81 vs local c7a8a1be75c462be)	/home/user/Ranger3143/labs/logs/opmodel/final_step12000/qemu_receipt/RECEIPT.TXT
bit_01	qemu_self/RECEIPT.TXT	cross		1	REJECT_CLEAN	FAIL artifact: MODEL hash mismatch (receipt a44e48965c641b81 vs local c7a8a1be75c462be)	/home/user/Ranger3143/labs/logs/opmodel/final_step12000/qemu_self/RECEIPT.TXT
bit_01	qemu_unknown_tool/RECEIPT.TXT	cross		1	REJECT_CLEAN	FAIL artifact: MODEL hash mismatch (receipt a44e48965c641b81 vs local c7a8a1be75c462be)	/home/user/Ranger3143/labs/logs/opmodel/final_step12000/qemu_unknown_tool/RECEIPT.TXT
bit_02	orig-minted canary self	cross		1	REJECT_CLEAN	FAIL artifact: MODEL hash mismatch (receipt a44e48965c641b81 vs local fbaaa6d2fb82087c)	/home/user/Ranger3143/labs/logs/safe/SAFE-01/h2_receipts/orig_00__self.TXT
bit_02	orig-minted canary calc	cross		1	REJECT_CLEAN	FAIL artifact: MODEL hash mismatch (receipt a44e48965c641b81 vs local fbaaa6d2fb82087c)	/home/user/Ranger3143/labs/logs/safe/SAFE-01/h2_receipts/orig_00__calc.TXT
bit_02	orig-minted canary lookup	cross		1	REJECT_CLEAN	FAIL artifact: MODEL hash mismatch (receipt a44e48965c641b81 vs local fbaaa6d2fb82087c)	/home/user/Ranger3143/labs/logs/safe/SAFE-01/h2_receipts/orig_00__lookup.TXT
bit_02	orig-minted canary abstain	cross		1	REJECT_CLEAN	FAIL artifact: MODEL hash mismatch (receipt a44e48965c641b81 vs local fbaaa6d2fb82087c)	/home/user/Ranger3143/labs/logs/safe/SAFE-01/h2_receipts/orig_00__abstain.TXT
bit_02	qemu_abstain/RECEIPT.TXT	cross		1	REJECT_CLEAN	FAIL artifact: MODEL hash mismatch (receipt a44e48965c641b81 vs local fbaaa6d2fb82087c)	/home/user/Ranger3143/labs/logs/opmodel/final_step12000/qemu_abstain/RECEIPT.TXT
bit_02	qemu_calc/RECEIPT.TXT	cross		1	REJECT_CLEAN	FAIL artifact: MODEL hash mismatch (receipt a44e48965c641b81 vs local fbaaa6d2fb82087c)	/home/user/Ranger3143/labs/logs/opmodel/final_step12000/qemu_calc/RECEIPT.TXT
bit_02	qemu_calc/RECEIPT2.TXT	cross		1	REJECT_CLEAN	FAIL artifact: MODEL hash mismatch (receipt a44e48965c641b81 vs local fbaaa6d2fb82087c)	/home/user/Ranger3143/labs/logs/opmodel/final_step12000/qemu_calc/RECEIPT2.TXT
bit_02	qemu_calc_words/RECEIPT.TXT	cross		1	REJECT_CLEAN	FAIL artifact: MODEL hash mismatch (receipt a44e48965c641b81 vs local fbaaa6d2fb82087c)	/home/user/Ranger3143/labs/logs/opmodel/final_step12000/qemu_calc_words/RECEIPT.TXT
bit_02	qemu_calc_words/RECEIPT2.TXT	cross		1	REJECT_CLEAN	FAIL artifact: MODEL hash mismatch (receipt a44e48965c641b81 vs local fbaaa6d2fb82087c)	/home/user/Ranger3143/labs/logs/opmodel/final_step12000/qemu_calc_words/RECEIPT2.TXT
bit_02	qemu_everyday/RECEIPT.TXT	cross		1	REJECT_CLEAN	FAIL artifact: MODEL hash mismatch (receipt a44e48965c641b81 vs local fbaaa6d2fb82087c)	/home/user/Ranger3143/labs/logs/opmodel/final_step12000/qemu_everyday/RECEIPT.TXT
bit_02	qemu_lookup/RECEIPT.TXT	cross		1	REJECT_CLEAN	FAIL artifact: MODEL hash mismatch (receipt a44e48965c641b81 vs local fbaaa6d2fb82087c)	/home/user/Ranger3143/labs/logs/opmodel/final_step12000/qemu_lookup/RECEIPT.TXT
bit_02	qemu_lookup/RECEIPT2.TXT	cross		1	REJECT_CLEAN	FAIL artifact: MODEL hash mismatch (receipt a44e48965c641b81 vs local fbaaa6d2fb82087c)	/home/user/Ranger3143/labs/logs/opmodel/final_step12000/qemu_lookup/RECEIPT2.TXT
bit_02	qemu_receipt/RECEIPT.TXT	cross		1	REJECT_CLEAN	FAIL artifact: MODEL hash mismatch (receipt a44e48965c641b81 vs local fbaaa6d2fb82087c)	/home/user/Ranger3143/labs/logs/opmodel/final_step12000/qemu_receipt/RECEIPT.TXT
bit_02	qemu_self/RECEIPT.TXT	cross		1	REJECT_CLEAN	FAIL artifact: MODEL hash mismatch (receipt a44e48965c641b81 vs local fbaaa6d2fb82087c)	/home/user/Ranger3143/labs/logs/opmodel/final_step12000/qemu_self/RECEIPT.TXT
bit_02	qemu_unknown_tool/RECEIPT.TXT	cross		1	REJECT_CLEAN	FAIL artifact: MODEL hash mismatch (receipt a44e48965c641b81 vs local fbaaa6d2fb82087c)	/home/user/Ranger3143/labs/logs/opmodel/final_step12000/qemu_unknown_tool/RECEIPT.TXT
bit_03	orig-minted canary self	cross		1	REJECT_CLEAN	FAIL artifact: MODEL hash mismatch (receipt a44e48965c641b81 vs local 6ed0691665621032)	/home/user/Ranger3143/labs/logs/safe/SAFE-01/h2_receipts/orig_00__self.TXT
bit_03	orig-minted canary calc	cross		1	REJECT_CLEAN	FAIL artifact: MODEL hash mismatch (receipt a44e48965c641b81 vs local 6ed0691665621032)	/home/user/Ranger3143/labs/logs/safe/SAFE-01/h2_receipts/orig_00__calc.TXT
bit_03	orig-minted canary lookup	cross		1	REJECT_CLEAN	FAIL artifact: MODEL hash mismatch (receipt a44e48965c641b81 vs local 6ed0691665621032)	/home/user/Ranger3143/labs/logs/safe/SAFE-01/h2_receipts/orig_00__lookup.TXT
bit_03	orig-minted canary abstain	cross		1	REJECT_CLEAN	FAIL artifact: MODEL hash mismatch (receipt a44e48965c641b81 vs local 6ed0691665621032)	/home/user/Ranger3143/labs/logs/safe/SAFE-01/h2_receipts/orig_00__abstain.TXT
bit_03	qemu_abstain/RECEIPT.TXT	cross		1	REJECT_CLEAN	FAIL artifact: MODEL hash mismatch (receipt a44e48965c641b81 vs local 6ed0691665621032)	/home/user/Ranger3143/labs/logs/opmodel/final_step12000/qemu_abstain/RECEIPT.TXT
bit_03	qemu_calc/RECEIPT.TXT	cross		1	REJECT_CLEAN	FAIL artifact: MODEL hash mismatch (receipt a44e48965c641b81 vs local 6ed0691665621032)	/home/user/Ranger3143/labs/logs/opmodel/final_step12000/qemu_calc/RECEIPT.TXT
bit_03	qemu_calc/RECEIPT2.TXT	cross		1	REJECT_CLEAN	FAIL artifact: MODEL hash mismatch (receipt a44e48965c641b81 vs local 6ed0691665621032)	/home/user/Ranger3143/labs/logs/opmodel/final_step12000/qemu_calc/RECEIPT2.TXT
bit_03	qemu_calc_words/RECEIPT.TXT	cross		1	REJECT_CLEAN	FAIL artifact: MODEL hash mismatch (receipt a44e48965c641b81 vs local 6ed0691665621032)	/home/user/Ranger3143/labs/logs/opmodel/final_step12000/qemu_calc_words/RECEIPT.TXT
bit_03	qemu_calc_words/RECEIPT2.TXT	cross		1	REJECT_CLEAN	FAIL artifact: MODEL hash mismatch (receipt a44e48965c641b81 vs local 6ed0691665621032)	/home/user/Ranger3143/labs/logs/opmodel/final_step12000/qemu_calc_words/RECEIPT2.TXT
bit_03	qemu_everyday/RECEIPT.TXT	cross		1	REJECT_CLEAN	FAIL artifact: MODEL hash mismatch (receipt a44e48965c641b81 vs local 6ed0691665621032)	/home/user/Ranger3143/labs/logs/opmodel/final_step12000/qemu_everyday/RECEIPT.TXT
bit_03	qemu_lookup/RECEIPT.TXT	cross		1	REJECT_CLEAN	FAIL artifact: MODEL hash mismatch (receipt a44e48965c641b81 vs local 6ed0691665621032)	/home/user/Ranger3143/labs/logs/opmodel/final_step12000/qemu_lookup/RECEIPT.TXT
bit_03	qemu_lookup/RECEIPT2.TXT	cross		1	REJECT_CLEAN	FAIL artifact: MODEL hash mismatch (receipt a44e48965c641b81 vs local 6ed0691665621032)	/home/user/Ranger3143/labs/logs/opmodel/final_step12000/qemu_lookup/RECEIPT2.TXT
bit_03	qemu_receipt/RECEIPT.TXT	cross		1	REJECT_CLEAN	FAIL artifact: MODEL hash mismatch (receipt a44e48965c641b81 vs local 6ed0691665621032)	/home/user/Ranger3143/labs/logs/opmodel/final_step12000/qemu_receipt/RECEIPT.TXT
bit_03	qemu_self/RECEIPT.TXT	cross		1	REJECT_CLEAN	FAIL artifact: MODEL hash mismatch (receipt a44e48965c641b81 vs local 6ed0691665621032)	/home/user/Ranger3143/labs/logs/opmodel/final_step12000/qemu_self/RECEIPT.TXT
bit_03	qemu_unknown_tool/RECEIPT.TXT	cross		1	REJECT_CLEAN	FAIL artifact: MODEL hash mismatch (receipt a44e48965c641b81 vs local 6ed0691665621032)	/home/user/Ranger3143/labs/logs/opmodel/final_step12000/qemu_unknown_tool/RECEIPT.TXT
bit_04	orig-minted canary self	cross		1	REJECT_CLEAN	FAIL artifact: MODEL hash mismatch (receipt a44e48965c641b81 vs local fe01d1daaf033b98)	/home/user/Ranger3143/labs/logs/safe/SAFE-01/h2_receipts/orig_00__self.TXT
bit_04	orig-minted canary calc	cross		1	REJECT_CLEAN	FAIL artifact: MODEL hash mismatch (receipt a44e48965c641b81 vs local fe01d1daaf033b98)	/home/user/Ranger3143/labs/logs/safe/SAFE-01/h2_receipts/orig_00__calc.TXT
bit_04	orig-minted canary lookup	cross		1	REJECT_CLEAN	FAIL artifact: MODEL hash mismatch (receipt a44e48965c641b81 vs local fe01d1daaf033b98)	/home/user/Ranger3143/labs/logs/safe/SAFE-01/h2_receipts/orig_00__lookup.TXT
bit_04	orig-minted canary abstain	cross		1	REJECT_CLEAN	FAIL artifact: MODEL hash mismatch (receipt a44e48965c641b81 vs local fe01d1daaf033b98)	/home/user/Ranger3143/labs/logs/safe/SAFE-01/h2_receipts/orig_00__abstain.TXT
bit_04	qemu_abstain/RECEIPT.TXT	cross		1	REJECT_CLEAN	FAIL artifact: MODEL hash mismatch (receipt a44e48965c641b81 vs local fe01d1daaf033b98)	/home/user/Ranger3143/labs/logs/opmodel/final_step12000/qemu_abstain/RECEIPT.TXT
bit_04	qemu_calc/RECEIPT.TXT	cross		1	REJECT_CLEAN	FAIL artifact: MODEL hash mismatch (receipt a44e48965c641b81 vs local fe01d1daaf033b98)	/home/user/Ranger3143/labs/logs/opmodel/final_step12000/qemu_calc/RECEIPT.TXT
bit_04	qemu_calc/RECEIPT2.TXT	cross		1	REJECT_CLEAN	FAIL artifact: MODEL hash mismatch (receipt a44e48965c641b81 vs local fe01d1daaf033b98)	/home/user/Ranger3143/labs/logs/opmodel/final_step12000/qemu_calc/RECEIPT2.TXT
bit_04	qemu_calc_words/RECEIPT.TXT	cross		1	REJECT_CLEAN	FAIL artifact: MODEL hash mismatch (receipt a44e48965c641b81 vs local fe01d1daaf033b98)	/home/user/Ranger3143/labs/logs/opmodel/final_step12000/qemu_calc_words/RECEIPT.TXT
bit_04	qemu_calc_words/RECEIPT2.TXT	cross		1	REJECT_CLEAN	FAIL artifact: MODEL hash mismatch (receipt a44e48965c641b81 vs local fe01d1daaf033b98)	/home/user/Ranger3143/labs/logs/opmodel/final_step12000/qemu_calc_words/RECEIPT2.TXT
bit_04	qemu_everyday/RECEIPT.TXT	cross		1	REJECT_CLEAN	FAIL artifact: MODEL hash mismatch (receipt a44e48965c641b81 vs local fe01d1daaf033b98)	/home/user/Ranger3143/labs/logs/opmodel/final_step12000/qemu_everyday/RECEIPT.TXT
bit_04	qemu_lookup/RECEIPT.TXT	cross		1	REJECT_CLEAN	FAIL artifact: MODEL hash mismatch (receipt a44e48965c641b81 vs local fe01d1daaf033b98)	/home/user/Ranger3143/labs/logs/opmodel/final_step12000/qemu_lookup/RECEIPT.TXT
bit_04	qemu_lookup/RECEIPT2.TXT	cross		1	REJECT_CLEAN	FAIL artifact: MODEL hash mismatch (receipt a44e48965c641b81 vs local fe01d1daaf033b98)	/home/user/Ranger3143/labs/logs/opmodel/final_step12000/qemu_lookup/RECEIPT2.TXT
bit_04	qemu_receipt/RECEIPT.TXT	cross		1	REJECT_CLEAN	FAIL artifact: MODEL hash mismatch (receipt a44e48965c641b81 vs local fe01d1daaf033b98)	/home/user/Ranger3143/labs/logs/opmodel/final_step12000/qemu_receipt/RECEIPT.TXT
bit_04	qemu_self/RECEIPT.TXT	cross		1	REJECT_CLEAN	FAIL artifact: MODEL hash mismatch (receipt a44e48965c641b81 vs local fe01d1daaf033b98)	/home/user/Ranger3143/labs/logs/opmodel/final_step12000/qemu_self/RECEIPT.TXT
bit_04	qemu_unknown_tool/RECEIPT.TXT	cross		1	REJECT_CLEAN	FAIL artifact: MODEL hash mismatch (receipt a44e48965c641b81 vs local fe01d1daaf033b98)	/home/user/Ranger3143/labs/logs/opmodel/final_step12000/qemu_unknown_tool/RECEIPT.TXT
bit_05	orig-minted canary self	cross		1	REJECT_CLEAN	FAIL artifact: MODEL hash mismatch (receipt a44e48965c641b81 vs local 474d51f014c56b37)	/home/user/Ranger3143/labs/logs/safe/SAFE-01/h2_receipts/orig_00__self.TXT
bit_05	orig-minted canary calc	cross		1	REJECT_CLEAN	FAIL artifact: MODEL hash mismatch (receipt a44e48965c641b81 vs local 474d51f014c56b37)	/home/user/Ranger3143/labs/logs/safe/SAFE-01/h2_receipts/orig_00__calc.TXT
bit_05	orig-minted canary lookup	cross		1	REJECT_CLEAN	FAIL artifact: MODEL hash mismatch (receipt a44e48965c641b81 vs local 474d51f014c56b37)	/home/user/Ranger3143/labs/logs/safe/SAFE-01/h2_receipts/orig_00__lookup.TXT
bit_05	orig-minted canary abstain	cross		1	REJECT_CLEAN	FAIL artifact: MODEL hash mismatch (receipt a44e48965c641b81 vs local 474d51f014c56b37)	/home/user/Ranger3143/labs/logs/safe/SAFE-01/h2_receipts/orig_00__abstain.TXT
bit_05	qemu_abstain/RECEIPT.TXT	cross		1	REJECT_CLEAN	FAIL artifact: MODEL hash mismatch (receipt a44e48965c641b81 vs local 474d51f014c56b37)	/home/user/Ranger3143/labs/logs/opmodel/final_step12000/qemu_abstain/RECEIPT.TXT
bit_05	qemu_calc/RECEIPT.TXT	cross		1	REJECT_CLEAN	FAIL artifact: MODEL hash mismatch (receipt a44e48965c641b81 vs local 474d51f014c56b37)	/home/user/Ranger3143/labs/logs/opmodel/final_step12000/qemu_calc/RECEIPT.TXT
bit_05	qemu_calc/RECEIPT2.TXT	cross		1	REJECT_CLEAN	FAIL artifact: MODEL hash mismatch (receipt a44e48965c641b81 vs local 474d51f014c56b37)	/home/user/Ranger3143/labs/logs/opmodel/final_step12000/qemu_calc/RECEIPT2.TXT
bit_05	qemu_calc_words/RECEIPT.TXT	cross		1	REJECT_CLEAN	FAIL artifact: MODEL hash mismatch (receipt a44e48965c641b81 vs local 474d51f014c56b37)	/home/user/Ranger3143/labs/logs/opmodel/final_step12000/qemu_calc_words/RECEIPT.TXT
bit_05	qemu_calc_words/RECEIPT2.TXT	cross		1	REJECT_CLEAN	FAIL artifact: MODEL hash mismatch (receipt a44e48965c641b81 vs local 474d51f014c56b37)	/home/user/Ranger3143/labs/logs/opmodel/final_step12000/qemu_calc_words/RECEIPT2.TXT
bit_05	qemu_everyday/RECEIPT.TXT	cross		1	REJECT_CLEAN	FAIL artifact: MODEL hash mismatch (receipt a44e48965c641b81 vs local 474d51f014c56b37)	/home/user/Ranger3143/labs/logs/opmodel/final_step12000/qemu_everyday/RECEIPT.TXT
bit_05	qemu_lookup/RECEIPT.TXT	cross		1	REJECT_CLEAN	FAIL artifact: MODEL hash mismatch (receipt a44e48965c641b81 vs local 474d51f014c56b37)	/home/user/Ranger3143/labs/logs/opmodel/final_step12000/qemu_lookup/RECEIPT.TXT
bit_05	qemu_lookup/RECEIPT2.TXT	cross		1	REJECT_CLEAN	FAIL artifact: MODEL hash mismatch (receipt a44e48965c641b81 vs local 474d51f014c56b37)	/home/user/Ranger3143/labs/logs/opmodel/final_step12000/qemu_lookup/RECEIPT2.TXT
bit_05	qemu_receipt/RECEIPT.TXT	cross		1	REJECT_CLEAN	FAIL artifact: MODEL hash mismatch (receipt a44e48965c641b81 vs local 474d51f014c56b37)	/home/user/Ranger3143/labs/logs/opmodel/final_step12000/qemu_receipt/RECEIPT.TXT
bit_05	qemu_self/RECEIPT.TXT	cross		1	REJECT_CLEAN	FAIL artifact: MODEL hash mismatch (receipt a44e48965c641b81 vs local 474d51f014c56b37)	/home/user/Ranger3143/labs/logs/opmodel/final_step12000/qemu_self/RECEIPT.TXT
bit_05	qemu_unknown_tool/RECEIPT.TXT	cross		1	REJECT_CLEAN	FAIL artifact: MODEL hash mismatch (receipt a44e48965c641b81 vs local 474d51f014c56b37)	/home/user/Ranger3143/labs/logs/opmodel/final_step12000/qemu_unknown_tool/RECEIPT.TXT
bit_06	orig-minted canary self	cross		1	REJECT_CLEAN	FAIL artifact: MODEL hash mismatch (receipt a44e48965c641b81 vs local 5dff2a15db23ec15)	/home/user/Ranger3143/labs/logs/safe/SAFE-01/h2_receipts/orig_00__self.TXT
bit_06	orig-minted canary calc	cross		1	REJECT_CLEAN	FAIL artifact: MODEL hash mismatch (receipt a44e48965c641b81 vs local 5dff2a15db23ec15)	/home/user/Ranger3143/labs/logs/safe/SAFE-01/h2_receipts/orig_00__calc.TXT
bit_06	orig-minted canary lookup	cross		1	REJECT_CLEAN	FAIL artifact: MODEL hash mismatch (receipt a44e48965c641b81 vs local 5dff2a15db23ec15)	/home/user/Ranger3143/labs/logs/safe/SAFE-01/h2_receipts/orig_00__lookup.TXT
bit_06	orig-minted canary abstain	cross		1	REJECT_CLEAN	FAIL artifact: MODEL hash mismatch (receipt a44e48965c641b81 vs local 5dff2a15db23ec15)	/home/user/Ranger3143/labs/logs/safe/SAFE-01/h2_receipts/orig_00__abstain.TXT
bit_06	qemu_abstain/RECEIPT.TXT	cross		1	REJECT_CLEAN	FAIL artifact: MODEL hash mismatch (receipt a44e48965c641b81 vs local 5dff2a15db23ec15)	/home/user/Ranger3143/labs/logs/opmodel/final_step12000/qemu_abstain/RECEIPT.TXT
bit_06	qemu_calc/RECEIPT.TXT	cross		1	REJECT_CLEAN	FAIL artifact: MODEL hash mismatch (receipt a44e48965c641b81 vs local 5dff2a15db23ec15)	/home/user/Ranger3143/labs/logs/opmodel/final_step12000/qemu_calc/RECEIPT.TXT
bit_06	qemu_calc/RECEIPT2.TXT	cross		1	REJECT_CLEAN	FAIL artifact: MODEL hash mismatch (receipt a44e48965c641b81 vs local 5dff2a15db23ec15)	/home/user/Ranger3143/labs/logs/opmodel/final_step12000/qemu_calc/RECEIPT2.TXT
bit_06	qemu_calc_words/RECEIPT.TXT	cross		1	REJECT_CLEAN	FAIL artifact: MODEL hash mismatch (receipt a44e48965c641b81 vs local 5dff2a15db23ec15)	/home/user/Ranger3143/labs/logs/opmodel/final_step12000/qemu_calc_words/RECEIPT.TXT
bit_06	qemu_calc_words/RECEIPT2.TXT	cross		1	REJECT_CLEAN	FAIL artifact: MODEL hash mismatch (receipt a44e48965c641b81 vs local 5dff2a15db23ec15)	/home/user/Ranger3143/labs/logs/opmodel/final_step12000/qemu_calc_words/RECEIPT2.TXT
bit_06	qemu_everyday/RECEIPT.TXT	cross		1	REJECT_CLEAN	FAIL artifact: MODEL hash mismatch (receipt a44e48965c641b81 vs local 5dff2a15db23ec15)	/home/user/Ranger3143/labs/logs/opmodel/final_step12000/qemu_everyday/RECEIPT.TXT
bit_06	qemu_lookup/RECEIPT.TXT	cross		1	REJECT_CLEAN	FAIL artifact: MODEL hash mismatch (receipt a44e48965c641b81 vs local 5dff2a15db23ec15)	/home/user/Ranger3143/labs/logs/opmodel/final_step12000/qemu_lookup/RECEIPT.TXT
bit_06	qemu_lookup/RECEIPT2.TXT	cross		1	REJECT_CLEAN	FAIL artifact: MODEL hash mismatch (receipt a44e48965c641b81 vs local 5dff2a15db23ec15)	/home/user/Ranger3143/labs/logs/opmodel/final_step12000/qemu_lookup/RECEIPT2.TXT
bit_06	qemu_receipt/RECEIPT.TXT	cross		1	REJECT_CLEAN	FAIL artifact: MODEL hash mismatch (receipt a44e48965c641b81 vs local 5dff2a15db23ec15)	/home/user/Ranger3143/labs/logs/opmodel/final_step12000/qemu_receipt/RECEIPT.TXT
bit_06	qemu_self/RECEIPT.TXT	cross		1	REJECT_CLEAN	FAIL artifact: MODEL hash mismatch (receipt a44e48965c641b81 vs local 5dff2a15db23ec15)	/home/user/Ranger3143/labs/logs/opmodel/final_step12000/qemu_self/RECEIPT.TXT
bit_06	qemu_unknown_tool/RECEIPT.TXT	cross		1	REJECT_CLEAN	FAIL artifact: MODEL hash mismatch (receipt a44e48965c641b81 vs local 5dff2a15db23ec15)	/home/user/Ranger3143/labs/logs/opmodel/final_step12000/qemu_unknown_tool/RECEIPT.TXT
bit_07	orig-minted canary self	cross		1	REJECT_CLEAN	FAIL artifact: MODEL hash mismatch (receipt a44e48965c641b81 vs local 2d45e4c7fa6a45c2)	/home/user/Ranger3143/labs/logs/safe/SAFE-01/h2_receipts/orig_00__self.TXT
bit_07	orig-minted canary calc	cross		1	REJECT_CLEAN	FAIL artifact: MODEL hash mismatch (receipt a44e48965c641b81 vs local 2d45e4c7fa6a45c2)	/home/user/Ranger3143/labs/logs/safe/SAFE-01/h2_receipts/orig_00__calc.TXT
bit_07	orig-minted canary lookup	cross		1	REJECT_CLEAN	FAIL artifact: MODEL hash mismatch (receipt a44e48965c641b81 vs local 2d45e4c7fa6a45c2)	/home/user/Ranger3143/labs/logs/safe/SAFE-01/h2_receipts/orig_00__lookup.TXT
bit_07	orig-minted canary abstain	cross		1	REJECT_CLEAN	FAIL artifact: MODEL hash mismatch (receipt a44e48965c641b81 vs local 2d45e4c7fa6a45c2)	/home/user/Ranger3143/labs/logs/safe/SAFE-01/h2_receipts/orig_00__abstain.TXT
bit_07	qemu_abstain/RECEIPT.TXT	cross		1	REJECT_CLEAN	FAIL artifact: MODEL hash mismatch (receipt a44e48965c641b81 vs local 2d45e4c7fa6a45c2)	/home/user/Ranger3143/labs/logs/opmodel/final_step12000/qemu_abstain/RECEIPT.TXT
bit_07	qemu_calc/RECEIPT.TXT	cross		1	REJECT_CLEAN	FAIL artifact: MODEL hash mismatch (receipt a44e48965c641b81 vs local 2d45e4c7fa6a45c2)	/home/user/Ranger3143/labs/logs/opmodel/final_step12000/qemu_calc/RECEIPT.TXT
bit_07	qemu_calc/RECEIPT2.TXT	cross		1	REJECT_CLEAN	FAIL artifact: MODEL hash mismatch (receipt a44e48965c641b81 vs local 2d45e4c7fa6a45c2)	/home/user/Ranger3143/labs/logs/opmodel/final_step12000/qemu_calc/RECEIPT2.TXT
bit_07	qemu_calc_words/RECEIPT.TXT	cross		1	REJECT_CLEAN	FAIL artifact: MODEL hash mismatch (receipt a44e48965c641b81 vs local 2d45e4c7fa6a45c2)	/home/user/Ranger3143/labs/logs/opmodel/final_step12000/qemu_calc_words/RECEIPT.TXT
bit_07	qemu_calc_words/RECEIPT2.TXT	cross		1	REJECT_CLEAN	FAIL artifact: MODEL hash mismatch (receipt a44e48965c641b81 vs local 2d45e4c7fa6a45c2)	/home/user/Ranger3143/labs/logs/opmodel/final_step12000/qemu_calc_words/RECEIPT2.TXT
bit_07	qemu_everyday/RECEIPT.TXT	cross		1	REJECT_CLEAN	FAIL artifact: MODEL hash mismatch (receipt a44e48965c641b81 vs local 2d45e4c7fa6a45c2)	/home/user/Ranger3143/labs/logs/opmodel/final_step12000/qemu_everyday/RECEIPT.TXT
bit_07	qemu_lookup/RECEIPT.TXT	cross		1	REJECT_CLEAN	FAIL artifact: MODEL hash mismatch (receipt a44e48965c641b81 vs local 2d45e4c7fa6a45c2)	/home/user/Ranger3143/labs/logs/opmodel/final_step12000/qemu_lookup/RECEIPT.TXT
bit_07	qemu_lookup/RECEIPT2.TXT	cross		1	REJECT_CLEAN	FAIL artifact: MODEL hash mismatch (receipt a44e48965c641b81 vs local 2d45e4c7fa6a45c2)	/home/user/Ranger3143/labs/logs/opmodel/final_step12000/qemu_lookup/RECEIPT2.TXT
bit_07	qemu_receipt/RECEIPT.TXT	cross		1	REJECT_CLEAN	FAIL artifact: MODEL hash mismatch (receipt a44e48965c641b81 vs local 2d45e4c7fa6a45c2)	/home/user/Ranger3143/labs/logs/opmodel/final_step12000/qemu_receipt/RECEIPT.TXT
bit_07	qemu_self/RECEIPT.TXT	cross		1	REJECT_CLEAN	FAIL artifact: MODEL hash mismatch (receipt a44e48965c641b81 vs local 2d45e4c7fa6a45c2)	/home/user/Ranger3143/labs/logs/opmodel/final_step12000/qemu_self/RECEIPT.TXT
bit_07	qemu_unknown_tool/RECEIPT.TXT	cross		1	REJECT_CLEAN	FAIL artifact: MODEL hash mismatch (receipt a44e48965c641b81 vs local 2d45e4c7fa6a45c2)	/home/user/Ranger3143/labs/logs/opmodel/final_step12000/qemu_unknown_tool/RECEIPT.TXT
bit_08	orig-minted canary self	cross		1	REJECT_CLEAN	FAIL artifact: MODEL hash mismatch (receipt a44e48965c641b81 vs local 2f7ed1f46ff4f26e)	/home/user/Ranger3143/labs/logs/safe/SAFE-01/h2_receipts/orig_00__self.TXT
bit_08	orig-minted canary calc	cross		1	REJECT_CLEAN	FAIL artifact: MODEL hash mismatch (receipt a44e48965c641b81 vs local 2f7ed1f46ff4f26e)	/home/user/Ranger3143/labs/logs/safe/SAFE-01/h2_receipts/orig_00__calc.TXT
bit_08	orig-minted canary lookup	cross		1	REJECT_CLEAN	FAIL artifact: MODEL hash mismatch (receipt a44e48965c641b81 vs local 2f7ed1f46ff4f26e)	/home/user/Ranger3143/labs/logs/safe/SAFE-01/h2_receipts/orig_00__lookup.TXT
bit_08	orig-minted canary abstain	cross		1	REJECT_CLEAN	FAIL artifact: MODEL hash mismatch (receipt a44e48965c641b81 vs local 2f7ed1f46ff4f26e)	/home/user/Ranger3143/labs/logs/safe/SAFE-01/h2_receipts/orig_00__abstain.TXT
bit_08	qemu_abstain/RECEIPT.TXT	cross		1	REJECT_CLEAN	FAIL artifact: MODEL hash mismatch (receipt a44e48965c641b81 vs local 2f7ed1f46ff4f26e)	/home/user/Ranger3143/labs/logs/opmodel/final_step12000/qemu_abstain/RECEIPT.TXT
bit_08	qemu_calc/RECEIPT.TXT	cross		1	REJECT_CLEAN	FAIL artifact: MODEL hash mismatch (receipt a44e48965c641b81 vs local 2f7ed1f46ff4f26e)	/home/user/Ranger3143/labs/logs/opmodel/final_step12000/qemu_calc/RECEIPT.TXT
bit_08	qemu_calc/RECEIPT2.TXT	cross		1	REJECT_CLEAN	FAIL artifact: MODEL hash mismatch (receipt a44e48965c641b81 vs local 2f7ed1f46ff4f26e)	/home/user/Ranger3143/labs/logs/opmodel/final_step12000/qemu_calc/RECEIPT2.TXT
bit_08	qemu_calc_words/RECEIPT.TXT	cross		1	REJECT_CLEAN	FAIL artifact: MODEL hash mismatch (receipt a44e48965c641b81 vs local 2f7ed1f46ff4f26e)	/home/user/Ranger3143/labs/logs/opmodel/final_step12000/qemu_calc_words/RECEIPT.TXT
bit_08	qemu_calc_words/RECEIPT2.TXT	cross		1	REJECT_CLEAN	FAIL artifact: MODEL hash mismatch (receipt a44e48965c641b81 vs local 2f7ed1f46ff4f26e)	/home/user/Ranger3143/labs/logs/opmodel/final_step12000/qemu_calc_words/RECEIPT2.TXT
bit_08	qemu_everyday/RECEIPT.TXT	cross		1	REJECT_CLEAN	FAIL artifact: MODEL hash mismatch (receipt a44e48965c641b81 vs local 2f7ed1f46ff4f26e)	/home/user/Ranger3143/labs/logs/opmodel/final_step12000/qemu_everyday/RECEIPT.TXT
bit_08	qemu_lookup/RECEIPT.TXT	cross		1	REJECT_CLEAN	FAIL artifact: MODEL hash mismatch (receipt a44e48965c641b81 vs local 2f7ed1f46ff4f26e)	/home/user/Ranger3143/labs/logs/opmodel/final_step12000/qemu_lookup/RECEIPT.TXT
bit_08	qemu_lookup/RECEIPT2.TXT	cross		1	REJECT_CLEAN	FAIL artifact: MODEL hash mismatch (receipt a44e48965c641b81 vs local 2f7ed1f46ff4f26e)	/home/user/Ranger3143/labs/logs/opmodel/final_step12000/qemu_lookup/RECEIPT2.TXT
bit_08	qemu_receipt/RECEIPT.TXT	cross		1	REJECT_CLEAN	FAIL artifact: MODEL hash mismatch (receipt a44e48965c641b81 vs local 2f7ed1f46ff4f26e)	/home/user/Ranger3143/labs/logs/opmodel/final_step12000/qemu_receipt/RECEIPT.TXT
bit_08	qemu_self/RECEIPT.TXT	cross		1	REJECT_CLEAN	FAIL artifact: MODEL hash mismatch (receipt a44e48965c641b81 vs local 2f7ed1f46ff4f26e)	/home/user/Ranger3143/labs/logs/opmodel/final_step12000/qemu_self/RECEIPT.TXT
bit_08	qemu_unknown_tool/RECEIPT.TXT	cross		1	REJECT_CLEAN	FAIL artifact: MODEL hash mismatch (receipt a44e48965c641b81 vs local 2f7ed1f46ff4f26e)	/home/user/Ranger3143/labs/logs/opmodel/final_step12000/qemu_unknown_tool/RECEIPT.TXT
bit_09	orig-minted canary self	cross		1	REJECT_CLEAN	FAIL artifact: MODEL hash mismatch (receipt a44e48965c641b81 vs local fe32b4b13750e682)	/home/user/Ranger3143/labs/logs/safe/SAFE-01/h2_receipts/orig_00__self.TXT
bit_09	orig-minted canary calc	cross		1	REJECT_CLEAN	FAIL artifact: MODEL hash mismatch (receipt a44e48965c641b81 vs local fe32b4b13750e682)	/home/user/Ranger3143/labs/logs/safe/SAFE-01/h2_receipts/orig_00__calc.TXT
bit_09	orig-minted canary lookup	cross		1	REJECT_CLEAN	FAIL artifact: MODEL hash mismatch (receipt a44e48965c641b81 vs local fe32b4b13750e682)	/home/user/Ranger3143/labs/logs/safe/SAFE-01/h2_receipts/orig_00__lookup.TXT
bit_09	orig-minted canary abstain	cross		1	REJECT_CLEAN	FAIL artifact: MODEL hash mismatch (receipt a44e48965c641b81 vs local fe32b4b13750e682)	/home/user/Ranger3143/labs/logs/safe/SAFE-01/h2_receipts/orig_00__abstain.TXT
bit_09	qemu_abstain/RECEIPT.TXT	cross		1	REJECT_CLEAN	FAIL artifact: MODEL hash mismatch (receipt a44e48965c641b81 vs local fe32b4b13750e682)	/home/user/Ranger3143/labs/logs/opmodel/final_step12000/qemu_abstain/RECEIPT.TXT
bit_09	qemu_calc/RECEIPT.TXT	cross		1	REJECT_CLEAN	FAIL artifact: MODEL hash mismatch (receipt a44e48965c641b81 vs local fe32b4b13750e682)	/home/user/Ranger3143/labs/logs/opmodel/final_step12000/qemu_calc/RECEIPT.TXT
bit_09	qemu_calc/RECEIPT2.TXT	cross		1	REJECT_CLEAN	FAIL artifact: MODEL hash mismatch (receipt a44e48965c641b81 vs local fe32b4b13750e682)	/home/user/Ranger3143/labs/logs/opmodel/final_step12000/qemu_calc/RECEIPT2.TXT
bit_09	qemu_calc_words/RECEIPT.TXT	cross		1	REJECT_CLEAN	FAIL artifact: MODEL hash mismatch (receipt a44e48965c641b81 vs local fe32b4b13750e682)	/home/user/Ranger3143/labs/logs/opmodel/final_step12000/qemu_calc_words/RECEIPT.TXT
bit_09	qemu_calc_words/RECEIPT2.TXT	cross		1	REJECT_CLEAN	FAIL artifact: MODEL hash mismatch (receipt a44e48965c641b81 vs local fe32b4b13750e682)	/home/user/Ranger3143/labs/logs/opmodel/final_step12000/qemu_calc_words/RECEIPT2.TXT
bit_09	qemu_everyday/RECEIPT.TXT	cross		1	REJECT_CLEAN	FAIL artifact: MODEL hash mismatch (receipt a44e48965c641b81 vs local fe32b4b13750e682)	/home/user/Ranger3143/labs/logs/opmodel/final_step12000/qemu_everyday/RECEIPT.TXT
bit_09	qemu_lookup/RECEIPT.TXT	cross		1	REJECT_CLEAN	FAIL artifact: MODEL hash mismatch (receipt a44e48965c641b81 vs local fe32b4b13750e682)	/home/user/Ranger3143/labs/logs/opmodel/final_step12000/qemu_lookup/RECEIPT.TXT
bit_09	qemu_lookup/RECEIPT2.TXT	cross		1	REJECT_CLEAN	FAIL artifact: MODEL hash mismatch (receipt a44e48965c641b81 vs local fe32b4b13750e682)	/home/user/Ranger3143/labs/logs/opmodel/final_step12000/qemu_lookup/RECEIPT2.TXT
bit_09	qemu_receipt/RECEIPT.TXT	cross		1	REJECT_CLEAN	FAIL artifact: MODEL hash mismatch (receipt a44e48965c641b81 vs local fe32b4b13750e682)	/home/user/Ranger3143/labs/logs/opmodel/final_step12000/qemu_receipt/RECEIPT.TXT
bit_09	qemu_self/RECEIPT.TXT	cross		1	REJECT_CLEAN	FAIL artifact: MODEL hash mismatch (receipt a44e48965c641b81 vs local fe32b4b13750e682)	/home/user/Ranger3143/labs/logs/opmodel/final_step12000/qemu_self/RECEIPT.TXT
bit_09	qemu_unknown_tool/RECEIPT.TXT	cross		1	REJECT_CLEAN	FAIL artifact: MODEL hash mismatch (receipt a44e48965c641b81 vs local fe32b4b13750e682)	/home/user/Ranger3143/labs/logs/opmodel/final_step12000/qemu_unknown_tool/RECEIPT.TXT
bit_10	orig-minted canary self	cross		1	REJECT_CLEAN	FAIL artifact: MODEL hash mismatch (receipt a44e48965c641b81 vs local 790c7a1cf51c748c)	/home/user/Ranger3143/labs/logs/safe/SAFE-01/h2_receipts/orig_00__self.TXT
bit_10	orig-minted canary calc	cross		1	REJECT_CLEAN	FAIL artifact: MODEL hash mismatch (receipt a44e48965c641b81 vs local 790c7a1cf51c748c)	/home/user/Ranger3143/labs/logs/safe/SAFE-01/h2_receipts/orig_00__calc.TXT
bit_10	orig-minted canary lookup	cross		1	REJECT_CLEAN	FAIL artifact: MODEL hash mismatch (receipt a44e48965c641b81 vs local 790c7a1cf51c748c)	/home/user/Ranger3143/labs/logs/safe/SAFE-01/h2_receipts/orig_00__lookup.TXT
bit_10	orig-minted canary abstain	cross		1	REJECT_CLEAN	FAIL artifact: MODEL hash mismatch (receipt a44e48965c641b81 vs local 790c7a1cf51c748c)	/home/user/Ranger3143/labs/logs/safe/SAFE-01/h2_receipts/orig_00__abstain.TXT
bit_10	qemu_abstain/RECEIPT.TXT	cross		1	REJECT_CLEAN	FAIL artifact: MODEL hash mismatch (receipt a44e48965c641b81 vs local 790c7a1cf51c748c)	/home/user/Ranger3143/labs/logs/opmodel/final_step12000/qemu_abstain/RECEIPT.TXT
bit_10	qemu_calc/RECEIPT.TXT	cross		1	REJECT_CLEAN	FAIL artifact: MODEL hash mismatch (receipt a44e48965c641b81 vs local 790c7a1cf51c748c)	/home/user/Ranger3143/labs/logs/opmodel/final_step12000/qemu_calc/RECEIPT.TXT
bit_10	qemu_calc/RECEIPT2.TXT	cross		1	REJECT_CLEAN	FAIL artifact: MODEL hash mismatch (receipt a44e48965c641b81 vs local 790c7a1cf51c748c)	/home/user/Ranger3143/labs/logs/opmodel/final_step12000/qemu_calc/RECEIPT2.TXT
bit_10	qemu_calc_words/RECEIPT.TXT	cross		1	REJECT_CLEAN	FAIL artifact: MODEL hash mismatch (receipt a44e48965c641b81 vs local 790c7a1cf51c748c)	/home/user/Ranger3143/labs/logs/opmodel/final_step12000/qemu_calc_words/RECEIPT.TXT
bit_10	qemu_calc_words/RECEIPT2.TXT	cross		1	REJECT_CLEAN	FAIL artifact: MODEL hash mismatch (receipt a44e48965c641b81 vs local 790c7a1cf51c748c)	/home/user/Ranger3143/labs/logs/opmodel/final_step12000/qemu_calc_words/RECEIPT2.TXT
bit_10	qemu_everyday/RECEIPT.TXT	cross		1	REJECT_CLEAN	FAIL artifact: MODEL hash mismatch (receipt a44e48965c641b81 vs local 790c7a1cf51c748c)	/home/user/Ranger3143/labs/logs/opmodel/final_step12000/qemu_everyday/RECEIPT.TXT
bit_10	qemu_lookup/RECEIPT.TXT	cross		1	REJECT_CLEAN	FAIL artifact: MODEL hash mismatch (receipt a44e48965c641b81 vs local 790c7a1cf51c748c)	/home/user/Ranger3143/labs/logs/opmodel/final_step12000/qemu_lookup/RECEIPT.TXT
bit_10	qemu_lookup/RECEIPT2.TXT	cross		1	REJECT_CLEAN	FAIL artifact: MODEL hash mismatch (receipt a44e48965c641b81 vs local 790c7a1cf51c748c)	/home/user/Ranger3143/labs/logs/opmodel/final_step12000/qemu_lookup/RECEIPT2.TXT
bit_10	qemu_receipt/RECEIPT.TXT	cross		1	REJECT_CLEAN	FAIL artifact: MODEL hash mismatch (receipt a44e48965c641b81 vs local 790c7a1cf51c748c)	/home/user/Ranger3143/labs/logs/opmodel/final_step12000/qemu_receipt/RECEIPT.TXT
bit_10	qemu_self/RECEIPT.TXT	cross		1	REJECT_CLEAN	FAIL artifact: MODEL hash mismatch (receipt a44e48965c641b81 vs local 790c7a1cf51c748c)	/home/user/Ranger3143/labs/logs/opmodel/final_step12000/qemu_self/RECEIPT.TXT
bit_10	qemu_unknown_tool/RECEIPT.TXT	cross		1	REJECT_CLEAN	FAIL artifact: MODEL hash mismatch (receipt a44e48965c641b81 vs local 790c7a1cf51c748c)	/home/user/Ranger3143/labs/logs/opmodel/final_step12000/qemu_unknown_tool/RECEIPT.TXT
bit_11	orig-minted canary self	cross		1	REJECT_CLEAN	FAIL artifact: MODEL hash mismatch (receipt a44e48965c641b81 vs local 406b2cb850d1dcb6)	/home/user/Ranger3143/labs/logs/safe/SAFE-01/h2_receipts/orig_00__self.TXT
bit_11	orig-minted canary calc	cross		1	REJECT_CLEAN	FAIL artifact: MODEL hash mismatch (receipt a44e48965c641b81 vs local 406b2cb850d1dcb6)	/home/user/Ranger3143/labs/logs/safe/SAFE-01/h2_receipts/orig_00__calc.TXT
bit_11	orig-minted canary lookup	cross		1	REJECT_CLEAN	FAIL artifact: MODEL hash mismatch (receipt a44e48965c641b81 vs local 406b2cb850d1dcb6)	/home/user/Ranger3143/labs/logs/safe/SAFE-01/h2_receipts/orig_00__lookup.TXT
bit_11	orig-minted canary abstain	cross		1	REJECT_CLEAN	FAIL artifact: MODEL hash mismatch (receipt a44e48965c641b81 vs local 406b2cb850d1dcb6)	/home/user/Ranger3143/labs/logs/safe/SAFE-01/h2_receipts/orig_00__abstain.TXT
bit_11	qemu_abstain/RECEIPT.TXT	cross		1	REJECT_CLEAN	FAIL artifact: MODEL hash mismatch (receipt a44e48965c641b81 vs local 406b2cb850d1dcb6)	/home/user/Ranger3143/labs/logs/opmodel/final_step12000/qemu_abstain/RECEIPT.TXT
bit_11	qemu_calc/RECEIPT.TXT	cross		1	REJECT_CLEAN	FAIL artifact: MODEL hash mismatch (receipt a44e48965c641b81 vs local 406b2cb850d1dcb6)	/home/user/Ranger3143/labs/logs/opmodel/final_step12000/qemu_calc/RECEIPT.TXT
bit_11	qemu_calc/RECEIPT2.TXT	cross		1	REJECT_CLEAN	FAIL artifact: MODEL hash mismatch (receipt a44e48965c641b81 vs local 406b2cb850d1dcb6)	/home/user/Ranger3143/labs/logs/opmodel/final_step12000/qemu_calc/RECEIPT2.TXT
bit_11	qemu_calc_words/RECEIPT.TXT	cross		1	REJECT_CLEAN	FAIL artifact: MODEL hash mismatch (receipt a44e48965c641b81 vs local 406b2cb850d1dcb6)	/home/user/Ranger3143/labs/logs/opmodel/final_step12000/qemu_calc_words/RECEIPT.TXT
bit_11	qemu_calc_words/RECEIPT2.TXT	cross		1	REJECT_CLEAN	FAIL artifact: MODEL hash mismatch (receipt a44e48965c641b81 vs local 406b2cb850d1dcb6)	/home/user/Ranger3143/labs/logs/opmodel/final_step12000/qemu_calc_words/RECEIPT2.TXT
bit_11	qemu_everyday/RECEIPT.TXT	cross		1	REJECT_CLEAN	FAIL artifact: MODEL hash mismatch (receipt a44e48965c641b81 vs local 406b2cb850d1dcb6)	/home/user/Ranger3143/labs/logs/opmodel/final_step12000/qemu_everyday/RECEIPT.TXT
bit_11	qemu_lookup/RECEIPT.TXT	cross		1	REJECT_CLEAN	FAIL artifact: MODEL hash mismatch (receipt a44e48965c641b81 vs local 406b2cb850d1dcb6)	/home/user/Ranger3143/labs/logs/opmodel/final_step12000/qemu_lookup/RECEIPT.TXT
bit_11	qemu_lookup/RECEIPT2.TXT	cross		1	REJECT_CLEAN	FAIL artifact: MODEL hash mismatch (receipt a44e48965c641b81 vs local 406b2cb850d1dcb6)	/home/user/Ranger3143/labs/logs/opmodel/final_step12000/qemu_lookup/RECEIPT2.TXT
bit_11	qemu_receipt/RECEIPT.TXT	cross		1	REJECT_CLEAN	FAIL artifact: MODEL hash mismatch (receipt a44e48965c641b81 vs local 406b2cb850d1dcb6)	/home/user/Ranger3143/labs/logs/opmodel/final_step12000/qemu_receipt/RECEIPT.TXT
bit_11	qemu_self/RECEIPT.TXT	cross		1	REJECT_CLEAN	FAIL artifact: MODEL hash mismatch (receipt a44e48965c641b81 vs local 406b2cb850d1dcb6)	/home/user/Ranger3143/labs/logs/opmodel/final_step12000/qemu_self/RECEIPT.TXT
bit_11	qemu_unknown_tool/RECEIPT.TXT	cross		1	REJECT_CLEAN	FAIL artifact: MODEL hash mismatch (receipt a44e48965c641b81 vs local 406b2cb850d1dcb6)	/home/user/Ranger3143/labs/logs/opmodel/final_step12000/qemu_unknown_tool/RECEIPT.TXT
bit_12	orig-minted canary self	cross		1	REJECT_CLEAN	FAIL artifact: MODEL hash mismatch (receipt a44e48965c641b81 vs local 9d8c2b7425139352)	/home/user/Ranger3143/labs/logs/safe/SAFE-01/h2_receipts/orig_00__self.TXT
bit_12	orig-minted canary calc	cross		1	REJECT_CLEAN	FAIL artifact: MODEL hash mismatch (receipt a44e48965c641b81 vs local 9d8c2b7425139352)	/home/user/Ranger3143/labs/logs/safe/SAFE-01/h2_receipts/orig_00__calc.TXT
bit_12	orig-minted canary lookup	cross		1	REJECT_CLEAN	FAIL artifact: MODEL hash mismatch (receipt a44e48965c641b81 vs local 9d8c2b7425139352)	/home/user/Ranger3143/labs/logs/safe/SAFE-01/h2_receipts/orig_00__lookup.TXT
bit_12	orig-minted canary abstain	cross		1	REJECT_CLEAN	FAIL artifact: MODEL hash mismatch (receipt a44e48965c641b81 vs local 9d8c2b7425139352)	/home/user/Ranger3143/labs/logs/safe/SAFE-01/h2_receipts/orig_00__abstain.TXT
bit_12	qemu_abstain/RECEIPT.TXT	cross		1	REJECT_CLEAN	FAIL artifact: MODEL hash mismatch (receipt a44e48965c641b81 vs local 9d8c2b7425139352)	/home/user/Ranger3143/labs/logs/opmodel/final_step12000/qemu_abstain/RECEIPT.TXT
bit_12	qemu_calc/RECEIPT.TXT	cross		1	REJECT_CLEAN	FAIL artifact: MODEL hash mismatch (receipt a44e48965c641b81 vs local 9d8c2b7425139352)	/home/user/Ranger3143/labs/logs/opmodel/final_step12000/qemu_calc/RECEIPT.TXT
bit_12	qemu_calc/RECEIPT2.TXT	cross		1	REJECT_CLEAN	FAIL artifact: MODEL hash mismatch (receipt a44e48965c641b81 vs local 9d8c2b7425139352)	/home/user/Ranger3143/labs/logs/opmodel/final_step12000/qemu_calc/RECEIPT2.TXT
bit_12	qemu_calc_words/RECEIPT.TXT	cross		1	REJECT_CLEAN	FAIL artifact: MODEL hash mismatch (receipt a44e48965c641b81 vs local 9d8c2b7425139352)	/home/user/Ranger3143/labs/logs/opmodel/final_step12000/qemu_calc_words/RECEIPT.TXT
bit_12	qemu_calc_words/RECEIPT2.TXT	cross		1	REJECT_CLEAN	FAIL artifact: MODEL hash mismatch (receipt a44e48965c641b81 vs local 9d8c2b7425139352)	/home/user/Ranger3143/labs/logs/opmodel/final_step12000/qemu_calc_words/RECEIPT2.TXT
bit_12	qemu_everyday/RECEIPT.TXT	cross		1	REJECT_CLEAN	FAIL artifact: MODEL hash mismatch (receipt a44e48965c641b81 vs local 9d8c2b7425139352)	/home/user/Ranger3143/labs/logs/opmodel/final_step12000/qemu_everyday/RECEIPT.TXT
bit_12	qemu_lookup/RECEIPT.TXT	cross		1	REJECT_CLEAN	FAIL artifact: MODEL hash mismatch (receipt a44e48965c641b81 vs local 9d8c2b7425139352)	/home/user/Ranger3143/labs/logs/opmodel/final_step12000/qemu_lookup/RECEIPT.TXT
bit_12	qemu_lookup/RECEIPT2.TXT	cross		1	REJECT_CLEAN	FAIL artifact: MODEL hash mismatch (receipt a44e48965c641b81 vs local 9d8c2b7425139352)	/home/user/Ranger3143/labs/logs/opmodel/final_step12000/qemu_lookup/RECEIPT2.TXT
bit_12	qemu_receipt/RECEIPT.TXT	cross		1	REJECT_CLEAN	FAIL artifact: MODEL hash mismatch (receipt a44e48965c641b81 vs local 9d8c2b7425139352)	/home/user/Ranger3143/labs/logs/opmodel/final_step12000/qemu_receipt/RECEIPT.TXT
bit_12	qemu_self/RECEIPT.TXT	cross		1	REJECT_CLEAN	FAIL artifact: MODEL hash mismatch (receipt a44e48965c641b81 vs local 9d8c2b7425139352)	/home/user/Ranger3143/labs/logs/opmodel/final_step12000/qemu_self/RECEIPT.TXT
bit_12	qemu_unknown_tool/RECEIPT.TXT	cross		1	REJECT_CLEAN	FAIL artifact: MODEL hash mismatch (receipt a44e48965c641b81 vs local 9d8c2b7425139352)	/home/user/Ranger3143/labs/logs/opmodel/final_step12000/qemu_unknown_tool/RECEIPT.TXT
bit_13	orig-minted canary self	cross		1	REJECT_CLEAN	FAIL artifact: MODEL hash mismatch (receipt a44e48965c641b81 vs local da84e2cae5568f26)	/home/user/Ranger3143/labs/logs/safe/SAFE-01/h2_receipts/orig_00__self.TXT
bit_13	orig-minted canary calc	cross		1	REJECT_CLEAN	FAIL artifact: MODEL hash mismatch (receipt a44e48965c641b81 vs local da84e2cae5568f26)	/home/user/Ranger3143/labs/logs/safe/SAFE-01/h2_receipts/orig_00__calc.TXT
bit_13	orig-minted canary lookup	cross		1	REJECT_CLEAN	FAIL artifact: MODEL hash mismatch (receipt a44e48965c641b81 vs local da84e2cae5568f26)	/home/user/Ranger3143/labs/logs/safe/SAFE-01/h2_receipts/orig_00__lookup.TXT
bit_13	orig-minted canary abstain	cross		1	REJECT_CLEAN	FAIL artifact: MODEL hash mismatch (receipt a44e48965c641b81 vs local da84e2cae5568f26)	/home/user/Ranger3143/labs/logs/safe/SAFE-01/h2_receipts/orig_00__abstain.TXT
bit_13	qemu_abstain/RECEIPT.TXT	cross		1	REJECT_CLEAN	FAIL artifact: MODEL hash mismatch (receipt a44e48965c641b81 vs local da84e2cae5568f26)	/home/user/Ranger3143/labs/logs/opmodel/final_step12000/qemu_abstain/RECEIPT.TXT
bit_13	qemu_calc/RECEIPT.TXT	cross		1	REJECT_CLEAN	FAIL artifact: MODEL hash mismatch (receipt a44e48965c641b81 vs local da84e2cae5568f26)	/home/user/Ranger3143/labs/logs/opmodel/final_step12000/qemu_calc/RECEIPT.TXT
bit_13	qemu_calc/RECEIPT2.TXT	cross		1	REJECT_CLEAN	FAIL artifact: MODEL hash mismatch (receipt a44e48965c641b81 vs local da84e2cae5568f26)	/home/user/Ranger3143/labs/logs/opmodel/final_step12000/qemu_calc/RECEIPT2.TXT
bit_13	qemu_calc_words/RECEIPT.TXT	cross		1	REJECT_CLEAN	FAIL artifact: MODEL hash mismatch (receipt a44e48965c641b81 vs local da84e2cae5568f26)	/home/user/Ranger3143/labs/logs/opmodel/final_step12000/qemu_calc_words/RECEIPT.TXT
bit_13	qemu_calc_words/RECEIPT2.TXT	cross		1	REJECT_CLEAN	FAIL artifact: MODEL hash mismatch (receipt a44e48965c641b81 vs local da84e2cae5568f26)	/home/user/Ranger3143/labs/logs/opmodel/final_step12000/qemu_calc_words/RECEIPT2.TXT
bit_13	qemu_everyday/RECEIPT.TXT	cross		1	REJECT_CLEAN	FAIL artifact: MODEL hash mismatch (receipt a44e48965c641b81 vs local da84e2cae5568f26)	/home/user/Ranger3143/labs/logs/opmodel/final_step12000/qemu_everyday/RECEIPT.TXT
bit_13	qemu_lookup/RECEIPT.TXT	cross		1	REJECT_CLEAN	FAIL artifact: MODEL hash mismatch (receipt a44e48965c641b81 vs local da84e2cae5568f26)	/home/user/Ranger3143/labs/logs/opmodel/final_step12000/qemu_lookup/RECEIPT.TXT
bit_13	qemu_lookup/RECEIPT2.TXT	cross		1	REJECT_CLEAN	FAIL artifact: MODEL hash mismatch (receipt a44e48965c641b81 vs local da84e2cae5568f26)	/home/user/Ranger3143/labs/logs/opmodel/final_step12000/qemu_lookup/RECEIPT2.TXT
bit_13	qemu_receipt/RECEIPT.TXT	cross		1	REJECT_CLEAN	FAIL artifact: MODEL hash mismatch (receipt a44e48965c641b81 vs local da84e2cae5568f26)	/home/user/Ranger3143/labs/logs/opmodel/final_step12000/qemu_receipt/RECEIPT.TXT
bit_13	qemu_self/RECEIPT.TXT	cross		1	REJECT_CLEAN	FAIL artifact: MODEL hash mismatch (receipt a44e48965c641b81 vs local da84e2cae5568f26)	/home/user/Ranger3143/labs/logs/opmodel/final_step12000/qemu_self/RECEIPT.TXT
bit_13	qemu_unknown_tool/RECEIPT.TXT	cross		1	REJECT_CLEAN	FAIL artifact: MODEL hash mismatch (receipt a44e48965c641b81 vs local da84e2cae5568f26)	/home/user/Ranger3143/labs/logs/opmodel/final_step12000/qemu_unknown_tool/RECEIPT.TXT
bit_14	orig-minted canary self	cross		1	REJECT_CLEAN	FAIL artifact: MODEL hash mismatch (receipt a44e48965c641b81 vs local 3ad8d23d76ac1e64)	/home/user/Ranger3143/labs/logs/safe/SAFE-01/h2_receipts/orig_00__self.TXT
bit_14	orig-minted canary calc	cross		1	REJECT_CLEAN	FAIL artifact: MODEL hash mismatch (receipt a44e48965c641b81 vs local 3ad8d23d76ac1e64)	/home/user/Ranger3143/labs/logs/safe/SAFE-01/h2_receipts/orig_00__calc.TXT
bit_14	orig-minted canary lookup	cross		1	REJECT_CLEAN	FAIL artifact: MODEL hash mismatch (receipt a44e48965c641b81 vs local 3ad8d23d76ac1e64)	/home/user/Ranger3143/labs/logs/safe/SAFE-01/h2_receipts/orig_00__lookup.TXT
bit_14	orig-minted canary abstain	cross		1	REJECT_CLEAN	FAIL artifact: MODEL hash mismatch (receipt a44e48965c641b81 vs local 3ad8d23d76ac1e64)	/home/user/Ranger3143/labs/logs/safe/SAFE-01/h2_receipts/orig_00__abstain.TXT
bit_14	qemu_abstain/RECEIPT.TXT	cross		1	REJECT_CLEAN	FAIL artifact: MODEL hash mismatch (receipt a44e48965c641b81 vs local 3ad8d23d76ac1e64)	/home/user/Ranger3143/labs/logs/opmodel/final_step12000/qemu_abstain/RECEIPT.TXT
bit_14	qemu_calc/RECEIPT.TXT	cross		1	REJECT_CLEAN	FAIL artifact: MODEL hash mismatch (receipt a44e48965c641b81 vs local 3ad8d23d76ac1e64)	/home/user/Ranger3143/labs/logs/opmodel/final_step12000/qemu_calc/RECEIPT.TXT
bit_14	qemu_calc/RECEIPT2.TXT	cross		1	REJECT_CLEAN	FAIL artifact: MODEL hash mismatch (receipt a44e48965c641b81 vs local 3ad8d23d76ac1e64)	/home/user/Ranger3143/labs/logs/opmodel/final_step12000/qemu_calc/RECEIPT2.TXT
bit_14	qemu_calc_words/RECEIPT.TXT	cross		1	REJECT_CLEAN	FAIL artifact: MODEL hash mismatch (receipt a44e48965c641b81 vs local 3ad8d23d76ac1e64)	/home/user/Ranger3143/labs/logs/opmodel/final_step12000/qemu_calc_words/RECEIPT.TXT
bit_14	qemu_calc_words/RECEIPT2.TXT	cross		1	REJECT_CLEAN	FAIL artifact: MODEL hash mismatch (receipt a44e48965c641b81 vs local 3ad8d23d76ac1e64)	/home/user/Ranger3143/labs/logs/opmodel/final_step12000/qemu_calc_words/RECEIPT2.TXT
bit_14	qemu_everyday/RECEIPT.TXT	cross		1	REJECT_CLEAN	FAIL artifact: MODEL hash mismatch (receipt a44e48965c641b81 vs local 3ad8d23d76ac1e64)	/home/user/Ranger3143/labs/logs/opmodel/final_step12000/qemu_everyday/RECEIPT.TXT
bit_14	qemu_lookup/RECEIPT.TXT	cross		1	REJECT_CLEAN	FAIL artifact: MODEL hash mismatch (receipt a44e48965c641b81 vs local 3ad8d23d76ac1e64)	/home/user/Ranger3143/labs/logs/opmodel/final_step12000/qemu_lookup/RECEIPT.TXT
bit_14	qemu_lookup/RECEIPT2.TXT	cross		1	REJECT_CLEAN	FAIL artifact: MODEL hash mismatch (receipt a44e48965c641b81 vs local 3ad8d23d76ac1e64)	/home/user/Ranger3143/labs/logs/opmodel/final_step12000/qemu_lookup/RECEIPT2.TXT
bit_14	qemu_receipt/RECEIPT.TXT	cross		1	REJECT_CLEAN	FAIL artifact: MODEL hash mismatch (receipt a44e48965c641b81 vs local 3ad8d23d76ac1e64)	/home/user/Ranger3143/labs/logs/opmodel/final_step12000/qemu_receipt/RECEIPT.TXT
bit_14	qemu_self/RECEIPT.TXT	cross		1	REJECT_CLEAN	FAIL artifact: MODEL hash mismatch (receipt a44e48965c641b81 vs local 3ad8d23d76ac1e64)	/home/user/Ranger3143/labs/logs/opmodel/final_step12000/qemu_self/RECEIPT.TXT
bit_14	qemu_unknown_tool/RECEIPT.TXT	cross		1	REJECT_CLEAN	FAIL artifact: MODEL hash mismatch (receipt a44e48965c641b81 vs local 3ad8d23d76ac1e64)	/home/user/Ranger3143/labs/logs/opmodel/final_step12000/qemu_unknown_tool/RECEIPT.TXT
bit_15	orig-minted canary self	cross		1	REJECT_CLEAN	FAIL artifact: MODEL hash mismatch (receipt a44e48965c641b81 vs local 63939f85e9d6e794)	/home/user/Ranger3143/labs/logs/safe/SAFE-01/h2_receipts/orig_00__self.TXT
bit_15	orig-minted canary calc	cross		1	REJECT_CLEAN	FAIL artifact: MODEL hash mismatch (receipt a44e48965c641b81 vs local 63939f85e9d6e794)	/home/user/Ranger3143/labs/logs/safe/SAFE-01/h2_receipts/orig_00__calc.TXT
bit_15	orig-minted canary lookup	cross		1	REJECT_CLEAN	FAIL artifact: MODEL hash mismatch (receipt a44e48965c641b81 vs local 63939f85e9d6e794)	/home/user/Ranger3143/labs/logs/safe/SAFE-01/h2_receipts/orig_00__lookup.TXT
bit_15	orig-minted canary abstain	cross		1	REJECT_CLEAN	FAIL artifact: MODEL hash mismatch (receipt a44e48965c641b81 vs local 63939f85e9d6e794)	/home/user/Ranger3143/labs/logs/safe/SAFE-01/h2_receipts/orig_00__abstain.TXT
bit_15	qemu_abstain/RECEIPT.TXT	cross		1	REJECT_CLEAN	FAIL artifact: MODEL hash mismatch (receipt a44e48965c641b81 vs local 63939f85e9d6e794)	/home/user/Ranger3143/labs/logs/opmodel/final_step12000/qemu_abstain/RECEIPT.TXT
bit_15	qemu_calc/RECEIPT.TXT	cross		1	REJECT_CLEAN	FAIL artifact: MODEL hash mismatch (receipt a44e48965c641b81 vs local 63939f85e9d6e794)	/home/user/Ranger3143/labs/logs/opmodel/final_step12000/qemu_calc/RECEIPT.TXT
bit_15	qemu_calc/RECEIPT2.TXT	cross		1	REJECT_CLEAN	FAIL artifact: MODEL hash mismatch (receipt a44e48965c641b81 vs local 63939f85e9d6e794)	/home/user/Ranger3143/labs/logs/opmodel/final_step12000/qemu_calc/RECEIPT2.TXT
bit_15	qemu_calc_words/RECEIPT.TXT	cross		1	REJECT_CLEAN	FAIL artifact: MODEL hash mismatch (receipt a44e48965c641b81 vs local 63939f85e9d6e794)	/home/user/Ranger3143/labs/logs/opmodel/final_step12000/qemu_calc_words/RECEIPT.TXT
bit_15	qemu_calc_words/RECEIPT2.TXT	cross		1	REJECT_CLEAN	FAIL artifact: MODEL hash mismatch (receipt a44e48965c641b81 vs local 63939f85e9d6e794)	/home/user/Ranger3143/labs/logs/opmodel/final_step12000/qemu_calc_words/RECEIPT2.TXT
bit_15	qemu_everyday/RECEIPT.TXT	cross		1	REJECT_CLEAN	FAIL artifact: MODEL hash mismatch (receipt a44e48965c641b81 vs local 63939f85e9d6e794)	/home/user/Ranger3143/labs/logs/opmodel/final_step12000/qemu_everyday/RECEIPT.TXT
bit_15	qemu_lookup/RECEIPT.TXT	cross		1	REJECT_CLEAN	FAIL artifact: MODEL hash mismatch (receipt a44e48965c641b81 vs local 63939f85e9d6e794)	/home/user/Ranger3143/labs/logs/opmodel/final_step12000/qemu_lookup/RECEIPT.TXT
bit_15	qemu_lookup/RECEIPT2.TXT	cross		1	REJECT_CLEAN	FAIL artifact: MODEL hash mismatch (receipt a44e48965c641b81 vs local 63939f85e9d6e794)	/home/user/Ranger3143/labs/logs/opmodel/final_step12000/qemu_lookup/RECEIPT2.TXT
bit_15	qemu_receipt/RECEIPT.TXT	cross		1	REJECT_CLEAN	FAIL artifact: MODEL hash mismatch (receipt a44e48965c641b81 vs local 63939f85e9d6e794)	/home/user/Ranger3143/labs/logs/opmodel/final_step12000/qemu_receipt/RECEIPT.TXT
bit_15	qemu_self/RECEIPT.TXT	cross		1	REJECT_CLEAN	FAIL artifact: MODEL hash mismatch (receipt a44e48965c641b81 vs local 63939f85e9d6e794)	/home/user/Ranger3143/labs/logs/opmodel/final_step12000/qemu_self/RECEIPT.TXT
bit_15	qemu_unknown_tool/RECEIPT.TXT	cross		1	REJECT_CLEAN	FAIL artifact: MODEL hash mismatch (receipt a44e48965c641b81 vs local 63939f85e9d6e794)	/home/user/Ranger3143/labs/logs/opmodel/final_step12000/qemu_unknown_tool/RECEIPT.TXT
bit_16	orig-minted canary self	cross		1	REJECT_CLEAN	FAIL artifact: MODEL hash mismatch (receipt a44e48965c641b81 vs local 9b273d970b521c73)	/home/user/Ranger3143/labs/logs/safe/SAFE-01/h2_receipts/orig_00__self.TXT
bit_16	orig-minted canary calc	cross		1	REJECT_CLEAN	FAIL artifact: MODEL hash mismatch (receipt a44e48965c641b81 vs local 9b273d970b521c73)	/home/user/Ranger3143/labs/logs/safe/SAFE-01/h2_receipts/orig_00__calc.TXT
bit_16	orig-minted canary lookup	cross		1	REJECT_CLEAN	FAIL artifact: MODEL hash mismatch (receipt a44e48965c641b81 vs local 9b273d970b521c73)	/home/user/Ranger3143/labs/logs/safe/SAFE-01/h2_receipts/orig_00__lookup.TXT
bit_16	orig-minted canary abstain	cross		1	REJECT_CLEAN	FAIL artifact: MODEL hash mismatch (receipt a44e48965c641b81 vs local 9b273d970b521c73)	/home/user/Ranger3143/labs/logs/safe/SAFE-01/h2_receipts/orig_00__abstain.TXT
bit_16	qemu_abstain/RECEIPT.TXT	cross		1	REJECT_CLEAN	FAIL artifact: MODEL hash mismatch (receipt a44e48965c641b81 vs local 9b273d970b521c73)	/home/user/Ranger3143/labs/logs/opmodel/final_step12000/qemu_abstain/RECEIPT.TXT
bit_16	qemu_calc/RECEIPT.TXT	cross		1	REJECT_CLEAN	FAIL artifact: MODEL hash mismatch (receipt a44e48965c641b81 vs local 9b273d970b521c73)	/home/user/Ranger3143/labs/logs/opmodel/final_step12000/qemu_calc/RECEIPT.TXT
bit_16	qemu_calc/RECEIPT2.TXT	cross		1	REJECT_CLEAN	FAIL artifact: MODEL hash mismatch (receipt a44e48965c641b81 vs local 9b273d970b521c73)	/home/user/Ranger3143/labs/logs/opmodel/final_step12000/qemu_calc/RECEIPT2.TXT
bit_16	qemu_calc_words/RECEIPT.TXT	cross		1	REJECT_CLEAN	FAIL artifact: MODEL hash mismatch (receipt a44e48965c641b81 vs local 9b273d970b521c73)	/home/user/Ranger3143/labs/logs/opmodel/final_step12000/qemu_calc_words/RECEIPT.TXT
bit_16	qemu_calc_words/RECEIPT2.TXT	cross		1	REJECT_CLEAN	FAIL artifact: MODEL hash mismatch (receipt a44e48965c641b81 vs local 9b273d970b521c73)	/home/user/Ranger3143/labs/logs/opmodel/final_step12000/qemu_calc_words/RECEIPT2.TXT
bit_16	qemu_everyday/RECEIPT.TXT	cross		1	REJECT_CLEAN	FAIL artifact: MODEL hash mismatch (receipt a44e48965c641b81 vs local 9b273d970b521c73)	/home/user/Ranger3143/labs/logs/opmodel/final_step12000/qemu_everyday/RECEIPT.TXT
bit_16	qemu_lookup/RECEIPT.TXT	cross		1	REJECT_CLEAN	FAIL artifact: MODEL hash mismatch (receipt a44e48965c641b81 vs local 9b273d970b521c73)	/home/user/Ranger3143/labs/logs/opmodel/final_step12000/qemu_lookup/RECEIPT.TXT
bit_16	qemu_lookup/RECEIPT2.TXT	cross		1	REJECT_CLEAN	FAIL artifact: MODEL hash mismatch (receipt a44e48965c641b81 vs local 9b273d970b521c73)	/home/user/Ranger3143/labs/logs/opmodel/final_step12000/qemu_lookup/RECEIPT2.TXT
bit_16	qemu_receipt/RECEIPT.TXT	cross		1	REJECT_CLEAN	FAIL artifact: MODEL hash mismatch (receipt a44e48965c641b81 vs local 9b273d970b521c73)	/home/user/Ranger3143/labs/logs/opmodel/final_step12000/qemu_receipt/RECEIPT.TXT
bit_16	qemu_self/RECEIPT.TXT	cross		1	REJECT_CLEAN	FAIL artifact: MODEL hash mismatch (receipt a44e48965c641b81 vs local 9b273d970b521c73)	/home/user/Ranger3143/labs/logs/opmodel/final_step12000/qemu_self/RECEIPT.TXT
bit_16	qemu_unknown_tool/RECEIPT.TXT	cross		1	REJECT_CLEAN	FAIL artifact: MODEL hash mismatch (receipt a44e48965c641b81 vs local 9b273d970b521c73)	/home/user/Ranger3143/labs/logs/opmodel/final_step12000/qemu_unknown_tool/RECEIPT.TXT
bit_17	orig-minted canary self	cross		1	REJECT_CLEAN	FAIL artifact: MODEL hash mismatch (receipt a44e48965c641b81 vs local cf802b799e10b29a)	/home/user/Ranger3143/labs/logs/safe/SAFE-01/h2_receipts/orig_00__self.TXT
bit_17	orig-minted canary calc	cross		1	REJECT_CLEAN	FAIL artifact: MODEL hash mismatch (receipt a44e48965c641b81 vs local cf802b799e10b29a)	/home/user/Ranger3143/labs/logs/safe/SAFE-01/h2_receipts/orig_00__calc.TXT
bit_17	orig-minted canary lookup	cross		1	REJECT_CLEAN	FAIL artifact: MODEL hash mismatch (receipt a44e48965c641b81 vs local cf802b799e10b29a)	/home/user/Ranger3143/labs/logs/safe/SAFE-01/h2_receipts/orig_00__lookup.TXT
bit_17	orig-minted canary abstain	cross		1	REJECT_CLEAN	FAIL artifact: MODEL hash mismatch (receipt a44e48965c641b81 vs local cf802b799e10b29a)	/home/user/Ranger3143/labs/logs/safe/SAFE-01/h2_receipts/orig_00__abstain.TXT
bit_17	qemu_abstain/RECEIPT.TXT	cross		1	REJECT_CLEAN	FAIL artifact: MODEL hash mismatch (receipt a44e48965c641b81 vs local cf802b799e10b29a)	/home/user/Ranger3143/labs/logs/opmodel/final_step12000/qemu_abstain/RECEIPT.TXT
bit_17	qemu_calc/RECEIPT.TXT	cross		1	REJECT_CLEAN	FAIL artifact: MODEL hash mismatch (receipt a44e48965c641b81 vs local cf802b799e10b29a)	/home/user/Ranger3143/labs/logs/opmodel/final_step12000/qemu_calc/RECEIPT.TXT
bit_17	qemu_calc/RECEIPT2.TXT	cross		1	REJECT_CLEAN	FAIL artifact: MODEL hash mismatch (receipt a44e48965c641b81 vs local cf802b799e10b29a)	/home/user/Ranger3143/labs/logs/opmodel/final_step12000/qemu_calc/RECEIPT2.TXT
bit_17	qemu_calc_words/RECEIPT.TXT	cross		1	REJECT_CLEAN	FAIL artifact: MODEL hash mismatch (receipt a44e48965c641b81 vs local cf802b799e10b29a)	/home/user/Ranger3143/labs/logs/opmodel/final_step12000/qemu_calc_words/RECEIPT.TXT
bit_17	qemu_calc_words/RECEIPT2.TXT	cross		1	REJECT_CLEAN	FAIL artifact: MODEL hash mismatch (receipt a44e48965c641b81 vs local cf802b799e10b29a)	/home/user/Ranger3143/labs/logs/opmodel/final_step12000/qemu_calc_words/RECEIPT2.TXT
bit_17	qemu_everyday/RECEIPT.TXT	cross		1	REJECT_CLEAN	FAIL artifact: MODEL hash mismatch (receipt a44e48965c641b81 vs local cf802b799e10b29a)	/home/user/Ranger3143/labs/logs/opmodel/final_step12000/qemu_everyday/RECEIPT.TXT
bit_17	qemu_lookup/RECEIPT.TXT	cross		1	REJECT_CLEAN	FAIL artifact: MODEL hash mismatch (receipt a44e48965c641b81 vs local cf802b799e10b29a)	/home/user/Ranger3143/labs/logs/opmodel/final_step12000/qemu_lookup/RECEIPT.TXT
bit_17	qemu_lookup/RECEIPT2.TXT	cross		1	REJECT_CLEAN	FAIL artifact: MODEL hash mismatch (receipt a44e48965c641b81 vs local cf802b799e10b29a)	/home/user/Ranger3143/labs/logs/opmodel/final_step12000/qemu_lookup/RECEIPT2.TXT
bit_17	qemu_receipt/RECEIPT.TXT	cross		1	REJECT_CLEAN	FAIL artifact: MODEL hash mismatch (receipt a44e48965c641b81 vs local cf802b799e10b29a)	/home/user/Ranger3143/labs/logs/opmodel/final_step12000/qemu_receipt/RECEIPT.TXT
bit_17	qemu_self/RECEIPT.TXT	cross		1	REJECT_CLEAN	FAIL artifact: MODEL hash mismatch (receipt a44e48965c641b81 vs local cf802b799e10b29a)	/home/user/Ranger3143/labs/logs/opmodel/final_step12000/qemu_self/RECEIPT.TXT
bit_17	qemu_unknown_tool/RECEIPT.TXT	cross		1	REJECT_CLEAN	FAIL artifact: MODEL hash mismatch (receipt a44e48965c641b81 vs local cf802b799e10b29a)	/home/user/Ranger3143/labs/logs/opmodel/final_step12000/qemu_unknown_tool/RECEIPT.TXT
bit_18	orig-minted canary self	cross		1	REJECT_CLEAN	FAIL artifact: MODEL hash mismatch (receipt a44e48965c641b81 vs local 6cae8c4b582de7cd)	/home/user/Ranger3143/labs/logs/safe/SAFE-01/h2_receipts/orig_00__self.TXT
bit_18	orig-minted canary calc	cross		1	REJECT_CLEAN	FAIL artifact: MODEL hash mismatch (receipt a44e48965c641b81 vs local 6cae8c4b582de7cd)	/home/user/Ranger3143/labs/logs/safe/SAFE-01/h2_receipts/orig_00__calc.TXT
bit_18	orig-minted canary lookup	cross		1	REJECT_CLEAN	FAIL artifact: MODEL hash mismatch (receipt a44e48965c641b81 vs local 6cae8c4b582de7cd)	/home/user/Ranger3143/labs/logs/safe/SAFE-01/h2_receipts/orig_00__lookup.TXT
bit_18	orig-minted canary abstain	cross		1	REJECT_CLEAN	FAIL artifact: MODEL hash mismatch (receipt a44e48965c641b81 vs local 6cae8c4b582de7cd)	/home/user/Ranger3143/labs/logs/safe/SAFE-01/h2_receipts/orig_00__abstain.TXT
bit_18	qemu_abstain/RECEIPT.TXT	cross		1	REJECT_CLEAN	FAIL artifact: MODEL hash mismatch (receipt a44e48965c641b81 vs local 6cae8c4b582de7cd)	/home/user/Ranger3143/labs/logs/opmodel/final_step12000/qemu_abstain/RECEIPT.TXT
bit_18	qemu_calc/RECEIPT.TXT	cross		1	REJECT_CLEAN	FAIL artifact: MODEL hash mismatch (receipt a44e48965c641b81 vs local 6cae8c4b582de7cd)	/home/user/Ranger3143/labs/logs/opmodel/final_step12000/qemu_calc/RECEIPT.TXT
bit_18	qemu_calc/RECEIPT2.TXT	cross		1	REJECT_CLEAN	FAIL artifact: MODEL hash mismatch (receipt a44e48965c641b81 vs local 6cae8c4b582de7cd)	/home/user/Ranger3143/labs/logs/opmodel/final_step12000/qemu_calc/RECEIPT2.TXT
bit_18	qemu_calc_words/RECEIPT.TXT	cross		1	REJECT_CLEAN	FAIL artifact: MODEL hash mismatch (receipt a44e48965c641b81 vs local 6cae8c4b582de7cd)	/home/user/Ranger3143/labs/logs/opmodel/final_step12000/qemu_calc_words/RECEIPT.TXT
bit_18	qemu_calc_words/RECEIPT2.TXT	cross		1	REJECT_CLEAN	FAIL artifact: MODEL hash mismatch (receipt a44e48965c641b81 vs local 6cae8c4b582de7cd)	/home/user/Ranger3143/labs/logs/opmodel/final_step12000/qemu_calc_words/RECEIPT2.TXT
bit_18	qemu_everyday/RECEIPT.TXT	cross		1	REJECT_CLEAN	FAIL artifact: MODEL hash mismatch (receipt a44e48965c641b81 vs local 6cae8c4b582de7cd)	/home/user/Ranger3143/labs/logs/opmodel/final_step12000/qemu_everyday/RECEIPT.TXT
bit_18	qemu_lookup/RECEIPT.TXT	cross		1	REJECT_CLEAN	FAIL artifact: MODEL hash mismatch (receipt a44e48965c641b81 vs local 6cae8c4b582de7cd)	/home/user/Ranger3143/labs/logs/opmodel/final_step12000/qemu_lookup/RECEIPT.TXT
bit_18	qemu_lookup/RECEIPT2.TXT	cross		1	REJECT_CLEAN	FAIL artifact: MODEL hash mismatch (receipt a44e48965c641b81 vs local 6cae8c4b582de7cd)	/home/user/Ranger3143/labs/logs/opmodel/final_step12000/qemu_lookup/RECEIPT2.TXT
bit_18	qemu_receipt/RECEIPT.TXT	cross		1	REJECT_CLEAN	FAIL artifact: MODEL hash mismatch (receipt a44e48965c641b81 vs local 6cae8c4b582de7cd)	/home/user/Ranger3143/labs/logs/opmodel/final_step12000/qemu_receipt/RECEIPT.TXT
bit_18	qemu_self/RECEIPT.TXT	cross		1	REJECT_CLEAN	FAIL artifact: MODEL hash mismatch (receipt a44e48965c641b81 vs local 6cae8c4b582de7cd)	/home/user/Ranger3143/labs/logs/opmodel/final_step12000/qemu_self/RECEIPT.TXT
bit_18	qemu_unknown_tool/RECEIPT.TXT	cross		1	REJECT_CLEAN	FAIL artifact: MODEL hash mismatch (receipt a44e48965c641b81 vs local 6cae8c4b582de7cd)	/home/user/Ranger3143/labs/logs/opmodel/final_step12000/qemu_unknown_tool/RECEIPT.TXT
bit_19	orig-minted canary self	cross		1	REJECT_CLEAN	FAIL artifact: MODEL hash mismatch (receipt a44e48965c641b81 vs local d11fe2cd5b401561)	/home/user/Ranger3143/labs/logs/safe/SAFE-01/h2_receipts/orig_00__self.TXT
bit_19	orig-minted canary calc	cross		1	REJECT_CLEAN	FAIL artifact: MODEL hash mismatch (receipt a44e48965c641b81 vs local d11fe2cd5b401561)	/home/user/Ranger3143/labs/logs/safe/SAFE-01/h2_receipts/orig_00__calc.TXT
bit_19	orig-minted canary lookup	cross		1	REJECT_CLEAN	FAIL artifact: MODEL hash mismatch (receipt a44e48965c641b81 vs local d11fe2cd5b401561)	/home/user/Ranger3143/labs/logs/safe/SAFE-01/h2_receipts/orig_00__lookup.TXT
bit_19	orig-minted canary abstain	cross		1	REJECT_CLEAN	FAIL artifact: MODEL hash mismatch (receipt a44e48965c641b81 vs local d11fe2cd5b401561)	/home/user/Ranger3143/labs/logs/safe/SAFE-01/h2_receipts/orig_00__abstain.TXT
bit_19	qemu_abstain/RECEIPT.TXT	cross		1	REJECT_CLEAN	FAIL artifact: MODEL hash mismatch (receipt a44e48965c641b81 vs local d11fe2cd5b401561)	/home/user/Ranger3143/labs/logs/opmodel/final_step12000/qemu_abstain/RECEIPT.TXT
bit_19	qemu_calc/RECEIPT.TXT	cross		1	REJECT_CLEAN	FAIL artifact: MODEL hash mismatch (receipt a44e48965c641b81 vs local d11fe2cd5b401561)	/home/user/Ranger3143/labs/logs/opmodel/final_step12000/qemu_calc/RECEIPT.TXT
bit_19	qemu_calc/RECEIPT2.TXT	cross		1	REJECT_CLEAN	FAIL artifact: MODEL hash mismatch (receipt a44e48965c641b81 vs local d11fe2cd5b401561)	/home/user/Ranger3143/labs/logs/opmodel/final_step12000/qemu_calc/RECEIPT2.TXT
bit_19	qemu_calc_words/RECEIPT.TXT	cross		1	REJECT_CLEAN	FAIL artifact: MODEL hash mismatch (receipt a44e48965c641b81 vs local d11fe2cd5b401561)	/home/user/Ranger3143/labs/logs/opmodel/final_step12000/qemu_calc_words/RECEIPT.TXT
bit_19	qemu_calc_words/RECEIPT2.TXT	cross		1	REJECT_CLEAN	FAIL artifact: MODEL hash mismatch (receipt a44e48965c641b81 vs local d11fe2cd5b401561)	/home/user/Ranger3143/labs/logs/opmodel/final_step12000/qemu_calc_words/RECEIPT2.TXT
bit_19	qemu_everyday/RECEIPT.TXT	cross		1	REJECT_CLEAN	FAIL artifact: MODEL hash mismatch (receipt a44e48965c641b81 vs local d11fe2cd5b401561)	/home/user/Ranger3143/labs/logs/opmodel/final_step12000/qemu_everyday/RECEIPT.TXT
bit_19	qemu_lookup/RECEIPT.TXT	cross		1	REJECT_CLEAN	FAIL artifact: MODEL hash mismatch (receipt a44e48965c641b81 vs local d11fe2cd5b401561)	/home/user/Ranger3143/labs/logs/opmodel/final_step12000/qemu_lookup/RECEIPT.TXT
bit_19	qemu_lookup/RECEIPT2.TXT	cross		1	REJECT_CLEAN	FAIL artifact: MODEL hash mismatch (receipt a44e48965c641b81 vs local d11fe2cd5b401561)	/home/user/Ranger3143/labs/logs/opmodel/final_step12000/qemu_lookup/RECEIPT2.TXT
bit_19	qemu_receipt/RECEIPT.TXT	cross		1	REJECT_CLEAN	FAIL artifact: MODEL hash mismatch (receipt a44e48965c641b81 vs local d11fe2cd5b401561)	/home/user/Ranger3143/labs/logs/opmodel/final_step12000/qemu_receipt/RECEIPT.TXT
bit_19	qemu_self/RECEIPT.TXT	cross		1	REJECT_CLEAN	FAIL artifact: MODEL hash mismatch (receipt a44e48965c641b81 vs local d11fe2cd5b401561)	/home/user/Ranger3143/labs/logs/opmodel/final_step12000/qemu_self/RECEIPT.TXT
bit_19	qemu_unknown_tool/RECEIPT.TXT	cross		1	REJECT_CLEAN	FAIL artifact: MODEL hash mismatch (receipt a44e48965c641b81 vs local d11fe2cd5b401561)	/home/user/Ranger3143/labs/logs/opmodel/final_step12000/qemu_unknown_tool/RECEIPT.TXT
