id	class	sub	base	mutant_sha256	F1_exit	F1_verdict	F1_attest_pass_line	F1_quote_pass_line	F1_failed_checks	F2_exit	F2_verdict	F2_attest_pass_line	F2_quote_pass_line	F2_failed_checks	desc
H3ctrl-qemu_calc	control	unmodified	qemu_calc	18f3e45ce85e849a3fa19635ea4242e16bdbf924650794d0c9039983f0504037	0	ACCEPT	1	1		0	ACCEPT	1	1		unmodified ATTEST.TXT
H3ctrl-qemu_self	control	unmodified	qemu_self	5c8775ab66c9c18d47b7252eef0fea48cfa974dd9720e4689c118849d88157b6	0	ACCEPT	1	1		0	ACCEPT	1	1		unmodified ATTEST.TXT
H3pcr-value-001	pcr-value	pcr4	qemu_calc	bee32e93b02d9881f4d8157f44b0aba2c1363cb9dddefb906368b66bc24b7ac9	1	REJECT	1	0	quote pcrDigest over PCRs [4, 12, 13] == SHA-256(PCR values read back): FAIL || QUOTE VERIFY FAIL	1	REJECT	1	0	quote pcrDigest over PCRs [4, 12, 13] == SHA-256(PCR values read back): FAIL || QUOTE VERIFY FAIL	pcr 4 char 56 d->2
H3pcr-value-002	pcr-value	pcr4	qemu_calc	ba3a7daac3f41adcca635e0e3a498fdbeab2c12c466e46b9d33cf7f631594c24	1	REJECT	1	0	quote pcrDigest over PCRs [4, 12, 13] == SHA-256(PCR values read back): FAIL || QUOTE VERIFY FAIL	1	REJECT	1	0	quote pcrDigest over PCRs [4, 12, 13] == SHA-256(PCR values read back): FAIL || QUOTE VERIFY FAIL	pcr 4 char 19 0->e
H3pcr-value-003	pcr-value	pcr4	qemu_calc	65275369f9b50758095e868f0330c3b538003cfc2ced3b524f27e6be96c7472d	1	REJECT	1	0	quote pcrDigest over PCRs [4, 12, 13] == SHA-256(PCR values read back): FAIL || QUOTE VERIFY FAIL	1	REJECT	1	0	quote pcrDigest over PCRs [4, 12, 13] == SHA-256(PCR values read back): FAIL || QUOTE VERIFY FAIL	pcr 4 char 60 5->a
H3pcr-value-004	pcr-value	pcr4	qemu_calc	90143e69f1b09c082589f03c11970a772fe5da2852508dcbae18c9691cda472b	1	REJECT	1	0	quote pcrDigest over PCRs [4, 12, 13] == SHA-256(PCR values read back): FAIL || QUOTE VERIFY FAIL	1	REJECT	1	0	quote pcrDigest over PCRs [4, 12, 13] == SHA-256(PCR values read back): FAIL || QUOTE VERIFY FAIL	pcr 4 char 19 0->5
H3pcr-value-005	pcr-value	pcr4	qemu_calc	b72f3127e1b2486277bfeb532f43125da71cf9ab9301ade099a4fbedf5da3a1b	1	REJECT	1	0	quote pcrDigest over PCRs [4, 12, 13] == SHA-256(PCR values read back): FAIL || QUOTE VERIFY FAIL	1	REJECT	1	0	quote pcrDigest over PCRs [4, 12, 13] == SHA-256(PCR values read back): FAIL || QUOTE VERIFY FAIL	pcr 4 char 7 6->3
H3pcr-value-006	pcr-value	pcr4	qemu_calc	4063f37cca461a21ab0c1e26fbb367a30db73855ed5967996459f9e54242b5e8	1	REJECT	1	0	quote pcrDigest over PCRs [4, 12, 13] == SHA-256(PCR values read back): FAIL || QUOTE VERIFY FAIL	1	REJECT	1	0	quote pcrDigest over PCRs [4, 12, 13] == SHA-256(PCR values read back): FAIL || QUOTE VERIFY FAIL	pcr 4 char 28 f->8
H3pcr-value-007	pcr-value	pcr4	qemu_calc	ca94a141bdd114d2a1ffa0ff2c06c6053d83e7e8bf55587957b7c163a3c2e708	1	REJECT	1	0	quote pcrDigest over PCRs [4, 12, 13] == SHA-256(PCR values read back): FAIL || QUOTE VERIFY FAIL	1	REJECT	1	0	quote pcrDigest over PCRs [4, 12, 13] == SHA-256(PCR values read back): FAIL || QUOTE VERIFY FAIL	pcr 4 char 12 0->d
H3pcr-value-008	pcr-value	pcr4	qemu_calc	5e06dac8c5c166be6dcded437ff8c936291c98aea1f62b640d804b9ed9bd5810	1	REJECT	1	0	quote pcrDigest over PCRs [4, 12, 13] == SHA-256(PCR values read back): FAIL || QUOTE VERIFY FAIL	1	REJECT	1	0	quote pcrDigest over PCRs [4, 12, 13] == SHA-256(PCR values read back): FAIL || QUOTE VERIFY FAIL	pcr 4 char 46 8->0
H3pcr-value-009	pcr-value	pcr12	qemu_calc	a9e01b16bd7b3c5a5783af7826be5464fc8d6318d65d384df3f7f2d1e4a8c4ba	1	REJECT	0	0	pcr12: replayed 72e1c6afd8f440bcc1e46e2f9e7b9ec1.. tpm 72e1c6afd8f440bcc1e46e2f9e7b9ec1.. FAIL (4 events) || ATTEST VERIFY FAIL || quote pcrDigest over PCRs [4, 12, 13] == SHA-256(PCR values read back): FAIL || QUOTE VERIFY FAIL	1	REJECT	0	0	pcr12: replayed 72e1c6afd8f440bcc1e46e2f9e7b9ec1.. tpm 72e1c6afd8f440bcc1e46e2f9e7b9ec1.. FAIL (4 events) || ATTEST VERIFY FAIL || quote pcrDigest over PCRs [4, 12, 13] == SHA-256(PCR values read back): FAIL || QUOTE VERIFY FAIL	pcr 12 char 42 4->5
H3pcr-value-010	pcr-value	pcr12	qemu_calc	1b08a4f9237a29bb7f66183fb7535b5508153f1b38f8e33ab2589b871245e254	1	REJECT	0	0	pcr12: replayed 72e1c6afd8f440bcc1e46e2f9e7b9ec1.. tpm 72e1c6afd8f440bcc1e4de2f9e7b9ec1.. FAIL (4 events) || ATTEST VERIFY FAIL || quote pcrDigest over PCRs [4, 12, 13] == SHA-256(PCR values read back): FAIL || QUOTE VERIFY FAIL	1	REJECT	0	0	pcr12: replayed 72e1c6afd8f440bcc1e46e2f9e7b9ec1.. tpm 72e1c6afd8f440bcc1e4de2f9e7b9ec1.. FAIL (4 events) || ATTEST VERIFY FAIL || quote pcrDigest over PCRs [4, 12, 13] == SHA-256(PCR values read back): FAIL || QUOTE VERIFY FAIL	pcr 12 char 20 6->d
H3pcr-value-011	pcr-value	pcr12	qemu_calc	5b035ef0dfe6c80f6fe6d32a9d7dd49dba469255782a4ecaf814f6b484fd3cc4	1	REJECT	0	0	pcr12: replayed 72e1c6afd8f440bcc1e46e2f9e7b9ec1.. tpm 72e1c6afd8f440bcc1e46e2f9e7b9ec1.. FAIL (4 events) || ATTEST VERIFY FAIL || quote pcrDigest over PCRs [4, 12, 13] == SHA-256(PCR values read back): FAIL || QUOTE VERIFY FAIL	1	REJECT	0	0	pcr12: replayed 72e1c6afd8f440bcc1e46e2f9e7b9ec1.. tpm 72e1c6afd8f440bcc1e46e2f9e7b9ec1.. FAIL (4 events) || ATTEST VERIFY FAIL || quote pcrDigest over PCRs [4, 12, 13] == SHA-256(PCR values read back): FAIL || QUOTE VERIFY FAIL	pcr 12 char 37 c->5
H3pcr-value-012	pcr-value	pcr12	qemu_calc	4433eeb412dd5d621b44ac7d0559fe889a95265020f7af0ebe981984b0f4b364	1	REJECT	0	0	pcr12: replayed 72e1c6afd8f440bcc1e46e2f9e7b9ec1.. tpm 72e1c6afd8f440bcc1e46e2f9e7b9ec1.. FAIL (4 events) || ATTEST VERIFY FAIL || quote pcrDigest over PCRs [4, 12, 13] == SHA-256(PCR values read back): FAIL || QUOTE VERIFY FAIL	1	REJECT	0	0	pcr12: replayed 72e1c6afd8f440bcc1e46e2f9e7b9ec1.. tpm 72e1c6afd8f440bcc1e46e2f9e7b9ec1.. FAIL (4 events) || ATTEST VERIFY FAIL || quote pcrDigest over PCRs [4, 12, 13] == SHA-256(PCR values read back): FAIL || QUOTE VERIFY FAIL	pcr 12 char 43 b->7
H3pcr-value-013	pcr-value	pcr12	qemu_calc	63ddf0efe677a327b664a8e63f96453d0779e82d62531bde2d973b7882c4bd14	1	REJECT	0	0	pcr12: replayed 72e1c6afd8f440bcc1e46e2f9e7b9ec1.. tpm 72e1ceafd8f440bcc1e46e2f9e7b9ec1.. FAIL (4 events) || ATTEST VERIFY FAIL || quote pcrDigest over PCRs [4, 12, 13] == SHA-256(PCR values read back): FAIL || QUOTE VERIFY FAIL	1	REJECT	0	0	pcr12: replayed 72e1c6afd8f440bcc1e46e2f9e7b9ec1.. tpm 72e1ceafd8f440bcc1e46e2f9e7b9ec1.. FAIL (4 events) || ATTEST VERIFY FAIL || quote pcrDigest over PCRs [4, 12, 13] == SHA-256(PCR values read back): FAIL || QUOTE VERIFY FAIL	pcr 12 char 5 6->e
H3pcr-value-014	pcr-value	pcr12	qemu_calc	e5e777303c4a9ffeeae5ec6ce442a46913210dadfc36db39e1940a3a32186890	1	REJECT	0	0	pcr12: replayed 72e1c6afd8f440bcc1e46e2f9e7b9ec1.. tpm 72e1c6afd8f440bcc1e46eff9e7b9ec1.. FAIL (4 events) || ATTEST VERIFY FAIL || quote pcrDigest over PCRs [4, 12, 13] == SHA-256(PCR values read back): FAIL || QUOTE VERIFY FAIL	1	REJECT	0	0	pcr12: replayed 72e1c6afd8f440bcc1e46e2f9e7b9ec1.. tpm 72e1c6afd8f440bcc1e46eff9e7b9ec1.. FAIL (4 events) || ATTEST VERIFY FAIL || quote pcrDigest over PCRs [4, 12, 13] == SHA-256(PCR values read back): FAIL || QUOTE VERIFY FAIL	pcr 12 char 22 2->f
H3pcr-value-015	pcr-value	pcr12	qemu_calc	c49f855e3af75e848b59ba801c891ac6233743747ca1927d2e7ddec7accd2d19	1	REJECT	0	0	pcr12: replayed 72e1c6afd8f440bcc1e46e2f9e7b9ec1.. tpm 72e1c6afd8f440bcc1e46e2f9e7b9ef1.. FAIL (4 events) || ATTEST VERIFY FAIL || quote pcrDigest over PCRs [4, 12, 13] == SHA-256(PCR values read back): FAIL || QUOTE VERIFY FAIL	1	REJECT	0	0	pcr12: replayed 72e1c6afd8f440bcc1e46e2f9e7b9ec1.. tpm 72e1c6afd8f440bcc1e46e2f9e7b9ef1.. FAIL (4 events) || ATTEST VERIFY FAIL || quote pcrDigest over PCRs [4, 12, 13] == SHA-256(PCR values read back): FAIL || QUOTE VERIFY FAIL	pcr 12 char 30 c->f
H3pcr-value-016	pcr-value	pcr12	qemu_calc	b41c5dc712cdc7c08dc0e7269dbeb9ed203e17d5139740c21add9724b8423f68	1	REJECT	0	0	pcr12: replayed 72e1c6afd8f440bcc1e46e2f9e7b9ec1.. tpm 72e1c6afd8f440bcc1e46e2f9e7b9ec1.. FAIL (4 events) || ATTEST VERIFY FAIL || quote pcrDigest over PCRs [4, 12, 13] == SHA-256(PCR values read back): FAIL || QUOTE VERIFY FAIL	1	REJECT	0	0	pcr12: replayed 72e1c6afd8f440bcc1e46e2f9e7b9ec1.. tpm 72e1c6afd8f440bcc1e46e2f9e7b9ec1.. FAIL (4 events) || ATTEST VERIFY FAIL || quote pcrDigest over PCRs [4, 12, 13] == SHA-256(PCR values read back): FAIL || QUOTE VERIFY FAIL	pcr 12 char 48 8->6
H3pcr-value-017	pcr-value	pcr13	qemu_calc	8538485563231813f7a6cb90e487e1f0502fc40393734ba77e0cd21980a98a95	1	REJECT	0	0	pcr13: replayed 7449e559e27ec1729be35892bed77696.. tpm 7449e5d9e27ec1729be35892bed77696.. FAIL (2 events) || ATTEST VERIFY FAIL || quote pcrDigest over PCRs [4, 12, 13] == SHA-256(PCR values read back): FAIL || QUOTE VERIFY FAIL	1	REJECT	0	0	pcr13: replayed 7449e559e27ec1729be35892bed77696.. tpm 7449e5d9e27ec1729be35892bed77696.. FAIL (2 events) || ATTEST VERIFY FAIL || quote pcrDigest over PCRs [4, 12, 13] == SHA-256(PCR values read back): FAIL || QUOTE VERIFY FAIL	pcr 13 char 6 5->d
H3pcr-value-018	pcr-value	pcr13	qemu_calc	f2620b0ac64b55c53ff50dee0cbde1d7721c05b9b3ce57a202190edb1a7a6a9c	1	REJECT	0	0	pcr13: replayed 7449e559e27ec1729be35892bed77696.. tpm 7447e559e27ec1729be35892bed77696.. FAIL (2 events) || ATTEST VERIFY FAIL || quote pcrDigest over PCRs [4, 12, 13] == SHA-256(PCR values read back): FAIL || QUOTE VERIFY FAIL	1	REJECT	0	0	pcr13: replayed 7449e559e27ec1729be35892bed77696.. tpm 7447e559e27ec1729be35892bed77696.. FAIL (2 events) || ATTEST VERIFY FAIL || quote pcrDigest over PCRs [4, 12, 13] == SHA-256(PCR values read back): FAIL || QUOTE VERIFY FAIL	pcr 13 char 3 9->7
H3pcr-value-019	pcr-value	pcr13	qemu_calc	a8bd5db8229862c5b54201a34576728cd0adce4721a55235ffc53e0cdb75cdb9	1	REJECT	0	0	pcr13: replayed 7449e559e27ec1729be35892bed77696.. tpm 1449e559e27ec1729be35892bed77696.. FAIL (2 events) || ATTEST VERIFY FAIL || quote pcrDigest over PCRs [4, 12, 13] == SHA-256(PCR values read back): FAIL || QUOTE VERIFY FAIL	1	REJECT	0	0	pcr13: replayed 7449e559e27ec1729be35892bed77696.. tpm 1449e559e27ec1729be35892bed77696.. FAIL (2 events) || ATTEST VERIFY FAIL || quote pcrDigest over PCRs [4, 12, 13] == SHA-256(PCR values read back): FAIL || QUOTE VERIFY FAIL	pcr 13 char 0 7->1
H3pcr-value-020	pcr-value	pcr13	qemu_calc	0b9f67cc64928c1cd0a6577e18f171001fdbe71f5cb83cb8a1f1516343ba5250	1	REJECT	0	0	pcr13: replayed 7449e559e27ec1729be35892bed77696.. tpm 7449e559e27ec1729be35892bed77696.. FAIL (2 events) || ATTEST VERIFY FAIL || quote pcrDigest over PCRs [4, 12, 13] == SHA-256(PCR values read back): FAIL || QUOTE VERIFY FAIL	1	REJECT	0	0	pcr13: replayed 7449e559e27ec1729be35892bed77696.. tpm 7449e559e27ec1729be35892bed77696.. FAIL (2 events) || ATTEST VERIFY FAIL || quote pcrDigest over PCRs [4, 12, 13] == SHA-256(PCR values read back): FAIL || QUOTE VERIFY FAIL	pcr 13 char 39 e->8
H3pcr-value-021	pcr-value	pcr13	qemu_calc	80db75e52e364d80a5f9e3d19b1ad1a44d61e5c22378131f21ccbb5979cd5ffa	1	REJECT	0	0	pcr13: replayed 7449e559e27ec1729be35892bed77696.. tpm 7449e559e27ec1729b835892bed77696.. FAIL (2 events) || ATTEST VERIFY FAIL || quote pcrDigest over PCRs [4, 12, 13] == SHA-256(PCR values read back): FAIL || QUOTE VERIFY FAIL	1	REJECT	0	0	pcr13: replayed 7449e559e27ec1729be35892bed77696.. tpm 7449e559e27ec1729b835892bed77696.. FAIL (2 events) || ATTEST VERIFY FAIL || quote pcrDigest over PCRs [4, 12, 13] == SHA-256(PCR values read back): FAIL || QUOTE VERIFY FAIL	pcr 13 char 18 e->8
H3pcr-value-022	pcr-value	pcr13	qemu_calc	efd580a8ca6f31d20ec477aab8dc9c2ba2a6c78bbe6a21cdcc8833c7ddafa365	1	REJECT	0	0	pcr13: replayed 7449e559e27ec1729be35892bed77696.. tpm 7449e559e27ec1729be35892bed77696.. FAIL (2 events) || ATTEST VERIFY FAIL || quote pcrDigest over PCRs [4, 12, 13] == SHA-256(PCR values read back): FAIL || QUOTE VERIFY FAIL	1	REJECT	0	0	pcr13: replayed 7449e559e27ec1729be35892bed77696.. tpm 7449e559e27ec1729be35892bed77696.. FAIL (2 events) || ATTEST VERIFY FAIL || quote pcrDigest over PCRs [4, 12, 13] == SHA-256(PCR values read back): FAIL || QUOTE VERIFY FAIL	pcr 13 char 58 f->8
H3pcr-value-023	pcr-value	pcr13	qemu_calc	cb909b9f01c0660e016ba0f3afae9441e50ff1fdaad098ab97ac0c80bd229c45	1	REJECT	0	0	pcr13: replayed 7449e559e27ec1729be35892bed77696.. tpm 7449e559e2fec1729be35892bed77696.. FAIL (2 events) || ATTEST VERIFY FAIL || quote pcrDigest over PCRs [4, 12, 13] == SHA-256(PCR values read back): FAIL || QUOTE VERIFY FAIL	1	REJECT	0	0	pcr13: replayed 7449e559e27ec1729be35892bed77696.. tpm 7449e559e2fec1729be35892bed77696.. FAIL (2 events) || ATTEST VERIFY FAIL || quote pcrDigest over PCRs [4, 12, 13] == SHA-256(PCR values read back): FAIL || QUOTE VERIFY FAIL	pcr 13 char 10 7->f
H3pcr-value-024	pcr-value	pcr13	qemu_calc	e2f484502fe34dd2ca38d28392ef650a253286b8d53452658e392a09cbc2339a	1	REJECT	0	0	pcr13: replayed 7449e559e27ec1729be35892bed77696.. tpm 7449e559e27ec1729b135892bed77696.. FAIL (2 events) || ATTEST VERIFY FAIL || quote pcrDigest over PCRs [4, 12, 13] == SHA-256(PCR values read back): FAIL || QUOTE VERIFY FAIL	1	REJECT	0	0	pcr13: replayed 7449e559e27ec1729be35892bed77696.. tpm 7449e559e27ec1729b135892bed77696.. FAIL (2 events) || ATTEST VERIFY FAIL || quote pcrDigest over PCRs [4, 12, 13] == SHA-256(PCR values read back): FAIL || QUOTE VERIFY FAIL	pcr 13 char 18 e->1
H3quote-attest-001	quote-attest	magic	qemu_calc	751670e10133e6c6af6f40c8f9cb107a054bfef3cd9aa0bf494b18ee61e335bb	1	REJECT	1	0	quote attest magic=ff544247 type=8018 FAIL || quote ECDSA-P256/SHA-256 signature over TPMS_ATTEST (openssl): Verification failure FAIL || QUOTE VERIFY FAIL	1	REJECT	1	0	quote attest magic=ff544247 type=8018 FAIL || quote ECDSA-P256/SHA-256 signature over TPMS_ATTEST (openssl): Verification failure FAIL || QUOTE VERIFY FAIL	quote-attest nibble 5 (magic) 3->2
H3quote-attest-002	quote-attest	magic	qemu_calc	9c397f57e2fad989827014d80788a6f344174e41240a1ccf1f8f0a6113226c56	1	REJECT	1	0	quote attest magic=ff542347 type=8018 FAIL || quote ECDSA-P256/SHA-256 signature over TPMS_ATTEST (openssl): Verification failure FAIL || QUOTE VERIFY FAIL	1	REJECT	1	0	quote attest magic=ff542347 type=8018 FAIL || quote ECDSA-P256/SHA-256 signature over TPMS_ATTEST (openssl): Verification failure FAIL || QUOTE VERIFY FAIL	quote-attest nibble 4 (magic) 4->2
H3quote-attest-003	quote-attest	type	qemu_calc	607cd9e296f7fd334f512e022ef2fe79cafa54692fb1f8dbfb40a8eabd7fe093	1	REJECT	1	0	quote attest magic=ff544347 type=d018 FAIL || quote ECDSA-P256/SHA-256 signature over TPMS_ATTEST (openssl): Verification failure FAIL || QUOTE VERIFY FAIL	1	REJECT	1	0	quote attest magic=ff544347 type=d018 FAIL || quote ECDSA-P256/SHA-256 signature over TPMS_ATTEST (openssl): Verification failure FAIL || QUOTE VERIFY FAIL	quote-attest nibble 8 (type) 8->d
H3quote-attest-004	quote-attest	type	qemu_calc	55bce67752f62774f5ab43dd25465a59895f2f48adc190e829041a01e52351c9	1	REJECT	1	0	quote attest magic=ff544347 type=8d18 FAIL || quote ECDSA-P256/SHA-256 signature over TPMS_ATTEST (openssl): Verification failure FAIL || QUOTE VERIFY FAIL	1	REJECT	1	0	quote attest magic=ff544347 type=8d18 FAIL || quote ECDSA-P256/SHA-256 signature over TPMS_ATTEST (openssl): Verification failure FAIL || QUOTE VERIFY FAIL	quote-attest nibble 9 (type) 0->d
H3quote-attest-005	quote-attest	qualifiedSigner.size	qemu_calc	914dec1fb61cd85432d2f8222b26c6dc8715c686cabe81b9cf48934827218281	1	REJECT	1	0	quote extraData == qualifying (916664627197ef7d..): FAIL || quote pcrDigest over PCRs [] == SHA-256(PCR values read back): FAIL || quote ECDSA-P256/SHA-256 signature over TPMS_ATTEST (openssl): Verification failure FAIL || QUOTE VERIFY FAIL	1	REJECT	1	0	quote extraData == qualifying (916664627197ef7d..): FAIL || quote pcrDigest over PCRs [] == SHA-256(PCR values read back): FAIL || quote ECDSA-P256/SHA-256 signature over TPMS_ATTEST (openssl): Verification failure FAIL || QUOTE VERIFY FAIL	quote-attest nibble 13 (qualifiedSigner.size) 0->4
H3quote-attest-006	quote-attest	qualifiedSigner.size	qemu_calc	914dec1fb61cd85432d2f8222b26c6dc8715c686cabe81b9cf48934827218281	1	REJECT	1	0	quote extraData == qualifying (916664627197ef7d..): FAIL || quote pcrDigest over PCRs [] == SHA-256(PCR values read back): FAIL || quote ECDSA-P256/SHA-256 signature over TPMS_ATTEST (openssl): Verification failure FAIL || QUOTE VERIFY FAIL	1	REJECT	1	0	quote extraData == qualifying (916664627197ef7d..): FAIL || quote pcrDigest over PCRs [] == SHA-256(PCR values read back): FAIL || quote ECDSA-P256/SHA-256 signature over TPMS_ATTEST (openssl): Verification failure FAIL || QUOTE VERIFY FAIL	quote-attest nibble 13 (qualifiedSigner.size) 0->4
H3quote-attest-007	quote-attest	qualifiedSigner.name	qemu_calc	274ca9b189a2452c00ff2e0a2d058fb3927bb6040b077e67c70702db31088239	1	REJECT	1	0	quote ECDSA-P256/SHA-256 signature over TPMS_ATTEST (openssl): Verification failure FAIL || QUOTE VERIFY FAIL	1	REJECT	1	0	quote ECDSA-P256/SHA-256 signature over TPMS_ATTEST (openssl): Verification failure FAIL || QUOTE VERIFY FAIL	quote-attest nibble 75 (qualifiedSigner.name) 2->1
H3quote-attest-008	quote-attest	qualifiedSigner.name	qemu_calc	968fa5ce30a69eb53f2ee37f09efe32e62386ed43fdbb1c2a6eaf6b8d3629f80	1	REJECT	1	0	quote ECDSA-P256/SHA-256 signature over TPMS_ATTEST (openssl): Verification failure FAIL || QUOTE VERIFY FAIL	1	REJECT	1	0	quote ECDSA-P256/SHA-256 signature over TPMS_ATTEST (openssl): Verification failure FAIL || QUOTE VERIFY FAIL	quote-attest nibble 48 (qualifiedSigner.name) 9->b
H3quote-attest-009	quote-attest	extraData.size	qemu_calc	491cffaa30416a46eff17edd41903717952535c67bfa0c4b71a4e5a18808bd55	1	REJECT	1	0	QUOTE VERIFY ERROR index out of range	1	REJECT	1	0	QUOTE VERIFY ERROR index out of range	quote-attest nibble 87 (extraData.size) 0->4
H3quote-attest-010	quote-attest	extraData.size	qemu_calc	39079b800711dc8b0d7825044afe694c9a7b66c7da8662ac5fc3798e3940ac1d	1	REJECT	1	0	quote extraData == qualifying (916664627197ef7d..): FAIL || quote pcrDigest over PCRs [] == SHA-256(PCR values read back): FAIL || quote ECDSA-P256/SHA-256 signature over TPMS_ATTEST (openssl): Verification failure FAIL || QUOTE VERIFY FAIL	1	REJECT	1	0	quote extraData == qualifying (916664627197ef7d..): FAIL || quote pcrDigest over PCRs [] == SHA-256(PCR values read back): FAIL || quote ECDSA-P256/SHA-256 signature over TPMS_ATTEST (openssl): Verification failure FAIL || QUOTE VERIFY FAIL	quote-attest nibble 84 (extraData.size) 0->4
H3quote-attest-011	quote-attest	extraData	qemu_calc	dbf052685dbcf0f21bae7fb489cc95d162baf1f0b5825877f0963e864377c867	1	REJECT	1	0	quote extraData == qualifying (916664627197ef7d..): FAIL || quote ECDSA-P256/SHA-256 signature over TPMS_ATTEST (openssl): Verification failure FAIL || QUOTE VERIFY FAIL	1	REJECT	1	0	quote extraData == qualifying (916664627197ef7d..): FAIL || quote ECDSA-P256/SHA-256 signature over TPMS_ATTEST (openssl): Verification failure FAIL || QUOTE VERIFY FAIL	quote-attest nibble 150 (extraData) b->f
H3quote-attest-012	quote-attest	extraData	qemu_calc	7539b3e112684aeb55772f60cc62e9fe6966341f121a6e152b4e7a8a72f175ed	1	REJECT	1	0	quote extraData == qualifying (916664627197ef7d..): FAIL || quote ECDSA-P256/SHA-256 signature over TPMS_ATTEST (openssl): Verification failure FAIL || QUOTE VERIFY FAIL	1	REJECT	1	0	quote extraData == qualifying (916664627197ef7d..): FAIL || quote ECDSA-P256/SHA-256 signature over TPMS_ATTEST (openssl): Verification failure FAIL || QUOTE VERIFY FAIL	quote-attest nibble 116 (extraData) 5->8
H3quote-attest-013	quote-attest	clock	qemu_calc	01b8cb3bcaa23325d1e362e3b743eea7e214a52cdda7c0ef990066a78e6ab43e	1	REJECT	1	0	quote ECDSA-P256/SHA-256 signature over TPMS_ATTEST (openssl): Verification failure FAIL || QUOTE VERIFY FAIL	1	REJECT	1	0	quote ECDSA-P256/SHA-256 signature over TPMS_ATTEST (openssl): Verification failure FAIL || QUOTE VERIFY FAIL	quote-attest nibble 163 (clock) 0->7
H3quote-attest-014	quote-attest	clock	qemu_calc	4bf7422268f9d6e21859b14a6e95cfeef8842f1fa1f1e833fcd946c26059a373	1	REJECT	1	0	quote ECDSA-P256/SHA-256 signature over TPMS_ATTEST (openssl): Verification failure FAIL || QUOTE VERIFY FAIL	1	REJECT	1	0	quote ECDSA-P256/SHA-256 signature over TPMS_ATTEST (openssl): Verification failure FAIL || QUOTE VERIFY FAIL	quote-attest nibble 160 (clock) 0->8
H3quote-attest-015	quote-attest	resetCount	qemu_calc	14abbf541592c7d964ab2e4bc1c23a3c569deac8f7388251815fba8cd6131473	1	REJECT	1	0	quote ECDSA-P256/SHA-256 signature over TPMS_ATTEST (openssl): Verification failure FAIL || QUOTE VERIFY FAIL	1	REJECT	1	0	quote ECDSA-P256/SHA-256 signature over TPMS_ATTEST (openssl): Verification failure FAIL || QUOTE VERIFY FAIL	quote-attest nibble 174 (resetCount) c->b
H3quote-attest-016	quote-attest	resetCount	qemu_calc	9540502cfba535bc8c2a6abf6b395fa73580cd76f9ec3de06d844548a8511364	1	REJECT	1	0	quote ECDSA-P256/SHA-256 signature over TPMS_ATTEST (openssl): Verification failure FAIL || QUOTE VERIFY FAIL	1	REJECT	1	0	quote ECDSA-P256/SHA-256 signature over TPMS_ATTEST (openssl): Verification failure FAIL || QUOTE VERIFY FAIL	quote-attest nibble 171 (resetCount) 5->a
H3quote-attest-017	quote-attest	restartCount	qemu_calc	9db82b3a52c30e797af00021a72b60c4f84dbe277f6137abb51136985df3999e	1	REJECT	1	0	quote ECDSA-P256/SHA-256 signature over TPMS_ATTEST (openssl): Verification failure FAIL || QUOTE VERIFY FAIL	1	REJECT	1	0	quote ECDSA-P256/SHA-256 signature over TPMS_ATTEST (openssl): Verification failure FAIL || QUOTE VERIFY FAIL	quote-attest nibble 177 (restartCount) 9->4
H3quote-attest-018	quote-attest	restartCount	qemu_calc	af6e3b3a37fc0379534c79cebb4e5335fd67053d2c07862795c1a712ff87aa68	1	REJECT	1	0	quote ECDSA-P256/SHA-256 signature over TPMS_ATTEST (openssl): Verification failure FAIL || QUOTE VERIFY FAIL	1	REJECT	1	0	quote ECDSA-P256/SHA-256 signature over TPMS_ATTEST (openssl): Verification failure FAIL || QUOTE VERIFY FAIL	quote-attest nibble 183 (restartCount) e->4
H3quote-attest-019	quote-attest	safe	qemu_calc	bcdfdfde77a9f55044b1a4746a66039978dc6502232323d909614bcf58858f52	1	REJECT	1	0	quote ECDSA-P256/SHA-256 signature over TPMS_ATTEST (openssl): Verification failure FAIL || QUOTE VERIFY FAIL	1	REJECT	1	0	quote ECDSA-P256/SHA-256 signature over TPMS_ATTEST (openssl): Verification failure FAIL || QUOTE VERIFY FAIL	quote-attest nibble 184 (safe) 0->7
H3quote-attest-020	quote-attest	safe	qemu_calc	ac78c9486edbc21765f07b599192b1488ce3b29b8274e7dd125689a5b492228e	1	REJECT	1	0	quote ECDSA-P256/SHA-256 signature over TPMS_ATTEST (openssl): Verification failure FAIL || QUOTE VERIFY FAIL	1	REJECT	1	0	quote ECDSA-P256/SHA-256 signature over TPMS_ATTEST (openssl): Verification failure FAIL || QUOTE VERIFY FAIL	quote-attest nibble 184 (safe) 0->d
H3quote-attest-021	quote-attest	firmwareVersion	qemu_calc	f358a13f3102baee5b979becd9d5d3bc9920155b6af253a6b363e3f050d1b7db	1	REJECT	1	0	quote ECDSA-P256/SHA-256 signature over TPMS_ATTEST (openssl): Verification failure FAIL || QUOTE VERIFY FAIL	1	REJECT	1	0	quote ECDSA-P256/SHA-256 signature over TPMS_ATTEST (openssl): Verification failure FAIL || QUOTE VERIFY FAIL	quote-attest nibble 187 (firmwareVersion) a->6
H3quote-attest-022	quote-attest	firmwareVersion	qemu_calc	83fed530e89b0f41b0056b62dc84dfa4b8ca7a16c4741c4b3683b70f2ddaa0cc	1	REJECT	1	0	quote ECDSA-P256/SHA-256 signature over TPMS_ATTEST (openssl): Verification failure FAIL || QUOTE VERIFY FAIL	1	REJECT	1	0	quote ECDSA-P256/SHA-256 signature over TPMS_ATTEST (openssl): Verification failure FAIL || QUOTE VERIFY FAIL	quote-attest nibble 186 (firmwareVersion) 8->f
H3quote-attest-023	quote-attest	pcrSelect.count	qemu_calc	c317d91cb9842b5cafaddec7667f06fc1d5549e9f4972b431ec41e84d07b2df8	1	REJECT	1	0	QUOTE VERIFY ERROR index out of range	1	REJECT	1	0	QUOTE VERIFY ERROR index out of range	quote-attest nibble 206 (pcrSelect.count) 0->1
H3quote-attest-024	quote-attest	pcrSelect.count	qemu_calc	c883aefdefc66d4d35ce5f8bc3dec795dc859bde2ec7bbd2b742ecf49f9957ec	1	REJECT	1	0	QUOTE VERIFY ERROR index out of range	1	REJECT	1	0	QUOTE VERIFY ERROR index out of range	quote-attest nibble 206 (pcrSelect.count) 0->d
H3quote-attest-025	quote-attest	pcrSelect.hashAlg	qemu_calc	4f0d82579f2133f7abf40f2f9f00dbb9f45649d49fbf319db86031dc092de2e9	1	REJECT	1	0	quote ECDSA-P256/SHA-256 signature over TPMS_ATTEST (openssl): Verification failure FAIL || QUOTE VERIFY FAIL	1	REJECT	1	0	quote ECDSA-P256/SHA-256 signature over TPMS_ATTEST (openssl): Verification failure FAIL || QUOTE VERIFY FAIL	quote-attest nibble 211 (pcrSelect.hashAlg) 0->c
H3quote-attest-026	quote-attest	pcrSelect.hashAlg	qemu_calc	f66ab468da2b6fddc559832c2c53a5c1997264c2369a181f6f5021daf63c4ea1	1	REJECT	1	0	quote ECDSA-P256/SHA-256 signature over TPMS_ATTEST (openssl): Verification failure FAIL || QUOTE VERIFY FAIL	1	REJECT	1	0	quote ECDSA-P256/SHA-256 signature over TPMS_ATTEST (openssl): Verification failure FAIL || QUOTE VERIFY FAIL	quote-attest nibble 210 (pcrSelect.hashAlg) 0->a
H3quote-attest-027	quote-attest	pcrSelect.sizeofSelect	qemu_calc	a748ab83adda769b8b7e8e72c272960f286301a53f4fa8f77f4923174f5c5c85	1	REJECT	1	0	quote pcrDigest over PCRs [4, 12, 13, 37, 40, 42, 43, 44, 46, 47, 48, 55, 56, 57, 58, 61, 67, 69, 71, 72, 77, 78, 79, 82, 83, 84, 86, 88, 89, 90, 92, 93, 99, 101, 102, 104, 105, 107, 110, 111, 115, 116, 119, 123, 125, 128, 129, 133, 134, 137, 141, 143, 145, 147, 150, 151] == SHA-256(PCR values read	1	REJECT	1	0	quote pcrDigest over PCRs [4, 12, 13, 37, 40, 42, 43, 44, 46, 47, 48, 55, 56, 57, 58, 61, 67, 69, 71, 72, 77, 78, 79, 82, 83, 84, 86, 88, 89, 90, 92, 93, 99, 101, 102, 104, 105, 107, 110, 111, 115, 116, 119, 123, 125, 128, 129, 133, 134, 137, 141, 143, 145, 147, 150, 151] == SHA-256(PCR values read	quote-attest nibble 214 (pcrSelect.sizeofSelect) 0->1
H3quote-attest-028	quote-attest	pcrSelect.sizeofSelect	qemu_calc	2d01ac60a5af6459bdc8b9400a06667fa44fb7c8004ab43de684bffae391dd6a	1	REJECT	1	0	quote pcrDigest over PCRs [4, 12, 13, 37, 40, 42, 43, 44, 46, 47, 48, 55, 56, 57, 58, 61, 67, 69, 71, 72, 77, 78, 79, 82, 83, 84, 86, 88, 89, 90, 92, 93, 99, 101, 102, 104, 105, 107, 110, 111, 115, 116, 119, 123, 125, 128, 129, 133, 134, 137, 141, 143, 145, 147, 150, 151, 153, 154, 155, 156, 158, 16	1	REJECT	1	0	quote pcrDigest over PCRs [4, 12, 13, 37, 40, 42, 43, 44, 46, 47, 48, 55, 56, 57, 58, 61, 67, 69, 71, 72, 77, 78, 79, 82, 83, 84, 86, 88, 89, 90, 92, 93, 99, 101, 102, 104, 105, 107, 110, 111, 115, 116, 119, 123, 125, 128, 129, 133, 134, 137, 141, 143, 145, 147, 150, 151, 153, 154, 155, 156, 158, 16	quote-attest nibble 214 (pcrSelect.sizeofSelect) 0->5
H3quote-attest-029	quote-attest	pcrSelect.bitmap	qemu_calc	eaeb17e8646091844455eb5bb7ddbea6c02b48a2aa1a08eb928383c550f7dc9c	1	REJECT	1	0	quote pcrDigest over PCRs [4, 12, 13, 17, 19] == SHA-256(PCR values read back): FAIL || quote ECDSA-P256/SHA-256 signature over TPMS_ATTEST (openssl): Verification failure FAIL || QUOTE VERIFY FAIL	1	REJECT	1	0	quote pcrDigest over PCRs [4, 12, 13, 17, 19] == SHA-256(PCR values read back): FAIL || quote ECDSA-P256/SHA-256 signature over TPMS_ATTEST (openssl): Verification failure FAIL || QUOTE VERIFY FAIL	quote-attest nibble 221 (pcrSelect.bitmap) 0->a
H3quote-attest-030	quote-attest	pcrSelect.bitmap	qemu_calc	79470a1b6e226608963f2c97953cfbfee286f892a3bf0f319baecae3cdd33e7e	1	REJECT	1	0	quote pcrDigest over PCRs [4, 15] == SHA-256(PCR values read back): FAIL || quote ECDSA-P256/SHA-256 signature over TPMS_ATTEST (openssl): Verification failure FAIL || QUOTE VERIFY FAIL	1	REJECT	1	0	quote pcrDigest over PCRs [4, 15] == SHA-256(PCR values read back): FAIL || quote ECDSA-P256/SHA-256 signature over TPMS_ATTEST (openssl): Verification failure FAIL || QUOTE VERIFY FAIL	quote-attest nibble 218 (pcrSelect.bitmap) 3->8
H3quote-attest-031	quote-attest	pcrDigest.size	qemu_calc	d91f92cb387d3713ff4d6bb59f52bbe0270053c9997de7691374169cbb578ae0	1	REJECT	1	0	quote ECDSA-P256/SHA-256 signature over TPMS_ATTEST (openssl): Verification failure FAIL || QUOTE VERIFY FAIL	1	REJECT	1	0	quote ECDSA-P256/SHA-256 signature over TPMS_ATTEST (openssl): Verification failure FAIL || QUOTE VERIFY FAIL	quote-attest nibble 224 (pcrDigest.size) 2->4
H3quote-attest-032	quote-attest	pcrDigest.size	qemu_calc	a829c913c610f9c466a6a9af3c730ebc993739b43544e42c91514b73d4dbf876	1	REJECT	1	0	quote ECDSA-P256/SHA-256 signature over TPMS_ATTEST (openssl): Verification failure FAIL || QUOTE VERIFY FAIL	1	REJECT	1	0	quote ECDSA-P256/SHA-256 signature over TPMS_ATTEST (openssl): Verification failure FAIL || QUOTE VERIFY FAIL	quote-attest nibble 224 (pcrDigest.size) 2->e
H3quote-attest-033	quote-attest	pcrDigest	qemu_calc	3dee73d4ab3b223f13ac3446d5bb0b6f5ee3abad6bf480fee279135fdd382226	1	REJECT	1	0	quote pcrDigest over PCRs [4, 12, 13] == SHA-256(PCR values read back): FAIL || quote ECDSA-P256/SHA-256 signature over TPMS_ATTEST (openssl): Verification failure FAIL || QUOTE VERIFY FAIL	1	REJECT	1	0	quote pcrDigest over PCRs [4, 12, 13] == SHA-256(PCR values read back): FAIL || quote ECDSA-P256/SHA-256 signature over TPMS_ATTEST (openssl): Verification failure FAIL || QUOTE VERIFY FAIL	quote-attest nibble 258 (pcrDigest) b->6
H3quote-attest-034	quote-attest	pcrDigest	qemu_calc	785a7fea05675edc75997b587d2428e61a50f4bf6dd3b40449e36761a0c5747b	1	REJECT	1	0	quote pcrDigest over PCRs [4, 12, 13] == SHA-256(PCR values read back): FAIL || quote ECDSA-P256/SHA-256 signature over TPMS_ATTEST (openssl): Verification failure FAIL || QUOTE VERIFY FAIL	1	REJECT	1	0	quote pcrDigest over PCRs [4, 12, 13] == SHA-256(PCR values read back): FAIL || quote ECDSA-P256/SHA-256 signature over TPMS_ATTEST (openssl): Verification failure FAIL || QUOTE VERIFY FAIL	quote-attest nibble 230 (pcrDigest) 2->7
H3quote-signature-001	quote-signature	quote-sig-r	qemu_calc	ee1c224dd44815c7f5af8c8368074c690521228018ddbe6fd29a2a6b918434de	1	REJECT	1	0	quote ECDSA-P256/SHA-256 signature over TPMS_ATTEST (openssl): Verification failure FAIL || QUOTE VERIFY FAIL	1	REJECT	1	0	quote ECDSA-P256/SHA-256 signature over TPMS_ATTEST (openssl): Verification failure FAIL || QUOTE VERIFY FAIL	quote-sig-r char 56 c->3
H3quote-signature-002	quote-signature	quote-sig-r	qemu_calc	d57c3d4964a92f394df284e8da2ef3d974dbc69cfdce137d64bbd2fa5e22704c	1	REJECT	1	0	quote ECDSA-P256/SHA-256 signature over TPMS_ATTEST (openssl): Verification failure FAIL || QUOTE VERIFY FAIL	1	REJECT	1	0	quote ECDSA-P256/SHA-256 signature over TPMS_ATTEST (openssl): Verification failure FAIL || QUOTE VERIFY FAIL	quote-sig-r char 11 d->a
H3quote-signature-003	quote-signature	quote-sig-r	qemu_calc	dc6682032c0bf3e9365ac8728eb3266036e3049003a21966b4325312469773c7	1	REJECT	1	0	quote ECDSA-P256/SHA-256 signature over TPMS_ATTEST (openssl): Verification failure FAIL || QUOTE VERIFY FAIL	1	REJECT	1	0	quote ECDSA-P256/SHA-256 signature over TPMS_ATTEST (openssl): Verification failure FAIL || QUOTE VERIFY FAIL	quote-sig-r char 44 b->4
H3quote-signature-004	quote-signature	quote-sig-r	qemu_calc	d745405c934c0086e5ba89d3b1c418a5474a9fd958c1e7a59455edc8918c6978	1	REJECT	1	0	quote ECDSA-P256/SHA-256 signature over TPMS_ATTEST (openssl): Verification failure FAIL || QUOTE VERIFY FAIL	1	REJECT	1	0	quote ECDSA-P256/SHA-256 signature over TPMS_ATTEST (openssl): Verification failure FAIL || QUOTE VERIFY FAIL	quote-sig-r char 8 9->4
H3quote-signature-005	quote-signature	quote-sig-r	qemu_calc	6e960b3360f19d42b598eda48a237357a07b61ea341d9b1bfa28cb33eeba9f07	1	REJECT	1	0	quote ECDSA-P256/SHA-256 signature over TPMS_ATTEST (openssl): Verification failure FAIL || QUOTE VERIFY FAIL	1	REJECT	1	0	quote ECDSA-P256/SHA-256 signature over TPMS_ATTEST (openssl): Verification failure FAIL || QUOTE VERIFY FAIL	quote-sig-r char 58 5->8
H3quote-signature-006	quote-signature	quote-sig-r	qemu_calc	de73b44639bda57b832264027c68ac1bd80c674bbb2998e22851e9ef5a7456da	1	REJECT	1	0	quote ECDSA-P256/SHA-256 signature over TPMS_ATTEST (openssl): Verification failure FAIL || QUOTE VERIFY FAIL	1	REJECT	1	0	quote ECDSA-P256/SHA-256 signature over TPMS_ATTEST (openssl): Verification failure FAIL || QUOTE VERIFY FAIL	quote-sig-r char 19 0->a
H3quote-signature-007	quote-signature	quote-sig-s	qemu_calc	c22459e5501166bbf9d9237363c49909c1a8e99a3eaf7e7b3c1466b71482c219	1	REJECT	1	0	quote ECDSA-P256/SHA-256 signature over TPMS_ATTEST (openssl): Verification failure FAIL || QUOTE VERIFY FAIL	1	REJECT	1	0	quote ECDSA-P256/SHA-256 signature over TPMS_ATTEST (openssl): Verification failure FAIL || QUOTE VERIFY FAIL	quote-sig-s char 1 3->e
H3quote-signature-008	quote-signature	quote-sig-s	qemu_calc	1c92dae1a414fa6199c89ce1c06c94fa5f7bade26857f062b50b9492cd5dd390	1	REJECT	1	0	quote ECDSA-P256/SHA-256 signature over TPMS_ATTEST (openssl): Verification failure FAIL || QUOTE VERIFY FAIL	1	REJECT	1	0	quote ECDSA-P256/SHA-256 signature over TPMS_ATTEST (openssl): Verification failure FAIL || QUOTE VERIFY FAIL	quote-sig-s char 12 1->a
H3quote-signature-009	quote-signature	quote-sig-s	qemu_calc	c58992af39b7cbbd681f18edff414ddfdd8c14561e38c49a602784d245241ca3	1	REJECT	1	0	quote ECDSA-P256/SHA-256 signature over TPMS_ATTEST (openssl): Verification failure FAIL || QUOTE VERIFY FAIL	1	REJECT	1	0	quote ECDSA-P256/SHA-256 signature over TPMS_ATTEST (openssl): Verification failure FAIL || QUOTE VERIFY FAIL	quote-sig-s char 31 1->f
H3quote-signature-010	quote-signature	quote-sig-s	qemu_calc	4e52ff3362aa0d352609809ed4f5c54e764ce9ba14dd02e111d57d4ba65e7fda	1	REJECT	1	0	quote ECDSA-P256/SHA-256 signature over TPMS_ATTEST (openssl): Verification failure FAIL || QUOTE VERIFY FAIL	1	REJECT	1	0	quote ECDSA-P256/SHA-256 signature over TPMS_ATTEST (openssl): Verification failure FAIL || QUOTE VERIFY FAIL	quote-sig-s char 4 c->5
H3quote-signature-011	quote-signature	quote-sig-s	qemu_calc	93c43ec04c202fd61c591c91649424a2c1e8fad84f9ec3af3a0ad6288f6da04b	1	REJECT	1	0	quote ECDSA-P256/SHA-256 signature over TPMS_ATTEST (openssl): Verification failure FAIL || QUOTE VERIFY FAIL	1	REJECT	1	0	quote ECDSA-P256/SHA-256 signature over TPMS_ATTEST (openssl): Verification failure FAIL || QUOTE VERIFY FAIL	quote-sig-s char 50 3->c
H3quote-signature-012	quote-signature	quote-sig-s	qemu_calc	e8b7eaf746c4143cdc844bebb30ed74a41be5a999b53fd69c0bb25161516c1c9	1	REJECT	1	0	quote ECDSA-P256/SHA-256 signature over TPMS_ATTEST (openssl): Verification failure FAIL || QUOTE VERIFY FAIL	1	REJECT	1	0	quote ECDSA-P256/SHA-256 signature over TPMS_ATTEST (openssl): Verification failure FAIL || QUOTE VERIFY FAIL	quote-sig-s char 48 c->4
H3quote-qualifying-001	quote-qualifying	quote-qualifying	qemu_calc	ab87bbc0a0c438aa176fd0d58669898cddcbbb9f919689d5edf94269045d70ea	1	REJECT	1	0	quote extraData == qualifying (916664627197e77d..): FAIL || QUOTE VERIFY FAIL	1	REJECT	1	0	quote extraData == qualifying (916664627197e77d..): FAIL || quote qualifying == SHA-256(RECEIPT.TXT): FAIL || QUOTE VERIFY FAIL	quote-qualifying char 13 f->7
H3quote-qualifying-002	quote-qualifying	quote-qualifying	qemu_calc	ba00991b7533dfb82fca85977a2d738131672ec94a6a4a579eda14aab2f5385e	1	REJECT	1	0	quote extraData == qualifying (916664627197ef7d..): FAIL || QUOTE VERIFY FAIL	1	REJECT	1	0	quote extraData == qualifying (916664627197ef7d..): FAIL || quote qualifying == SHA-256(RECEIPT.TXT): FAIL || QUOTE VERIFY FAIL	quote-qualifying char 20 4->c
H3quote-qualifying-003	quote-qualifying	quote-qualifying	qemu_calc	3b0365d4faf6df9537e8010a78271d47ee5c8a8510b769bd2f15547d7c57f3ce	1	REJECT	1	0	quote extraData == qualifying (916664627197ef7d..): FAIL || QUOTE VERIFY FAIL	1	REJECT	1	0	quote extraData == qualifying (916664627197ef7d..): FAIL || quote qualifying == SHA-256(RECEIPT.TXT): FAIL || QUOTE VERIFY FAIL	quote-qualifying char 43 b->8
H3quote-qualifying-004	quote-qualifying	quote-qualifying	qemu_calc	e515cadeea66f77d2bef842948c5adb7d96ca01bb128fa732bb2f4c07dae4e0f	1	REJECT	1	0	quote extraData == qualifying (916664627197ef7d..): FAIL || QUOTE VERIFY FAIL	1	REJECT	1	0	quote extraData == qualifying (916664627197ef7d..): FAIL || quote qualifying == SHA-256(RECEIPT.TXT): FAIL || QUOTE VERIFY FAIL	quote-qualifying char 32 c->2
H3quote-qualifying-005	quote-qualifying	quote-qualifying	qemu_calc	611a94c4c9b2a133f75383ec1759f5322099d80358d4cc81a4e34ea44a6dc2b1	1	REJECT	1	0	quote extraData == qualifying (916664627197ef7d..): FAIL || QUOTE VERIFY FAIL	1	REJECT	1	0	quote extraData == qualifying (916664627197ef7d..): FAIL || quote qualifying == SHA-256(RECEIPT.TXT): FAIL || QUOTE VERIFY FAIL	quote-qualifying char 18 2->f
H3quote-qualifying-006	quote-qualifying	quote-qualifying	qemu_calc	225d8fb1fdef032fe5bf87fb5ff42e6d1ef1740591f028bdb49616211c80915d	1	REJECT	1	0	quote extraData == qualifying (916664627197ef7d..): FAIL || QUOTE VERIFY FAIL	1	REJECT	1	0	quote extraData == qualifying (916664627197ef7d..): FAIL || quote qualifying == SHA-256(RECEIPT.TXT): FAIL || QUOTE VERIFY FAIL	quote-qualifying char 31 2->8
H3quote-qualifying-007	quote-qualifying	quote-qualifying	qemu_calc	37eb1e0419e8c08f804bc57c8b7903f3cdb45f945f6548436bae35c495fad7b8	1	REJECT	1	0	quote extraData == qualifying (916664627197ef7d..): FAIL || QUOTE VERIFY FAIL	1	REJECT	1	0	quote extraData == qualifying (916664627197ef7d..): FAIL || quote qualifying == SHA-256(RECEIPT.TXT): FAIL || QUOTE VERIFY FAIL	quote-qualifying char 43 b->f
H3quote-qualifying-008	quote-qualifying	quote-qualifying	qemu_calc	5a51b68788b7825120be293ae770b8b5cacc33064e2c353c9e0a79800da09884	1	REJECT	1	0	quote extraData == qualifying (916664627197ef7d..): FAIL || QUOTE VERIFY FAIL	1	REJECT	1	0	quote extraData == qualifying (916664627197ef7d..): FAIL || quote qualifying == SHA-256(RECEIPT.TXT): FAIL || QUOTE VERIFY FAIL	quote-qualifying char 32 c->4
H3quote-pubkey-001	quote-pubkey	quote-pub-x	qemu_calc	e04973745afae7e6ba43dd4dbe1d1d155cf44338293579f95243968c29f69fe4	1	REJECT	1	0	QUOTE VERIFY ERROR Command '['openssl', 'pkey', '-pubin', '-inform', 'DER', '-in', '/tmp/tmp929ddaic/pub.der', '-out', '/tmp/tmp929ddaic/pub.pem']' returned non-zero exit status 1.	1	REJECT	1	0	QUOTE VERIFY ERROR Command '['openssl', 'pkey', '-pubin', '-inform', 'DER', '-in', '/tmp/tmpz9mxv80_/pub.der', '-out', '/tmp/tmpz9mxv80_/pub.pem']' returned non-zero exit status 1.	quote-pub-x char 28 f->4
H3quote-pubkey-002	quote-pubkey	quote-pub-x	qemu_calc	828091ed2e885b3f4122b8059f43ab7003c8e48cf1ed89fcf8c02cc5a151685e	1	REJECT	1	0	QUOTE VERIFY ERROR Command '['openssl', 'pkey', '-pubin', '-inform', 'DER', '-in', '/tmp/tmpakwvv7wr/pub.der', '-out', '/tmp/tmpakwvv7wr/pub.pem']' returned non-zero exit status 1.	1	REJECT	1	0	QUOTE VERIFY ERROR Command '['openssl', 'pkey', '-pubin', '-inform', 'DER', '-in', '/tmp/tmp8h62aulk/pub.der', '-out', '/tmp/tmp8h62aulk/pub.pem']' returned non-zero exit status 1.	quote-pub-x char 5 7->0
H3quote-pubkey-003	quote-pubkey	quote-pub-x	qemu_calc	059a72346c4ea01225b8f8e2b08aa9ea246932bc485c6ac7d44f7aa76103e0cb	1	REJECT	1	0	QUOTE VERIFY ERROR Command '['openssl', 'pkey', '-pubin', '-inform', 'DER', '-in', '/tmp/tmpdf49evew/pub.der', '-out', '/tmp/tmpdf49evew/pub.pem']' returned non-zero exit status 1.	1	REJECT	1	0	QUOTE VERIFY ERROR Command '['openssl', 'pkey', '-pubin', '-inform', 'DER', '-in', '/tmp/tmpio39h7b_/pub.der', '-out', '/tmp/tmpio39h7b_/pub.pem']' returned non-zero exit status 1.	quote-pub-x char 31 d->6
H3quote-pubkey-004	quote-pubkey	quote-pub-x	qemu_calc	293dea3349d3f2431fe053a52f10765aa90652cf3c1b1f5c1a223fce02378e18	1	REJECT	1	0	QUOTE VERIFY ERROR Command '['openssl', 'pkey', '-pubin', '-inform', 'DER', '-in', '/tmp/tmpoug1de19/pub.der', '-out', '/tmp/tmpoug1de19/pub.pem']' returned non-zero exit status 1.	1	REJECT	1	0	QUOTE VERIFY ERROR Command '['openssl', 'pkey', '-pubin', '-inform', 'DER', '-in', '/tmp/tmp0bubuo68/pub.der', '-out', '/tmp/tmp0bubuo68/pub.pem']' returned non-zero exit status 1.	quote-pub-x char 60 1->7
H3quote-pubkey-005	quote-pubkey	quote-pub-y	qemu_calc	dbd9d44ee2bfd1f6f9aee94d93013e95d5448e0061528d0fd0bcd4d5b25519e0	1	REJECT	1	0	QUOTE VERIFY ERROR Command '['openssl', 'pkey', '-pubin', '-inform', 'DER', '-in', '/tmp/tmpnx2o1boc/pub.der', '-out', '/tmp/tmpnx2o1boc/pub.pem']' returned non-zero exit status 1.	1	REJECT	1	0	QUOTE VERIFY ERROR Command '['openssl', 'pkey', '-pubin', '-inform', 'DER', '-in', '/tmp/tmpinm3l01h/pub.der', '-out', '/tmp/tmpinm3l01h/pub.pem']' returned non-zero exit status 1.	quote-pub-y char 24 e->8
H3quote-pubkey-006	quote-pubkey	quote-pub-y	qemu_calc	b4295ab919e3282557988b872d5b4e8046aa8469382755459d9c36e205f708ac	1	REJECT	1	0	QUOTE VERIFY ERROR Command '['openssl', 'pkey', '-pubin', '-inform', 'DER', '-in', '/tmp/tmp5wokf632/pub.der', '-out', '/tmp/tmp5wokf632/pub.pem']' returned non-zero exit status 1.	1	REJECT	1	0	QUOTE VERIFY ERROR Command '['openssl', 'pkey', '-pubin', '-inform', 'DER', '-in', '/tmp/tmpist0c6jd/pub.der', '-out', '/tmp/tmpist0c6jd/pub.pem']' returned non-zero exit status 1.	quote-pub-y char 58 6->e
H3quote-pubkey-007	quote-pubkey	quote-pub-y	qemu_calc	cb9e43660186cad4907cbdd2a5796c9d061bf8007200aed077b67c31f6dfa49c	1	REJECT	1	0	QUOTE VERIFY ERROR Command '['openssl', 'pkey', '-pubin', '-inform', 'DER', '-in', '/tmp/tmp5fzslgaw/pub.der', '-out', '/tmp/tmp5fzslgaw/pub.pem']' returned non-zero exit status 1.	1	REJECT	1	0	QUOTE VERIFY ERROR Command '['openssl', 'pkey', '-pubin', '-inform', 'DER', '-in', '/tmp/tmp630u4di0/pub.der', '-out', '/tmp/tmp630u4di0/pub.pem']' returned non-zero exit status 1.	quote-pub-y char 15 b->e
H3quote-pubkey-008	quote-pubkey	quote-pub-y	qemu_calc	221614ae30e7c1545024c3e1c9fa0e163790d1a5236dfbcf742875f60eccfd33	1	REJECT	1	0	QUOTE VERIFY ERROR Command '['openssl', 'pkey', '-pubin', '-inform', 'DER', '-in', '/tmp/tmphw05as7q/pub.der', '-out', '/tmp/tmphw05as7q/pub.pem']' returned non-zero exit status 1.	1	REJECT	1	0	QUOTE VERIFY ERROR Command '['openssl', 'pkey', '-pubin', '-inform', 'DER', '-in', '/tmp/tmp_bgqi3x6/pub.der', '-out', '/tmp/tmp_bgqi3x6/pub.pem']' returned non-zero exit status 1.	quote-pub-y char 44 b->a
H3event-line-001	event-line	pcr4/sha256	qemu_calc	ef8414017d571d207e4f66962d495698aa41bebcbf59e5daf8dfabe18b00c9b3	0	ACCEPT	1	1		0	ACCEPT	1	1		event pcr=4 line 9: sha256 char 16 9->6
H3event-line-002	event-line	pcr4/data	qemu_calc	5c412ad50fa069daca2d7c45f76ddd4f2d75483d9b8aef38f1aaea17a5e6d5b3	0	ACCEPT	1	1		0	ACCEPT	1	1		event pcr=4 line 9: data char 15 l->w
H3event-line-003	event-line	pcr4/type	qemu_calc	6c68ee58783b9b6b10aeefcf26ac464684d863e115c53c89a623fcdd48286e8b	0	ACCEPT	1	1		0	ACCEPT	1	1		event pcr=4 line 9: type char 5 0->8
H3event-line-004	event-line	pcr4/delete	qemu_calc	24801d467cac932ce08a2c9e4a8e23512af931588c1bfa5bd44fc7f78e430065	0	ACCEPT	1	1		0	ACCEPT	1	1		event pcr=4 line 9 deleted
H3event-line-005	event-line	pcr4/sha256	qemu_calc	35a46382f047e45bf4be18c2403eb555767e35233d0cd892891b49b57628b0be	0	ACCEPT	1	1		0	ACCEPT	1	1		event pcr=4 line 10: sha256 char 9 4->5
H3event-line-006	event-line	pcr4/data	qemu_calc	6c6825676866d8a09391ec9f74926c3c37d82c4c10cc6281d8fb5c65840a82fb	0	ACCEPT	1	1		0	ACCEPT	1	1		event pcr=4 line 10: data char 7 0->8
H3event-line-007	event-line	pcr4/type	qemu_calc	f58ec68345671d3df19b806103475ec563ee372cbfacc8481b7c5e2d2051d77b	0	ACCEPT	1	1		0	ACCEPT	1	1		event pcr=4 line 10: type char 0 4->a
H3event-line-008	event-line	pcr4/delete	qemu_calc	ddb4c0556c77b1efbf5ea5b4e3bee175f47d02d54b95ba9c8d74071927c59eb7	0	ACCEPT	1	1		0	ACCEPT	1	1		event pcr=4 line 10 deleted
H3event-line-009	event-line	pcr4/sha256	qemu_calc	51a9941e3725f382669d76a2e99cfd1e9daa4168dc82e22bfd659fcc771d2362	0	ACCEPT	1	1		0	ACCEPT	1	1		event pcr=4 line 11: sha256 char 19 f->3
H3event-line-010	event-line	pcr4/data	qemu_calc	b34a438c59f2a0c40afbbcbd179ccef5eec010e087be3552eeeaa04bff79f2c3	0	ACCEPT	1	1		0	ACCEPT	1	1		event pcr=4 line 11: data char 88 0->8
H3event-line-011	event-line	pcr4/type	qemu_calc	d08f0b70471b97d91b7600ef9da3b388f0d50bed074110e0219bc604c371085a	0	ACCEPT	1	1		0	ACCEPT	1	1		event pcr=4 line 11: type char 2 0->5
H3event-line-012	event-line	pcr4/delete	qemu_calc	78fa18b32515c2a2d073d329d65a14ddfe02dd2e98c1d33f24ccdf98495a7aac	0	ACCEPT	1	1		0	ACCEPT	1	1		event pcr=4 line 11 deleted
H3event-line-013	event-line	pcr12/sha256	qemu_calc	8190c19a965d2917311c029b20edcd738f29eef1276ab8a89be912fd4930e459	1	REJECT	0	1	eventlog pcr=12 sha256=210878ef90c1312f.. MISSING :: AEGIS-MEASURE v0 artifact=MODEL.SAF bytes=3197143 sha256=a44 || ATTEST VERIFY FAIL	1	REJECT	0	1	eventlog pcr=12 sha256=210878ef90c1312f.. MISSING :: AEGIS-MEASURE v0 artifact=MODEL.SAF bytes=3197143 sha256=a44 || ATTEST VERIFY FAIL	event pcr=12 line 12: sha256 char 7 f->c
H3event-line-014	event-line	pcr12/data	qemu_calc	7b1ffed8b6a7fbaf3b53474dcbc082bc44122959d21471fbed3ae063f047e356	1	REJECT	0	1	eventlog pcr=12 sha256=210878ef90c1312f.. MISSING :: AEGIS-MEASURE v0 artifact=MODEL.SAF bytes=3197143 sha256=a44 || ATTEST VERIFY FAIL	1	REJECT	0	1	eventlog pcr=12 sha256=210878ef90c1312f.. MISSING :: AEGIS-MEASURE v0 artifact=MODEL.SAF bytes=3197143 sha256=a44 || ATTEST VERIFY FAIL	event pcr=12 line 12: data char 110 a->e
H3event-line-015	event-line	pcr12/type	qemu_calc	a84a25642a5f6119664562547d6d1e7f01a1c8d1e8d3cd98a8b3e477ebf00310	0	ACCEPT	1	1		0	ACCEPT	1	1		event pcr=12 line 12: type char 0 d->9
H3event-line-016	event-line	pcr12/delete	qemu_calc	c995669a655f7f1560a963311a17beb25f11fae3ad91fbbd549eb8dc5ef71473	1	REJECT	0	1	eventlog pcr=12 sha256=210878ef90c1312f.. MISSING :: AEGIS-MEASURE v0 artifact=MODEL.SAF bytes=3197143 sha256=a44 || ATTEST VERIFY FAIL	1	REJECT	0	1	eventlog pcr=12 sha256=210878ef90c1312f.. MISSING :: AEGIS-MEASURE v0 artifact=MODEL.SAF bytes=3197143 sha256=a44 || ATTEST VERIFY FAIL	event pcr=12 line 12 deleted
H3event-line-017	event-line	pcr12/sha256	qemu_calc	107f5989f61b2b78d25cb67d6ac7e038cc164dee6714a520bf47159e3a5be433	1	REJECT	0	1	eventlog pcr=12 sha256=aab33e3ff4e4e365.. MISSING :: AEGIS-MEASURE v0 artifact=EMBED.BIN bytes=9437184 sha256=8cb || ATTEST VERIFY FAIL	1	REJECT	0	1	eventlog pcr=12 sha256=aab33e3ff4e4e365.. MISSING :: AEGIS-MEASURE v0 artifact=EMBED.BIN bytes=9437184 sha256=8cb || ATTEST VERIFY FAIL	event pcr=12 line 13: sha256 char 8 f->9
H3event-line-018	event-line	pcr12/data	qemu_calc	c2e68bd43496b86b4d7e77f2ef9226d7b319801451c8df385f770ca4f2c439ce	1	REJECT	0	1	eventlog pcr=12 sha256=aab33e3ff4e4e365.. MISSING :: AEGIS-MEASURE v0 artifact=EMBED.BIN bytes=9437184 sha256=8cb || ATTEST VERIFY FAIL	1	REJECT	0	1	eventlog pcr=12 sha256=aab33e3ff4e4e365.. MISSING :: AEGIS-MEASURE v0 artifact=EMBED.BIN bytes=9437184 sha256=8cb || ATTEST VERIFY FAIL	event pcr=12 line 13: data char 101 4->8
H3event-line-019	event-line	pcr12/type	qemu_calc	eba0987b2ffd2a4c6f778b8f41bc19c36c36bdb7daee7c8f5fa5fefc3b7eace3	0	ACCEPT	1	1		0	ACCEPT	1	1		event pcr=12 line 13: type char 0 d->8
H3event-line-020	event-line	pcr12/delete	qemu_calc	d0c3e6bc8539f8e4855c2b97bf7c87fc2c733a943ae28b45713a2e19fef88d46	1	REJECT	0	1	eventlog pcr=12 sha256=aab33e3ff4e4e365.. MISSING :: AEGIS-MEASURE v0 artifact=EMBED.BIN bytes=9437184 sha256=8cb || ATTEST VERIFY FAIL	1	REJECT	0	1	eventlog pcr=12 sha256=aab33e3ff4e4e365.. MISSING :: AEGIS-MEASURE v0 artifact=EMBED.BIN bytes=9437184 sha256=8cb || ATTEST VERIFY FAIL	event pcr=12 line 13 deleted
H3event-line-021	event-line	pcr12/sha256	qemu_calc	aea6c7030512aab54f59ea2d148315c527548af688e1dc46bf12c84dfa28a6ef	1	REJECT	0	1	eventlog pcr=12 sha256=07978154b4248dde.. MISSING :: AEGIS-MEASURE v0 artifact=VOCAB.BIN bytes=253377 sha256=a4ca || ATTEST VERIFY FAIL	1	REJECT	0	1	eventlog pcr=12 sha256=07978154b4248dde.. MISSING :: AEGIS-MEASURE v0 artifact=VOCAB.BIN bytes=253377 sha256=a4ca || ATTEST VERIFY FAIL	event pcr=12 line 14: sha256 char 38 0->8
H3event-line-022	event-line	pcr12/data	qemu_calc	4cf1ed54a0130d02a59441e9c4a14af915c227ead7965c2f04897d42069be6c2	1	REJECT	0	1	eventlog pcr=12 sha256=07978154b4248dde.. MISSING :: AEGIS-MEASURE v0 artifact=VOCAB.BIN bytes=253377 sha256=a4ca || ATTEST VERIFY FAIL	1	REJECT	0	1	eventlog pcr=12 sha256=07978154b4248dde.. MISSING :: AEGIS-MEASURE v0 artifact=VOCAB.BIN bytes=253377 sha256=a4ca || ATTEST VERIFY FAIL	event pcr=12 line 14: data char 35  ->7
H3event-line-023	event-line	pcr12/type	qemu_calc	9cbace7a18478965d6e7b92795770e98ee627332c73b7fd2f988a4306d2b4947	0	ACCEPT	1	1		0	ACCEPT	1	1		event pcr=12 line 14: type char 0 d->f
H3event-line-024	event-line	pcr12/delete	qemu_calc	e2d689cd186807a79bdd4f88dfb1ebe181b2e06e374fe22fd325efcb577585dc	1	REJECT	0	1	eventlog pcr=12 sha256=07978154b4248dde.. MISSING :: AEGIS-MEASURE v0 artifact=VOCAB.BIN bytes=253377 sha256=a4ca || ATTEST VERIFY FAIL	1	REJECT	0	1	eventlog pcr=12 sha256=07978154b4248dde.. MISSING :: AEGIS-MEASURE v0 artifact=VOCAB.BIN bytes=253377 sha256=a4ca || ATTEST VERIFY FAIL	event pcr=12 line 14 deleted
H3event-line-025	event-line	pcr13/sha256	qemu_calc	d0c3a48f79a7d705f88f9c4db456d1329729077746e8f35ee15e4b61c3462527	1	REJECT	0	1	eventlog pcr=13 sha256=cc43847ce06319d6.. MISSING :: AEGIS-RECEIPT v0 mode=mint steps=9 cis-digest=fddebefc84f1ad || ATTEST VERIFY FAIL	1	REJECT	0	1	eventlog pcr=13 sha256=cc43847ce06319d6.. MISSING :: AEGIS-RECEIPT v0 mode=mint steps=9 cis-digest=fddebefc84f1ad || ATTEST VERIFY FAIL	event pcr=13 line 15: sha256 char 40 e->d
H3event-line-026	event-line	pcr13/data	qemu_calc	18a4d06dc2d1a5a88382e684293d1d549f887686cd31f94285aa8a86c6f5f867	1	REJECT	0	1	eventlog pcr=13 sha256=cc43847ce06319d6.. MISSING :: AEGIS-RECEIPT v0 mode=mint steps=9 cis-digest=fddebefc84f1ad || ATTEST VERIFY FAIL	1	REJECT	0	1	eventlog pcr=13 sha256=cc43847ce06319d6.. MISSING :: AEGIS-RECEIPT v0 mode=mint steps=9 cis-digest=fddebefc84f1ad || ATTEST VERIFY FAIL	event pcr=13 line 15: data char 71 6->b
H3event-line-027	event-line	pcr13/type	qemu_calc	78b9c94ff74306994c97d22de9eb6f5fdf52beef619b815eae8a818cec39c43c	0	ACCEPT	1	1		0	ACCEPT	1	1		event pcr=13 line 15: type char 0 d->0
H3event-line-028	event-line	pcr13/delete	qemu_calc	de0b17818d64d6f76c2dd3e3a69c1a4d5f8863b13d43511c7e22bb54650f6803	1	REJECT	0	1	eventlog pcr=13 sha256=cc43847ce06319d6.. MISSING :: AEGIS-RECEIPT v0 mode=mint steps=9 cis-digest=fddebefc84f1ad || ATTEST VERIFY FAIL	1	REJECT	0	1	eventlog pcr=13 sha256=cc43847ce06319d6.. MISSING :: AEGIS-RECEIPT v0 mode=mint steps=9 cis-digest=fddebefc84f1ad || ATTEST VERIFY FAIL	event pcr=13 line 15 deleted
H3event-line-029	event-line	pcr12/sha256	qemu_calc	d594c3c0f1a64b68b085624f98dcfb6723f9be6eddf1835140319a786bd877f1	1	REJECT	0	1	eventlog pcr=12 sha256=b6750d7b6799b8dc.. MISSING :: AEGIS-MEASURE v0 artifact=TABLE.TSV bytes=445 sha256=6b2f738 || ATTEST VERIFY FAIL	1	REJECT	0	1	eventlog pcr=12 sha256=b6750d7b6799b8dc.. MISSING :: AEGIS-MEASURE v0 artifact=TABLE.TSV bytes=445 sha256=6b2f738 || ATTEST VERIFY FAIL	event pcr=12 line 16: sha256 char 36 6->4
H3event-line-030	event-line	pcr12/data	qemu_calc	f3ff71a525a711ee9d973ebf846894f0b2c08b0b4a73e9b9cbb6326c55d04f33	1	REJECT	0	1	eventlog pcr=12 sha256=b6750d7b6799b8dc.. MISSING :: AEGIS-MEASURE v0 artifact=TABLE.TSV bytes=445 sha256=6b2f738 || ATTEST VERIFY FAIL	1	REJECT	0	1	eventlog pcr=12 sha256=b6750d7b6799b8dc.. MISSING :: AEGIS-MEASURE v0 artifact=TABLE.TSV bytes=445 sha256=6b2f738 || ATTEST VERIFY FAIL	event pcr=12 line 16: data char 96 6->9
H3event-line-031	event-line	pcr12/type	qemu_calc	23a0ff4a7d8a1c88351c208ed36571723268a41d1c88ca56e92695f0c2dfaf0d	0	ACCEPT	1	1		0	ACCEPT	1	1		event pcr=12 line 16: type char 0 d->7
H3event-line-032	event-line	pcr12/delete	qemu_calc	8178cd9be32cba061079380139098a143cbfed5ab6c64052a04fe2d0afd6b08e	1	REJECT	0	1	eventlog pcr=12 sha256=b6750d7b6799b8dc.. MISSING :: AEGIS-MEASURE v0 artifact=TABLE.TSV bytes=445 sha256=6b2f738 || ATTEST VERIFY FAIL	1	REJECT	0	1	eventlog pcr=12 sha256=b6750d7b6799b8dc.. MISSING :: AEGIS-MEASURE v0 artifact=TABLE.TSV bytes=445 sha256=6b2f738 || ATTEST VERIFY FAIL	event pcr=12 line 16 deleted
H3event-line-033	event-line	pcr13/sha256	qemu_calc	f8ce3e02a9550521c1a4fe83c75e9d788cc84929b9a222993674f2ffa9768242	1	REJECT	0	1	eventlog pcr=13 sha256=8845b43bcfb18568.. MISSING :: AEGIS-RECEIPT v0 mode=mint-tool steps=9 cis-digest=594d2cc5f || ATTEST VERIFY FAIL	1	REJECT	0	1	eventlog pcr=13 sha256=8845b43bcfb18568.. MISSING :: AEGIS-RECEIPT v0 mode=mint-tool steps=9 cis-digest=594d2cc5f || ATTEST VERIFY FAIL	event pcr=13 line 17: sha256 char 46 a->f
H3event-line-034	event-line	pcr13/data	qemu_calc	a0a8c75aa62f8dc281f59363ff6e7538ba0a496bb62834ee6e8f98bc9a24c76a	1	REJECT	0	1	eventlog pcr=13 sha256=8845b43bcfb18568.. MISSING :: AEGIS-RECEIPT v0 mode=mint-tool steps=9 cis-digest=594d2cc5f || ATTEST VERIFY FAIL	1	REJECT	0	1	eventlog pcr=13 sha256=8845b43bcfb18568.. MISSING :: AEGIS-RECEIPT v0 mode=mint-tool steps=9 cis-digest=594d2cc5f || ATTEST VERIFY FAIL	event pcr=13 line 17: data char 100 8->0
H3event-line-035	event-line	pcr13/type	qemu_calc	5fd0398637a5165c80dbf631be9900127cf0363b6de7be879885ac9e57c402a3	0	ACCEPT	1	1		0	ACCEPT	1	1		event pcr=13 line 17: type char 0 d->2
H3event-line-036	event-line	pcr13/delete	qemu_calc	76b89a11ddab62b9e2c6d24cd2e2fc1ddebf5417a89d6069f86ded2532939af4	1	REJECT	0	1	eventlog pcr=13 sha256=8845b43bcfb18568.. MISSING :: AEGIS-RECEIPT v0 mode=mint-tool steps=9 cis-digest=594d2cc5f || ATTEST VERIFY FAIL	1	REJECT	0	1	eventlog pcr=13 sha256=8845b43bcfb18568.. MISSING :: AEGIS-RECEIPT v0 mode=mint-tool steps=9 cis-digest=594d2cc5f || ATTEST VERIFY FAIL	event pcr=13 line 17 deleted
H3measured-line-001	measured-line	pcr12/char	qemu_calc	5fb7cdac998e74b2a7aabf15b9a9ca22b9ea202f7e2d8c23cd77b04a6965a04c	1	REJECT	0	1	pcr12: replayed 024157bb2eec1dea0ea7997f135c4d95.. tpm 72e1c6afd8f440bcc1e46e2f9e7b9ec1.. FAIL (4 events) || eventlog pcr=12 sha256=b333a909f0414653.. MISSING :: AEGIS-MEASURE v0 artifact=MODEL.SAF bytes=3197143 sha256=a44 || ATTEST VERIFY FAIL	1	REJECT	0	1	pcr12: replayed 024157bb2eec1dea0ea7997f135c4d95.. tpm 72e1c6afd8f440bcc1e46e2f9e7b9ec1.. FAIL (4 events) || eventlog pcr=12 sha256=b333a909f0414653.. MISSING :: AEGIS-MEASURE v0 artifact=MODEL.SAF bytes=3197143 sha256=a44 || artifact MODEL.SAF: local sha256 a44e48965c641b81.. FAIL || ATTEST VERIFY	measured pcr=12 line 3: content char 69 1->e
H3measured-line-002	measured-line	pcr12/char	qemu_calc	7ed62e37ada0e54f33ee92078f60c1bb51c91ca8febb79e9ad3f2c287772859e	1	REJECT	0	1	pcr12: replayed 793cdb2a33b02a6cec1b5756937b94ef.. tpm 72e1c6afd8f440bcc1e46e2f9e7b9ec1.. FAIL (4 events) || eventlog pcr=12 sha256=72387ec02311f3ff.. MISSING :: AEGIS-MEASURE v0 artifact=MODEL.SAF bytes=3197143 sna256=a44 || ATTEST VERIFY FAIL	1	REJECT	0	1	pcr12: replayed 793cdb2a33b02a6cec1b5756937b94ef.. tpm 72e1c6afd8f440bcc1e46e2f9e7b9ec1.. FAIL (4 events) || eventlog pcr=12 sha256=72387ec02311f3ff.. MISSING :: AEGIS-MEASURE v0 artifact=MODEL.SAF bytes=3197143 sna256=a44 || ATTEST VERIFY FAIL	measured pcr=12 line 3: content char 51 h->n
H3measured-line-003	measured-line	pcr12/delete	qemu_calc	a40b0a1de7cc308f9bdcd4003a94cac5d9df62ac25e4361954368f3bed6a6035	1	REJECT	0	1	pcr12: replayed 626d956886f3b7755d528d70be403f16.. tpm 72e1c6afd8f440bcc1e46e2f9e7b9ec1.. FAIL (3 events) || ATTEST VERIFY FAIL	1	REJECT	0	1	pcr12: replayed 626d956886f3b7755d528d70be403f16.. tpm 72e1c6afd8f440bcc1e46e2f9e7b9ec1.. FAIL (3 events) || ATTEST VERIFY FAIL	measured pcr=12 line 3 deleted
H3measured-line-004	measured-line	pcr12/char	qemu_calc	2064eef91157f089affe9591d5903053548456bbe49626e41e0a984f5e40d6ad	1	REJECT	0	1	pcr12: replayed b6b2b0f978f109f29f0dc5ee862d50b5.. tpm 72e1c6afd8f440bcc1e46e2f9e7b9ec1.. FAIL (4 events) || eventlog pcr=12 sha256=e368e47190d87841.. MISSING :: AEGIS-MEASURE v0 artifact=EMBED.BIN bytes=9437184 sha256=8cb || ATTEST VERIFY FAIL	1	REJECT	0	1	pcr12: replayed b6b2b0f978f109f29f0dc5ee862d50b5.. tpm 72e1c6afd8f440bcc1e46e2f9e7b9ec1.. FAIL (4 events) || eventlog pcr=12 sha256=e368e47190d87841.. MISSING :: AEGIS-MEASURE v0 artifact=EMBED.BIN bytes=9437184 sha256=8cb || artifact EMBED.BIN: local sha256 8cbcd6b69df03539.. FAIL || ATTEST VERIFY	measured pcr=12 line 4: content char 114 3->6
H3measured-line-005	measured-line	pcr12/char	qemu_calc	f2e09044e7b45df94077d5937b061677c1084a58bf9feb32166a44e660495d67	1	REJECT	0	1	pcr12: replayed 57cf3e33632b9a58229437cc8bda8ab7.. tpm 72e1c6afd8f440bcc1e46e2f9e7b9ec1.. FAIL (4 events) || eventlog pcr=12 sha256=6e892d4f4020ada6.. MISSING :: AEGIS-MEASURE v0 6rtifact=EMBED.BIN bytes=9437184 sha256=8cb || ATTEST VERIFY FAIL	1	REJECT	0	1	pcr12: replayed 57cf3e33632b9a58229437cc8bda8ab7.. tpm 72e1c6afd8f440bcc1e46e2f9e7b9ec1.. FAIL (4 events) || eventlog pcr=12 sha256=6e892d4f4020ada6.. MISSING :: AEGIS-MEASURE v0 6rtifact=EMBED.BIN bytes=9437184 sha256=8cb || ATTEST VERIFY FAIL	measured pcr=12 line 4: content char 17 a->6
H3measured-line-006	measured-line	pcr12/delete	qemu_calc	5ad86a93702ca0d17738722c4f08ff311c72e7f617e8ff9ca2a748ff8088f2c9	1	REJECT	0	1	pcr12: replayed 1e4fb90608a1c210ab95fda9f1d93f6e.. tpm 72e1c6afd8f440bcc1e46e2f9e7b9ec1.. FAIL (3 events) || ATTEST VERIFY FAIL	1	REJECT	0	1	pcr12: replayed 1e4fb90608a1c210ab95fda9f1d93f6e.. tpm 72e1c6afd8f440bcc1e46e2f9e7b9ec1.. FAIL (3 events) || ATTEST VERIFY FAIL	measured pcr=12 line 4 deleted
H3measured-line-007	measured-line	pcr12/char	qemu_calc	0fc89ff7c2b6012d52ac8070dab4f7d431e5eebf831dbbc652e60545e8b1091f	1	REJECT	0	1	pcr12: replayed 8667bcb0a27857d89f0a13cf8b4a9a4a.. tpm 72e1c6afd8f440bcc1e46e2f9e7b9ec1.. FAIL (4 events) || eventlog pcr=12 sha256=d766858fa80413ee.. MISSING :: AEGIS-MEASURE v0 artifact=VOCAB.BIN 8ytes=253377 sha256=a4ca || ATTEST VERIFY FAIL	1	REJECT	0	1	pcr12: replayed 8667bcb0a27857d89f0a13cf8b4a9a4a.. tpm 72e1c6afd8f440bcc1e46e2f9e7b9ec1.. FAIL (4 events) || eventlog pcr=12 sha256=d766858fa80413ee.. MISSING :: AEGIS-MEASURE v0 artifact=VOCAB.BIN 8ytes=253377 sha256=a4ca || ATTEST VERIFY FAIL	measured pcr=12 line 5: content char 36 b->8
H3measured-line-008	measured-line	pcr12/char	qemu_calc	5bb753f1686fd82afd64b98fd5c49277af70fbcc657654ddecdcd5f0f290ddac	1	REJECT	0	1	pcr12: replayed 66cc9bd16daf47d3f5652141a3149cd9.. tpm 72e1c6afd8f440bcc1e46e2f9e7b9ec1.. FAIL (4 events) || eventlog pcr=12 sha256=c12e8c0f0d5d44b0.. MISSING :: AEGIS-MEASURE v0 artifact=VOCAB.BIN bywes=253377 sha256=a4ca || ATTEST VERIFY FAIL	1	REJECT	0	1	pcr12: replayed 66cc9bd16daf47d3f5652141a3149cd9.. tpm 72e1c6afd8f440bcc1e46e2f9e7b9ec1.. FAIL (4 events) || eventlog pcr=12 sha256=c12e8c0f0d5d44b0.. MISSING :: AEGIS-MEASURE v0 artifact=VOCAB.BIN bywes=253377 sha256=a4ca || ATTEST VERIFY FAIL	measured pcr=12 line 5: content char 38 t->w
H3measured-line-009	measured-line	pcr12/delete	qemu_calc	b70054ea6e359f141d929797addb5e9439a3c97f196da5ab79d88cd180a925d2	1	REJECT	0	1	pcr12: replayed 97f204760cf85a1c30f5f6c2a1383166.. tpm 72e1c6afd8f440bcc1e46e2f9e7b9ec1.. FAIL (3 events) || ATTEST VERIFY FAIL	1	REJECT	0	1	pcr12: replayed 97f204760cf85a1c30f5f6c2a1383166.. tpm 72e1c6afd8f440bcc1e46e2f9e7b9ec1.. FAIL (3 events) || ATTEST VERIFY FAIL	measured pcr=12 line 5 deleted
H3measured-line-010	measured-line	pcr13/char	qemu_calc	15a7bce0635f9259dd2296ccf3642073040edc7dbf9f88a438801c73b6782639	1	REJECT	0	1	pcr13: replayed 41ae7aedb664b256e8ca1f323a20e09b.. tpm 7449e559e27ec1729be35892bed77696.. FAIL (2 events) || eventlog pcr=13 sha256=39f13228a2cc7803.. MISSING :: AEGIS-RECEIPT v0 mode=mint steps=9 cis-digest=fddebefc84f1ad || ATTEST VERIFY FAIL	1	REJECT	0	1	pcr13: replayed 41ae7aedb664b256e8ca1f323a20e09b.. tpm 7449e559e27ec1729be35892bed77696.. FAIL (2 events) || eventlog pcr=13 sha256=39f13228a2cc7803.. MISSING :: AEGIS-RECEIPT v0 mode=mint steps=9 cis-digest=fddebefc84f1ad || receipt chain 6e6b2ddf1a8528e5.. bound in PCR13 line: FAIL || ATTEST VERIF	measured pcr=13 line 6: content char 85 9->6
H3measured-line-011	measured-line	pcr13/char	qemu_calc	d8624500ed574fa5e9520bf0c7ca058764c7ca841e44d55afe592e3ecde7e196	1	REJECT	0	1	pcr13: replayed 806606bf3b91040dd2588676c4259409.. tpm 7449e559e27ec1729be35892bed77696.. FAIL (2 events) || eventlog pcr=13 sha256=869584483935626c.. MISSING :: AEGIS-RECEIPT v0 mode=mint steps99 cis-digest=fddebefc84f1ad || ATTEST VERIFY FAIL	1	REJECT	0	1	pcr13: replayed 806606bf3b91040dd2588676c4259409.. tpm 7449e559e27ec1729be35892bed77696.. FAIL (2 events) || eventlog pcr=13 sha256=869584483935626c.. MISSING :: AEGIS-RECEIPT v0 mode=mint steps99 cis-digest=fddebefc84f1ad || ATTEST VERIFY FAIL	measured pcr=13 line 6: content char 32 =->9
H3measured-line-012	measured-line	pcr13/delete	qemu_calc	1237d90365be6314267cb623232779adbe7205f14c094b589229bcf4558138fc	1	REJECT	0	1	pcr13: replayed 1c89043f365f2934c6a5801126e10503.. tpm 7449e559e27ec1729be35892bed77696.. FAIL (1 events) || ATTEST VERIFY FAIL	1	REJECT	0	1	pcr13: replayed 1c89043f365f2934c6a5801126e10503.. tpm 7449e559e27ec1729be35892bed77696.. FAIL (1 events) || receipt chain 6e6b2ddf1a8528e5.. bound in PCR13 line: FAIL || ATTEST VERIFY FAIL	measured pcr=13 line 6 deleted
H3measured-line-013	measured-line	pcr12/char	qemu_calc	0c69641cb72ee17d4be953980815b4cae3e0dce2c1c98d338e3457e90a6bc56c	1	REJECT	0	1	pcr12: replayed 5df2b14cbd4f02747713372d6a01d224.. tpm 72e1c6afd8f440bcc1e46e2f9e7b9ec1.. FAIL (4 events) || eventlog pcr=12 sha256=c5aa1ee34beb0821.. MISSING :: AEGIS-MEASURJ v0 artifact=TABLE.TSV bytes=445 sha256=6b2f738 || ATTEST VERIFY FAIL	1	REJECT	0	1	pcr12: replayed 5df2b14cbd4f02747713372d6a01d224.. tpm 72e1c6afd8f440bcc1e46e2f9e7b9ec1.. FAIL (4 events) || eventlog pcr=12 sha256=c5aa1ee34beb0821.. MISSING :: AEGIS-MEASURJ v0 artifact=TABLE.TSV bytes=445 sha256=6b2f738 || ATTEST VERIFY FAIL	measured pcr=12 line 7: content char 12 E->J
H3measured-line-014	measured-line	pcr12/char	qemu_calc	84f2f3e079222108a8487dc9e963235cb2730c34ea70f4af988052c0ab1e43b9	1	REJECT	0	1	pcr12: replayed 9186a03279b7705eb8f06e133fcd78c9.. tpm 72e1c6afd8f440bcc1e46e2f9e7b9ec1.. FAIL (4 events) || eventlog pcr=12 sha256=18dcba255a38f929.. MISSING :: AEGIS-MEASURE v0 artifact=TABLE.TSV bytes=445 shd256=6b2f738 || ATTEST VERIFY FAIL	1	REJECT	0	1	pcr12: replayed 9186a03279b7705eb8f06e133fcd78c9.. tpm 72e1c6afd8f440bcc1e46e2f9e7b9ec1.. FAIL (4 events) || eventlog pcr=12 sha256=18dcba255a38f929.. MISSING :: AEGIS-MEASURE v0 artifact=TABLE.TSV bytes=445 shd256=6b2f738 || ATTEST VERIFY FAIL	measured pcr=12 line 7: content char 48 a->d
H3measured-line-015	measured-line	pcr12/delete	qemu_calc	1b11a81c34ec8ecf5067974a8d52c7b46505e4ba65ff0b853672746de599ffc5	1	REJECT	0	1	pcr12: replayed f331f8257bf3d4faf02b9e8b3c1870ce.. tpm 72e1c6afd8f440bcc1e46e2f9e7b9ec1.. FAIL (3 events) || ATTEST VERIFY FAIL	1	REJECT	0	1	pcr12: replayed f331f8257bf3d4faf02b9e8b3c1870ce.. tpm 72e1c6afd8f440bcc1e46e2f9e7b9ec1.. FAIL (3 events) || ATTEST VERIFY FAIL	measured pcr=12 line 7 deleted
H3measured-line-016	measured-line	pcr13/char	qemu_calc	aeb7ce4baed94608c4bc059bd77042ee305cab83df60cc17a0cdab93ccca15ee	1	REJECT	0	1	pcr13: replayed f3996d17f75e97b1a8a5bd216703dffe.. tpm 7449e559e27ec1729be35892bed77696.. FAIL (2 events) || eventlog pcr=13 sha256=43ce1cf1f7ffe14b.. MISSING :: AEGIS-RECEIPT v0 mode=mint-tool steps=9 cis-digest=594d2cc5f || ATTEST VERIFY FAIL	1	REJECT	0	1	pcr13: replayed f3996d17f75e97b1a8a5bd216703dffe.. tpm 7449e559e27ec1729be35892bed77696.. FAIL (2 events) || eventlog pcr=13 sha256=43ce1cf1f7ffe14b.. MISSING :: AEGIS-RECEIPT v0 mode=mint-tool steps=9 cis-digest=594d2cc5f || ATTEST VERIFY FAIL	measured pcr=13 line 8: content char 140 e->4
H3measured-line-017	measured-line	pcr13/char	qemu_calc	00e7829ad30d3000026e13302fa8867c033c5208fe51f484731d757b609c7563	1	REJECT	0	1	pcr13: replayed 28aaff2a10205d81fba5412830bf0e3d.. tpm 7449e559e27ec1729be35892bed77696.. FAIL (2 events) || eventlog pcr=13 sha256=11ab733c87bf6c23.. MISSING :: AEGIS-RECEIPT v0 mod9=mint-tool steps=9 cis-digest=594d2cc5f || ATTEST VERIFY FAIL	1	REJECT	0	1	pcr13: replayed 28aaff2a10205d81fba5412830bf0e3d.. tpm 7449e559e27ec1729be35892bed77696.. FAIL (2 events) || eventlog pcr=13 sha256=11ab733c87bf6c23.. MISSING :: AEGIS-RECEIPT v0 mod9=mint-tool steps=9 cis-digest=594d2cc5f || ATTEST VERIFY FAIL	measured pcr=13 line 8: content char 20 e->9
H3measured-line-018	measured-line	pcr13/delete	qemu_calc	eaaa8b3e5e056ba5d21a41818152039e40da0af79597cbfae1ff43afdeb9ea52	1	REJECT	0	1	pcr13: replayed 73cd71bb1d03f5b7033a36e378b60cf7.. tpm 7449e559e27ec1729be35892bed77696.. FAIL (1 events) || ATTEST VERIFY FAIL	1	REJECT	0	1	pcr13: replayed 73cd71bb1d03f5b7033a36e378b60cf7.. tpm 7449e559e27ec1729be35892bed77696.. FAIL (1 events) || ATTEST VERIFY FAIL	measured pcr=13 line 8 deleted
H3field-deletion-001	field-deletion	pcr	qemu_calc	dfd130c123ad3dc3e8306c71dc5bffa3e34a8bbb56c4de18205c08d885229b7d	1	REJECT	1	0	quote pcrDigest over PCRs [4, 12, 13] == SHA-256(PCR values read back): FAIL || QUOTE VERIFY FAIL	1	REJECT	1	0	quote pcrDigest over PCRs [4, 12, 13] == SHA-256(PCR values read back): FAIL || QUOTE VERIFY FAIL	line deleted: pcr 4 0743db46b102047e7cc04ce1402ffc8d72
H3field-deletion-002	field-deletion	pcr	qemu_calc	f94e2a492187b8fd712d596a5ce01f1975db88ea903084ec490e7c831f39285b	1	REJECT	0	0	pcr12: replayed 72e1c6afd8f440bcc1e46e2f9e7b9ec1.. tpm None.. FAIL (4 events) || ATTEST VERIFY FAIL || quote pcrDigest over PCRs [4, 12, 13] == SHA-256(PCR values read back): FAIL || QUOTE VERIFY FAIL	1	REJECT	0	0	pcr12: replayed 72e1c6afd8f440bcc1e46e2f9e7b9ec1.. tpm None.. FAIL (4 events) || ATTEST VERIFY FAIL || quote pcrDigest over PCRs [4, 12, 13] == SHA-256(PCR values read back): FAIL || QUOTE VERIFY FAIL	line deleted: pcr 12 72e1c6afd8f440bcc1e46e2f9e7b9ec12
H3field-deletion-003	field-deletion	pcr	qemu_calc	0f51f5f294a1e98ed0f0f62acfc0c077fe3826f12e73de3bcbcbda0ebc118f85	1	REJECT	0	0	pcr13: replayed 7449e559e27ec1729be35892bed77696.. tpm None.. FAIL (2 events) || ATTEST VERIFY FAIL || quote pcrDigest over PCRs [4, 12, 13] == SHA-256(PCR values read back): FAIL || QUOTE VERIFY FAIL	1	REJECT	0	0	pcr13: replayed 7449e559e27ec1729be35892bed77696.. tpm None.. FAIL (2 events) || ATTEST VERIFY FAIL || quote pcrDigest over PCRs [4, 12, 13] == SHA-256(PCR values read back): FAIL || QUOTE VERIFY FAIL	line deleted: pcr 13 7449e559e27ec1729be35892bed776968
H3field-deletion-004	field-deletion	quote-attest	qemu_calc	c8bab7d4fe232391ac210a3a7c093598aeb765ba85f8179a4eb1fac22068d84b	0	ACCEPT	1	0	quote: none in file	0	ACCEPT	1	0	quote: none in file	line deleted: quote-attest ff54434780180022000b16f7785
H3field-deletion-005	field-deletion	quote-sig-r	qemu_calc	0f80fbeaca908fa1eb1c8e0790f9ef64b352b224567a0769bdbfee8e04610808	1	REJECT	1	0	QUOTE VERIFY ERROR 'quote-sig-r'	1	REJECT	1	0	QUOTE VERIFY ERROR 'quote-sig-r'	line deleted: quote-sig-r 7a4b365f950d4af1c1e0f6e413b4
H3field-deletion-006	field-deletion	quote-sig-s	qemu_calc	87da40b5cf5d6028b663c29d6cd123e3928bd2e041d76cf55c77b59268e3020c	1	REJECT	1	0	QUOTE VERIFY ERROR 'quote-sig-s'	1	REJECT	1	0	QUOTE VERIFY ERROR 'quote-sig-s'	line deleted: quote-sig-s 03d8c219c4c411484c124b0defe2
H3field-deletion-007	field-deletion	quote-pub-x	qemu_calc	cab2290dee15059088acb811ec96c932968e6267b4f40904277a1297873b42ee	1	REJECT	1	0	QUOTE VERIFY ERROR 'quote-pub-x'	1	REJECT	1	0	QUOTE VERIFY ERROR 'quote-pub-x'	line deleted: quote-pub-x 3fad67d3224ab19b3de07670335b
H3field-deletion-008	field-deletion	quote-pub-y	qemu_calc	5058a0975c03a0a69182d324427ec1bb766bd476a02ecce4444bab4a2f6d4709	1	REJECT	1	0	QUOTE VERIFY ERROR 'quote-pub-y'	1	REJECT	1	0	QUOTE VERIFY ERROR 'quote-pub-y'	line deleted: quote-pub-y 7c4d2cb74b4f29bb0f8fd1e6e380
H3field-deletion-009	field-deletion	quote-qualifying	qemu_calc	e7935ae6c50c9c6065f0d961593ee2d6df2e08c8a552874f37e5506592596a08	1	REJECT	1	0	quote extraData == qualifying (..): FAIL || QUOTE VERIFY FAIL	1	REJECT	1	0	quote extraData == qualifying (..): FAIL || quote qualifying == SHA-256(RECEIPT.TXT): FAIL || QUOTE VERIFY FAIL	line deleted: quote-qualifying 916664627197ef7d832943a
H3unread-line-001	unread-line	cpuid	qemu_calc	b64fc050cb7d0cb9b2fd6156ec8a7962d455c9e49f203970252addc85e081f56	0	ACCEPT	1	1		0	ACCEPT	1	1		cpuid char 37 P->C
H3unread-line-002	unread-line	cpuid	qemu_calc	c6bc9059a0092ed5e1083c93002fb189559a8d545a9bdee7e4ea8a727192eccc	0	ACCEPT	1	1		0	ACCEPT	1	1		cpuid char 50 5->9
H3unread-line-003	unread-line	pcr-bank	qemu_calc	39718bc4c20c98779ffd9c55348b5d2a1254ccb4c757be7009995c3afd4a3c0b	0	ACCEPT	1	1		0	ACCEPT	1	1		pcr-bank char 2 a->c
H3unread-line-004	unread-line	pcr-bank	qemu_calc	9bca536b730645b941d2993e345144b1b3b6fdb20676754928aeb0bc133aa0fc	0	ACCEPT	1	1		0	ACCEPT	1	1		pcr-bank char 1 h->e
H3unread-line-005	unread-line	quote-pcrs	qemu_calc	61a5cba1c93b10ef1bb065da63989bde505c30b9db3b4ea6376943de37817862	0	ACCEPT	1	1		0	ACCEPT	1	1		quote-pcrs char 0 4->d
H3unread-line-006	unread-line	quote-pcrs	qemu_calc	75b1ae2245a1d5903dfb157ecd8447beb114c9cdc10e22efd02f70b4f688e790	0	ACCEPT	1	1		0	ACCEPT	1	1		quote-pcrs char 0 4->3
H3unread-line-007	unread-line	quote-public	qemu_calc	a723a0e16c17aa3e51de82b5533cd134369d65291ded646b97efadb7c1c4339a	0	ACCEPT	1	1		0	ACCEPT	1	1		quote-public char 54 4->2
H3unread-line-008	unread-line	quote-public	qemu_calc	f9068348999433aec4ff9aa01e10be2575ee1abf24d55266a4f25de83031c2e8	0	ACCEPT	1	1		0	ACCEPT	1	1		quote-public char 45 f->2
H3unread-line-009	unread-line	quote-retries	qemu_calc	6e354ad8da0cac25ebdeb968130dc6828e7196eb453f88ea510e7684aea683ee	0	ACCEPT	1	1		0	ACCEPT	1	1		quote-retries char 0 1->4
H3unread-line-010	unread-line	quote-retries	qemu_calc	f5602d3ae0bddd45b7e46e7a1aaa467e44e291d833fd2073faa0f21a618ea26a	0	ACCEPT	1	1		0	ACCEPT	1	1		quote-retries char 0 1->0
H3unread-line-011	unread-line	quote-key	qemu_calc	d10142ddc7d815df1fa1559c8879591c61f5c59af35302102f71e59667a1e89c	0	ACCEPT	1	1		0	ACCEPT	1	1		quote-key char 41 n->m
H3unread-line-012	unread-line	quote-key	qemu_calc	5a00513e3e5efe57c803e4a75ab9ea7a10a7b810dfd123295125e93af7288158	0	ACCEPT	1	1		0	ACCEPT	1	1		quote-key char 6 5->2
H3unread-line-013	unread-line	header	qemu_calc	2f0b356322355348764f246bbc8a8bed3c997ef25dacc7b95c86d040f3ab455a	2	REJECT	0	1	FAIL: not an AEGIS-ATTEST v0 file	2	REJECT	0	1	FAIL: not an AEGIS-ATTEST v0 file	header 'AEGIS-ATTEST v0' -> 'AEGIS-ATTEST v1'
H3unread-line-014	unread-line	header	qemu_calc	68b69f15dc704210b449680f5fcd286415b0c909c0223cf7c2f2462287005408	0	ACCEPT	1	1		0	ACCEPT	1	1		header 'AEGIS-ATTEST v0' -> 'AEGIS-ATTEST v0x'
H3cosmetic-001	cosmetic	crlf-all	qemu_calc	5d0b3dc1f6a6077c16160a87334e3ea87cc95f268bba3a7bf446e4bffd0809ce	0	ACCEPT	1	1		0	ACCEPT	1	1		every line ends CRLF
H3cosmetic-002	cosmetic	no-final-newline	qemu_calc	f6b30f9d3664d907eba5c8913c1244579e2e4545af717e9de55b6eae111fdfa2	0	ACCEPT	1	1		0	ACCEPT	1	1		final newline removed
H3cosmetic-003	cosmetic	trailing-space	qemu_calc	192e259c9e173b4e0e9caa97d608b1bc43612fa076ce35819c51ccdddbe80543	1	REJECT	1	0	quote pcrDigest over PCRs [4, 12, 13] == SHA-256(PCR values read back): FAIL || QUOTE VERIFY FAIL	1	REJECT	1	0	quote pcrDigest over PCRs [4, 12, 13] == SHA-256(PCR values read back): FAIL || QUOTE VERIFY FAIL	trailing space on line 18 (pcr)
H3cosmetic-004	cosmetic	trailing-space	qemu_calc	9c45d3b5cfbf6ce21d02da5d2db3bd967923d02565721be833ad60e2d7acba7a	1	REJECT	1	0	QUOTE VERIFY ERROR 'quote-sig-r'	1	REJECT	1	0	QUOTE VERIFY ERROR 'quote-sig-r'	trailing space on line 27 (quote-sig-r)
H3cosmetic-005	cosmetic	trailing-space	qemu_calc	7beae7272db5d511d1d6880d0a55ce4230e8c46586730f592269a89739719548	0	ACCEPT	1	0	quote: none in file	0	ACCEPT	1	0	quote: none in file	trailing space on line 26 (quote-attest)
H3cosmetic-006	cosmetic	trailing-space	qemu_calc	ed83cf2e6088ef6b09cf64afd3bcc838c687f8b2d652f918ebdf4080e0b178c9	1	REJECT	0	1	pcr13: replayed 3e9bad7c60df6d437c2d6332ab9668d5.. tpm 7449e559e27ec1729be35892bed77696.. FAIL (2 events) || eventlog pcr=13 sha256=be52b2a65e5e5bc2.. MISSING :: AEGIS-RECEIPT v0 mode=mint steps=9 cis-digest=fddebefc84f1ad || ATTEST VERIFY FAIL	1	REJECT	0	1	pcr13: replayed 3e9bad7c60df6d437c2d6332ab9668d5.. tpm 7449e559e27ec1729be35892bed77696.. FAIL (2 events) || eventlog pcr=13 sha256=be52b2a65e5e5bc2.. MISSING :: AEGIS-RECEIPT v0 mode=mint steps=9 cis-digest=fddebefc84f1ad || ATTEST VERIFY FAIL	trailing space on line 6 (measured13)
H3cosmetic-007	cosmetic	trailing-space	qemu_calc	27d2b27f098764c5480eb03c8453dd8bb21257538ef842981f024c4e488b3120	0	ACCEPT	1	1		0	ACCEPT	1	1		trailing space on line 12 (event12)
H3cosmetic-008	cosmetic	uppercase-hex	qemu_calc	f5b63a3b1bbecaceb3c71e91eabf26245fc315c9b9cb3a7e5777470b6e82debd	0	ACCEPT	1	1		0	ACCEPT	1	1		quote-attest written in upper case hex
H3cosmetic-009	cosmetic	uppercase-hex	qemu_calc	b9c7751fa8ebc6fc203383a86dcf8b74f901955efd7274f4612649fd6f4b0d86	0	ACCEPT	1	1		0	ACCEPT	1	1		quote-sig-r written in upper case hex
H3cosmetic-010	cosmetic	uppercase-hex	qemu_calc	68763ea6d097ea8da85e3ff7ebd20ab1b99f321fc731b0a5f8c1e1040a102b70	0	ACCEPT	1	1		0	ACCEPT	1	1		quote-sig-s written in upper case hex
H3cosmetic-011	cosmetic	uppercase-hex	qemu_calc	c686c039af73940bf06f5e4b2d9c90d92c8b2bf68a4e69faa0046e7eb9239be5	0	ACCEPT	1	1		0	ACCEPT	1	1		quote-qualifying written in upper case hex
H3cosmetic-012	cosmetic	uppercase-hex	qemu_calc	9b7d27e591a614543d642356c1133e497ec3f25485b86b17be58c1d3aa9fefc7	0	ACCEPT	1	1		0	ACCEPT	1	1		quote-pub-x written in upper case hex
H3cosmetic-013	cosmetic	leading-zero-bytes	qemu_calc	fe6b8c096106b615a2a86f56424dec606899e6e472f9bc3244ac1dcac2088174	0	ACCEPT	1	1		0	ACCEPT	1	1		quote-sig-r with two extra leading 00 bytes
H3cosmetic-014	cosmetic	leading-zero-bytes	qemu_calc	55e7332a3e00da3f5758996f4165b20189fcce638eb46b1eb8956f08a273083b	0	ACCEPT	1	1		0	ACCEPT	1	1		quote-sig-s with two extra leading 00 bytes
H3sig-malleability-001	sig-malleability	sig-s=n-s	qemu_calc	a2b44a1aedb10291c69ea38014c80ab424fe43e5a3bbf756e94951b8079e2f23	0	ACCEPT	1	1		0	ACCEPT	1	1		quote-sig-s replaced by n-s (the other valid ECDSA signature)
H3pcr-value-025	pcr-value	pcr4	qemu_self	ae0c50039ad1a59d55312d410f22e813d5550d482529637d449c59814c2e3e80	1	REJECT	1	0	quote pcrDigest over PCRs [4, 12, 13] == SHA-256(PCR values read back): FAIL || QUOTE VERIFY FAIL	1	REJECT	1	0	quote pcrDigest over PCRs [4, 12, 13] == SHA-256(PCR values read back): FAIL || QUOTE VERIFY FAIL	pcr 4 char 36 f->2
H3pcr-value-026	pcr-value	pcr4	qemu_self	b2002e03fb4370d5d071f082d715c67a502729f80659124009b0c033b801c00a	1	REJECT	1	0	quote pcrDigest over PCRs [4, 12, 13] == SHA-256(PCR values read back): FAIL || QUOTE VERIFY FAIL	1	REJECT	1	0	quote pcrDigest over PCRs [4, 12, 13] == SHA-256(PCR values read back): FAIL || QUOTE VERIFY FAIL	pcr 4 char 9 1->a
H3pcr-value-027	pcr-value	pcr4	qemu_self	b6cf24d36b3659579589517773958a5f43885f6841b66974acd5052a5778afc6	1	REJECT	1	0	quote pcrDigest over PCRs [4, 12, 13] == SHA-256(PCR values read back): FAIL || QUOTE VERIFY FAIL	1	REJECT	1	0	quote pcrDigest over PCRs [4, 12, 13] == SHA-256(PCR values read back): FAIL || QUOTE VERIFY FAIL	pcr 4 char 51 0->4
H3pcr-value-028	pcr-value	pcr4	qemu_self	d08e382ac4f5e85d8388851ae6986cf2d4c2662aac31588877e657056125b2fc	1	REJECT	1	0	quote pcrDigest over PCRs [4, 12, 13] == SHA-256(PCR values read back): FAIL || QUOTE VERIFY FAIL	1	REJECT	1	0	quote pcrDigest over PCRs [4, 12, 13] == SHA-256(PCR values read back): FAIL || QUOTE VERIFY FAIL	pcr 4 char 47 4->1
H3pcr-value-029	pcr-value	pcr4	qemu_self	7de32642e8c5d90c992e0b2da7a9a0d89dd54b4fbe556ac21966dbde25b0c237	1	REJECT	1	0	quote pcrDigest over PCRs [4, 12, 13] == SHA-256(PCR values read back): FAIL || QUOTE VERIFY FAIL	1	REJECT	1	0	quote pcrDigest over PCRs [4, 12, 13] == SHA-256(PCR values read back): FAIL || QUOTE VERIFY FAIL	pcr 4 char 18 c->f
H3pcr-value-030	pcr-value	pcr4	qemu_self	d0de518ca3b01a1f80260ae2b9affdd9fb73f3969c591eb014a7774eb6fc74f0	1	REJECT	1	0	quote pcrDigest over PCRs [4, 12, 13] == SHA-256(PCR values read back): FAIL || QUOTE VERIFY FAIL	1	REJECT	1	0	quote pcrDigest over PCRs [4, 12, 13] == SHA-256(PCR values read back): FAIL || QUOTE VERIFY FAIL	pcr 4 char 10 0->1
H3pcr-value-031	pcr-value	pcr4	qemu_self	25e5417910beb9b517c099bb095e83f88dfdce1607f4620709f91df5c6977fef	1	REJECT	1	0	quote pcrDigest over PCRs [4, 12, 13] == SHA-256(PCR values read back): FAIL || QUOTE VERIFY FAIL	1	REJECT	1	0	quote pcrDigest over PCRs [4, 12, 13] == SHA-256(PCR values read back): FAIL || QUOTE VERIFY FAIL	pcr 4 char 60 5->2
H3pcr-value-032	pcr-value	pcr4	qemu_self	94e39ce7b01c9c15b0cca091fbea58e00215fb557987392e630f62da9022b0ac	1	REJECT	1	0	quote pcrDigest over PCRs [4, 12, 13] == SHA-256(PCR values read back): FAIL || QUOTE VERIFY FAIL	1	REJECT	1	0	quote pcrDigest over PCRs [4, 12, 13] == SHA-256(PCR values read back): FAIL || QUOTE VERIFY FAIL	pcr 4 char 28 f->8
H3pcr-value-033	pcr-value	pcr12	qemu_self	d5f40795968d85d6af4d5a698eef191aed873d20a5513e4822417241ec0418ec	1	REJECT	0	0	pcr12: replayed 72e1c6afd8f440bcc1e46e2f9e7b9ec1.. tpm 72e1c6afd8f440bfc1e46e2f9e7b9ec1.. FAIL (4 events) || ATTEST VERIFY FAIL || quote pcrDigest over PCRs [4, 12, 13] == SHA-256(PCR values read back): FAIL || QUOTE VERIFY FAIL	1	REJECT	0	0	pcr12: replayed 72e1c6afd8f440bcc1e46e2f9e7b9ec1.. tpm 72e1c6afd8f440bfc1e46e2f9e7b9ec1.. FAIL (4 events) || ATTEST VERIFY FAIL || quote pcrDigest over PCRs [4, 12, 13] == SHA-256(PCR values read back): FAIL || QUOTE VERIFY FAIL	pcr 12 char 15 c->f
H3pcr-value-034	pcr-value	pcr12	qemu_self	51e29047a64661906de048db8b1498b334351cb514155b89e66a7ec3ea8373f5	1	REJECT	0	0	pcr12: replayed 72e1c6afd8f440bcc1e46e2f9e7b9ec1.. tpm 72e1c6afd8f440bcc1e46e2f9e7b9ec1.. FAIL (4 events) || ATTEST VERIFY FAIL || quote pcrDigest over PCRs [4, 12, 13] == SHA-256(PCR values read back): FAIL || QUOTE VERIFY FAIL	1	REJECT	0	0	pcr12: replayed 72e1c6afd8f440bcc1e46e2f9e7b9ec1.. tpm 72e1c6afd8f440bcc1e46e2f9e7b9ec1.. FAIL (4 events) || ATTEST VERIFY FAIL || quote pcrDigest over PCRs [4, 12, 13] == SHA-256(PCR values read back): FAIL || QUOTE VERIFY FAIL	pcr 12 char 45 9->8
H3pcr-value-035	pcr-value	pcr12	qemu_self	29885cabbb64fbdc7d142b8399c59c703b3b81ed357c28d29b3153286b08a299	1	REJECT	0	0	pcr12: replayed 72e1c6afd8f440bcc1e46e2f9e7b9ec1.. tpm 72e1c6add8f440bcc1e46e2f9e7b9ec1.. FAIL (4 events) || ATTEST VERIFY FAIL || quote pcrDigest over PCRs [4, 12, 13] == SHA-256(PCR values read back): FAIL || QUOTE VERIFY FAIL	1	REJECT	0	0	pcr12: replayed 72e1c6afd8f440bcc1e46e2f9e7b9ec1.. tpm 72e1c6add8f440bcc1e46e2f9e7b9ec1.. FAIL (4 events) || ATTEST VERIFY FAIL || quote pcrDigest over PCRs [4, 12, 13] == SHA-256(PCR values read back): FAIL || QUOTE VERIFY FAIL	pcr 12 char 7 f->d
H3pcr-value-036	pcr-value	pcr12	qemu_self	d734a6bd1ca04dcaa94c1ed775be8035fb5949908bcc38cf81a793e8fb0ca43d	1	REJECT	0	0	pcr12: replayed 72e1c6afd8f440bcc1e46e2f9e7b9ec1.. tpm 72e1c6afd8f440bcc1e46e2f9e7b9ec1.. FAIL (4 events) || ATTEST VERIFY FAIL || quote pcrDigest over PCRs [4, 12, 13] == SHA-256(PCR values read back): FAIL || QUOTE VERIFY FAIL	1	REJECT	0	0	pcr12: replayed 72e1c6afd8f440bcc1e46e2f9e7b9ec1.. tpm 72e1c6afd8f440bcc1e46e2f9e7b9ec1.. FAIL (4 events) || ATTEST VERIFY FAIL || quote pcrDigest over PCRs [4, 12, 13] == SHA-256(PCR values read back): FAIL || QUOTE VERIFY FAIL	pcr 12 char 36 3->b
H3pcr-value-037	pcr-value	pcr12	qemu_self	7e534612081eeb5e0640792c2ba377515cd669e85134d7238a6e6c5197659f8a	1	REJECT	0	0	pcr12: replayed 72e1c6afd8f440bcc1e46e2f9e7b9ec1.. tpm 72e1c6afd8f440bcc1e46e2f9e7b9ec1.. FAIL (4 events) || ATTEST VERIFY FAIL || quote pcrDigest over PCRs [4, 12, 13] == SHA-256(PCR values read back): FAIL || QUOTE VERIFY FAIL	1	REJECT	0	0	pcr12: replayed 72e1c6afd8f440bcc1e46e2f9e7b9ec1.. tpm 72e1c6afd8f440bcc1e46e2f9e7b9ec1.. FAIL (4 events) || ATTEST VERIFY FAIL || quote pcrDigest over PCRs [4, 12, 13] == SHA-256(PCR values read back): FAIL || QUOTE VERIFY FAIL	pcr 12 char 52 9->d
H3pcr-value-038	pcr-value	pcr12	qemu_self	c78f67a95eb797623e3c8b02f72402e46a84a444533cabcd7e16d8fcb547bb59	1	REJECT	0	0	pcr12: replayed 72e1c6afd8f440bcc1e46e2f9e7b9ec1.. tpm 72e1c6afd8f440bcc1e46e2f9e5b9ec1.. FAIL (4 events) || ATTEST VERIFY FAIL || quote pcrDigest over PCRs [4, 12, 13] == SHA-256(PCR values read back): FAIL || QUOTE VERIFY FAIL	1	REJECT	0	0	pcr12: replayed 72e1c6afd8f440bcc1e46e2f9e7b9ec1.. tpm 72e1c6afd8f440bcc1e46e2f9e5b9ec1.. FAIL (4 events) || ATTEST VERIFY FAIL || quote pcrDigest over PCRs [4, 12, 13] == SHA-256(PCR values read back): FAIL || QUOTE VERIFY FAIL	pcr 12 char 26 7->5
H3pcr-value-039	pcr-value	pcr12	qemu_self	29997abcb63e25312759faaf7a09d7e8734ac6b7f07ea44cdf14c8de7179fe5e	1	REJECT	0	0	pcr12: replayed 72e1c6afd8f440bcc1e46e2f9e7b9ec1.. tpm 72e1c6afd8f140bcc1e46e2f9e7b9ec1.. FAIL (4 events) || ATTEST VERIFY FAIL || quote pcrDigest over PCRs [4, 12, 13] == SHA-256(PCR values read back): FAIL || QUOTE VERIFY FAIL	1	REJECT	0	0	pcr12: replayed 72e1c6afd8f440bcc1e46e2f9e7b9ec1.. tpm 72e1c6afd8f140bcc1e46e2f9e7b9ec1.. FAIL (4 events) || ATTEST VERIFY FAIL || quote pcrDigest over PCRs [4, 12, 13] == SHA-256(PCR values read back): FAIL || QUOTE VERIFY FAIL	pcr 12 char 11 4->1
H3pcr-value-040	pcr-value	pcr12	qemu_self	a1b71222dae78733635aa4ca104792f3b509784d7908fc5a651752b6ae8cc6aa	1	REJECT	0	0	pcr12: replayed 72e1c6afd8f440bcc1e46e2f9e7b9ec1.. tpm 72e1c6afd8f440bcc1e46e2f9e7b9ec1.. FAIL (4 events) || ATTEST VERIFY FAIL || quote pcrDigest over PCRs [4, 12, 13] == SHA-256(PCR values read back): FAIL || QUOTE VERIFY FAIL	1	REJECT	0	0	pcr12: replayed 72e1c6afd8f440bcc1e46e2f9e7b9ec1.. tpm 72e1c6afd8f440bcc1e46e2f9e7b9ec1.. FAIL (4 events) || ATTEST VERIFY FAIL || quote pcrDigest over PCRs [4, 12, 13] == SHA-256(PCR values read back): FAIL || QUOTE VERIFY FAIL	pcr 12 char 40 7->b
H3pcr-value-041	pcr-value	pcr13	qemu_self	0fd2482444ec1679f28852356830be8fbab71128ba972ecc0f603befc8fa6716	1	REJECT	0	0	pcr13: replayed 31cae9d741b5a296fcdac58d8dd05863.. tpm 31cae9d741b5a296ccdac58d8dd05863.. FAIL (1 events) || ATTEST VERIFY FAIL || quote pcrDigest over PCRs [4, 12, 13] == SHA-256(PCR values read back): FAIL || QUOTE VERIFY FAIL	1	REJECT	0	0	pcr13: replayed 31cae9d741b5a296fcdac58d8dd05863.. tpm 31cae9d741b5a296ccdac58d8dd05863.. FAIL (1 events) || ATTEST VERIFY FAIL || quote pcrDigest over PCRs [4, 12, 13] == SHA-256(PCR values read back): FAIL || QUOTE VERIFY FAIL	pcr 13 char 16 f->c
H3pcr-value-042	pcr-value	pcr13	qemu_self	9f946d7cdc240180f28086a8388fec6afac72315aecbd727d5471f40f2c24dec	1	REJECT	0	0	pcr13: replayed 31cae9d741b5a296fcdac58d8dd05863.. tpm 31cae9d741b59296fcdac58d8dd05863.. FAIL (1 events) || ATTEST VERIFY FAIL || quote pcrDigest over PCRs [4, 12, 13] == SHA-256(PCR values read back): FAIL || QUOTE VERIFY FAIL	1	REJECT	0	0	pcr13: replayed 31cae9d741b5a296fcdac58d8dd05863.. tpm 31cae9d741b59296fcdac58d8dd05863.. FAIL (1 events) || ATTEST VERIFY FAIL || quote pcrDigest over PCRs [4, 12, 13] == SHA-256(PCR values read back): FAIL || QUOTE VERIFY FAIL	pcr 13 char 12 a->9
H3pcr-value-043	pcr-value	pcr13	qemu_self	aa112dc54a13e4c5a87987b27fbff54c55629f35b20d2a31097cdb60277475c2	1	REJECT	0	0	pcr13: replayed 31cae9d741b5a296fcdac58d8dd05863.. tpm 31cae9d741b2a296fcdac58d8dd05863.. FAIL (1 events) || ATTEST VERIFY FAIL || quote pcrDigest over PCRs [4, 12, 13] == SHA-256(PCR values read back): FAIL || QUOTE VERIFY FAIL	1	REJECT	0	0	pcr13: replayed 31cae9d741b5a296fcdac58d8dd05863.. tpm 31cae9d741b2a296fcdac58d8dd05863.. FAIL (1 events) || ATTEST VERIFY FAIL || quote pcrDigest over PCRs [4, 12, 13] == SHA-256(PCR values read back): FAIL || QUOTE VERIFY FAIL	pcr 13 char 11 5->2
H3pcr-value-044	pcr-value	pcr13	qemu_self	62c7ce1adc66d994a5693f432c7bfdc061dc25a7b26475d37cac62101e4d6820	1	REJECT	0	0	pcr13: replayed 31cae9d741b5a296fcdac58d8dd05863.. tpm 31cae9d741b5a296fcdac58d8dd05863.. FAIL (1 events) || ATTEST VERIFY FAIL || quote pcrDigest over PCRs [4, 12, 13] == SHA-256(PCR values read back): FAIL || QUOTE VERIFY FAIL	1	REJECT	0	0	pcr13: replayed 31cae9d741b5a296fcdac58d8dd05863.. tpm 31cae9d741b5a296fcdac58d8dd05863.. FAIL (1 events) || ATTEST VERIFY FAIL || quote pcrDigest over PCRs [4, 12, 13] == SHA-256(PCR values read back): FAIL || QUOTE VERIFY FAIL	pcr 13 char 40 3->0
H3pcr-value-045	pcr-value	pcr13	qemu_self	fdca7265bed6db20b792601e9e94de541fca283d655e5fccab3b7ba528c9e8ed	1	REJECT	0	0	pcr13: replayed 31cae9d741b5a296fcdac58d8dd05863.. tpm 31cae9d741b5a296fcdac58d8dd05863.. FAIL (1 events) || ATTEST VERIFY FAIL || quote pcrDigest over PCRs [4, 12, 13] == SHA-256(PCR values read back): FAIL || QUOTE VERIFY FAIL	1	REJECT	0	0	pcr13: replayed 31cae9d741b5a296fcdac58d8dd05863.. tpm 31cae9d741b5a296fcdac58d8dd05863.. FAIL (1 events) || ATTEST VERIFY FAIL || quote pcrDigest over PCRs [4, 12, 13] == SHA-256(PCR values read back): FAIL || QUOTE VERIFY FAIL	pcr 13 char 61 e->c
H3pcr-value-046	pcr-value	pcr13	qemu_self	e8d9e47535886c8b613351dcae69aafdf545dcc073ec9fb07cc7a62868e2da83	1	REJECT	0	0	pcr13: replayed 31cae9d741b5a296fcdac58d8dd05863.. tpm 31cae9d741b5a296fcdac58d8dd05863.. FAIL (1 events) || ATTEST VERIFY FAIL || quote pcrDigest over PCRs [4, 12, 13] == SHA-256(PCR values read back): FAIL || QUOTE VERIFY FAIL	1	REJECT	0	0	pcr13: replayed 31cae9d741b5a296fcdac58d8dd05863.. tpm 31cae9d741b5a296fcdac58d8dd05863.. FAIL (1 events) || ATTEST VERIFY FAIL || quote pcrDigest over PCRs [4, 12, 13] == SHA-256(PCR values read back): FAIL || QUOTE VERIFY FAIL	pcr 13 char 53 3->8
H3pcr-value-047	pcr-value	pcr13	qemu_self	9ce2f148d36dbd6820257f6bc6a7ee55ea6c66a760f90fab423e4b3304195d87	1	REJECT	0	0	pcr13: replayed 31cae9d741b5a296fcdac58d8dd05863.. tpm 31cae9d741b5a296fcdac58d8dd05863.. FAIL (1 events) || ATTEST VERIFY FAIL || quote pcrDigest over PCRs [4, 12, 13] == SHA-256(PCR values read back): FAIL || QUOTE VERIFY FAIL	1	REJECT	0	0	pcr13: replayed 31cae9d741b5a296fcdac58d8dd05863.. tpm 31cae9d741b5a296fcdac58d8dd05863.. FAIL (1 events) || ATTEST VERIFY FAIL || quote pcrDigest over PCRs [4, 12, 13] == SHA-256(PCR values read back): FAIL || QUOTE VERIFY FAIL	pcr 13 char 58 a->6
H3pcr-value-048	pcr-value	pcr13	qemu_self	3e87f1ca174499f0e6465e9209c1a099dc3e616691cd5153e1bcb494234edf96	1	REJECT	0	0	pcr13: replayed 31cae9d741b5a296fcdac58d8dd05863.. tpm 31cae9d741b5a296fcdac58d8dd05863.. FAIL (1 events) || ATTEST VERIFY FAIL || quote pcrDigest over PCRs [4, 12, 13] == SHA-256(PCR values read back): FAIL || QUOTE VERIFY FAIL	1	REJECT	0	0	pcr13: replayed 31cae9d741b5a296fcdac58d8dd05863.. tpm 31cae9d741b5a296fcdac58d8dd05863.. FAIL (1 events) || ATTEST VERIFY FAIL || quote pcrDigest over PCRs [4, 12, 13] == SHA-256(PCR values read back): FAIL || QUOTE VERIFY FAIL	pcr 13 char 39 4->d
H3quote-attest-035	quote-attest	magic	qemu_self	3041ea5ea75cc64efbb7b1968616b5cadebcbe868a37dbae1377d78383e861bc	1	REJECT	1	0	quote attest magic=f5544347 type=8018 FAIL || quote ECDSA-P256/SHA-256 signature over TPMS_ATTEST (openssl): Verification failure FAIL || QUOTE VERIFY FAIL	1	REJECT	1	0	quote attest magic=f5544347 type=8018 FAIL || quote ECDSA-P256/SHA-256 signature over TPMS_ATTEST (openssl): Verification failure FAIL || QUOTE VERIFY FAIL	quote-attest nibble 1 (magic) f->5
H3quote-attest-036	quote-attest	magic	qemu_self	f0a53a1a8b5bcf27cc3f3ffddf607e899b4cc8558a07add4c1e817df6b3b33fa	1	REJECT	1	0	quote attest magic=ffd44347 type=8018 FAIL || quote ECDSA-P256/SHA-256 signature over TPMS_ATTEST (openssl): Verification failure FAIL || QUOTE VERIFY FAIL	1	REJECT	1	0	quote attest magic=ffd44347 type=8018 FAIL || quote ECDSA-P256/SHA-256 signature over TPMS_ATTEST (openssl): Verification failure FAIL || QUOTE VERIFY FAIL	quote-attest nibble 2 (magic) 5->d
H3quote-attest-037	quote-attest	type	qemu_self	441abb2db9df5023cdfb2873e27b763ef4f4e150f720e9685bb39e4040c1fd67	1	REJECT	1	0	quote attest magic=ff544347 type=8d18 FAIL || quote ECDSA-P256/SHA-256 signature over TPMS_ATTEST (openssl): Verification failure FAIL || QUOTE VERIFY FAIL	1	REJECT	1	0	quote attest magic=ff544347 type=8d18 FAIL || quote ECDSA-P256/SHA-256 signature over TPMS_ATTEST (openssl): Verification failure FAIL || QUOTE VERIFY FAIL	quote-attest nibble 9 (type) 0->d
H3quote-attest-038	quote-attest	type	qemu_self	c739f6dc66d4c0caf720220a378d1f51f96f5dfe6965dc64b82deee6b8d086e1	1	REJECT	1	0	quote attest magic=ff544347 type=8013 FAIL || quote ECDSA-P256/SHA-256 signature over TPMS_ATTEST (openssl): Verification failure FAIL || QUOTE VERIFY FAIL	1	REJECT	1	0	quote attest magic=ff544347 type=8013 FAIL || quote ECDSA-P256/SHA-256 signature over TPMS_ATTEST (openssl): Verification failure FAIL || QUOTE VERIFY FAIL	quote-attest nibble 11 (type) 8->3
H3quote-attest-039	quote-attest	qualifiedSigner.size	qemu_self	e0b84660516279c6d949ba7e90a9c3bfcc3f2ee8a9ceba1fe3c2d8ee5e65f176	1	REJECT	1	0	quote extraData == qualifying (66dde74de9c0ebb1..): FAIL || quote pcrDigest over PCRs [] == SHA-256(PCR values read back): FAIL || quote ECDSA-P256/SHA-256 signature over TPMS_ATTEST (openssl): Verification failure FAIL || QUOTE VERIFY FAIL	1	REJECT	1	0	quote extraData == qualifying (66dde74de9c0ebb1..): FAIL || quote pcrDigest over PCRs [] == SHA-256(PCR values read back): FAIL || quote ECDSA-P256/SHA-256 signature over TPMS_ATTEST (openssl): Verification failure FAIL || QUOTE VERIFY FAIL	quote-attest nibble 14 (qualifiedSigner.size) 2->4
H3quote-attest-040	quote-attest	qualifiedSigner.size	qemu_self	515c498de77d713c1e40fdd580d152dea8d087a3662c5dccafa71ef229ed1392	1	REJECT	1	0	quote extraData == qualifying (66dde74de9c0ebb1..): FAIL || quote pcrDigest over PCRs [] == SHA-256(PCR values read back): FAIL || quote ECDSA-P256/SHA-256 signature over TPMS_ATTEST (openssl): Verification failure FAIL || QUOTE VERIFY FAIL	1	REJECT	1	0	quote extraData == qualifying (66dde74de9c0ebb1..): FAIL || quote pcrDigest over PCRs [] == SHA-256(PCR values read back): FAIL || quote ECDSA-P256/SHA-256 signature over TPMS_ATTEST (openssl): Verification failure FAIL || QUOTE VERIFY FAIL	quote-attest nibble 12 (qualifiedSigner.size) 0->4
H3quote-attest-041	quote-attest	qualifiedSigner.name	qemu_self	7e1dbe7f717091a3e19c871d224172145d6a4f07728b183adc843273c1f3cf2d	1	REJECT	1	0	quote ECDSA-P256/SHA-256 signature over TPMS_ATTEST (openssl): Verification failure FAIL || QUOTE VERIFY FAIL	1	REJECT	1	0	quote ECDSA-P256/SHA-256 signature over TPMS_ATTEST (openssl): Verification failure FAIL || QUOTE VERIFY FAIL	quote-attest nibble 64 (qualifiedSigner.name) c->4
H3quote-attest-042	quote-attest	qualifiedSigner.name	qemu_self	0269de19fc9a6c95a91b56119507ed446f1c90d13368e7396198c3c2a896cc42	1	REJECT	1	0	quote ECDSA-P256/SHA-256 signature over TPMS_ATTEST (openssl): Verification failure FAIL || QUOTE VERIFY FAIL	1	REJECT	1	0	quote ECDSA-P256/SHA-256 signature over TPMS_ATTEST (openssl): Verification failure FAIL || QUOTE VERIFY FAIL	quote-attest nibble 67 (qualifiedSigner.name) b->5
H3quote-attest-043	quote-attest	extraData.size	qemu_self	f2b96643285bc1ca7a1e8996051983fdcfea35613104a17ceb569385dc56f7e4	1	REJECT	1	0	quote extraData == qualifying (66dde74de9c0ebb1..): FAIL || quote pcrDigest over PCRs [] == SHA-256(PCR values read back): FAIL || quote ECDSA-P256/SHA-256 signature over TPMS_ATTEST (openssl): Verification failure FAIL || QUOTE VERIFY FAIL	1	REJECT	1	0	quote extraData == qualifying (66dde74de9c0ebb1..): FAIL || quote pcrDigest over PCRs [] == SHA-256(PCR values read back): FAIL || quote ECDSA-P256/SHA-256 signature over TPMS_ATTEST (openssl): Verification failure FAIL || QUOTE VERIFY FAIL	quote-attest nibble 84 (extraData.size) 0->7
H3quote-attest-044	quote-attest	extraData.size	qemu_self	e05dcece78453da5e04b52fd055bd8502ce53ad0c619781c7890d5318192d68e	1	REJECT	1	0	quote extraData == qualifying (66dde74de9c0ebb1..): FAIL || quote pcrDigest over PCRs [] == SHA-256(PCR values read back): FAIL || quote ECDSA-P256/SHA-256 signature over TPMS_ATTEST (openssl): Verification failure FAIL || QUOTE VERIFY FAIL	1	REJECT	1	0	quote extraData == qualifying (66dde74de9c0ebb1..): FAIL || quote pcrDigest over PCRs [] == SHA-256(PCR values read back): FAIL || quote ECDSA-P256/SHA-256 signature over TPMS_ATTEST (openssl): Verification failure FAIL || QUOTE VERIFY FAIL	quote-attest nibble 85 (extraData.size) 0->e
H3quote-attest-045	quote-attest	extraData	qemu_self	f550355f8f64a48ae662b334e0ab28c61c8f97d30c93766c442ef595a4292d12	1	REJECT	1	0	quote extraData == qualifying (66dde74de9c0ebb1..): FAIL || quote ECDSA-P256/SHA-256 signature over TPMS_ATTEST (openssl): Verification failure FAIL || QUOTE VERIFY FAIL	1	REJECT	1	0	quote extraData == qualifying (66dde74de9c0ebb1..): FAIL || quote ECDSA-P256/SHA-256 signature over TPMS_ATTEST (openssl): Verification failure FAIL || QUOTE VERIFY FAIL	quote-attest nibble 111 (extraData) 1->9
H3quote-attest-046	quote-attest	extraData	qemu_self	5cfdf15993340b3bbbb1d70a3cc9e1a96592a2ba7ab36e28364d773db0ad4054	1	REJECT	1	0	quote extraData == qualifying (66dde74de9c0ebb1..): FAIL || quote ECDSA-P256/SHA-256 signature over TPMS_ATTEST (openssl): Verification failure FAIL || QUOTE VERIFY FAIL	1	REJECT	1	0	quote extraData == qualifying (66dde74de9c0ebb1..): FAIL || quote ECDSA-P256/SHA-256 signature over TPMS_ATTEST (openssl): Verification failure FAIL || QUOTE VERIFY FAIL	quote-attest nibble 129 (extraData) 2->a
H3quote-attest-047	quote-attest	clock	qemu_self	a31d7c9ffda782c444129bda5f8fd5af0b1b5547adbb6bb0f1bc0798a0c426d0	1	REJECT	1	0	quote ECDSA-P256/SHA-256 signature over TPMS_ATTEST (openssl): Verification failure FAIL || QUOTE VERIFY FAIL	1	REJECT	1	0	quote ECDSA-P256/SHA-256 signature over TPMS_ATTEST (openssl): Verification failure FAIL || QUOTE VERIFY FAIL	quote-attest nibble 155 (clock) 0->9
H3quote-attest-048	quote-attest	clock	qemu_self	6e3a65a0432a0b7fa49259ddf4918b5a4b5e5e960fde5e7f8e5054f6b68da0cb	1	REJECT	1	0	quote ECDSA-P256/SHA-256 signature over TPMS_ATTEST (openssl): Verification failure FAIL || QUOTE VERIFY FAIL	1	REJECT	1	0	quote ECDSA-P256/SHA-256 signature over TPMS_ATTEST (openssl): Verification failure FAIL || QUOTE VERIFY FAIL	quote-attest nibble 153 (clock) 0->8
H3quote-attest-049	quote-attest	resetCount	qemu_self	6b5ea91a7583d22a0f114f909dc0c62efa4c24e27d00698a1d59e54f6369fa19	1	REJECT	1	0	quote ECDSA-P256/SHA-256 signature over TPMS_ATTEST (openssl): Verification failure FAIL || QUOTE VERIFY FAIL	1	REJECT	1	0	quote ECDSA-P256/SHA-256 signature over TPMS_ATTEST (openssl): Verification failure FAIL || QUOTE VERIFY FAIL	quote-attest nibble 175 (resetCount) 8->f
H3quote-attest-050	quote-attest	resetCount	qemu_self	e14c78af8fbcba44e881f1b4dc50c69640fc9a8a43a1ed8f83f8f30c4e170c9b	1	REJECT	1	0	quote ECDSA-P256/SHA-256 signature over TPMS_ATTEST (openssl): Verification failure FAIL || QUOTE VERIFY FAIL	1	REJECT	1	0	quote ECDSA-P256/SHA-256 signature over TPMS_ATTEST (openssl): Verification failure FAIL || QUOTE VERIFY FAIL	quote-attest nibble 173 (resetCount) 7->5
H3quote-attest-051	quote-attest	restartCount	qemu_self	452fa5440b1254343d59a199564e74f61a36550042e586bb636624499116cb7e	1	REJECT	1	0	quote ECDSA-P256/SHA-256 signature over TPMS_ATTEST (openssl): Verification failure FAIL || QUOTE VERIFY FAIL	1	REJECT	1	0	quote ECDSA-P256/SHA-256 signature over TPMS_ATTEST (openssl): Verification failure FAIL || QUOTE VERIFY FAIL	quote-attest nibble 181 (restartCount) e->6
H3quote-attest-052	quote-attest	restartCount	qemu_self	b4af675df616e1c7af7a828651e481ce330fff3b42d1daf6847a6a468ffe0834	1	REJECT	1	0	quote ECDSA-P256/SHA-256 signature over TPMS_ATTEST (openssl): Verification failure FAIL || QUOTE VERIFY FAIL	1	REJECT	1	0	quote ECDSA-P256/SHA-256 signature over TPMS_ATTEST (openssl): Verification failure FAIL || QUOTE VERIFY FAIL	quote-attest nibble 176 (restartCount) d->b
H3quote-attest-053	quote-attest	safe	qemu_self	9b5cddf5dc71f5b9b4296fe242695765225a79af788fdd9ef83fe3c7164f73f7	1	REJECT	1	0	quote ECDSA-P256/SHA-256 signature over TPMS_ATTEST (openssl): Verification failure FAIL || QUOTE VERIFY FAIL	1	REJECT	1	0	quote ECDSA-P256/SHA-256 signature over TPMS_ATTEST (openssl): Verification failure FAIL || QUOTE VERIFY FAIL	quote-attest nibble 184 (safe) 0->b
H3quote-attest-054	quote-attest	safe	qemu_self	c0125b5c57dce1aca738b0339756846a77a60455bf605bc951fe593cda087b85	1	REJECT	1	0	quote ECDSA-P256/SHA-256 signature over TPMS_ATTEST (openssl): Verification failure FAIL || QUOTE VERIFY FAIL	1	REJECT	1	0	quote ECDSA-P256/SHA-256 signature over TPMS_ATTEST (openssl): Verification failure FAIL || QUOTE VERIFY FAIL	quote-attest nibble 184 (safe) 0->6
H3quote-attest-055	quote-attest	firmwareVersion	qemu_self	9909c7b002edef54898f2683eb85259d8905e03a3a63ca3b29d21aa0d02d399a	1	REJECT	1	0	quote ECDSA-P256/SHA-256 signature over TPMS_ATTEST (openssl): Verification failure FAIL || QUOTE VERIFY FAIL	1	REJECT	1	0	quote ECDSA-P256/SHA-256 signature over TPMS_ATTEST (openssl): Verification failure FAIL || QUOTE VERIFY FAIL	quote-attest nibble 199 (firmwareVersion) b->1
H3quote-attest-056	quote-attest	firmwareVersion	qemu_self	e1080909536a63b62f20ae8ecc7b76453c51f3ba212b27510729fc14671d7f4b	1	REJECT	1	0	quote ECDSA-P256/SHA-256 signature over TPMS_ATTEST (openssl): Verification failure FAIL || QUOTE VERIFY FAIL	1	REJECT	1	0	quote ECDSA-P256/SHA-256 signature over TPMS_ATTEST (openssl): Verification failure FAIL || QUOTE VERIFY FAIL	quote-attest nibble 186 (firmwareVersion) e->2
H3quote-attest-057	quote-attest	pcrSelect.count	qemu_self	47a2fc6d27a5c4478666be29df6473df967c23a6a04d0454a79759c62727e88e	1	REJECT	1	0	QUOTE VERIFY ERROR index out of range	1	REJECT	1	0	QUOTE VERIFY ERROR index out of range	quote-attest nibble 209 (pcrSelect.count) 1->d
H3quote-attest-058	quote-attest	pcrSelect.count	qemu_self	fe9996615914b1ad281923fd3e3c2eb82acab58a6373d194ca68e79498be192a	1	REJECT	1	0	QUOTE VERIFY ERROR index out of range	1	REJECT	1	0	QUOTE VERIFY ERROR index out of range	quote-attest nibble 208 (pcrSelect.count) 0->2
H3quote-attest-059	quote-attest	pcrSelect.hashAlg	qemu_self	3c1263eedc872555112e94997f02780e783cfdd67292e3bf57915c461c76b349	1	REJECT	1	0	quote ECDSA-P256/SHA-256 signature over TPMS_ATTEST (openssl): Verification failure FAIL || QUOTE VERIFY FAIL	1	REJECT	1	0	quote ECDSA-P256/SHA-256 signature over TPMS_ATTEST (openssl): Verification failure FAIL || QUOTE VERIFY FAIL	quote-attest nibble 210 (pcrSelect.hashAlg) 0->e
H3quote-attest-060	quote-attest	pcrSelect.hashAlg	qemu_self	eefb17221ce8d094a2a0a6fe35f9adcaa7f2302f5cae8f4a7d6801d5c32ab80c	1	REJECT	1	0	quote ECDSA-P256/SHA-256 signature over TPMS_ATTEST (openssl): Verification failure FAIL || QUOTE VERIFY FAIL	1	REJECT	1	0	quote ECDSA-P256/SHA-256 signature over TPMS_ATTEST (openssl): Verification failure FAIL || QUOTE VERIFY FAIL	quote-attest nibble 210 (pcrSelect.hashAlg) 0->2
H3quote-attest-061	quote-attest	pcrSelect.sizeofSelect	qemu_self	c1447443b666b667690270e90c71d6ae5cab6860b6a0503bf79e112c74cc6bf9	1	REJECT	1	0	quote pcrDigest over PCRs [4, 12, 13, 37, 40, 41, 43, 46] == SHA-256(PCR values read back): FAIL || quote ECDSA-P256/SHA-256 signature over TPMS_ATTEST (openssl): Verification failure FAIL || QUOTE VERIFY FAIL	1	REJECT	1	0	quote pcrDigest over PCRs [4, 12, 13, 37, 40, 41, 43, 46] == SHA-256(PCR values read back): FAIL || quote ECDSA-P256/SHA-256 signature over TPMS_ATTEST (openssl): Verification failure FAIL || QUOTE VERIFY FAIL	quote-attest nibble 215 (pcrSelect.sizeofSelect) 3->6
H3quote-attest-062	quote-attest	pcrSelect.sizeofSelect	qemu_self	931aaebeda6ea21042d2734b29bd11a9bb1863b33081de1d4d68ff46f8a4c6e5	1	REJECT	1	0	quote pcrDigest over PCRs [4, 12, 13, 37, 40, 41, 43, 46, 50, 51, 52, 53, 54, 57, 59, 60, 62, 63, 64, 69, 70, 71, 73, 74, 75, 77, 79, 80, 82, 84, 85, 86, 87, 88, 89, 93, 95, 96, 97, 98, 99, 100, 101, 109, 111, 114, 118, 119, 122, 124, 126, 127, 128, 129, 130, 132, 138, 139, 140, 142, 143, 144, 148,	1	REJECT	1	0	quote pcrDigest over PCRs [4, 12, 13, 37, 40, 41, 43, 46, 50, 51, 52, 53, 54, 57, 59, 60, 62, 63, 64, 69, 70, 71, 73, 74, 75, 77, 79, 80, 82, 84, 85, 86, 87, 88, 89, 93, 95, 96, 97, 98, 99, 100, 101, 109, 111, 114, 118, 119, 122, 124, 126, 127, 128, 129, 130, 132, 138, 139, 140, 142, 143, 144, 148,	quote-attest nibble 214 (pcrSelect.sizeofSelect) 0->5
H3quote-attest-063	quote-attest	pcrSelect.bitmap	qemu_self	24ec1c1b0238ad26993e7d4bd76d4e4424d4c7bce28db57fad7121a913f5ae7b	1	REJECT	1	0	quote pcrDigest over PCRs [4, 11, 12, 13] == SHA-256(PCR values read back): FAIL || quote ECDSA-P256/SHA-256 signature over TPMS_ATTEST (openssl): Verification failure FAIL || QUOTE VERIFY FAIL	1	REJECT	1	0	quote pcrDigest over PCRs [4, 11, 12, 13] == SHA-256(PCR values read back): FAIL || quote ECDSA-P256/SHA-256 signature over TPMS_ATTEST (openssl): Verification failure FAIL || QUOTE VERIFY FAIL	quote-attest nibble 219 (pcrSelect.bitmap) 0->8
H3quote-attest-064	quote-attest	pcrSelect.bitmap	qemu_self	59c9bdb535869bc44768c5711464d3edb16d60b574dc1159a95b2570d695b700	1	REJECT	1	0	quote pcrDigest over PCRs [4, 12, 14] == SHA-256(PCR values read back): FAIL || quote ECDSA-P256/SHA-256 signature over TPMS_ATTEST (openssl): Verification failure FAIL || QUOTE VERIFY FAIL	1	REJECT	1	0	quote pcrDigest over PCRs [4, 12, 14] == SHA-256(PCR values read back): FAIL || quote ECDSA-P256/SHA-256 signature over TPMS_ATTEST (openssl): Verification failure FAIL || QUOTE VERIFY FAIL	quote-attest nibble 218 (pcrSelect.bitmap) 3->5
H3quote-attest-065	quote-attest	pcrDigest.size	qemu_self	c8fcca70f9d91ecff98ce7b8548c23c84c6eb47047cb2f5e4bc7d41df2cef8df	1	REJECT	1	0	quote ECDSA-P256/SHA-256 signature over TPMS_ATTEST (openssl): Verification failure FAIL || QUOTE VERIFY FAIL	1	REJECT	1	0	quote ECDSA-P256/SHA-256 signature over TPMS_ATTEST (openssl): Verification failure FAIL || QUOTE VERIFY FAIL	quote-attest nibble 224 (pcrDigest.size) 2->7
H3quote-attest-066	quote-attest	pcrDigest.size	qemu_self	35ab52897cfdd8b17318f4966a061f7008db3e90f456440a33f3a71d9c9e5ca4	1	REJECT	1	0	quote ECDSA-P256/SHA-256 signature over TPMS_ATTEST (openssl): Verification failure FAIL || QUOTE VERIFY FAIL	1	REJECT	1	0	quote ECDSA-P256/SHA-256 signature over TPMS_ATTEST (openssl): Verification failure FAIL || QUOTE VERIFY FAIL	quote-attest nibble 224 (pcrDigest.size) 2->3
H3quote-attest-067	quote-attest	pcrDigest	qemu_self	7d58d38ff25f9d253eaa05bed7522f2301c6dc35f4943900587668c8d3d3267c	1	REJECT	1	0	quote pcrDigest over PCRs [4, 12, 13] == SHA-256(PCR values read back): FAIL || quote ECDSA-P256/SHA-256 signature over TPMS_ATTEST (openssl): Verification failure FAIL || QUOTE VERIFY FAIL	1	REJECT	1	0	quote pcrDigest over PCRs [4, 12, 13] == SHA-256(PCR values read back): FAIL || quote ECDSA-P256/SHA-256 signature over TPMS_ATTEST (openssl): Verification failure FAIL || QUOTE VERIFY FAIL	quote-attest nibble 236 (pcrDigest) f->e
H3quote-attest-068	quote-attest	pcrDigest	qemu_self	cfe8a8e2152140a49b13061b8614b1f9036c9fde8e17f6c27e99ffe9fe4e33da	1	REJECT	1	0	quote pcrDigest over PCRs [4, 12, 13] == SHA-256(PCR values read back): FAIL || quote ECDSA-P256/SHA-256 signature over TPMS_ATTEST (openssl): Verification failure FAIL || QUOTE VERIFY FAIL	1	REJECT	1	0	quote pcrDigest over PCRs [4, 12, 13] == SHA-256(PCR values read back): FAIL || quote ECDSA-P256/SHA-256 signature over TPMS_ATTEST (openssl): Verification failure FAIL || QUOTE VERIFY FAIL	quote-attest nibble 264 (pcrDigest) 8->4
H3quote-signature-013	quote-signature	quote-sig-r	qemu_self	590b1f91c579bd16de576539568ff42fa817e69af15b17f0043a56e784054ce4	1	REJECT	1	0	quote ECDSA-P256/SHA-256 signature over TPMS_ATTEST (openssl): Verification failure FAIL || QUOTE VERIFY FAIL	1	REJECT	1	0	quote ECDSA-P256/SHA-256 signature over TPMS_ATTEST (openssl): Verification failure FAIL || QUOTE VERIFY FAIL	quote-sig-r char 0 2->7
H3quote-signature-014	quote-signature	quote-sig-r	qemu_self	3fd7e9cf75b438ff060ac08d4261bf07017773d25f389f8288b3babb623f5871	1	REJECT	1	0	quote ECDSA-P256/SHA-256 signature over TPMS_ATTEST (openssl): Verification failure FAIL || QUOTE VERIFY FAIL	1	REJECT	1	0	quote ECDSA-P256/SHA-256 signature over TPMS_ATTEST (openssl): Verification failure FAIL || QUOTE VERIFY FAIL	quote-sig-r char 15 2->f
H3quote-signature-015	quote-signature	quote-sig-r	qemu_self	9d67de10e69ac6b76e54e768cc6813a7574cb582bf1a79427ea71d879d9fcce6	1	REJECT	1	0	quote ECDSA-P256/SHA-256 signature over TPMS_ATTEST (openssl): Verification failure FAIL || QUOTE VERIFY FAIL	1	REJECT	1	0	quote ECDSA-P256/SHA-256 signature over TPMS_ATTEST (openssl): Verification failure FAIL || QUOTE VERIFY FAIL	quote-sig-r char 21 e->a
H3quote-signature-016	quote-signature	quote-sig-r	qemu_self	5a01fd000adff9655747353a46b64cb378f7616918da7afcb67449d67a58bc80	1	REJECT	1	0	quote ECDSA-P256/SHA-256 signature over TPMS_ATTEST (openssl): Verification failure FAIL || QUOTE VERIFY FAIL	1	REJECT	1	0	quote ECDSA-P256/SHA-256 signature over TPMS_ATTEST (openssl): Verification failure FAIL || QUOTE VERIFY FAIL	quote-sig-r char 52 4->7
H3quote-signature-017	quote-signature	quote-sig-r	qemu_self	a0f94d965cbfc3ea47276aeb19751b600b795016d7e85177c0a5b6cdc2a1af75	1	REJECT	1	0	quote ECDSA-P256/SHA-256 signature over TPMS_ATTEST (openssl): Verification failure FAIL || QUOTE VERIFY FAIL	1	REJECT	1	0	quote ECDSA-P256/SHA-256 signature over TPMS_ATTEST (openssl): Verification failure FAIL || QUOTE VERIFY FAIL	quote-sig-r char 35 e->3
H3quote-signature-018	quote-signature	quote-sig-r	qemu_self	4bfa3d2f84aca97419bd08788e156575d9e5c697e0470445413a7705933c7014	1	REJECT	1	0	quote ECDSA-P256/SHA-256 signature over TPMS_ATTEST (openssl): Verification failure FAIL || QUOTE VERIFY FAIL	1	REJECT	1	0	quote ECDSA-P256/SHA-256 signature over TPMS_ATTEST (openssl): Verification failure FAIL || QUOTE VERIFY FAIL	quote-sig-r char 10 2->6
H3quote-signature-019	quote-signature	quote-sig-s	qemu_self	a26725eca4589833eae4646bf1ed27f2809a7135c6b999c4e5a1f3348a367d35	1	REJECT	1	0	quote ECDSA-P256/SHA-256 signature over TPMS_ATTEST (openssl): Verification failure FAIL || QUOTE VERIFY FAIL	1	REJECT	1	0	quote ECDSA-P256/SHA-256 signature over TPMS_ATTEST (openssl): Verification failure FAIL || QUOTE VERIFY FAIL	quote-sig-s char 62 7->d
H3quote-signature-020	quote-signature	quote-sig-s	qemu_self	6c5f562f05994fbe05605aa3166793efe2a33760c0a7f57e80c4ff9b8b60ec9b	1	REJECT	1	0	quote ECDSA-P256/SHA-256 signature over TPMS_ATTEST (openssl): Verification failure FAIL || QUOTE VERIFY FAIL	1	REJECT	1	0	quote ECDSA-P256/SHA-256 signature over TPMS_ATTEST (openssl): Verification failure FAIL || QUOTE VERIFY FAIL	quote-sig-s char 2 6->c
H3quote-signature-021	quote-signature	quote-sig-s	qemu_self	852f5a3bd324f6c208a6b111ba65ac4d1b6eaded84b4fbcd9e9d052a19aa6298	1	REJECT	1	0	quote ECDSA-P256/SHA-256 signature over TPMS_ATTEST (openssl): Verification failure FAIL || QUOTE VERIFY FAIL	1	REJECT	1	0	quote ECDSA-P256/SHA-256 signature over TPMS_ATTEST (openssl): Verification failure FAIL || QUOTE VERIFY FAIL	quote-sig-s char 4 3->d
H3quote-signature-022	quote-signature	quote-sig-s	qemu_self	22ea3df234efe3f3e0507416ca5ab08cecb2fea0e61c49130e5516adfde32f45	1	REJECT	1	0	quote ECDSA-P256/SHA-256 signature over TPMS_ATTEST (openssl): Verification failure FAIL || QUOTE VERIFY FAIL	1	REJECT	1	0	quote ECDSA-P256/SHA-256 signature over TPMS_ATTEST (openssl): Verification failure FAIL || QUOTE VERIFY FAIL	quote-sig-s char 0 4->f
H3quote-signature-023	quote-signature	quote-sig-s	qemu_self	06fd13371489c971d98fe0b7cff1833360d64c2c08e0d89c8de70829ba969b66	1	REJECT	1	0	quote ECDSA-P256/SHA-256 signature over TPMS_ATTEST (openssl): Verification failure FAIL || QUOTE VERIFY FAIL	1	REJECT	1	0	quote ECDSA-P256/SHA-256 signature over TPMS_ATTEST (openssl): Verification failure FAIL || QUOTE VERIFY FAIL	quote-sig-s char 3 7->4
H3quote-signature-024	quote-signature	quote-sig-s	qemu_self	b7d35d0a949b12df4cd6c930b3e97ca5f92648a42aef68f03759793ef118e178	1	REJECT	1	0	quote ECDSA-P256/SHA-256 signature over TPMS_ATTEST (openssl): Verification failure FAIL || QUOTE VERIFY FAIL	1	REJECT	1	0	quote ECDSA-P256/SHA-256 signature over TPMS_ATTEST (openssl): Verification failure FAIL || QUOTE VERIFY FAIL	quote-sig-s char 60 6->0
H3quote-qualifying-009	quote-qualifying	quote-qualifying	qemu_self	d00a48704997e5895210be1523b011671a82efeb386d6abfea4ce516cbb99977	1	REJECT	1	0	quote extraData == qualifying (66dde74de9c0ebb1..): FAIL || QUOTE VERIFY FAIL	1	REJECT	1	0	quote extraData == qualifying (66dde74de9c0ebb1..): FAIL || quote qualifying == SHA-256(RECEIPT.TXT): FAIL || QUOTE VERIFY FAIL	quote-qualifying char 58 b->3
H3quote-qualifying-010	quote-qualifying	quote-qualifying	qemu_self	fce6fdc30cfe43bb52abaf31cb483651cf2a28d6749ad82784a6ffdaa3e972af	1	REJECT	1	0	quote extraData == qualifying (66dde74de9c0ebb1..): FAIL || QUOTE VERIFY FAIL	1	REJECT	1	0	quote extraData == qualifying (66dde74de9c0ebb1..): FAIL || quote qualifying == SHA-256(RECEIPT.TXT): FAIL || QUOTE VERIFY FAIL	quote-qualifying char 49 a->2
H3quote-qualifying-011	quote-qualifying	quote-qualifying	qemu_self	e7ca13b7678f07b2ad55460c4ba15959c3fb91271b0ad2e231db6432e35eee3a	1	REJECT	1	0	quote extraData == qualifying (66dde74de9c0ebb1..): FAIL || QUOTE VERIFY FAIL	1	REJECT	1	0	quote extraData == qualifying (66dde74de9c0ebb1..): FAIL || quote qualifying == SHA-256(RECEIPT.TXT): FAIL || QUOTE VERIFY FAIL	quote-qualifying char 57 5->f
H3quote-qualifying-012	quote-qualifying	quote-qualifying	qemu_self	ebd865e120e3ce4582e1538931edcfec6b0e115d76b1f99fe97386e07022aa70	1	REJECT	1	0	quote extraData == qualifying (66dde74de9c0ebb1..): FAIL || QUOTE VERIFY FAIL	1	REJECT	1	0	quote extraData == qualifying (66dde74de9c0ebb1..): FAIL || quote qualifying == SHA-256(RECEIPT.TXT): FAIL || QUOTE VERIFY FAIL	quote-qualifying char 57 5->4
H3quote-qualifying-013	quote-qualifying	quote-qualifying	qemu_self	2a8fa834f2e2ee5cf61f1d2844b4efdf212ed78cf8b7e937719cfb315b41400c	1	REJECT	1	0	quote extraData == qualifying (66dde74de9c0ebb1..): FAIL || QUOTE VERIFY FAIL	1	REJECT	1	0	quote extraData == qualifying (66dde74de9c0ebb1..): FAIL || quote qualifying == SHA-256(RECEIPT.TXT): FAIL || QUOTE VERIFY FAIL	quote-qualifying char 33 6->a
H3quote-qualifying-014	quote-qualifying	quote-qualifying	qemu_self	2c701474727213dbedca7dc974cb5a15b0c85718adbdd80af66ac30c60b64fab	1	REJECT	1	0	quote extraData == qualifying (66dde74de9c0ebb1..): FAIL || QUOTE VERIFY FAIL	1	REJECT	1	0	quote extraData == qualifying (66dde74de9c0ebb1..): FAIL || quote qualifying == SHA-256(RECEIPT.TXT): FAIL || QUOTE VERIFY FAIL	quote-qualifying char 50 d->6
H3quote-qualifying-015	quote-qualifying	quote-qualifying	qemu_self	aebb63133b0f608308949b407486f8fb1b9ddbf5c3fa0ead843a26d0a594d375	1	REJECT	1	0	quote extraData == qualifying (66dde74de9c0ebb1..): FAIL || QUOTE VERIFY FAIL	1	REJECT	1	0	quote extraData == qualifying (66dde74de9c0ebb1..): FAIL || quote qualifying == SHA-256(RECEIPT.TXT): FAIL || QUOTE VERIFY FAIL	quote-qualifying char 40 a->1
H3quote-qualifying-016	quote-qualifying	quote-qualifying	qemu_self	43cb22bf00446b86a8c7620967812356a2c29c577afce5f8d1e7a787d6cec966	1	REJECT	1	0	quote extraData == qualifying (66dde74de9c0ebb1..): FAIL || QUOTE VERIFY FAIL	1	REJECT	1	0	quote extraData == qualifying (66dde74de9c0ebb1..): FAIL || quote qualifying == SHA-256(RECEIPT.TXT): FAIL || QUOTE VERIFY FAIL	quote-qualifying char 45 0->6
H3quote-pubkey-009	quote-pubkey	quote-pub-x	qemu_self	e50486006e2467a83cda00f00704ce56d0145f369e8c9aace5a5a8a3e2b37406	1	REJECT	1	0	QUOTE VERIFY ERROR Command '['openssl', 'pkey', '-pubin', '-inform', 'DER', '-in', '/tmp/tmpjp2ccahs/pub.der', '-out', '/tmp/tmpjp2ccahs/pub.pem']' returned non-zero exit status 1.	1	REJECT	1	0	QUOTE VERIFY ERROR Command '['openssl', 'pkey', '-pubin', '-inform', 'DER', '-in', '/tmp/tmpa3ckmyhq/pub.der', '-out', '/tmp/tmpa3ckmyhq/pub.pem']' returned non-zero exit status 1.	quote-pub-x char 21 a->3
H3quote-pubkey-010	quote-pubkey	quote-pub-x	qemu_self	e7ea2aac5dc34f1bba406ec8aa32a507698001bb4e6897e60076f03f4451db77	1	REJECT	1	0	QUOTE VERIFY ERROR Command '['openssl', 'pkey', '-pubin', '-inform', 'DER', '-in', '/tmp/tmpfsevxrr7/pub.der', '-out', '/tmp/tmpfsevxrr7/pub.pem']' returned non-zero exit status 1.	1	REJECT	1	0	QUOTE VERIFY ERROR Command '['openssl', 'pkey', '-pubin', '-inform', 'DER', '-in', '/tmp/tmp_ptvrvkc/pub.der', '-out', '/tmp/tmp_ptvrvkc/pub.pem']' returned non-zero exit status 1.	quote-pub-x char 23 f->a
H3quote-pubkey-011	quote-pubkey	quote-pub-x	qemu_self	a4c64648f3ff2f240293bc20561ce2d8cadf465c4b67d9bd91676007815fe14d	1	REJECT	1	0	QUOTE VERIFY ERROR Command '['openssl', 'pkey', '-pubin', '-inform', 'DER', '-in', '/tmp/tmpmljgsc8_/pub.der', '-out', '/tmp/tmpmljgsc8_/pub.pem']' returned non-zero exit status 1.	1	REJECT	1	0	QUOTE VERIFY ERROR Command '['openssl', 'pkey', '-pubin', '-inform', 'DER', '-in', '/tmp/tmp3ho8os2e/pub.der', '-out', '/tmp/tmp3ho8os2e/pub.pem']' returned non-zero exit status 1.	quote-pub-x char 21 a->7
H3quote-pubkey-012	quote-pubkey	quote-pub-x	qemu_self	84b9a98ebb0966db9364994a1a7fdae2b92501cba3271f1dedfb230ef72521c3	1	REJECT	1	0	QUOTE VERIFY ERROR Command '['openssl', 'pkey', '-pubin', '-inform', 'DER', '-in', '/tmp/tmp6y0oyjjn/pub.der', '-out', '/tmp/tmp6y0oyjjn/pub.pem']' returned non-zero exit status 1.	1	REJECT	1	0	QUOTE VERIFY ERROR Command '['openssl', 'pkey', '-pubin', '-inform', 'DER', '-in', '/tmp/tmpctfaotdy/pub.der', '-out', '/tmp/tmpctfaotdy/pub.pem']' returned non-zero exit status 1.	quote-pub-x char 5 3->e
H3quote-pubkey-013	quote-pubkey	quote-pub-y	qemu_self	fefb721b5521cd2054cc0265d322821a928a35bb252cb94ab289effb9b6cd5ed	1	REJECT	1	0	QUOTE VERIFY ERROR Command '['openssl', 'pkey', '-pubin', '-inform', 'DER', '-in', '/tmp/tmp11_0g28i/pub.der', '-out', '/tmp/tmp11_0g28i/pub.pem']' returned non-zero exit status 1.	1	REJECT	1	0	QUOTE VERIFY ERROR Command '['openssl', 'pkey', '-pubin', '-inform', 'DER', '-in', '/tmp/tmplr2hgxri/pub.der', '-out', '/tmp/tmplr2hgxri/pub.pem']' returned non-zero exit status 1.	quote-pub-y char 7 8->9
H3quote-pubkey-014	quote-pubkey	quote-pub-y	qemu_self	ffd995ad6f560de545129f067280836cf6f85b1d54f9507bb701a85d4603cef7	1	REJECT	1	0	QUOTE VERIFY ERROR Command '['openssl', 'pkey', '-pubin', '-inform', 'DER', '-in', '/tmp/tmpoosynjdi/pub.der', '-out', '/tmp/tmpoosynjdi/pub.pem']' returned non-zero exit status 1.	1	REJECT	1	0	QUOTE VERIFY ERROR Command '['openssl', 'pkey', '-pubin', '-inform', 'DER', '-in', '/tmp/tmpvcx5427y/pub.der', '-out', '/tmp/tmpvcx5427y/pub.pem']' returned non-zero exit status 1.	quote-pub-y char 44 1->b
H3quote-pubkey-015	quote-pubkey	quote-pub-y	qemu_self	c9100db4b13e6abde005e0dc480a108b74f5181b11a683a0ed302b5c168e59b8	1	REJECT	1	0	QUOTE VERIFY ERROR Command '['openssl', 'pkey', '-pubin', '-inform', 'DER', '-in', '/tmp/tmpglcj1jge/pub.der', '-out', '/tmp/tmpglcj1jge/pub.pem']' returned non-zero exit status 1.	1	REJECT	1	0	QUOTE VERIFY ERROR Command '['openssl', 'pkey', '-pubin', '-inform', 'DER', '-in', '/tmp/tmp3o7xsrbt/pub.der', '-out', '/tmp/tmp3o7xsrbt/pub.pem']' returned non-zero exit status 1.	quote-pub-y char 15 7->f
H3quote-pubkey-016	quote-pubkey	quote-pub-y	qemu_self	1767356cc3f546d9500192bcd4d697da927c3f97e8be31502914f64dfa8e51c3	1	REJECT	1	0	QUOTE VERIFY ERROR Command '['openssl', 'pkey', '-pubin', '-inform', 'DER', '-in', '/tmp/tmpls406312/pub.der', '-out', '/tmp/tmpls406312/pub.pem']' returned non-zero exit status 1.	1	REJECT	1	0	QUOTE VERIFY ERROR Command '['openssl', 'pkey', '-pubin', '-inform', 'DER', '-in', '/tmp/tmp8pz5_t9l/pub.der', '-out', '/tmp/tmp8pz5_t9l/pub.pem']' returned non-zero exit status 1.	quote-pub-y char 1 c->b
H3event-line-037	event-line	pcr4/sha256	qemu_self	b04193b99efcb50985ff5b7333587f436c3bb9d924264c4f2d2e11b4378ed2c1	0	ACCEPT	1	1		0	ACCEPT	1	1		event pcr=4 line 8: sha256 char 46 6->9
H3event-line-038	event-line	pcr4/data	qemu_self	d8da400b9da6448c7b9df528aafc12c37839688a836325db2f8430c353c0fd94	0	ACCEPT	1	1		0	ACCEPT	1	1		event pcr=4 line 8: data char 4 i->y
H3event-line-039	event-line	pcr4/type	qemu_self	2316ba0bded40c0f18b089d7e300f6e468a48b1e9645b4fdd167bda76d071238	0	ACCEPT	1	1		0	ACCEPT	1	1		event pcr=4 line 8: type char 1 0->3
H3event-line-040	event-line	pcr4/delete	qemu_self	c14cfdfe0f4cffd965e79ea832a78219226d6f947e658bf9d79ee39981718226	0	ACCEPT	1	1		0	ACCEPT	1	1		event pcr=4 line 8 deleted
H3event-line-041	event-line	pcr4/sha256	qemu_self	3567ac3ab6a88ed5c4823ee7989826b5ac282cde41ef939e36a4182a752de7b3	0	ACCEPT	1	1		0	ACCEPT	1	1		event pcr=4 line 9: sha256 char 40 5->1
H3event-line-042	event-line	pcr4/data	qemu_self	d6e865889b6618de787d46d9ae2db74b41b54c9064c8f3bdbcfccb2c62857c57	0	ACCEPT	1	1		0	ACCEPT	1	1		event pcr=4 line 9: data char 1 e->6
H3event-line-043	event-line	pcr4/type	qemu_self	e26693734141fe353be524a0408484e9748a0f62699154f1308132796bfb1558	0	ACCEPT	1	1		0	ACCEPT	1	1		event pcr=4 line 9: type char 0 4->2
H3event-line-044	event-line	pcr4/delete	qemu_self	c10e06735b86d92cd7bdd55565fc54d417ed31a2195f2ab634743ad4fee8e8a8	0	ACCEPT	1	1		0	ACCEPT	1	1		event pcr=4 line 9 deleted
H3event-line-045	event-line	pcr4/sha256	qemu_self	a6c028c016e52221863140106189d33fb2962cd6bf8ff13392c3d797932138c1	0	ACCEPT	1	1		0	ACCEPT	1	1		event pcr=4 line 10: sha256 char 51 6->f
H3event-line-046	event-line	pcr4/data	qemu_self	aab9eb7b1f19c62cd716274380ff106f38c581ab1e9004ad1aff226c7939d75c	0	ACCEPT	1	1		0	ACCEPT	1	1		event pcr=4 line 10: data char 25 7->e
H3event-line-047	event-line	pcr4/type	qemu_self	8d8bd89fd304ec7e2fceee4be3707a2a7234167894fa609b43e6365b1f5c262a	0	ACCEPT	1	1		0	ACCEPT	1	1		event pcr=4 line 10: type char 7 3->5
H3event-line-048	event-line	pcr4/delete	qemu_self	fda6a3111627bcbdfedb7e22b6885f2ca05b05d6835fa4bae77ccf96a233fb64	0	ACCEPT	1	1		0	ACCEPT	1	1		event pcr=4 line 10 deleted
H3event-line-049	event-line	pcr12/sha256	qemu_self	a6bd824ce01acd031bec53d7a294a02d73801a46cd64055907c3a2c265a99f08	1	REJECT	0	1	eventlog pcr=12 sha256=210878ef90c1312f.. MISSING :: AEGIS-MEASURE v0 artifact=MODEL.SAF bytes=3197143 sha256=a44 || ATTEST VERIFY FAIL	1	REJECT	0	1	eventlog pcr=12 sha256=210878ef90c1312f.. MISSING :: AEGIS-MEASURE v0 artifact=MODEL.SAF bytes=3197143 sha256=a44 || ATTEST VERIFY FAIL	event pcr=12 line 11: sha256 char 18 e->f
H3event-line-050	event-line	pcr12/data	qemu_self	99b29aedad075523c24e09102ac410169f51691a56f75e47cceea0d92a9781c4	1	REJECT	0	1	eventlog pcr=12 sha256=210878ef90c1312f.. MISSING :: AEGIS-MEASURE v0 artifact=MODEL.SAF bytes=3197143 sha256=a44 || ATTEST VERIFY FAIL	1	REJECT	0	1	eventlog pcr=12 sha256=210878ef90c1312f.. MISSING :: AEGIS-MEASURE v0 artifact=MODEL.SAF bytes=3197143 sha256=a44 || ATTEST VERIFY FAIL	event pcr=12 line 11: data char 34 F->O
H3event-line-051	event-line	pcr12/type	qemu_self	556271b038e7408056bafd185b15921a506c08090af8efc9e9b47dc838c94038	0	ACCEPT	1	1		0	ACCEPT	1	1		event pcr=12 line 11: type char 0 d->4
H3event-line-052	event-line	pcr12/delete	qemu_self	442da498b36a8e0b03b12845a8ec76d765880b24630fc4b8dfeb1aa76ee0a4ef	1	REJECT	0	1	eventlog pcr=12 sha256=210878ef90c1312f.. MISSING :: AEGIS-MEASURE v0 artifact=MODEL.SAF bytes=3197143 sha256=a44 || ATTEST VERIFY FAIL	1	REJECT	0	1	eventlog pcr=12 sha256=210878ef90c1312f.. MISSING :: AEGIS-MEASURE v0 artifact=MODEL.SAF bytes=3197143 sha256=a44 || ATTEST VERIFY FAIL	event pcr=12 line 11 deleted
H3event-line-053	event-line	pcr12/sha256	qemu_self	160cd97dc4b4d56755de0ba98af3316b20d89b86bc4649791a730a25c8a9c42f	1	REJECT	0	1	eventlog pcr=12 sha256=aab33e3ff4e4e365.. MISSING :: AEGIS-MEASURE v0 artifact=EMBED.BIN bytes=9437184 sha256=8cb || ATTEST VERIFY FAIL	1	REJECT	0	1	eventlog pcr=12 sha256=aab33e3ff4e4e365.. MISSING :: AEGIS-MEASURE v0 artifact=EMBED.BIN bytes=9437184 sha256=8cb || ATTEST VERIFY FAIL	event pcr=12 line 12: sha256 char 41 3->2
H3event-line-054	event-line	pcr12/data	qemu_self	2d761da808c455483a5d0f08bc89be3b5fb698490bb6f9011a10e4fdec002f18	1	REJECT	0	1	eventlog pcr=12 sha256=aab33e3ff4e4e365.. MISSING :: AEGIS-MEASURE v0 artifact=EMBED.BIN bytes=9437184 sha256=8cb || ATTEST VERIFY FAIL	1	REJECT	0	1	eventlog pcr=12 sha256=aab33e3ff4e4e365.. MISSING :: AEGIS-MEASURE v0 artifact=EMBED.BIN bytes=9437184 sha256=8cb || ATTEST VERIFY FAIL	event pcr=12 line 12: data char 42 9->c
H3event-line-055	event-line	pcr12/type	qemu_self	42dacf26a4a80d70c7d0d84164e64526c096f09e572496cf4ab58787d28a3412	0	ACCEPT	1	1		0	ACCEPT	1	1		event pcr=12 line 12: type char 0 d->c
H3event-line-056	event-line	pcr12/delete	qemu_self	5cdf3b960fb9a850dd99717fa7a0bd4744310481688f90430d41f721d9782ca0	1	REJECT	0	1	eventlog pcr=12 sha256=aab33e3ff4e4e365.. MISSING :: AEGIS-MEASURE v0 artifact=EMBED.BIN bytes=9437184 sha256=8cb || ATTEST VERIFY FAIL	1	REJECT	0	1	eventlog pcr=12 sha256=aab33e3ff4e4e365.. MISSING :: AEGIS-MEASURE v0 artifact=EMBED.BIN bytes=9437184 sha256=8cb || ATTEST VERIFY FAIL	event pcr=12 line 12 deleted
H3event-line-057	event-line	pcr12/sha256	qemu_self	280803cd6d1c3bbc53fe7336ab0aae52a4adec9dcb3a7c9eb2e193fb9c3529e2	1	REJECT	0	1	eventlog pcr=12 sha256=07978154b4248dde.. MISSING :: AEGIS-MEASURE v0 artifact=VOCAB.BIN bytes=253377 sha256=a4ca || ATTEST VERIFY FAIL	1	REJECT	0	1	eventlog pcr=12 sha256=07978154b4248dde.. MISSING :: AEGIS-MEASURE v0 artifact=VOCAB.BIN bytes=253377 sha256=a4ca || ATTEST VERIFY FAIL	event pcr=12 line 13: sha256 char 62 6->a
H3event-line-058	event-line	pcr12/data	qemu_self	7794cb2fb92c93cff526a5cb9f01e4254ec8b58689b7cc6d95b5680c8c3c9593	1	REJECT	0	1	eventlog pcr=12 sha256=07978154b4248dde.. MISSING :: AEGIS-MEASURE v0 artifact=VOCAB.BIN bytes=253377 sha256=a4ca || ATTEST VERIFY FAIL	1	REJECT	0	1	eventlog pcr=12 sha256=07978154b4248dde.. MISSING :: AEGIS-MEASURE v0 artifact=VOCAB.BIN bytes=253377 sha256=a4ca || ATTEST VERIFY FAIL	event pcr=12 line 13: data char 31 .->1
H3event-line-059	event-line	pcr12/type	qemu_self	667daf7d88f642f599ab7c1f9f6ddcc8a746f502aeec6b405aff713e62222fc6	0	ACCEPT	1	1		0	ACCEPT	1	1		event pcr=12 line 13: type char 0 d->6
H3event-line-060	event-line	pcr12/delete	qemu_self	b26b86caa922ef0a5091446343be23064d9de0171defd465643e226f093f7237	1	REJECT	0	1	eventlog pcr=12 sha256=07978154b4248dde.. MISSING :: AEGIS-MEASURE v0 artifact=VOCAB.BIN bytes=253377 sha256=a4ca || ATTEST VERIFY FAIL	1	REJECT	0	1	eventlog pcr=12 sha256=07978154b4248dde.. MISSING :: AEGIS-MEASURE v0 artifact=VOCAB.BIN bytes=253377 sha256=a4ca || ATTEST VERIFY FAIL	event pcr=12 line 13 deleted
H3event-line-061	event-line	pcr13/sha256	qemu_self	867d7589f23b12fa693f7c62508259444ff074ead381701f2ddbc42e29183f2c	1	REJECT	0	1	eventlog pcr=13 sha256=2ae0dcc6e9347d2c.. MISSING :: AEGIS-RECEIPT v0 mode=mint steps=30 cis-digest=d86608784e71d || ATTEST VERIFY FAIL	1	REJECT	0	1	eventlog pcr=13 sha256=2ae0dcc6e9347d2c.. MISSING :: AEGIS-RECEIPT v0 mode=mint steps=30 cis-digest=d86608784e71d || ATTEST VERIFY FAIL	event pcr=13 line 14: sha256 char 24 3->8
H3event-line-062	event-line	pcr13/data	qemu_self	2b552c480d0f15a4e7f0966ee5a9d37f9daee96de9a5e6be4491024009196af7	1	REJECT	0	1	eventlog pcr=13 sha256=2ae0dcc6e9347d2c.. MISSING :: AEGIS-RECEIPT v0 mode=mint steps=30 cis-digest=d86608784e71d || ATTEST VERIFY FAIL	1	REJECT	0	1	eventlog pcr=13 sha256=2ae0dcc6e9347d2c.. MISSING :: AEGIS-RECEIPT v0 mode=mint steps=30 cis-digest=d86608784e71d || ATTEST VERIFY FAIL	event pcr=13 line 14: data char 62 e->4
H3event-line-063	event-line	pcr13/type	qemu_self	320882cbefc8a5f76351481bb13521680d816d62781b012b92f5f542c0c837ad	0	ACCEPT	1	1		0	ACCEPT	1	1		event pcr=13 line 14: type char 0 d->0
H3event-line-064	event-line	pcr13/delete	qemu_self	5c70cf88a755e420cf59ee578cc5ffe9a7932eb45bad31761c879bade8c69233	1	REJECT	0	1	eventlog pcr=13 sha256=2ae0dcc6e9347d2c.. MISSING :: AEGIS-RECEIPT v0 mode=mint steps=30 cis-digest=d86608784e71d || ATTEST VERIFY FAIL	1	REJECT	0	1	eventlog pcr=13 sha256=2ae0dcc6e9347d2c.. MISSING :: AEGIS-RECEIPT v0 mode=mint steps=30 cis-digest=d86608784e71d || ATTEST VERIFY FAIL	event pcr=13 line 14 deleted
H3event-line-065	event-line	pcr12/sha256	qemu_self	da85d335d81f22b9a67c5ea6804f79b324ac7c98e8b6ec819413db757a1e5ff3	1	REJECT	0	1	eventlog pcr=12 sha256=b6750d7b6799b8dc.. MISSING :: AEGIS-MEASURE v0 artifact=TABLE.TSV bytes=445 sha256=6b2f738 || ATTEST VERIFY FAIL	1	REJECT	0	1	eventlog pcr=12 sha256=b6750d7b6799b8dc.. MISSING :: AEGIS-MEASURE v0 artifact=TABLE.TSV bytes=445 sha256=6b2f738 || ATTEST VERIFY FAIL	event pcr=12 line 15: sha256 char 39 1->f
H3event-line-066	event-line	pcr12/data	qemu_self	c2023a36c02a4e3a1e15c3305c395527c357f5489dbbb29f9e89a2a27f02bec1	1	REJECT	0	1	eventlog pcr=12 sha256=b6750d7b6799b8dc.. MISSING :: AEGIS-MEASURE v0 artifact=TABLE.TSV bytes=445 sha256=6b2f738 || ATTEST VERIFY FAIL	1	REJECT	0	1	eventlog pcr=12 sha256=b6750d7b6799b8dc.. MISSING :: AEGIS-MEASURE v0 artifact=TABLE.TSV bytes=445 sha256=6b2f738 || ATTEST VERIFY FAIL	event pcr=12 line 15: data char 43 4->6
H3event-line-067	event-line	pcr12/type	qemu_self	39ea0e1f3bdf35870491e83887829c56fb906289f670307a8cddbd70dcb85a45	0	ACCEPT	1	1		0	ACCEPT	1	1		event pcr=12 line 15: type char 0 d->3
H3event-line-068	event-line	pcr12/delete	qemu_self	e62f4d82e7adc3e6c6cf48d10be1cc2aa7cb5a7fc3d418d6859c6a6683d203ca	1	REJECT	0	1	eventlog pcr=12 sha256=b6750d7b6799b8dc.. MISSING :: AEGIS-MEASURE v0 artifact=TABLE.TSV bytes=445 sha256=6b2f738 || ATTEST VERIFY FAIL	1	REJECT	0	1	eventlog pcr=12 sha256=b6750d7b6799b8dc.. MISSING :: AEGIS-MEASURE v0 artifact=TABLE.TSV bytes=445 sha256=6b2f738 || ATTEST VERIFY FAIL	event pcr=12 line 15 deleted
H3measured-line-019	measured-line	pcr12/char	qemu_self	10e9a43ef1359382e36d99093830fd8ee9ad46d1da1483f89ce168e3e3118c88	1	REJECT	0	1	pcr12: replayed f37f74ded96a0a8371f1233655ca7259.. tpm 72e1c6afd8f440bcc1e46e2f9e7b9ec1.. FAIL (4 events) || eventlog pcr=12 sha256=441533c16f62432f.. MISSING :: AEGIS-MEASURE v0 artifact=MODEL.SAF bytes=3197143 sha256=a94 || ATTEST VERIFY FAIL	1	REJECT	0	1	pcr12: replayed f37f74ded96a0a8371f1233655ca7259.. tpm 72e1c6afd8f440bcc1e46e2f9e7b9ec1.. FAIL (4 events) || eventlog pcr=12 sha256=441533c16f62432f.. MISSING :: AEGIS-MEASURE v0 artifact=MODEL.SAF bytes=3197143 sha256=a94 || artifact MODEL.SAF: local sha256 a44e48965c641b81.. FAIL || ATTEST VERIFY	measured pcr=12 line 3: content char 58 4->9
H3measured-line-020	measured-line	pcr12/char	qemu_self	5784a1cf71888822853d959327fd29fc0ee12f3f952a39ebf192fd588713bb7e	1	REJECT	0	1	pcr12: replayed 40e4d61f046bf2a5f3fe89efa3c69a6f.. tpm 72e1c6afd8f440bcc1e46e2f9e7b9ec1.. FAIL (4 events) || eventlog pcr=12 sha256=efea9ca9ae849255.. MISSING :: AEGIS-MEASURE v0 artifact=MODEL.SAF bytes=3197143 sta256=a44 || ATTEST VERIFY FAIL	1	REJECT	0	1	pcr12: replayed 40e4d61f046bf2a5f3fe89efa3c69a6f.. tpm 72e1c6afd8f440bcc1e46e2f9e7b9ec1.. FAIL (4 events) || eventlog pcr=12 sha256=efea9ca9ae849255.. MISSING :: AEGIS-MEASURE v0 artifact=MODEL.SAF bytes=3197143 sta256=a44 || ATTEST VERIFY FAIL	measured pcr=12 line 3: content char 51 h->t
H3measured-line-021	measured-line	pcr12/delete	qemu_self	ec6d05e8e835498fb2a4dbbdfeb9088bb0b91f4f0b79addc4545c2a6a38852ce	1	REJECT	0	1	pcr12: replayed 626d956886f3b7755d528d70be403f16.. tpm 72e1c6afd8f440bcc1e46e2f9e7b9ec1.. FAIL (3 events) || ATTEST VERIFY FAIL	1	REJECT	0	1	pcr12: replayed 626d956886f3b7755d528d70be403f16.. tpm 72e1c6afd8f440bcc1e46e2f9e7b9ec1.. FAIL (3 events) || ATTEST VERIFY FAIL	measured pcr=12 line 3 deleted
H3measured-line-022	measured-line	pcr12/char	qemu_self	98258b7e248d47b455fd2dc92e90937da2ad0695a4713ccfe43cd4837e33632b	1	REJECT	0	1	pcr12: replayed 2523229616b614c1cf734feb738be2ed.. tpm 72e1c6afd8f440bcc1e46e2f9e7b9ec1.. FAIL (4 events) || eventlog pcr=12 sha256=d52dd8d060e9ab37.. MISSING :: AEGIS-DEASURE v0 artifact=EMBED.BIN bytes=9437184 sha256=8cb || ATTEST VERIFY FAIL	1	REJECT	0	1	pcr12: replayed 2523229616b614c1cf734feb738be2ed.. tpm 72e1c6afd8f440bcc1e46e2f9e7b9ec1.. FAIL (4 events) || eventlog pcr=12 sha256=d52dd8d060e9ab37.. MISSING :: AEGIS-DEASURE v0 artifact=EMBED.BIN bytes=9437184 sha256=8cb || ATTEST VERIFY FAIL	measured pcr=12 line 4: content char 6 M->D
H3measured-line-023	measured-line	pcr12/char	qemu_self	4a73c5c11c26ffeda52e33bd7623642f0e4eb188cb9b9ece9af79974f9f4695c	1	REJECT	0	1	pcr12: replayed b3494c30e9d1f470c5e8005b128c0c38.. tpm 72e1c6afd8f440bcc1e46e2f9e7b9ec1.. FAIL (4 events) || eventlog pcr=12 sha256=7da91514859c79fa.. MISSING :: AEGIS-MEASURE v0 artifact=EMBED.BIN6bytes=9437184 sha256=8cb || ATTEST VERIFY FAIL	1	REJECT	0	1	pcr12: replayed b3494c30e9d1f470c5e8005b128c0c38.. tpm 72e1c6afd8f440bcc1e46e2f9e7b9ec1.. FAIL (4 events) || eventlog pcr=12 sha256=7da91514859c79fa.. MISSING :: AEGIS-MEASURE v0 artifact=EMBED.BIN6bytes=9437184 sha256=8cb || ATTEST VERIFY FAIL	measured pcr=12 line 4: content char 35  ->6
H3measured-line-024	measured-line	pcr12/delete	qemu_self	e165d604bc99e9020d7526361aaa0e3d89b485ea56ca4c5fc72244b9874fb3db	1	REJECT	0	1	pcr12: replayed 1e4fb90608a1c210ab95fda9f1d93f6e.. tpm 72e1c6afd8f440bcc1e46e2f9e7b9ec1.. FAIL (3 events) || ATTEST VERIFY FAIL	1	REJECT	0	1	pcr12: replayed 1e4fb90608a1c210ab95fda9f1d93f6e.. tpm 72e1c6afd8f440bcc1e46e2f9e7b9ec1.. FAIL (3 events) || ATTEST VERIFY FAIL	measured pcr=12 line 4 deleted
H3measured-line-025	measured-line	pcr12/char	qemu_self	5424024af1b16cffe898635a030e2699e942c97dbbddfb1978a0187ec98ebe57	1	REJECT	0	1	pcr12: replayed 9c4b296ca6b1b76e52284f2c11f6ed9b.. tpm 72e1c6afd8f440bcc1e46e2f9e7b9ec1.. FAIL (4 events) || eventlog pcr=12 sha256=8306dc5e475db8ab.. MISSING :: AEGIS-MEASURE v0 artifact=VOCAB.BIN bytes=25f377 sha256=a4ca || ATTEST VERIFY FAIL	1	REJECT	0	1	pcr12: replayed 9c4b296ca6b1b76e52284f2c11f6ed9b.. tpm 72e1c6afd8f440bcc1e46e2f9e7b9ec1.. FAIL (4 events) || eventlog pcr=12 sha256=8306dc5e475db8ab.. MISSING :: AEGIS-MEASURE v0 artifact=VOCAB.BIN bytes=25f377 sha256=a4ca || ATTEST VERIFY FAIL	measured pcr=12 line 5: content char 44 3->f
H3measured-line-026	measured-line	pcr12/char	qemu_self	fd5904506da5050a73d9258e9a7bdd8225141f79d95c329c9d54964cab09735e	1	REJECT	0	1	pcr12: replayed caca97ce6be91ba43690c2ee2d8f8ab2.. tpm 72e1c6afd8f440bcc1e46e2f9e7b9ec1.. FAIL (4 events) || eventlog pcr=12 sha256=0a6f66205fd1ee6c.. MISSING :: AEGIS-MEASURE v0 artifact=VOCAB.BIN bytes=253377 sha256=a4ca || ATTEST VERIFY FAIL	1	REJECT	0	1	pcr12: replayed caca97ce6be91ba43690c2ee2d8f8ab2.. tpm 72e1c6afd8f440bcc1e46e2f9e7b9ec1.. FAIL (4 events) || eventlog pcr=12 sha256=0a6f66205fd1ee6c.. MISSING :: AEGIS-MEASURE v0 artifact=VOCAB.BIN bytes=253377 sha256=a4ca || artifact VOCAB.BIN: local sha256 a4cafc9649488987.. FAIL || ATTEST VERIFY	measured pcr=12 line 5: content char 92 5->3
H3measured-line-027	measured-line	pcr12/delete	qemu_self	28a45f3dca50ac0f48ba14e76c3ed9f9cc2244d172a0b09b2fd5e5e4ee800126	1	REJECT	0	1	pcr12: replayed 97f204760cf85a1c30f5f6c2a1383166.. tpm 72e1c6afd8f440bcc1e46e2f9e7b9ec1.. FAIL (3 events) || ATTEST VERIFY FAIL	1	REJECT	0	1	pcr12: replayed 97f204760cf85a1c30f5f6c2a1383166.. tpm 72e1c6afd8f440bcc1e46e2f9e7b9ec1.. FAIL (3 events) || ATTEST VERIFY FAIL	measured pcr=12 line 5 deleted
H3measured-line-028	measured-line	pcr13/char	qemu_self	8f73236bb32229aacbdf00be6dd09b1ccd2434d966c3f27bdea5778bf0e412f4	1	REJECT	0	1	pcr13: replayed 41123980091ede866cb59e608e749185.. tpm 31cae9d741b5a296fcdac58d8dd05863.. FAIL (1 events) || eventlog pcr=13 sha256=eaef378255dc49eb.. MISSING :: AEGIS-RECEIPT v0 mode=mint steps=30 cis-digest=d86608784e71d || ATTEST VERIFY FAIL	1	REJECT	0	1	pcr13: replayed 41123980091ede866cb59e608e749185.. tpm 31cae9d741b5a296fcdac58d8dd05863.. FAIL (1 events) || eventlog pcr=13 sha256=eaef378255dc49eb.. MISSING :: AEGIS-RECEIPT v0 mode=mint steps=30 cis-digest=d86608784e71d || ATTEST VERIFY FAIL	measured pcr=13 line 6: content char 66 a->9
H3measured-line-029	measured-line	pcr13/char	qemu_self	8fd1b88d3ca049bee235d60003697cd5220e0173eecb8cac2cd56865b196e28e	1	REJECT	0	1	pcr13: replayed 1df274527651fea1a1c063dc88871b99.. tpm 31cae9d741b5a296fcdac58d8dd05863.. FAIL (1 events) || eventlog pcr=13 sha256=b0f297bd90b7c8be.. MISSING :: AEGIS-RECEIPT v0 mode=mint steps=30 cis-digest=d86608784e71d || ATTEST VERIFY FAIL	1	REJECT	0	1	pcr13: replayed 1df274527651fea1a1c063dc88871b99.. tpm 31cae9d741b5a296fcdac58d8dd05863.. FAIL (1 events) || eventlog pcr=13 sha256=b0f297bd90b7c8be.. MISSING :: AEGIS-RECEIPT v0 mode=mint steps=30 cis-digest=d86608784e71d || ATTEST VERIFY FAIL	measured pcr=13 line 6: content char 144 I->J
H3measured-line-030	measured-line	pcr13/delete	qemu_self	bfe8de20532ece2ee7c721b43264f338d6784917490e2584309485b137e24a84	0	ACCEPT	1	1		1	REJECT	0	1	receipt chain a58e748eebee8de2.. bound in PCR13 line: FAIL || ATTEST VERIFY FAIL	measured pcr=13 line 6 deleted
H3measured-line-031	measured-line	pcr12/char	qemu_self	a2cc1db4d1c0aff234988cc94bfc35e78112a5f4933ee5775033fafd43a87227	1	REJECT	0	1	pcr12: replayed 9f5a24e51d4be76109b2f73e6933f1e9.. tpm 72e1c6afd8f440bcc1e46e2f9e7b9ec1.. FAIL (4 events) || eventlog pcr=12 sha256=bafa305c006b74a0.. MISSING :: AEGIS-MEASURE v0 artifact=TABLE.TSV bytes=445 sha256=6b2f738 || ATTEST VERIFY FAIL	1	REJECT	0	1	pcr12: replayed 9f5a24e51d4be76109b2f73e6933f1e9.. tpm 72e1c6afd8f440bcc1e46e2f9e7b9ec1.. FAIL (4 events) || eventlog pcr=12 sha256=bafa305c006b74a0.. MISSING :: AEGIS-MEASURE v0 artifact=TABLE.TSV bytes=445 sha256=6b2f738 || ATTEST VERIFY FAIL	measured pcr=12 line 7: content char 98 2->d
H3measured-line-032	measured-line	pcr12/char	qemu_self	3be8ec3ecea504e394f282b66a0a8899bdef9d8663d6654dee0c9e9d0e9fcd4e	1	REJECT	0	1	pcr12: replayed 98751467953d7687ce5d6622d99930ce.. tpm 72e1c6afd8f440bcc1e46e2f9e7b9ec1.. FAIL (4 events) || eventlog pcr=12 sha256=a4b7c3e0c345649c.. MISSING :: AEGNS-MEASURE v0 artifact=TABLE.TSV bytes=445 sha256=6b2f738 || ATTEST VERIFY FAIL	1	REJECT	0	1	pcr12: replayed 98751467953d7687ce5d6622d99930ce.. tpm 72e1c6afd8f440bcc1e46e2f9e7b9ec1.. FAIL (4 events) || eventlog pcr=12 sha256=a4b7c3e0c345649c.. MISSING :: AEGNS-MEASURE v0 artifact=TABLE.TSV bytes=445 sha256=6b2f738 || ATTEST VERIFY FAIL	measured pcr=12 line 7: content char 3 I->N
H3measured-line-033	measured-line	pcr12/delete	qemu_self	19e6dcb07807743e3624eb3d0a644b565813b5f5739e1de1bbdfebb68e3369d2	1	REJECT	0	1	pcr12: replayed f331f8257bf3d4faf02b9e8b3c1870ce.. tpm 72e1c6afd8f440bcc1e46e2f9e7b9ec1.. FAIL (3 events) || ATTEST VERIFY FAIL	1	REJECT	0	1	pcr12: replayed f331f8257bf3d4faf02b9e8b3c1870ce.. tpm 72e1c6afd8f440bcc1e46e2f9e7b9ec1.. FAIL (3 events) || ATTEST VERIFY FAIL	measured pcr=12 line 7 deleted
H3field-deletion-010	field-deletion	pcr	qemu_self	b69d329ee5101a89967ef67d1aab44a79503c9c4f7a5fe42ae6fcf9c100f599d	1	REJECT	1	0	quote pcrDigest over PCRs [4, 12, 13] == SHA-256(PCR values read back): FAIL || QUOTE VERIFY FAIL	1	REJECT	1	0	quote pcrDigest over PCRs [4, 12, 13] == SHA-256(PCR values read back): FAIL || QUOTE VERIFY FAIL	line deleted: pcr 4 0743db46b102047e7cc04ce1402ffc8d72
H3field-deletion-011	field-deletion	pcr	qemu_self	a187fee8da95a4ae38437ee5159451eeb2bd03408edb96f68532c606c9e506af	1	REJECT	0	0	pcr12: replayed 72e1c6afd8f440bcc1e46e2f9e7b9ec1.. tpm None.. FAIL (4 events) || ATTEST VERIFY FAIL || quote pcrDigest over PCRs [4, 12, 13] == SHA-256(PCR values read back): FAIL || QUOTE VERIFY FAIL	1	REJECT	0	0	pcr12: replayed 72e1c6afd8f440bcc1e46e2f9e7b9ec1.. tpm None.. FAIL (4 events) || ATTEST VERIFY FAIL || quote pcrDigest over PCRs [4, 12, 13] == SHA-256(PCR values read back): FAIL || QUOTE VERIFY FAIL	line deleted: pcr 12 72e1c6afd8f440bcc1e46e2f9e7b9ec12
H3field-deletion-012	field-deletion	pcr	qemu_self	f7e594027d024c5a3a52fc93734048e4ee6070dc58484761eb99937087078918	1	REJECT	0	0	pcr13: replayed 31cae9d741b5a296fcdac58d8dd05863.. tpm None.. FAIL (1 events) || ATTEST VERIFY FAIL || quote pcrDigest over PCRs [4, 12, 13] == SHA-256(PCR values read back): FAIL || QUOTE VERIFY FAIL	1	REJECT	0	0	pcr13: replayed 31cae9d741b5a296fcdac58d8dd05863.. tpm None.. FAIL (1 events) || ATTEST VERIFY FAIL || quote pcrDigest over PCRs [4, 12, 13] == SHA-256(PCR values read back): FAIL || QUOTE VERIFY FAIL	line deleted: pcr 13 31cae9d741b5a296fcdac58d8dd058630
H3field-deletion-013	field-deletion	quote-attest	qemu_self	0a60c32058a18f2080cd94d77e4bd5c5e2803c5d8ae5075ac78b0035fd8510ce	0	ACCEPT	1	0	quote: none in file	0	ACCEPT	1	0	quote: none in file	line deleted: quote-attest ff54434780180022000bee7b3ef
H3field-deletion-014	field-deletion	quote-sig-r	qemu_self	0c0b470f86d1be44d51fe16dc51c9f2e8da370f382cce5752802d809ebd25b9a	1	REJECT	1	0	QUOTE VERIFY ERROR 'quote-sig-r'	1	REJECT	1	0	QUOTE VERIFY ERROR 'quote-sig-r'	line deleted: quote-sig-r 23617f018f2489b2d3337eecab13
H3field-deletion-015	field-deletion	quote-sig-s	qemu_self	bc2db1388595ccce4604a7fa8547d5e9285ac622a830266d084b9e388b8ade9d	1	REJECT	1	0	QUOTE VERIFY ERROR 'quote-sig-s'	1	REJECT	1	0	QUOTE VERIFY ERROR 'quote-sig-s'	line deleted: quote-sig-s 48673fcf54c8a437dd6dc4805855
H3field-deletion-016	field-deletion	quote-pub-x	qemu_self	b260ac4e3673a7775ac9795ed9e915a50747430871a85d3589bbe3395c5d7d13	1	REJECT	1	0	QUOTE VERIFY ERROR 'quote-pub-x'	1	REJECT	1	0	QUOTE VERIFY ERROR 'quote-pub-x'	line deleted: quote-pub-x 9a6913281eb374ab17a35a5fb242
H3field-deletion-017	field-deletion	quote-pub-y	qemu_self	2be8e6bddb6ce7fcea5c53387d5e781dd508545614f21eee2e409aea5ba74e1d	1	REJECT	1	0	QUOTE VERIFY ERROR 'quote-pub-y'	1	REJECT	1	0	QUOTE VERIFY ERROR 'quote-pub-y'	line deleted: quote-pub-y 2c08f2e80c9f50d72f2d9cb51c36
H3field-deletion-018	field-deletion	quote-qualifying	qemu_self	a5980ec61c9686e5ee0a7a7042f8744d936e90668b971e626ac93b052d9d0fdd	1	REJECT	1	0	quote extraData == qualifying (..): FAIL || QUOTE VERIFY FAIL	1	REJECT	1	0	quote extraData == qualifying (..): FAIL || quote qualifying == SHA-256(RECEIPT.TXT): FAIL || QUOTE VERIFY FAIL	line deleted: quote-qualifying 66dde74de9c0ebb1f05dbe6
H3unread-line-015	unread-line	cpuid	qemu_self	c36940a05d00761d84286d0a145faf284484b99ec861dce87e08d7b3ce9256bd	0	ACCEPT	1	1		0	ACCEPT	1	1		cpuid char 27 Q->I
H3unread-line-016	unread-line	cpuid	qemu_self	cf925d905d20d09c09edd5dc686c80e94f644802d41d6882d30f92bd43d2a071	0	ACCEPT	1	1		0	ACCEPT	1	1		cpuid char 49 .->4
H3unread-line-017	unread-line	pcr-bank	qemu_self	71ff49a80466a7f17d596b9359defb11fa326f8a3f70ae039f51f3ac8934b87d	0	ACCEPT	1	1		0	ACCEPT	1	1		pcr-bank char 1 h->r
H3unread-line-018	unread-line	pcr-bank	qemu_self	d296af3d9263e2858b534497e04e71b5e785f02cb12dd3995eb6bc4145940edc	0	ACCEPT	1	1		0	ACCEPT	1	1		pcr-bank char 0 s->e
H3unread-line-019	unread-line	quote-pcrs	qemu_self	3e33638b828d751a1dc2cfc688439242bd4a842d6d1f1fcdb815dac8a26ca1da	0	ACCEPT	1	1		0	ACCEPT	1	1		quote-pcrs char 2 1->0
H3unread-line-020	unread-line	quote-pcrs	qemu_self	7a089bf996a7dc3abf59661feb78644e069e431ee1298a2afa3ea7cef8da725a	0	ACCEPT	1	1		0	ACCEPT	1	1		quote-pcrs char 0 4->f
H3unread-line-021	unread-line	quote-public	qemu_self	22804bb6ae6f2d4a2307dcb36e670482a92d60ab6d7cf629ed7eca61805f6112	0	ACCEPT	1	1		0	ACCEPT	1	1		quote-public char 147 0->3
H3unread-line-022	unread-line	quote-public	qemu_self	14f6467c69e7131487eaa875f8692432ba549a30d36f2000becea81645be2523	0	ACCEPT	1	1		0	ACCEPT	1	1		quote-public char 8 0->1
H3unread-line-023	unread-line	quote-retries	qemu_self	12164b30204765d631605b250e354ded8f47582bf372824600ffc70ed005fc7c	0	ACCEPT	1	1		0	ACCEPT	1	1		quote-retries char 0 1->a
H3unread-line-024	unread-line	quote-retries	qemu_self	e0ac29e0e2ddfabd114cad0e8e42620db43e7579958e8f99686488b1e76974ed	0	ACCEPT	1	1		0	ACCEPT	1	1		quote-retries char 0 1->3
H3unread-line-025	unread-line	quote-key	qemu_self	86728e54d9f9d475bdc83633530190ca75b92d64d981e650ef2d23117a606a56	0	ACCEPT	1	1		0	ACCEPT	1	1		quote-key char 32 a->c
H3unread-line-026	unread-line	quote-key	qemu_self	19298f0dc21fc248a8d3a0a21d6d3e14936960eff71417cc6e1e35a9d5631954	0	ACCEPT	1	1		0	ACCEPT	1	1		quote-key char 31 r->a
H3unread-line-027	unread-line	header	qemu_self	e9112e2ae54f663ecf26da9704fb55fd253f5011c2d2dbf549eb3f7160f1b24a	2	REJECT	0	1	FAIL: not an AEGIS-ATTEST v0 file	2	REJECT	0	1	FAIL: not an AEGIS-ATTEST v0 file	header 'AEGIS-ATTEST v0' -> 'AEGIS-ATTEST v1'
H3unread-line-028	unread-line	header	qemu_self	061d4438ac4b3825c5523ee8d672455181a2dfcc65396117bcd73557a31eed4b	0	ACCEPT	1	1		0	ACCEPT	1	1		header 'AEGIS-ATTEST v0' -> 'AEGIS-ATTEST v0x'
H3cosmetic-015	cosmetic	crlf-all	qemu_self	78c0c357326122d257e623b1cdd15c9ffdd57b19e3b434df85676143b4f2aaab	0	ACCEPT	1	1		0	ACCEPT	1	1		every line ends CRLF
H3cosmetic-016	cosmetic	no-final-newline	qemu_self	e0564915ab1f87972987e72d776bf58f7d6147ba8ecbca30263e07b6ce85ad09	0	ACCEPT	1	1		0	ACCEPT	1	1		final newline removed
H3cosmetic-017	cosmetic	trailing-space	qemu_self	fb080fdc3819f61688d249f67ffd03487216eebfc190f7e67366c3fe3a347fd4	1	REJECT	1	0	quote pcrDigest over PCRs [4, 12, 13] == SHA-256(PCR values read back): FAIL || QUOTE VERIFY FAIL	1	REJECT	1	0	quote pcrDigest over PCRs [4, 12, 13] == SHA-256(PCR values read back): FAIL || QUOTE VERIFY FAIL	trailing space on line 16 (pcr)
H3cosmetic-018	cosmetic	trailing-space	qemu_self	fe7295ce8389ae990fddf403bcb46d18968f40b4bad4d432cac09db1bed65868	1	REJECT	1	0	QUOTE VERIFY ERROR 'quote-sig-r'	1	REJECT	1	0	QUOTE VERIFY ERROR 'quote-sig-r'	trailing space on line 25 (quote-sig-r)
H3cosmetic-019	cosmetic	trailing-space	qemu_self	4246968b27d37fc7158f8822f0f7b92bf17a03bec61a317d56cb40730a02af35	0	ACCEPT	1	0	quote: none in file	0	ACCEPT	1	0	quote: none in file	trailing space on line 24 (quote-attest)
H3cosmetic-020	cosmetic	trailing-space	qemu_self	fdf1f32539d88250739ad5fa4589350f69291e2abc65f27685ec0fc1bcbf9c7d	1	REJECT	0	1	pcr13: replayed d76acfaf19c1ab4f3748057497e0ff90.. tpm 31cae9d741b5a296fcdac58d8dd05863.. FAIL (1 events) || eventlog pcr=13 sha256=10d0dab7d049eb69.. MISSING :: AEGIS-RECEIPT v0 mode=mint steps=30 cis-digest=d86608784e71d || ATTEST VERIFY FAIL	1	REJECT	0	1	pcr13: replayed d76acfaf19c1ab4f3748057497e0ff90.. tpm 31cae9d741b5a296fcdac58d8dd05863.. FAIL (1 events) || eventlog pcr=13 sha256=10d0dab7d049eb69.. MISSING :: AEGIS-RECEIPT v0 mode=mint steps=30 cis-digest=d86608784e71d || ATTEST VERIFY FAIL	trailing space on line 6 (measured13)
H3cosmetic-021	cosmetic	trailing-space	qemu_self	35958e0dd45e8baf0ffc7be6edab5e6283909170e6c50ce594d40969c11a8dea	0	ACCEPT	1	1		0	ACCEPT	1	1		trailing space on line 11 (event12)
H3cosmetic-022	cosmetic	uppercase-hex	qemu_self	25cd18a63c0d375e1089d9a666b9c7706af7766f28b08a7bd919d76eb694a663	0	ACCEPT	1	1		0	ACCEPT	1	1		quote-attest written in upper case hex
H3cosmetic-023	cosmetic	uppercase-hex	qemu_self	db064bb7c80f824bd9472562e049c420f911cf31b8294ffc754e795693ec274b	0	ACCEPT	1	1		0	ACCEPT	1	1		quote-sig-r written in upper case hex
H3cosmetic-024	cosmetic	uppercase-hex	qemu_self	ad2a801bdd24073353e4043b7b75dd6523c3bb5ef0a25efc6afbca1e7f595caf	0	ACCEPT	1	1		0	ACCEPT	1	1		quote-sig-s written in upper case hex
H3cosmetic-025	cosmetic	uppercase-hex	qemu_self	1bc1b9796e938bea6efd782f12fe9705fe8d35d7142177a9e93de65115ba9ded	0	ACCEPT	1	1		0	ACCEPT	1	1		quote-qualifying written in upper case hex
H3cosmetic-026	cosmetic	uppercase-hex	qemu_self	7847a8dbc2978ddd6a4e25f80f910b17750f4d7da75c6b8b5df0bf372a084bf2	0	ACCEPT	1	1		0	ACCEPT	1	1		quote-pub-x written in upper case hex
H3cosmetic-027	cosmetic	leading-zero-bytes	qemu_self	32164465250e3f9f77c796369d1a9db7695cffe1c5933a5a8350ad2ad757db85	0	ACCEPT	1	1		0	ACCEPT	1	1		quote-sig-r with two extra leading 00 bytes
H3cosmetic-028	cosmetic	leading-zero-bytes	qemu_self	dedcfc2447d016bc5c0d9f0b878f038fa94352daee897ba684d5e920cd99cbb0	0	ACCEPT	1	1		0	ACCEPT	1	1		quote-sig-s with two extra leading 00 bytes
H3sig-malleability-002	sig-malleability	sig-s=n-s	qemu_self	45adc45e29c9fe64bbb1666f59166eff409835fb3beecc297ad877143673c2c1	0	ACCEPT	1	1		0	ACCEPT	1	1		quote-sig-s replaced by n-s (the other valid ECDSA signature)
