base	offset	line_no	col	line	orig	new	after_T
qemu_calc	0	1	0	header	'A'	'B'	REJECT_USAGE
qemu_calc	1	1	1	header	'E'	'F'	REJECT_USAGE
qemu_calc	2	1	2	header	'G'	'H'	REJECT_USAGE
qemu_calc	3	1	3	header	'I'	'J'	REJECT_USAGE
qemu_calc	4	1	4	header	'S'	'T'	REJECT_USAGE
qemu_calc	5	1	5	header	'-'	'X'	REJECT_USAGE
qemu_calc	6	1	6	header	'A'	'B'	REJECT_USAGE
qemu_calc	7	1	7	header	'T'	'U'	REJECT_USAGE
qemu_calc	8	1	8	header	'T'	'U'	REJECT_USAGE
qemu_calc	9	1	9	header	'E'	'F'	REJECT_USAGE
qemu_calc	10	1	10	header	'S'	'T'	REJECT_USAGE
qemu_calc	11	1	11	header	'T'	'U'	REJECT_USAGE
qemu_calc	12	1	12	header	' '	'X'	REJECT_USAGE
qemu_calc	13	1	13	header	'v'	'w'	REJECT_USAGE
qemu_calc	14	1	14	header	'0'	'1'	REJECT_USAGE
qemu_calc	15	1	15	header	'\n'	' '	REJECT_USAGE
qemu_calc	16	2	0	cpuid	'c'	'd'	REJECT
qemu_calc	17	2	1	cpuid	'p'	'q'	REJECT
qemu_calc	18	2	2	cpuid	'u'	'v'	REJECT
qemu_calc	19	2	3	cpuid	'i'	'j'	REJECT
qemu_calc	20	2	4	cpuid	'd'	'e'	REJECT
qemu_calc	21	2	5	cpuid	' '	'X'	REJECT
qemu_calc	22	2	6	cpuid	'v'	'w'	REJECT
qemu_calc	23	2	7	cpuid	'e'	'f'	REJECT
qemu_calc	24	2	8	cpuid	'n'	'o'	REJECT
qemu_calc	25	2	9	cpuid	'd'	'e'	REJECT
qemu_calc	26	2	10	cpuid	'o'	'p'	REJECT
qemu_calc	27	2	11	cpuid	'r'	's'	REJECT
qemu_calc	28	2	12	cpuid	'='	'X'	REJECT
qemu_calc	29	2	13	cpuid	'A'	'B'	ACCEPT
qemu_calc	30	2	14	cpuid	'u'	'v'	ACCEPT
qemu_calc	31	2	15	cpuid	't'	'u'	ACCEPT
qemu_calc	32	2	16	cpuid	'h'	'i'	ACCEPT
qemu_calc	33	2	17	cpuid	'e'	'f'	ACCEPT
qemu_calc	34	2	18	cpuid	'n'	'o'	ACCEPT
qemu_calc	35	2	19	cpuid	't'	'u'	ACCEPT
qemu_calc	36	2	20	cpuid	'i'	'j'	ACCEPT
qemu_calc	37	2	21	cpuid	'c'	'd'	ACCEPT
qemu_calc	38	2	22	cpuid	'A'	'B'	ACCEPT
qemu_calc	39	2	23	cpuid	'M'	'N'	ACCEPT
qemu_calc	40	2	24	cpuid	'D'	'E'	ACCEPT
qemu_calc	41	2	25	cpuid	' '	'X'	REJECT
qemu_calc	42	2	26	cpuid	'b'	'c'	REJECT
qemu_calc	43	2	27	cpuid	'r'	's'	REJECT
qemu_calc	44	2	28	cpuid	'a'	'b'	REJECT
qemu_calc	45	2	29	cpuid	'n'	'o'	REJECT
qemu_calc	46	2	30	cpuid	'd'	'e'	REJECT
qemu_calc	47	2	31	cpuid	'='	'X'	REJECT
qemu_calc	48	2	32	cpuid	'"'	'X'	REJECT
qemu_calc	49	2	33	cpuid	'Q'	'R'	ACCEPT
qemu_calc	50	2	34	cpuid	'E'	'F'	ACCEPT
qemu_calc	51	2	35	cpuid	'M'	'N'	ACCEPT
qemu_calc	52	2	36	cpuid	'U'	'V'	ACCEPT
qemu_calc	53	2	37	cpuid	' '	'X'	ACCEPT
qemu_calc	54	2	38	cpuid	'T'	'U'	ACCEPT
qemu_calc	55	2	39	cpuid	'C'	'D'	ACCEPT
qemu_calc	56	2	40	cpuid	'G'	'H'	ACCEPT
qemu_calc	57	2	41	cpuid	' '	'X'	ACCEPT
qemu_calc	58	2	42	cpuid	'C'	'D'	ACCEPT
qemu_calc	59	2	43	cpuid	'P'	'Q'	ACCEPT
qemu_calc	60	2	44	cpuid	'U'	'V'	ACCEPT
qemu_calc	61	2	45	cpuid	' '	'X'	ACCEPT
qemu_calc	62	2	46	cpuid	'v'	'w'	ACCEPT
qemu_calc	63	2	47	cpuid	'e'	'f'	ACCEPT
qemu_calc	64	2	48	cpuid	'r'	's'	ACCEPT
qemu_calc	65	2	49	cpuid	's'	't'	ACCEPT
qemu_calc	66	2	50	cpuid	'i'	'j'	ACCEPT
qemu_calc	67	2	51	cpuid	'o'	'p'	ACCEPT
qemu_calc	68	2	52	cpuid	'n'	'o'	ACCEPT
qemu_calc	69	2	53	cpuid	' '	'X'	ACCEPT
qemu_calc	70	2	54	cpuid	'2'	'3'	ACCEPT
qemu_calc	71	2	55	cpuid	'.'	'X'	ACCEPT
qemu_calc	72	2	56	cpuid	'5'	'6'	ACCEPT
qemu_calc	73	2	57	cpuid	'+'	'X'	ACCEPT
qemu_calc	74	2	58	cpuid	'"'	'X'	REJECT
qemu_calc	75	2	59	cpuid	' '	'X'	REJECT
qemu_calc	76	2	60	cpuid	'f'	'0'	REJECT
qemu_calc	77	2	61	cpuid	'a'	'b'	REJECT
qemu_calc	78	2	62	cpuid	'm'	'n'	REJECT
qemu_calc	79	2	63	cpuid	'i'	'j'	REJECT
qemu_calc	80	2	64	cpuid	'l'	'm'	REJECT
qemu_calc	81	2	65	cpuid	'y'	'z'	REJECT
qemu_calc	82	2	66	cpuid	'='	'X'	REJECT
qemu_calc	83	2	67	cpuid	'6'	'7'	ACCEPT
qemu_calc	84	2	68	cpuid	' '	'X'	REJECT
qemu_calc	85	2	69	cpuid	'm'	'n'	REJECT
qemu_calc	86	2	70	cpuid	'o'	'p'	REJECT
qemu_calc	87	2	71	cpuid	'd'	'e'	REJECT
qemu_calc	88	2	72	cpuid	'e'	'f'	REJECT
qemu_calc	89	2	73	cpuid	'l'	'm'	REJECT
qemu_calc	90	2	74	cpuid	'='	'X'	REJECT
qemu_calc	91	2	75	cpuid	'6'	'7'	ACCEPT
qemu_calc	92	2	76	cpuid	' '	'X'	REJECT
qemu_calc	93	2	77	cpuid	's'	't'	REJECT
qemu_calc	94	2	78	cpuid	't'	'u'	REJECT
qemu_calc	95	2	79	cpuid	'e'	'f'	REJECT
qemu_calc	96	2	80	cpuid	'p'	'q'	REJECT
qemu_calc	97	2	81	cpuid	'p'	'q'	REJECT
qemu_calc	98	2	82	cpuid	'i'	'j'	REJECT
qemu_calc	99	2	83	cpuid	'n'	'o'	REJECT
qemu_calc	100	2	84	cpuid	'g'	'h'	REJECT
qemu_calc	101	2	85	cpuid	'='	'X'	REJECT
qemu_calc	102	2	86	cpuid	'3'	'4'	ACCEPT
qemu_calc	103	2	87	cpuid	' '	'X'	REJECT
qemu_calc	104	2	88	cpuid	'h'	'i'	REJECT
qemu_calc	105	2	89	cpuid	'y'	'z'	REJECT
qemu_calc	106	2	90	cpuid	'p'	'q'	REJECT
qemu_calc	107	2	91	cpuid	'e'	'f'	REJECT
qemu_calc	108	2	92	cpuid	'r'	's'	REJECT
qemu_calc	109	2	93	cpuid	'v'	'w'	REJECT
qemu_calc	110	2	94	cpuid	'i'	'j'	REJECT
qemu_calc	111	2	95	cpuid	's'	't'	REJECT
qemu_calc	112	2	96	cpuid	'o'	'p'	REJECT
qemu_calc	113	2	97	cpuid	'r'	's'	REJECT
qemu_calc	114	2	98	cpuid	'='	'X'	REJECT
qemu_calc	115	2	99	cpuid	'1'	'2'	ACCEPT
qemu_calc	116	2	100	cpuid	'\n'	' '	REJECT
qemu_calc	117	3	0	pcr-bank	'p'	'q'	REJECT
qemu_calc	118	3	1	pcr-bank	'c'	'd'	REJECT
qemu_calc	119	3	2	pcr-bank	'r'	's'	REJECT
qemu_calc	120	3	3	pcr-bank	'-'	'X'	REJECT
qemu_calc	121	3	4	pcr-bank	'b'	'c'	REJECT
qemu_calc	122	3	5	pcr-bank	'a'	'b'	REJECT
qemu_calc	123	3	6	pcr-bank	'n'	'o'	REJECT
qemu_calc	124	3	7	pcr-bank	'k'	'l'	REJECT
qemu_calc	125	3	8	pcr-bank	' '	'X'	REJECT
qemu_calc	126	3	9	pcr-bank	's'	't'	REJECT
qemu_calc	127	3	10	pcr-bank	'h'	'i'	REJECT
qemu_calc	128	3	11	pcr-bank	'a'	'b'	REJECT
qemu_calc	129	3	12	pcr-bank	'2'	'3'	REJECT
qemu_calc	130	3	13	pcr-bank	'5'	'6'	REJECT
qemu_calc	131	3	14	pcr-bank	'6'	'7'	REJECT
qemu_calc	132	3	15	pcr-bank	'\n'	' '	REJECT
qemu_calc	133	4	0	measured pcr=12 #0	'm'	'n'	REJECT
qemu_calc	134	4	1	measured pcr=12 #0	'e'	'f'	REJECT
qemu_calc	135	4	2	measured pcr=12 #0	'a'	'b'	REJECT
qemu_calc	136	4	3	measured pcr=12 #0	's'	't'	REJECT
qemu_calc	137	4	4	measured pcr=12 #0	'u'	'v'	REJECT
qemu_calc	138	4	5	measured pcr=12 #0	'r'	's'	REJECT
qemu_calc	139	4	6	measured pcr=12 #0	'e'	'f'	REJECT
qemu_calc	140	4	7	measured pcr=12 #0	'd'	'e'	REJECT
qemu_calc	141	4	8	measured pcr=12 #0	' '	'X'	REJECT
qemu_calc	142	4	9	measured pcr=12 #0	'p'	'q'	REJECT
qemu_calc	143	4	10	measured pcr=12 #0	'c'	'd'	REJECT
qemu_calc	144	4	11	measured pcr=12 #0	'r'	's'	REJECT
qemu_calc	145	4	12	measured pcr=12 #0	'='	'X'	REJECT
qemu_calc	146	4	13	measured pcr=12 #0	'1'	'2'	REJECT
qemu_calc	147	4	14	measured pcr=12 #0	'2'	'3'	REJECT
qemu_calc	148	4	15	measured pcr=12 #0	' '	'X'	REJECT
qemu_calc	149	4	16	measured pcr=12 #0	'A'	'B'	REJECT
qemu_calc	150	4	17	measured pcr=12 #0	'E'	'F'	REJECT
qemu_calc	151	4	18	measured pcr=12 #0	'G'	'H'	REJECT
qemu_calc	152	4	19	measured pcr=12 #0	'I'	'J'	REJECT
qemu_calc	153	4	20	measured pcr=12 #0	'S'	'T'	REJECT
qemu_calc	154	4	21	measured pcr=12 #0	'-'	'X'	REJECT
qemu_calc	155	4	22	measured pcr=12 #0	'M'	'N'	REJECT
qemu_calc	156	4	23	measured pcr=12 #0	'E'	'F'	REJECT
qemu_calc	157	4	24	measured pcr=12 #0	'A'	'B'	REJECT
qemu_calc	158	4	25	measured pcr=12 #0	'S'	'T'	REJECT
qemu_calc	159	4	26	measured pcr=12 #0	'U'	'V'	REJECT
qemu_calc	160	4	27	measured pcr=12 #0	'R'	'S'	REJECT
qemu_calc	161	4	28	measured pcr=12 #0	'E'	'F'	REJECT
qemu_calc	162	4	29	measured pcr=12 #0	' '	'X'	REJECT
qemu_calc	163	4	30	measured pcr=12 #0	'v'	'w'	REJECT
qemu_calc	164	4	31	measured pcr=12 #0	'0'	'1'	REJECT
qemu_calc	165	4	32	measured pcr=12 #0	' '	'X'	REJECT
qemu_calc	166	4	33	measured pcr=12 #0	'a'	'b'	REJECT
qemu_calc	167	4	34	measured pcr=12 #0	'r'	's'	REJECT
qemu_calc	168	4	35	measured pcr=12 #0	't'	'u'	REJECT
qemu_calc	169	4	36	measured pcr=12 #0	'i'	'j'	REJECT
qemu_calc	170	4	37	measured pcr=12 #0	'f'	'0'	REJECT
qemu_calc	171	4	38	measured pcr=12 #0	'a'	'b'	REJECT
qemu_calc	172	4	39	measured pcr=12 #0	'c'	'd'	REJECT
qemu_calc	173	4	40	measured pcr=12 #0	't'	'u'	REJECT
qemu_calc	174	4	41	measured pcr=12 #0	'='	'X'	REJECT
qemu_calc	175	4	42	measured pcr=12 #0	'M'	'N'	REJECT
qemu_calc	176	4	43	measured pcr=12 #0	'O'	'P'	REJECT
qemu_calc	177	4	44	measured pcr=12 #0	'D'	'E'	REJECT
qemu_calc	178	4	45	measured pcr=12 #0	'E'	'F'	REJECT
qemu_calc	179	4	46	measured pcr=12 #0	'L'	'M'	REJECT
qemu_calc	180	4	47	measured pcr=12 #0	'.'	'X'	REJECT
qemu_calc	181	4	48	measured pcr=12 #0	'S'	'T'	REJECT
qemu_calc	182	4	49	measured pcr=12 #0	'A'	'B'	REJECT
qemu_calc	183	4	50	measured pcr=12 #0	'F'	'G'	REJECT
qemu_calc	184	4	51	measured pcr=12 #0	' '	'X'	REJECT
qemu_calc	185	4	52	measured pcr=12 #0	'b'	'c'	REJECT
qemu_calc	186	4	53	measured pcr=12 #0	'y'	'z'	REJECT
qemu_calc	187	4	54	measured pcr=12 #0	't'	'u'	REJECT
qemu_calc	188	4	55	measured pcr=12 #0	'e'	'f'	REJECT
qemu_calc	189	4	56	measured pcr=12 #0	's'	't'	REJECT
qemu_calc	190	4	57	measured pcr=12 #0	'='	'X'	REJECT
qemu_calc	191	4	58	measured pcr=12 #0	'3'	'4'	REJECT
qemu_calc	192	4	59	measured pcr=12 #0	'1'	'2'	REJECT
qemu_calc	193	4	60	measured pcr=12 #0	'9'	'a'	REJECT
qemu_calc	194	4	61	measured pcr=12 #0	'7'	'8'	REJECT
qemu_calc	195	4	62	measured pcr=12 #0	'1'	'2'	REJECT
qemu_calc	196	4	63	measured pcr=12 #0	'4'	'5'	REJECT
qemu_calc	197	4	64	measured pcr=12 #0	'3'	'4'	REJECT
qemu_calc	198	4	65	measured pcr=12 #0	' '	'X'	REJECT
qemu_calc	199	4	66	measured pcr=12 #0	's'	't'	REJECT
qemu_calc	200	4	67	measured pcr=12 #0	'h'	'i'	REJECT
qemu_calc	201	4	68	measured pcr=12 #0	'a'	'b'	REJECT
qemu_calc	202	4	69	measured pcr=12 #0	'2'	'3'	REJECT
qemu_calc	203	4	70	measured pcr=12 #0	'5'	'6'	REJECT
qemu_calc	204	4	71	measured pcr=12 #0	'6'	'7'	REJECT
qemu_calc	205	4	72	measured pcr=12 #0	'='	'X'	REJECT
qemu_calc	206	4	73	measured pcr=12 #0	'a'	'b'	REJECT
qemu_calc	207	4	74	measured pcr=12 #0	'4'	'5'	REJECT
qemu_calc	208	4	75	measured pcr=12 #0	'4'	'5'	REJECT
qemu_calc	209	4	76	measured pcr=12 #0	'e'	'f'	REJECT
qemu_calc	210	4	77	measured pcr=12 #0	'4'	'5'	REJECT
qemu_calc	211	4	78	measured pcr=12 #0	'8'	'9'	REJECT
qemu_calc	212	4	79	measured pcr=12 #0	'9'	'a'	REJECT
qemu_calc	213	4	80	measured pcr=12 #0	'6'	'7'	REJECT
qemu_calc	214	4	81	measured pcr=12 #0	'5'	'6'	REJECT
qemu_calc	215	4	82	measured pcr=12 #0	'c'	'd'	REJECT
qemu_calc	216	4	83	measured pcr=12 #0	'6'	'7'	REJECT
qemu_calc	217	4	84	measured pcr=12 #0	'4'	'5'	REJECT
qemu_calc	218	4	85	measured pcr=12 #0	'1'	'2'	REJECT
qemu_calc	219	4	86	measured pcr=12 #0	'b'	'c'	REJECT
qemu_calc	220	4	87	measured pcr=12 #0	'8'	'9'	REJECT
qemu_calc	221	4	88	measured pcr=12 #0	'1'	'2'	REJECT
qemu_calc	222	4	89	measured pcr=12 #0	'9'	'a'	REJECT
qemu_calc	223	4	90	measured pcr=12 #0	'9'	'a'	REJECT
qemu_calc	224	4	91	measured pcr=12 #0	'4'	'5'	REJECT
qemu_calc	225	4	92	measured pcr=12 #0	'a'	'b'	REJECT
qemu_calc	226	4	93	measured pcr=12 #0	'6'	'7'	REJECT
qemu_calc	227	4	94	measured pcr=12 #0	'7'	'8'	REJECT
qemu_calc	228	4	95	measured pcr=12 #0	'0'	'1'	REJECT
qemu_calc	229	4	96	measured pcr=12 #0	'0'	'1'	REJECT
qemu_calc	230	4	97	measured pcr=12 #0	'0'	'1'	REJECT
qemu_calc	231	4	98	measured pcr=12 #0	'1'	'2'	REJECT
qemu_calc	232	4	99	measured pcr=12 #0	'c'	'd'	REJECT
qemu_calc	233	4	100	measured pcr=12 #0	'7'	'8'	REJECT
qemu_calc	234	4	101	measured pcr=12 #0	'6'	'7'	REJECT
qemu_calc	235	4	102	measured pcr=12 #0	'a'	'b'	REJECT
qemu_calc	236	4	103	measured pcr=12 #0	'8'	'9'	REJECT
qemu_calc	237	4	104	measured pcr=12 #0	'b'	'c'	REJECT
qemu_calc	238	4	105	measured pcr=12 #0	'e'	'f'	REJECT
qemu_calc	239	4	106	measured pcr=12 #0	'b'	'c'	REJECT
qemu_calc	240	4	107	measured pcr=12 #0	'd'	'e'	REJECT
qemu_calc	241	4	108	measured pcr=12 #0	'3'	'4'	REJECT
qemu_calc	242	4	109	measured pcr=12 #0	'8'	'9'	REJECT
qemu_calc	243	4	110	measured pcr=12 #0	'8'	'9'	REJECT
qemu_calc	244	4	111	measured pcr=12 #0	'5'	'6'	REJECT
qemu_calc	245	4	112	measured pcr=12 #0	'7'	'8'	REJECT
qemu_calc	246	4	113	measured pcr=12 #0	'f'	'0'	REJECT
qemu_calc	247	4	114	measured pcr=12 #0	'9'	'a'	REJECT
qemu_calc	248	4	115	measured pcr=12 #0	'4'	'5'	REJECT
qemu_calc	249	4	116	measured pcr=12 #0	'5'	'6'	REJECT
qemu_calc	250	4	117	measured pcr=12 #0	'5'	'6'	REJECT
qemu_calc	251	4	118	measured pcr=12 #0	'c'	'd'	REJECT
qemu_calc	252	4	119	measured pcr=12 #0	'c'	'd'	REJECT
qemu_calc	253	4	120	measured pcr=12 #0	'5'	'6'	REJECT
qemu_calc	254	4	121	measured pcr=12 #0	'0'	'1'	REJECT
qemu_calc	255	4	122	measured pcr=12 #0	'0'	'1'	REJECT
qemu_calc	256	4	123	measured pcr=12 #0	'8'	'9'	REJECT
qemu_calc	257	4	124	measured pcr=12 #0	'a'	'b'	REJECT
qemu_calc	258	4	125	measured pcr=12 #0	'c'	'd'	REJECT
qemu_calc	259	4	126	measured pcr=12 #0	'a'	'b'	REJECT
qemu_calc	260	4	127	measured pcr=12 #0	'c'	'd'	REJECT
qemu_calc	261	4	128	measured pcr=12 #0	'8'	'9'	REJECT
qemu_calc	262	4	129	measured pcr=12 #0	'd'	'e'	REJECT
qemu_calc	263	4	130	measured pcr=12 #0	'2'	'3'	REJECT
qemu_calc	264	4	131	measured pcr=12 #0	'b'	'c'	REJECT
qemu_calc	265	4	132	measured pcr=12 #0	'2'	'3'	REJECT
qemu_calc	266	4	133	measured pcr=12 #0	'8'	'9'	REJECT
qemu_calc	267	4	134	measured pcr=12 #0	'9'	'a'	REJECT
qemu_calc	268	4	135	measured pcr=12 #0	'7'	'8'	REJECT
qemu_calc	269	4	136	measured pcr=12 #0	'a'	'b'	REJECT
qemu_calc	270	4	137	measured pcr=12 #0	'\n'	' '	REJECT
qemu_calc	271	5	0	measured pcr=12 #1	'm'	'n'	REJECT
qemu_calc	272	5	1	measured pcr=12 #1	'e'	'f'	REJECT
qemu_calc	273	5	2	measured pcr=12 #1	'a'	'b'	REJECT
qemu_calc	274	5	3	measured pcr=12 #1	's'	't'	REJECT
qemu_calc	275	5	4	measured pcr=12 #1	'u'	'v'	REJECT
qemu_calc	276	5	5	measured pcr=12 #1	'r'	's'	REJECT
qemu_calc	277	5	6	measured pcr=12 #1	'e'	'f'	REJECT
qemu_calc	278	5	7	measured pcr=12 #1	'd'	'e'	REJECT
qemu_calc	279	5	8	measured pcr=12 #1	' '	'X'	REJECT
qemu_calc	280	5	9	measured pcr=12 #1	'p'	'q'	REJECT
qemu_calc	281	5	10	measured pcr=12 #1	'c'	'd'	REJECT
qemu_calc	282	5	11	measured pcr=12 #1	'r'	's'	REJECT
qemu_calc	283	5	12	measured pcr=12 #1	'='	'X'	REJECT
qemu_calc	284	5	13	measured pcr=12 #1	'1'	'2'	REJECT
qemu_calc	285	5	14	measured pcr=12 #1	'2'	'3'	REJECT
qemu_calc	286	5	15	measured pcr=12 #1	' '	'X'	REJECT
qemu_calc	287	5	16	measured pcr=12 #1	'A'	'B'	REJECT
qemu_calc	288	5	17	measured pcr=12 #1	'E'	'F'	REJECT
qemu_calc	289	5	18	measured pcr=12 #1	'G'	'H'	REJECT
qemu_calc	290	5	19	measured pcr=12 #1	'I'	'J'	REJECT
qemu_calc	291	5	20	measured pcr=12 #1	'S'	'T'	REJECT
qemu_calc	292	5	21	measured pcr=12 #1	'-'	'X'	REJECT
qemu_calc	293	5	22	measured pcr=12 #1	'M'	'N'	REJECT
qemu_calc	294	5	23	measured pcr=12 #1	'E'	'F'	REJECT
qemu_calc	295	5	24	measured pcr=12 #1	'A'	'B'	REJECT
qemu_calc	296	5	25	measured pcr=12 #1	'S'	'T'	REJECT
qemu_calc	297	5	26	measured pcr=12 #1	'U'	'V'	REJECT
qemu_calc	298	5	27	measured pcr=12 #1	'R'	'S'	REJECT
qemu_calc	299	5	28	measured pcr=12 #1	'E'	'F'	REJECT
qemu_calc	300	5	29	measured pcr=12 #1	' '	'X'	REJECT
qemu_calc	301	5	30	measured pcr=12 #1	'v'	'w'	REJECT
qemu_calc	302	5	31	measured pcr=12 #1	'0'	'1'	REJECT
qemu_calc	303	5	32	measured pcr=12 #1	' '	'X'	REJECT
qemu_calc	304	5	33	measured pcr=12 #1	'a'	'b'	REJECT
qemu_calc	305	5	34	measured pcr=12 #1	'r'	's'	REJECT
qemu_calc	306	5	35	measured pcr=12 #1	't'	'u'	REJECT
qemu_calc	307	5	36	measured pcr=12 #1	'i'	'j'	REJECT
qemu_calc	308	5	37	measured pcr=12 #1	'f'	'0'	REJECT
qemu_calc	309	5	38	measured pcr=12 #1	'a'	'b'	REJECT
qemu_calc	310	5	39	measured pcr=12 #1	'c'	'd'	REJECT
qemu_calc	311	5	40	measured pcr=12 #1	't'	'u'	REJECT
qemu_calc	312	5	41	measured pcr=12 #1	'='	'X'	REJECT
qemu_calc	313	5	42	measured pcr=12 #1	'E'	'F'	REJECT
qemu_calc	314	5	43	measured pcr=12 #1	'M'	'N'	REJECT
qemu_calc	315	5	44	measured pcr=12 #1	'B'	'C'	REJECT
qemu_calc	316	5	45	measured pcr=12 #1	'E'	'F'	REJECT
qemu_calc	317	5	46	measured pcr=12 #1	'D'	'E'	REJECT
qemu_calc	318	5	47	measured pcr=12 #1	'.'	'X'	REJECT
qemu_calc	319	5	48	measured pcr=12 #1	'B'	'C'	REJECT
qemu_calc	320	5	49	measured pcr=12 #1	'I'	'J'	REJECT
qemu_calc	321	5	50	measured pcr=12 #1	'N'	'O'	REJECT
qemu_calc	322	5	51	measured pcr=12 #1	' '	'X'	REJECT
qemu_calc	323	5	52	measured pcr=12 #1	'b'	'c'	REJECT
qemu_calc	324	5	53	measured pcr=12 #1	'y'	'z'	REJECT
qemu_calc	325	5	54	measured pcr=12 #1	't'	'u'	REJECT
qemu_calc	326	5	55	measured pcr=12 #1	'e'	'f'	REJECT
qemu_calc	327	5	56	measured pcr=12 #1	's'	't'	REJECT
qemu_calc	328	5	57	measured pcr=12 #1	'='	'X'	REJECT
qemu_calc	329	5	58	measured pcr=12 #1	'9'	'a'	REJECT
qemu_calc	330	5	59	measured pcr=12 #1	'4'	'5'	REJECT
qemu_calc	331	5	60	measured pcr=12 #1	'3'	'4'	REJECT
qemu_calc	332	5	61	measured pcr=12 #1	'7'	'8'	REJECT
qemu_calc	333	5	62	measured pcr=12 #1	'1'	'2'	REJECT
qemu_calc	334	5	63	measured pcr=12 #1	'8'	'9'	REJECT
qemu_calc	335	5	64	measured pcr=12 #1	'4'	'5'	REJECT
qemu_calc	336	5	65	measured pcr=12 #1	' '	'X'	REJECT
qemu_calc	337	5	66	measured pcr=12 #1	's'	't'	REJECT
qemu_calc	338	5	67	measured pcr=12 #1	'h'	'i'	REJECT
qemu_calc	339	5	68	measured pcr=12 #1	'a'	'b'	REJECT
qemu_calc	340	5	69	measured pcr=12 #1	'2'	'3'	REJECT
qemu_calc	341	5	70	measured pcr=12 #1	'5'	'6'	REJECT
qemu_calc	342	5	71	measured pcr=12 #1	'6'	'7'	REJECT
qemu_calc	343	5	72	measured pcr=12 #1	'='	'X'	REJECT
qemu_calc	344	5	73	measured pcr=12 #1	'8'	'9'	REJECT
qemu_calc	345	5	74	measured pcr=12 #1	'c'	'd'	REJECT
qemu_calc	346	5	75	measured pcr=12 #1	'b'	'c'	REJECT
qemu_calc	347	5	76	measured pcr=12 #1	'c'	'd'	REJECT
qemu_calc	348	5	77	measured pcr=12 #1	'd'	'e'	REJECT
qemu_calc	349	5	78	measured pcr=12 #1	'6'	'7'	REJECT
qemu_calc	350	5	79	measured pcr=12 #1	'b'	'c'	REJECT
qemu_calc	351	5	80	measured pcr=12 #1	'6'	'7'	REJECT
qemu_calc	352	5	81	measured pcr=12 #1	'9'	'a'	REJECT
qemu_calc	353	5	82	measured pcr=12 #1	'd'	'e'	REJECT
qemu_calc	354	5	83	measured pcr=12 #1	'f'	'0'	REJECT
qemu_calc	355	5	84	measured pcr=12 #1	'0'	'1'	REJECT
qemu_calc	356	5	85	measured pcr=12 #1	'3'	'4'	REJECT
qemu_calc	357	5	86	measured pcr=12 #1	'5'	'6'	REJECT
qemu_calc	358	5	87	measured pcr=12 #1	'3'	'4'	REJECT
qemu_calc	359	5	88	measured pcr=12 #1	'9'	'a'	REJECT
qemu_calc	360	5	89	measured pcr=12 #1	'c'	'd'	REJECT
qemu_calc	361	5	90	measured pcr=12 #1	'd'	'e'	REJECT
qemu_calc	362	5	91	measured pcr=12 #1	'4'	'5'	REJECT
qemu_calc	363	5	92	measured pcr=12 #1	'6'	'7'	REJECT
qemu_calc	364	5	93	measured pcr=12 #1	'3'	'4'	REJECT
qemu_calc	365	5	94	measured pcr=12 #1	'8'	'9'	REJECT
qemu_calc	366	5	95	measured pcr=12 #1	'4'	'5'	REJECT
qemu_calc	367	5	96	measured pcr=12 #1	'4'	'5'	REJECT
qemu_calc	368	5	97	measured pcr=12 #1	'0'	'1'	REJECT
qemu_calc	369	5	98	measured pcr=12 #1	'f'	'0'	REJECT
qemu_calc	370	5	99	measured pcr=12 #1	'b'	'c'	REJECT
qemu_calc	371	5	100	measured pcr=12 #1	'9'	'a'	REJECT
qemu_calc	372	5	101	measured pcr=12 #1	'0'	'1'	REJECT
qemu_calc	373	5	102	measured pcr=12 #1	'3'	'4'	REJECT
qemu_calc	374	5	103	measured pcr=12 #1	'9'	'a'	REJECT
qemu_calc	375	5	104	measured pcr=12 #1	'1'	'2'	REJECT
qemu_calc	376	5	105	measured pcr=12 #1	'0'	'1'	REJECT
qemu_calc	377	5	106	measured pcr=12 #1	'3'	'4'	REJECT
qemu_calc	378	5	107	measured pcr=12 #1	'2'	'3'	REJECT
qemu_calc	379	5	108	measured pcr=12 #1	'5'	'6'	REJECT
qemu_calc	380	5	109	measured pcr=12 #1	'b'	'c'	REJECT
qemu_calc	381	5	110	measured pcr=12 #1	'7'	'8'	REJECT
qemu_calc	382	5	111	measured pcr=12 #1	'f'	'0'	REJECT
qemu_calc	383	5	112	measured pcr=12 #1	'6'	'7'	REJECT
qemu_calc	384	5	113	measured pcr=12 #1	'8'	'9'	REJECT
qemu_calc	385	5	114	measured pcr=12 #1	'5'	'6'	REJECT
qemu_calc	386	5	115	measured pcr=12 #1	'3'	'4'	REJECT
qemu_calc	387	5	116	measured pcr=12 #1	'3'	'4'	REJECT
qemu_calc	388	5	117	measured pcr=12 #1	'4'	'5'	REJECT
qemu_calc	389	5	118	measured pcr=12 #1	'9'	'a'	REJECT
qemu_calc	390	5	119	measured pcr=12 #1	'c'	'd'	REJECT
qemu_calc	391	5	120	measured pcr=12 #1	'5'	'6'	REJECT
qemu_calc	392	5	121	measured pcr=12 #1	'b'	'c'	REJECT
qemu_calc	393	5	122	measured pcr=12 #1	'b'	'c'	REJECT
qemu_calc	394	5	123	measured pcr=12 #1	'5'	'6'	REJECT
qemu_calc	395	5	124	measured pcr=12 #1	'7'	'8'	REJECT
qemu_calc	396	5	125	measured pcr=12 #1	'7'	'8'	REJECT
qemu_calc	397	5	126	measured pcr=12 #1	'8'	'9'	REJECT
qemu_calc	398	5	127	measured pcr=12 #1	'e'	'f'	REJECT
qemu_calc	399	5	128	measured pcr=12 #1	'4'	'5'	REJECT
qemu_calc	400	5	129	measured pcr=12 #1	'1'	'2'	REJECT
qemu_calc	401	5	130	measured pcr=12 #1	'3'	'4'	REJECT
qemu_calc	402	5	131	measured pcr=12 #1	'f'	'0'	REJECT
qemu_calc	403	5	132	measured pcr=12 #1	'a'	'b'	REJECT
qemu_calc	404	5	133	measured pcr=12 #1	'f'	'0'	REJECT
qemu_calc	405	5	134	measured pcr=12 #1	'e'	'f'	REJECT
qemu_calc	406	5	135	measured pcr=12 #1	'f'	'0'	REJECT
qemu_calc	407	5	136	measured pcr=12 #1	'0'	'1'	REJECT
qemu_calc	408	5	137	measured pcr=12 #1	'\n'	' '	REJECT
qemu_calc	409	6	0	measured pcr=12 #2	'm'	'n'	REJECT
qemu_calc	410	6	1	measured pcr=12 #2	'e'	'f'	REJECT
qemu_calc	411	6	2	measured pcr=12 #2	'a'	'b'	REJECT
qemu_calc	412	6	3	measured pcr=12 #2	's'	't'	REJECT
qemu_calc	413	6	4	measured pcr=12 #2	'u'	'v'	REJECT
qemu_calc	414	6	5	measured pcr=12 #2	'r'	's'	REJECT
qemu_calc	415	6	6	measured pcr=12 #2	'e'	'f'	REJECT
qemu_calc	416	6	7	measured pcr=12 #2	'd'	'e'	REJECT
qemu_calc	417	6	8	measured pcr=12 #2	' '	'X'	REJECT
qemu_calc	418	6	9	measured pcr=12 #2	'p'	'q'	REJECT
qemu_calc	419	6	10	measured pcr=12 #2	'c'	'd'	REJECT
qemu_calc	420	6	11	measured pcr=12 #2	'r'	's'	REJECT
qemu_calc	421	6	12	measured pcr=12 #2	'='	'X'	REJECT
qemu_calc	422	6	13	measured pcr=12 #2	'1'	'2'	REJECT
qemu_calc	423	6	14	measured pcr=12 #2	'2'	'3'	REJECT
qemu_calc	424	6	15	measured pcr=12 #2	' '	'X'	REJECT
qemu_calc	425	6	16	measured pcr=12 #2	'A'	'B'	REJECT
qemu_calc	426	6	17	measured pcr=12 #2	'E'	'F'	REJECT
qemu_calc	427	6	18	measured pcr=12 #2	'G'	'H'	REJECT
qemu_calc	428	6	19	measured pcr=12 #2	'I'	'J'	REJECT
qemu_calc	429	6	20	measured pcr=12 #2	'S'	'T'	REJECT
qemu_calc	430	6	21	measured pcr=12 #2	'-'	'X'	REJECT
qemu_calc	431	6	22	measured pcr=12 #2	'M'	'N'	REJECT
qemu_calc	432	6	23	measured pcr=12 #2	'E'	'F'	REJECT
qemu_calc	433	6	24	measured pcr=12 #2	'A'	'B'	REJECT
qemu_calc	434	6	25	measured pcr=12 #2	'S'	'T'	REJECT
qemu_calc	435	6	26	measured pcr=12 #2	'U'	'V'	REJECT
qemu_calc	436	6	27	measured pcr=12 #2	'R'	'S'	REJECT
qemu_calc	437	6	28	measured pcr=12 #2	'E'	'F'	REJECT
qemu_calc	438	6	29	measured pcr=12 #2	' '	'X'	REJECT
qemu_calc	439	6	30	measured pcr=12 #2	'v'	'w'	REJECT
qemu_calc	440	6	31	measured pcr=12 #2	'0'	'1'	REJECT
qemu_calc	441	6	32	measured pcr=12 #2	' '	'X'	REJECT
qemu_calc	442	6	33	measured pcr=12 #2	'a'	'b'	REJECT
qemu_calc	443	6	34	measured pcr=12 #2	'r'	's'	REJECT
qemu_calc	444	6	35	measured pcr=12 #2	't'	'u'	REJECT
qemu_calc	445	6	36	measured pcr=12 #2	'i'	'j'	REJECT
qemu_calc	446	6	37	measured pcr=12 #2	'f'	'0'	REJECT
qemu_calc	447	6	38	measured pcr=12 #2	'a'	'b'	REJECT
qemu_calc	448	6	39	measured pcr=12 #2	'c'	'd'	REJECT
qemu_calc	449	6	40	measured pcr=12 #2	't'	'u'	REJECT
qemu_calc	450	6	41	measured pcr=12 #2	'='	'X'	REJECT
qemu_calc	451	6	42	measured pcr=12 #2	'V'	'W'	REJECT
qemu_calc	452	6	43	measured pcr=12 #2	'O'	'P'	REJECT
qemu_calc	453	6	44	measured pcr=12 #2	'C'	'D'	REJECT
qemu_calc	454	6	45	measured pcr=12 #2	'A'	'B'	REJECT
qemu_calc	455	6	46	measured pcr=12 #2	'B'	'C'	REJECT
qemu_calc	456	6	47	measured pcr=12 #2	'.'	'X'	REJECT
qemu_calc	457	6	48	measured pcr=12 #2	'B'	'C'	REJECT
qemu_calc	458	6	49	measured pcr=12 #2	'I'	'J'	REJECT
qemu_calc	459	6	50	measured pcr=12 #2	'N'	'O'	REJECT
qemu_calc	460	6	51	measured pcr=12 #2	' '	'X'	REJECT
qemu_calc	461	6	52	measured pcr=12 #2	'b'	'c'	REJECT
qemu_calc	462	6	53	measured pcr=12 #2	'y'	'z'	REJECT
qemu_calc	463	6	54	measured pcr=12 #2	't'	'u'	REJECT
qemu_calc	464	6	55	measured pcr=12 #2	'e'	'f'	REJECT
qemu_calc	465	6	56	measured pcr=12 #2	's'	't'	REJECT
qemu_calc	466	6	57	measured pcr=12 #2	'='	'X'	REJECT
qemu_calc	467	6	58	measured pcr=12 #2	'2'	'3'	REJECT
qemu_calc	468	6	59	measured pcr=12 #2	'5'	'6'	REJECT
qemu_calc	469	6	60	measured pcr=12 #2	'3'	'4'	REJECT
qemu_calc	470	6	61	measured pcr=12 #2	'3'	'4'	REJECT
qemu_calc	471	6	62	measured pcr=12 #2	'7'	'8'	REJECT
qemu_calc	472	6	63	measured pcr=12 #2	'7'	'8'	REJECT
qemu_calc	473	6	64	measured pcr=12 #2	' '	'X'	REJECT
qemu_calc	474	6	65	measured pcr=12 #2	's'	't'	REJECT
qemu_calc	475	6	66	measured pcr=12 #2	'h'	'i'	REJECT
qemu_calc	476	6	67	measured pcr=12 #2	'a'	'b'	REJECT
qemu_calc	477	6	68	measured pcr=12 #2	'2'	'3'	REJECT
qemu_calc	478	6	69	measured pcr=12 #2	'5'	'6'	REJECT
qemu_calc	479	6	70	measured pcr=12 #2	'6'	'7'	REJECT
qemu_calc	480	6	71	measured pcr=12 #2	'='	'X'	REJECT
qemu_calc	481	6	72	measured pcr=12 #2	'a'	'b'	REJECT
qemu_calc	482	6	73	measured pcr=12 #2	'4'	'5'	REJECT
qemu_calc	483	6	74	measured pcr=12 #2	'c'	'd'	REJECT
qemu_calc	484	6	75	measured pcr=12 #2	'a'	'b'	REJECT
qemu_calc	485	6	76	measured pcr=12 #2	'f'	'0'	REJECT
qemu_calc	486	6	77	measured pcr=12 #2	'c'	'd'	REJECT
qemu_calc	487	6	78	measured pcr=12 #2	'9'	'a'	REJECT
qemu_calc	488	6	79	measured pcr=12 #2	'6'	'7'	REJECT
qemu_calc	489	6	80	measured pcr=12 #2	'4'	'5'	REJECT
qemu_calc	490	6	81	measured pcr=12 #2	'9'	'a'	REJECT
qemu_calc	491	6	82	measured pcr=12 #2	'4'	'5'	REJECT
qemu_calc	492	6	83	measured pcr=12 #2	'8'	'9'	REJECT
qemu_calc	493	6	84	measured pcr=12 #2	'8'	'9'	REJECT
qemu_calc	494	6	85	measured pcr=12 #2	'9'	'a'	REJECT
qemu_calc	495	6	86	measured pcr=12 #2	'8'	'9'	REJECT
qemu_calc	496	6	87	measured pcr=12 #2	'7'	'8'	REJECT
qemu_calc	497	6	88	measured pcr=12 #2	'a'	'b'	REJECT
qemu_calc	498	6	89	measured pcr=12 #2	'8'	'9'	REJECT
qemu_calc	499	6	90	measured pcr=12 #2	'e'	'f'	REJECT
qemu_calc	500	6	91	measured pcr=12 #2	'b'	'c'	REJECT
qemu_calc	501	6	92	measured pcr=12 #2	'0'	'1'	REJECT
qemu_calc	502	6	93	measured pcr=12 #2	'5'	'6'	REJECT
qemu_calc	503	6	94	measured pcr=12 #2	'3'	'4'	REJECT
qemu_calc	504	6	95	measured pcr=12 #2	'4'	'5'	REJECT
qemu_calc	505	6	96	measured pcr=12 #2	'7'	'8'	REJECT
qemu_calc	506	6	97	measured pcr=12 #2	'6'	'7'	REJECT
qemu_calc	507	6	98	measured pcr=12 #2	'd'	'e'	REJECT
qemu_calc	508	6	99	measured pcr=12 #2	'3'	'4'	REJECT
qemu_calc	509	6	100	measured pcr=12 #2	'8'	'9'	REJECT
qemu_calc	510	6	101	measured pcr=12 #2	'9'	'a'	REJECT
qemu_calc	511	6	102	measured pcr=12 #2	'b'	'c'	REJECT
qemu_calc	512	6	103	measured pcr=12 #2	'd'	'e'	REJECT
qemu_calc	513	6	104	measured pcr=12 #2	'9'	'a'	REJECT
qemu_calc	514	6	105	measured pcr=12 #2	'a'	'b'	REJECT
qemu_calc	515	6	106	measured pcr=12 #2	'6'	'7'	REJECT
qemu_calc	516	6	107	measured pcr=12 #2	'7'	'8'	REJECT
qemu_calc	517	6	108	measured pcr=12 #2	'5'	'6'	REJECT
qemu_calc	518	6	109	measured pcr=12 #2	'4'	'5'	REJECT
qemu_calc	519	6	110	measured pcr=12 #2	'0'	'1'	REJECT
qemu_calc	520	6	111	measured pcr=12 #2	'5'	'6'	REJECT
qemu_calc	521	6	112	measured pcr=12 #2	'c'	'd'	REJECT
qemu_calc	522	6	113	measured pcr=12 #2	'5'	'6'	REJECT
qemu_calc	523	6	114	measured pcr=12 #2	'1'	'2'	REJECT
qemu_calc	524	6	115	measured pcr=12 #2	'b'	'c'	REJECT
qemu_calc	525	6	116	measured pcr=12 #2	'f'	'0'	REJECT
qemu_calc	526	6	117	measured pcr=12 #2	'c'	'd'	REJECT
qemu_calc	527	6	118	measured pcr=12 #2	'4'	'5'	REJECT
qemu_calc	528	6	119	measured pcr=12 #2	'2'	'3'	REJECT
qemu_calc	529	6	120	measured pcr=12 #2	'e'	'f'	REJECT
qemu_calc	530	6	121	measured pcr=12 #2	'b'	'c'	REJECT
qemu_calc	531	6	122	measured pcr=12 #2	'd'	'e'	REJECT
qemu_calc	532	6	123	measured pcr=12 #2	'e'	'f'	REJECT
qemu_calc	533	6	124	measured pcr=12 #2	'd'	'e'	REJECT
qemu_calc	534	6	125	measured pcr=12 #2	'5'	'6'	REJECT
qemu_calc	535	6	126	measured pcr=12 #2	'4'	'5'	REJECT
qemu_calc	536	6	127	measured pcr=12 #2	'6'	'7'	REJECT
qemu_calc	537	6	128	measured pcr=12 #2	'a'	'b'	REJECT
qemu_calc	538	6	129	measured pcr=12 #2	'e'	'f'	REJECT
qemu_calc	539	6	130	measured pcr=12 #2	'6'	'7'	REJECT
qemu_calc	540	6	131	measured pcr=12 #2	'4'	'5'	REJECT
qemu_calc	541	6	132	measured pcr=12 #2	'e'	'f'	REJECT
qemu_calc	542	6	133	measured pcr=12 #2	'b'	'c'	REJECT
qemu_calc	543	6	134	measured pcr=12 #2	'1'	'2'	REJECT
qemu_calc	544	6	135	measured pcr=12 #2	'7'	'8'	REJECT
qemu_calc	545	6	136	measured pcr=12 #2	'\n'	' '	REJECT
qemu_calc	546	7	0	measured pcr=13 #0	'm'	'n'	REJECT
qemu_calc	547	7	1	measured pcr=13 #0	'e'	'f'	REJECT
qemu_calc	548	7	2	measured pcr=13 #0	'a'	'b'	REJECT
qemu_calc	549	7	3	measured pcr=13 #0	's'	't'	REJECT
qemu_calc	550	7	4	measured pcr=13 #0	'u'	'v'	REJECT
qemu_calc	551	7	5	measured pcr=13 #0	'r'	's'	REJECT
qemu_calc	552	7	6	measured pcr=13 #0	'e'	'f'	REJECT
qemu_calc	553	7	7	measured pcr=13 #0	'd'	'e'	REJECT
qemu_calc	554	7	8	measured pcr=13 #0	' '	'X'	REJECT
qemu_calc	555	7	9	measured pcr=13 #0	'p'	'q'	REJECT
qemu_calc	556	7	10	measured pcr=13 #0	'c'	'd'	REJECT
qemu_calc	557	7	11	measured pcr=13 #0	'r'	's'	REJECT
qemu_calc	558	7	12	measured pcr=13 #0	'='	'X'	REJECT
qemu_calc	559	7	13	measured pcr=13 #0	'1'	'2'	REJECT
qemu_calc	560	7	14	measured pcr=13 #0	'3'	'4'	REJECT
qemu_calc	561	7	15	measured pcr=13 #0	' '	'X'	REJECT
qemu_calc	562	7	16	measured pcr=13 #0	'A'	'B'	REJECT
qemu_calc	563	7	17	measured pcr=13 #0	'E'	'F'	REJECT
qemu_calc	564	7	18	measured pcr=13 #0	'G'	'H'	REJECT
qemu_calc	565	7	19	measured pcr=13 #0	'I'	'J'	REJECT
qemu_calc	566	7	20	measured pcr=13 #0	'S'	'T'	REJECT
qemu_calc	567	7	21	measured pcr=13 #0	'-'	'X'	REJECT
qemu_calc	568	7	22	measured pcr=13 #0	'R'	'S'	REJECT
qemu_calc	569	7	23	measured pcr=13 #0	'E'	'F'	REJECT
qemu_calc	570	7	24	measured pcr=13 #0	'C'	'D'	REJECT
qemu_calc	571	7	25	measured pcr=13 #0	'E'	'F'	REJECT
qemu_calc	572	7	26	measured pcr=13 #0	'I'	'J'	REJECT
qemu_calc	573	7	27	measured pcr=13 #0	'P'	'Q'	REJECT
qemu_calc	574	7	28	measured pcr=13 #0	'T'	'U'	REJECT
qemu_calc	575	7	29	measured pcr=13 #0	' '	'X'	REJECT
qemu_calc	576	7	30	measured pcr=13 #0	'v'	'w'	REJECT
qemu_calc	577	7	31	measured pcr=13 #0	'0'	'1'	REJECT
qemu_calc	578	7	32	measured pcr=13 #0	' '	'X'	REJECT
qemu_calc	579	7	33	measured pcr=13 #0	'm'	'n'	REJECT
qemu_calc	580	7	34	measured pcr=13 #0	'o'	'p'	REJECT
qemu_calc	581	7	35	measured pcr=13 #0	'd'	'e'	REJECT
qemu_calc	582	7	36	measured pcr=13 #0	'e'	'f'	REJECT
qemu_calc	583	7	37	measured pcr=13 #0	'='	'X'	REJECT
qemu_calc	584	7	38	measured pcr=13 #0	'm'	'n'	REJECT
qemu_calc	585	7	39	measured pcr=13 #0	'i'	'j'	REJECT
qemu_calc	586	7	40	measured pcr=13 #0	'n'	'o'	REJECT
qemu_calc	587	7	41	measured pcr=13 #0	't'	'u'	REJECT
qemu_calc	588	7	42	measured pcr=13 #0	' '	'X'	REJECT
qemu_calc	589	7	43	measured pcr=13 #0	's'	't'	REJECT
qemu_calc	590	7	44	measured pcr=13 #0	't'	'u'	REJECT
qemu_calc	591	7	45	measured pcr=13 #0	'e'	'f'	REJECT
qemu_calc	592	7	46	measured pcr=13 #0	'p'	'q'	REJECT
qemu_calc	593	7	47	measured pcr=13 #0	's'	't'	REJECT
qemu_calc	594	7	48	measured pcr=13 #0	'='	'X'	REJECT
qemu_calc	595	7	49	measured pcr=13 #0	'9'	'a'	REJECT
qemu_calc	596	7	50	measured pcr=13 #0	' '	'X'	REJECT
qemu_calc	597	7	51	measured pcr=13 #0	'c'	'd'	REJECT
qemu_calc	598	7	52	measured pcr=13 #0	'i'	'j'	REJECT
qemu_calc	599	7	53	measured pcr=13 #0	's'	't'	REJECT
qemu_calc	600	7	54	measured pcr=13 #0	'-'	'X'	REJECT
qemu_calc	601	7	55	measured pcr=13 #0	'd'	'e'	REJECT
qemu_calc	602	7	56	measured pcr=13 #0	'i'	'j'	REJECT
qemu_calc	603	7	57	measured pcr=13 #0	'g'	'h'	REJECT
qemu_calc	604	7	58	measured pcr=13 #0	'e'	'f'	REJECT
qemu_calc	605	7	59	measured pcr=13 #0	's'	't'	REJECT
qemu_calc	606	7	60	measured pcr=13 #0	't'	'u'	REJECT
qemu_calc	607	7	61	measured pcr=13 #0	'='	'X'	REJECT
qemu_calc	608	7	62	measured pcr=13 #0	'f'	'0'	REJECT
qemu_calc	609	7	63	measured pcr=13 #0	'd'	'e'	REJECT
qemu_calc	610	7	64	measured pcr=13 #0	'd'	'e'	REJECT
qemu_calc	611	7	65	measured pcr=13 #0	'e'	'f'	REJECT
qemu_calc	612	7	66	measured pcr=13 #0	'b'	'c'	REJECT
qemu_calc	613	7	67	measured pcr=13 #0	'e'	'f'	REJECT
qemu_calc	614	7	68	measured pcr=13 #0	'f'	'0'	REJECT
qemu_calc	615	7	69	measured pcr=13 #0	'c'	'd'	REJECT
qemu_calc	616	7	70	measured pcr=13 #0	'8'	'9'	REJECT
qemu_calc	617	7	71	measured pcr=13 #0	'4'	'5'	REJECT
qemu_calc	618	7	72	measured pcr=13 #0	'f'	'0'	REJECT
qemu_calc	619	7	73	measured pcr=13 #0	'1'	'2'	REJECT
qemu_calc	620	7	74	measured pcr=13 #0	'a'	'b'	REJECT
qemu_calc	621	7	75	measured pcr=13 #0	'd'	'e'	REJECT
qemu_calc	622	7	76	measured pcr=13 #0	'5'	'6'	REJECT
qemu_calc	623	7	77	measured pcr=13 #0	'8'	'9'	REJECT
qemu_calc	624	7	78	measured pcr=13 #0	' '	'X'	REJECT
qemu_calc	625	7	79	measured pcr=13 #0	'c'	'd'	REJECT
qemu_calc	626	7	80	measured pcr=13 #0	'h'	'i'	REJECT
qemu_calc	627	7	81	measured pcr=13 #0	'a'	'b'	REJECT
qemu_calc	628	7	82	measured pcr=13 #0	'i'	'j'	REJECT
qemu_calc	629	7	83	measured pcr=13 #0	'n'	'o'	REJECT
qemu_calc	630	7	84	measured pcr=13 #0	'='	'X'	REJECT
qemu_calc	631	7	85	measured pcr=13 #0	'6'	'7'	REJECT
qemu_calc	632	7	86	measured pcr=13 #0	'e'	'f'	REJECT
qemu_calc	633	7	87	measured pcr=13 #0	'6'	'7'	REJECT
qemu_calc	634	7	88	measured pcr=13 #0	'b'	'c'	REJECT
qemu_calc	635	7	89	measured pcr=13 #0	'2'	'3'	REJECT
qemu_calc	636	7	90	measured pcr=13 #0	'd'	'e'	REJECT
qemu_calc	637	7	91	measured pcr=13 #0	'd'	'e'	REJECT
qemu_calc	638	7	92	measured pcr=13 #0	'f'	'0'	REJECT
qemu_calc	639	7	93	measured pcr=13 #0	'1'	'2'	REJECT
qemu_calc	640	7	94	measured pcr=13 #0	'a'	'b'	REJECT
qemu_calc	641	7	95	measured pcr=13 #0	'8'	'9'	REJECT
qemu_calc	642	7	96	measured pcr=13 #0	'5'	'6'	REJECT
qemu_calc	643	7	97	measured pcr=13 #0	'2'	'3'	REJECT
qemu_calc	644	7	98	measured pcr=13 #0	'8'	'9'	REJECT
qemu_calc	645	7	99	measured pcr=13 #0	'e'	'f'	REJECT
qemu_calc	646	7	100	measured pcr=13 #0	'5'	'6'	REJECT
qemu_calc	647	7	101	measured pcr=13 #0	'9'	'a'	REJECT
qemu_calc	648	7	102	measured pcr=13 #0	'6'	'7'	REJECT
qemu_calc	649	7	103	measured pcr=13 #0	'6'	'7'	REJECT
qemu_calc	650	7	104	measured pcr=13 #0	'5'	'6'	REJECT
qemu_calc	651	7	105	measured pcr=13 #0	'e'	'f'	REJECT
qemu_calc	652	7	106	measured pcr=13 #0	'4'	'5'	REJECT
qemu_calc	653	7	107	measured pcr=13 #0	'3'	'4'	REJECT
qemu_calc	654	7	108	measured pcr=13 #0	'c'	'd'	REJECT
qemu_calc	655	7	109	measured pcr=13 #0	'c'	'd'	REJECT
qemu_calc	656	7	110	measured pcr=13 #0	'b'	'c'	REJECT
qemu_calc	657	7	111	measured pcr=13 #0	'0'	'1'	REJECT
qemu_calc	658	7	112	measured pcr=13 #0	'4'	'5'	REJECT
qemu_calc	659	7	113	measured pcr=13 #0	'4'	'5'	REJECT
qemu_calc	660	7	114	measured pcr=13 #0	'5'	'6'	REJECT
qemu_calc	661	7	115	measured pcr=13 #0	'e'	'f'	REJECT
qemu_calc	662	7	116	measured pcr=13 #0	'1'	'2'	REJECT
qemu_calc	663	7	117	measured pcr=13 #0	'8'	'9'	REJECT
qemu_calc	664	7	118	measured pcr=13 #0	'2'	'3'	REJECT
qemu_calc	665	7	119	measured pcr=13 #0	'd'	'e'	REJECT
qemu_calc	666	7	120	measured pcr=13 #0	'3'	'4'	REJECT
qemu_calc	667	7	121	measured pcr=13 #0	'd'	'e'	REJECT
qemu_calc	668	7	122	measured pcr=13 #0	'a'	'b'	REJECT
qemu_calc	669	7	123	measured pcr=13 #0	'5'	'6'	REJECT
qemu_calc	670	7	124	measured pcr=13 #0	'3'	'4'	REJECT
qemu_calc	671	7	125	measured pcr=13 #0	'd'	'e'	REJECT
qemu_calc	672	7	126	measured pcr=13 #0	'b'	'c'	REJECT
qemu_calc	673	7	127	measured pcr=13 #0	'2'	'3'	REJECT
qemu_calc	674	7	128	measured pcr=13 #0	'6'	'7'	REJECT
qemu_calc	675	7	129	measured pcr=13 #0	'2'	'3'	REJECT
qemu_calc	676	7	130	measured pcr=13 #0	'1'	'2'	REJECT
qemu_calc	677	7	131	measured pcr=13 #0	'7'	'8'	REJECT
qemu_calc	678	7	132	measured pcr=13 #0	'8'	'9'	REJECT
qemu_calc	679	7	133	measured pcr=13 #0	'6'	'7'	REJECT
qemu_calc	680	7	134	measured pcr=13 #0	'a'	'b'	REJECT
qemu_calc	681	7	135	measured pcr=13 #0	'f'	'0'	REJECT
qemu_calc	682	7	136	measured pcr=13 #0	'd'	'e'	REJECT
qemu_calc	683	7	137	measured pcr=13 #0	'9'	'a'	REJECT
qemu_calc	684	7	138	measured pcr=13 #0	'7'	'8'	REJECT
qemu_calc	685	7	139	measured pcr=13 #0	'e'	'f'	REJECT
qemu_calc	686	7	140	measured pcr=13 #0	'6'	'7'	REJECT
qemu_calc	687	7	141	measured pcr=13 #0	'0'	'1'	REJECT
qemu_calc	688	7	142	measured pcr=13 #0	'2'	'3'	REJECT
qemu_calc	689	7	143	measured pcr=13 #0	'3'	'4'	REJECT
qemu_calc	690	7	144	measured pcr=13 #0	'c'	'd'	REJECT
qemu_calc	691	7	145	measured pcr=13 #0	'4'	'5'	REJECT
qemu_calc	692	7	146	measured pcr=13 #0	'5'	'6'	REJECT
qemu_calc	693	7	147	measured pcr=13 #0	'e'	'f'	REJECT
qemu_calc	694	7	148	measured pcr=13 #0	'a'	'b'	REJECT
qemu_calc	695	7	149	measured pcr=13 #0	' '	'X'	REJECT
qemu_calc	696	7	150	measured pcr=13 #0	'v'	'w'	REJECT
qemu_calc	697	7	151	measured pcr=13 #0	'e'	'f'	REJECT
qemu_calc	698	7	152	measured pcr=13 #0	'r'	's'	REJECT
qemu_calc	699	7	153	measured pcr=13 #0	'd'	'e'	REJECT
qemu_calc	700	7	154	measured pcr=13 #0	'i'	'j'	REJECT
qemu_calc	701	7	155	measured pcr=13 #0	'c'	'd'	REJECT
qemu_calc	702	7	156	measured pcr=13 #0	't'	'u'	REJECT
qemu_calc	703	7	157	measured pcr=13 #0	'='	'X'	REJECT
qemu_calc	704	7	158	measured pcr=13 #0	'M'	'N'	REJECT
qemu_calc	705	7	159	measured pcr=13 #0	'I'	'J'	REJECT
qemu_calc	706	7	160	measured pcr=13 #0	'N'	'O'	REJECT
qemu_calc	707	7	161	measured pcr=13 #0	'T'	'U'	REJECT
qemu_calc	708	7	162	measured pcr=13 #0	'E'	'F'	REJECT
qemu_calc	709	7	163	measured pcr=13 #0	'D'	'E'	REJECT
qemu_calc	710	7	164	measured pcr=13 #0	'\n'	' '	REJECT
qemu_calc	711	8	0	measured pcr=12 #3	'm'	'n'	REJECT
qemu_calc	712	8	1	measured pcr=12 #3	'e'	'f'	REJECT
qemu_calc	713	8	2	measured pcr=12 #3	'a'	'b'	REJECT
qemu_calc	714	8	3	measured pcr=12 #3	's'	't'	REJECT
qemu_calc	715	8	4	measured pcr=12 #3	'u'	'v'	REJECT
qemu_calc	716	8	5	measured pcr=12 #3	'r'	's'	REJECT
qemu_calc	717	8	6	measured pcr=12 #3	'e'	'f'	REJECT
qemu_calc	718	8	7	measured pcr=12 #3	'd'	'e'	REJECT
qemu_calc	719	8	8	measured pcr=12 #3	' '	'X'	REJECT
qemu_calc	720	8	9	measured pcr=12 #3	'p'	'q'	REJECT
qemu_calc	721	8	10	measured pcr=12 #3	'c'	'd'	REJECT
qemu_calc	722	8	11	measured pcr=12 #3	'r'	's'	REJECT
qemu_calc	723	8	12	measured pcr=12 #3	'='	'X'	REJECT
qemu_calc	724	8	13	measured pcr=12 #3	'1'	'2'	REJECT
qemu_calc	725	8	14	measured pcr=12 #3	'2'	'3'	REJECT
qemu_calc	726	8	15	measured pcr=12 #3	' '	'X'	REJECT
qemu_calc	727	8	16	measured pcr=12 #3	'A'	'B'	REJECT
qemu_calc	728	8	17	measured pcr=12 #3	'E'	'F'	REJECT
qemu_calc	729	8	18	measured pcr=12 #3	'G'	'H'	REJECT
qemu_calc	730	8	19	measured pcr=12 #3	'I'	'J'	REJECT
qemu_calc	731	8	20	measured pcr=12 #3	'S'	'T'	REJECT
qemu_calc	732	8	21	measured pcr=12 #3	'-'	'X'	REJECT
qemu_calc	733	8	22	measured pcr=12 #3	'M'	'N'	REJECT
qemu_calc	734	8	23	measured pcr=12 #3	'E'	'F'	REJECT
qemu_calc	735	8	24	measured pcr=12 #3	'A'	'B'	REJECT
qemu_calc	736	8	25	measured pcr=12 #3	'S'	'T'	REJECT
qemu_calc	737	8	26	measured pcr=12 #3	'U'	'V'	REJECT
qemu_calc	738	8	27	measured pcr=12 #3	'R'	'S'	REJECT
qemu_calc	739	8	28	measured pcr=12 #3	'E'	'F'	REJECT
qemu_calc	740	8	29	measured pcr=12 #3	' '	'X'	REJECT
qemu_calc	741	8	30	measured pcr=12 #3	'v'	'w'	REJECT
qemu_calc	742	8	31	measured pcr=12 #3	'0'	'1'	REJECT
qemu_calc	743	8	32	measured pcr=12 #3	' '	'X'	REJECT
qemu_calc	744	8	33	measured pcr=12 #3	'a'	'b'	REJECT
qemu_calc	745	8	34	measured pcr=12 #3	'r'	's'	REJECT
qemu_calc	746	8	35	measured pcr=12 #3	't'	'u'	REJECT
qemu_calc	747	8	36	measured pcr=12 #3	'i'	'j'	REJECT
qemu_calc	748	8	37	measured pcr=12 #3	'f'	'0'	REJECT
qemu_calc	749	8	38	measured pcr=12 #3	'a'	'b'	REJECT
qemu_calc	750	8	39	measured pcr=12 #3	'c'	'd'	REJECT
qemu_calc	751	8	40	measured pcr=12 #3	't'	'u'	REJECT
qemu_calc	752	8	41	measured pcr=12 #3	'='	'X'	REJECT
qemu_calc	753	8	42	measured pcr=12 #3	'T'	'U'	REJECT
qemu_calc	754	8	43	measured pcr=12 #3	'A'	'B'	REJECT
qemu_calc	755	8	44	measured pcr=12 #3	'B'	'C'	REJECT
qemu_calc	756	8	45	measured pcr=12 #3	'L'	'M'	REJECT
qemu_calc	757	8	46	measured pcr=12 #3	'E'	'F'	REJECT
qemu_calc	758	8	47	measured pcr=12 #3	'.'	'X'	REJECT
qemu_calc	759	8	48	measured pcr=12 #3	'T'	'U'	REJECT
qemu_calc	760	8	49	measured pcr=12 #3	'S'	'T'	REJECT
qemu_calc	761	8	50	measured pcr=12 #3	'V'	'W'	REJECT
qemu_calc	762	8	51	measured pcr=12 #3	' '	'X'	REJECT
qemu_calc	763	8	52	measured pcr=12 #3	'b'	'c'	REJECT
qemu_calc	764	8	53	measured pcr=12 #3	'y'	'z'	REJECT
qemu_calc	765	8	54	measured pcr=12 #3	't'	'u'	REJECT
qemu_calc	766	8	55	measured pcr=12 #3	'e'	'f'	REJECT
qemu_calc	767	8	56	measured pcr=12 #3	's'	't'	REJECT
qemu_calc	768	8	57	measured pcr=12 #3	'='	'X'	REJECT
qemu_calc	769	8	58	measured pcr=12 #3	'4'	'5'	REJECT
qemu_calc	770	8	59	measured pcr=12 #3	'4'	'5'	REJECT
qemu_calc	771	8	60	measured pcr=12 #3	'5'	'6'	REJECT
qemu_calc	772	8	61	measured pcr=12 #3	' '	'X'	REJECT
qemu_calc	773	8	62	measured pcr=12 #3	's'	't'	REJECT
qemu_calc	774	8	63	measured pcr=12 #3	'h'	'i'	REJECT
qemu_calc	775	8	64	measured pcr=12 #3	'a'	'b'	REJECT
qemu_calc	776	8	65	measured pcr=12 #3	'2'	'3'	REJECT
qemu_calc	777	8	66	measured pcr=12 #3	'5'	'6'	REJECT
qemu_calc	778	8	67	measured pcr=12 #3	'6'	'7'	REJECT
qemu_calc	779	8	68	measured pcr=12 #3	'='	'X'	REJECT
qemu_calc	780	8	69	measured pcr=12 #3	'6'	'7'	REJECT
qemu_calc	781	8	70	measured pcr=12 #3	'b'	'c'	REJECT
qemu_calc	782	8	71	measured pcr=12 #3	'2'	'3'	REJECT
qemu_calc	783	8	72	measured pcr=12 #3	'f'	'0'	REJECT
qemu_calc	784	8	73	measured pcr=12 #3	'7'	'8'	REJECT
qemu_calc	785	8	74	measured pcr=12 #3	'3'	'4'	REJECT
qemu_calc	786	8	75	measured pcr=12 #3	'8'	'9'	REJECT
qemu_calc	787	8	76	measured pcr=12 #3	'4'	'5'	REJECT
qemu_calc	788	8	77	measured pcr=12 #3	'9'	'a'	REJECT
qemu_calc	789	8	78	measured pcr=12 #3	'1'	'2'	REJECT
qemu_calc	790	8	79	measured pcr=12 #3	'3'	'4'	REJECT
qemu_calc	791	8	80	measured pcr=12 #3	'0'	'1'	REJECT
qemu_calc	792	8	81	measured pcr=12 #3	'6'	'7'	REJECT
qemu_calc	793	8	82	measured pcr=12 #3	'1'	'2'	REJECT
qemu_calc	794	8	83	measured pcr=12 #3	'4'	'5'	REJECT
qemu_calc	795	8	84	measured pcr=12 #3	'5'	'6'	REJECT
qemu_calc	796	8	85	measured pcr=12 #3	'a'	'b'	REJECT
qemu_calc	797	8	86	measured pcr=12 #3	'd'	'e'	REJECT
qemu_calc	798	8	87	measured pcr=12 #3	'4'	'5'	REJECT
qemu_calc	799	8	88	measured pcr=12 #3	'7'	'8'	REJECT
qemu_calc	800	8	89	measured pcr=12 #3	'a'	'b'	REJECT
qemu_calc	801	8	90	measured pcr=12 #3	'd'	'e'	REJECT
qemu_calc	802	8	91	measured pcr=12 #3	'5'	'6'	REJECT
qemu_calc	803	8	92	measured pcr=12 #3	'0'	'1'	REJECT
qemu_calc	804	8	93	measured pcr=12 #3	'c'	'd'	REJECT
qemu_calc	805	8	94	measured pcr=12 #3	'9'	'a'	REJECT
qemu_calc	806	8	95	measured pcr=12 #3	'e'	'f'	REJECT
qemu_calc	807	8	96	measured pcr=12 #3	'0'	'1'	REJECT
qemu_calc	808	8	97	measured pcr=12 #3	'2'	'3'	REJECT
qemu_calc	809	8	98	measured pcr=12 #3	'd'	'e'	REJECT
qemu_calc	810	8	99	measured pcr=12 #3	'9'	'a'	REJECT
qemu_calc	811	8	100	measured pcr=12 #3	'2'	'3'	REJECT
qemu_calc	812	8	101	measured pcr=12 #3	'2'	'3'	REJECT
qemu_calc	813	8	102	measured pcr=12 #3	'd'	'e'	REJECT
qemu_calc	814	8	103	measured pcr=12 #3	'a'	'b'	REJECT
qemu_calc	815	8	104	measured pcr=12 #3	'a'	'b'	REJECT
qemu_calc	816	8	105	measured pcr=12 #3	'a'	'b'	REJECT
qemu_calc	817	8	106	measured pcr=12 #3	'e'	'f'	REJECT
qemu_calc	818	8	107	measured pcr=12 #3	'9'	'a'	REJECT
qemu_calc	819	8	108	measured pcr=12 #3	'6'	'7'	REJECT
qemu_calc	820	8	109	measured pcr=12 #3	'd'	'e'	REJECT
qemu_calc	821	8	110	measured pcr=12 #3	'1'	'2'	REJECT
qemu_calc	822	8	111	measured pcr=12 #3	'8'	'9'	REJECT
qemu_calc	823	8	112	measured pcr=12 #3	'6'	'7'	REJECT
qemu_calc	824	8	113	measured pcr=12 #3	'6'	'7'	REJECT
qemu_calc	825	8	114	measured pcr=12 #3	'2'	'3'	REJECT
qemu_calc	826	8	115	measured pcr=12 #3	'8'	'9'	REJECT
qemu_calc	827	8	116	measured pcr=12 #3	'8'	'9'	REJECT
qemu_calc	828	8	117	measured pcr=12 #3	'a'	'b'	REJECT
qemu_calc	829	8	118	measured pcr=12 #3	'3'	'4'	REJECT
qemu_calc	830	8	119	measured pcr=12 #3	'2'	'3'	REJECT
qemu_calc	831	8	120	measured pcr=12 #3	'a'	'b'	REJECT
qemu_calc	832	8	121	measured pcr=12 #3	'e'	'f'	REJECT
qemu_calc	833	8	122	measured pcr=12 #3	'2'	'3'	REJECT
qemu_calc	834	8	123	measured pcr=12 #3	'f'	'0'	REJECT
qemu_calc	835	8	124	measured pcr=12 #3	'8'	'9'	REJECT
qemu_calc	836	8	125	measured pcr=12 #3	'0'	'1'	REJECT
qemu_calc	837	8	126	measured pcr=12 #3	'4'	'5'	REJECT
qemu_calc	838	8	127	measured pcr=12 #3	'7'	'8'	REJECT
qemu_calc	839	8	128	measured pcr=12 #3	'1'	'2'	REJECT
qemu_calc	840	8	129	measured pcr=12 #3	'5'	'6'	REJECT
qemu_calc	841	8	130	measured pcr=12 #3	'1'	'2'	REJECT
qemu_calc	842	8	131	measured pcr=12 #3	'd'	'e'	REJECT
qemu_calc	843	8	132	measured pcr=12 #3	'd'	'e'	REJECT
qemu_calc	844	8	133	measured pcr=12 #3	'\n'	' '	REJECT
qemu_calc	845	9	0	measured pcr=13 #1	'm'	'n'	REJECT
qemu_calc	846	9	1	measured pcr=13 #1	'e'	'f'	REJECT
qemu_calc	847	9	2	measured pcr=13 #1	'a'	'b'	REJECT
qemu_calc	848	9	3	measured pcr=13 #1	's'	't'	REJECT
qemu_calc	849	9	4	measured pcr=13 #1	'u'	'v'	REJECT
qemu_calc	850	9	5	measured pcr=13 #1	'r'	's'	REJECT
qemu_calc	851	9	6	measured pcr=13 #1	'e'	'f'	REJECT
qemu_calc	852	9	7	measured pcr=13 #1	'd'	'e'	REJECT
qemu_calc	853	9	8	measured pcr=13 #1	' '	'X'	REJECT
qemu_calc	854	9	9	measured pcr=13 #1	'p'	'q'	REJECT
qemu_calc	855	9	10	measured pcr=13 #1	'c'	'd'	REJECT
qemu_calc	856	9	11	measured pcr=13 #1	'r'	's'	REJECT
qemu_calc	857	9	12	measured pcr=13 #1	'='	'X'	REJECT
qemu_calc	858	9	13	measured pcr=13 #1	'1'	'2'	REJECT
qemu_calc	859	9	14	measured pcr=13 #1	'3'	'4'	REJECT
qemu_calc	860	9	15	measured pcr=13 #1	' '	'X'	REJECT
qemu_calc	861	9	16	measured pcr=13 #1	'A'	'B'	REJECT
qemu_calc	862	9	17	measured pcr=13 #1	'E'	'F'	REJECT
qemu_calc	863	9	18	measured pcr=13 #1	'G'	'H'	REJECT
qemu_calc	864	9	19	measured pcr=13 #1	'I'	'J'	REJECT
qemu_calc	865	9	20	measured pcr=13 #1	'S'	'T'	REJECT
qemu_calc	866	9	21	measured pcr=13 #1	'-'	'X'	REJECT
qemu_calc	867	9	22	measured pcr=13 #1	'R'	'S'	REJECT
qemu_calc	868	9	23	measured pcr=13 #1	'E'	'F'	REJECT
qemu_calc	869	9	24	measured pcr=13 #1	'C'	'D'	REJECT
qemu_calc	870	9	25	measured pcr=13 #1	'E'	'F'	REJECT
qemu_calc	871	9	26	measured pcr=13 #1	'I'	'J'	REJECT
qemu_calc	872	9	27	measured pcr=13 #1	'P'	'Q'	REJECT
qemu_calc	873	9	28	measured pcr=13 #1	'T'	'U'	REJECT
qemu_calc	874	9	29	measured pcr=13 #1	' '	'X'	REJECT
qemu_calc	875	9	30	measured pcr=13 #1	'v'	'w'	REJECT
qemu_calc	876	9	31	measured pcr=13 #1	'0'	'1'	REJECT
qemu_calc	877	9	32	measured pcr=13 #1	' '	'X'	REJECT
qemu_calc	878	9	33	measured pcr=13 #1	'm'	'n'	REJECT
qemu_calc	879	9	34	measured pcr=13 #1	'o'	'p'	REJECT
qemu_calc	880	9	35	measured pcr=13 #1	'd'	'e'	REJECT
qemu_calc	881	9	36	measured pcr=13 #1	'e'	'f'	REJECT
qemu_calc	882	9	37	measured pcr=13 #1	'='	'X'	REJECT
qemu_calc	883	9	38	measured pcr=13 #1	'm'	'n'	REJECT
qemu_calc	884	9	39	measured pcr=13 #1	'i'	'j'	REJECT
qemu_calc	885	9	40	measured pcr=13 #1	'n'	'o'	REJECT
qemu_calc	886	9	41	measured pcr=13 #1	't'	'u'	REJECT
qemu_calc	887	9	42	measured pcr=13 #1	'-'	'X'	REJECT
qemu_calc	888	9	43	measured pcr=13 #1	't'	'u'	REJECT
qemu_calc	889	9	44	measured pcr=13 #1	'o'	'p'	REJECT
qemu_calc	890	9	45	measured pcr=13 #1	'o'	'p'	REJECT
qemu_calc	891	9	46	measured pcr=13 #1	'l'	'm'	REJECT
qemu_calc	892	9	47	measured pcr=13 #1	' '	'X'	REJECT
qemu_calc	893	9	48	measured pcr=13 #1	's'	't'	REJECT
qemu_calc	894	9	49	measured pcr=13 #1	't'	'u'	REJECT
qemu_calc	895	9	50	measured pcr=13 #1	'e'	'f'	REJECT
qemu_calc	896	9	51	measured pcr=13 #1	'p'	'q'	REJECT
qemu_calc	897	9	52	measured pcr=13 #1	's'	't'	REJECT
qemu_calc	898	9	53	measured pcr=13 #1	'='	'X'	REJECT
qemu_calc	899	9	54	measured pcr=13 #1	'9'	'a'	REJECT
qemu_calc	900	9	55	measured pcr=13 #1	' '	'X'	REJECT
qemu_calc	901	9	56	measured pcr=13 #1	'c'	'd'	REJECT
qemu_calc	902	9	57	measured pcr=13 #1	'i'	'j'	REJECT
qemu_calc	903	9	58	measured pcr=13 #1	's'	't'	REJECT
qemu_calc	904	9	59	measured pcr=13 #1	'-'	'X'	REJECT
qemu_calc	905	9	60	measured pcr=13 #1	'd'	'e'	REJECT
qemu_calc	906	9	61	measured pcr=13 #1	'i'	'j'	REJECT
qemu_calc	907	9	62	measured pcr=13 #1	'g'	'h'	REJECT
qemu_calc	908	9	63	measured pcr=13 #1	'e'	'f'	REJECT
qemu_calc	909	9	64	measured pcr=13 #1	's'	't'	REJECT
qemu_calc	910	9	65	measured pcr=13 #1	't'	'u'	REJECT
qemu_calc	911	9	66	measured pcr=13 #1	'='	'X'	REJECT
qemu_calc	912	9	67	measured pcr=13 #1	'5'	'6'	REJECT
qemu_calc	913	9	68	measured pcr=13 #1	'9'	'a'	REJECT
qemu_calc	914	9	69	measured pcr=13 #1	'4'	'5'	REJECT
qemu_calc	915	9	70	measured pcr=13 #1	'd'	'e'	REJECT
qemu_calc	916	9	71	measured pcr=13 #1	'2'	'3'	REJECT
qemu_calc	917	9	72	measured pcr=13 #1	'c'	'd'	REJECT
qemu_calc	918	9	73	measured pcr=13 #1	'c'	'd'	REJECT
qemu_calc	919	9	74	measured pcr=13 #1	'5'	'6'	REJECT
qemu_calc	920	9	75	measured pcr=13 #1	'f'	'0'	REJECT
qemu_calc	921	9	76	measured pcr=13 #1	'7'	'8'	REJECT
qemu_calc	922	9	77	measured pcr=13 #1	'7'	'8'	REJECT
qemu_calc	923	9	78	measured pcr=13 #1	'e'	'f'	REJECT
qemu_calc	924	9	79	measured pcr=13 #1	'0'	'1'	REJECT
qemu_calc	925	9	80	measured pcr=13 #1	'0'	'1'	REJECT
qemu_calc	926	9	81	measured pcr=13 #1	'0'	'1'	REJECT
qemu_calc	927	9	82	measured pcr=13 #1	'6'	'7'	REJECT
qemu_calc	928	9	83	measured pcr=13 #1	' '	'X'	REJECT
qemu_calc	929	9	84	measured pcr=13 #1	'c'	'd'	REJECT
qemu_calc	930	9	85	measured pcr=13 #1	'h'	'i'	REJECT
qemu_calc	931	9	86	measured pcr=13 #1	'a'	'b'	REJECT
qemu_calc	932	9	87	measured pcr=13 #1	'i'	'j'	REJECT
qemu_calc	933	9	88	measured pcr=13 #1	'n'	'o'	REJECT
qemu_calc	934	9	89	measured pcr=13 #1	'='	'X'	REJECT
qemu_calc	935	9	90	measured pcr=13 #1	'8'	'9'	REJECT
qemu_calc	936	9	91	measured pcr=13 #1	'8'	'9'	REJECT
qemu_calc	937	9	92	measured pcr=13 #1	'4'	'5'	REJECT
qemu_calc	938	9	93	measured pcr=13 #1	'6'	'7'	REJECT
qemu_calc	939	9	94	measured pcr=13 #1	'7'	'8'	REJECT
qemu_calc	940	9	95	measured pcr=13 #1	'f'	'0'	REJECT
qemu_calc	941	9	96	measured pcr=13 #1	'1'	'2'	REJECT
qemu_calc	942	9	97	measured pcr=13 #1	'd'	'e'	REJECT
qemu_calc	943	9	98	measured pcr=13 #1	'4'	'5'	REJECT
qemu_calc	944	9	99	measured pcr=13 #1	'5'	'6'	REJECT
qemu_calc	945	9	100	measured pcr=13 #1	'b'	'c'	REJECT
qemu_calc	946	9	101	measured pcr=13 #1	'4'	'5'	REJECT
qemu_calc	947	9	102	measured pcr=13 #1	'1'	'2'	REJECT
qemu_calc	948	9	103	measured pcr=13 #1	'1'	'2'	REJECT
qemu_calc	949	9	104	measured pcr=13 #1	'9'	'a'	REJECT
qemu_calc	950	9	105	measured pcr=13 #1	'b'	'c'	REJECT
qemu_calc	951	9	106	measured pcr=13 #1	'5'	'6'	REJECT
qemu_calc	952	9	107	measured pcr=13 #1	'8'	'9'	REJECT
qemu_calc	953	9	108	measured pcr=13 #1	'e'	'f'	REJECT
qemu_calc	954	9	109	measured pcr=13 #1	'3'	'4'	REJECT
qemu_calc	955	9	110	measured pcr=13 #1	'2'	'3'	REJECT
qemu_calc	956	9	111	measured pcr=13 #1	'e'	'f'	REJECT
qemu_calc	957	9	112	measured pcr=13 #1	'1'	'2'	REJECT
qemu_calc	958	9	113	measured pcr=13 #1	'6'	'7'	REJECT
qemu_calc	959	9	114	measured pcr=13 #1	'0'	'1'	REJECT
qemu_calc	960	9	115	measured pcr=13 #1	'c'	'd'	REJECT
qemu_calc	961	9	116	measured pcr=13 #1	'8'	'9'	REJECT
qemu_calc	962	9	117	measured pcr=13 #1	'f'	'0'	REJECT
qemu_calc	963	9	118	measured pcr=13 #1	'b'	'c'	REJECT
qemu_calc	964	9	119	measured pcr=13 #1	'e'	'f'	REJECT
qemu_calc	965	9	120	measured pcr=13 #1	'6'	'7'	REJECT
qemu_calc	966	9	121	measured pcr=13 #1	'e'	'f'	REJECT
qemu_calc	967	9	122	measured pcr=13 #1	'2'	'3'	REJECT
qemu_calc	968	9	123	measured pcr=13 #1	'f'	'0'	REJECT
qemu_calc	969	9	124	measured pcr=13 #1	'd'	'e'	REJECT
qemu_calc	970	9	125	measured pcr=13 #1	'a'	'b'	REJECT
qemu_calc	971	9	126	measured pcr=13 #1	'9'	'a'	REJECT
qemu_calc	972	9	127	measured pcr=13 #1	'2'	'3'	REJECT
qemu_calc	973	9	128	measured pcr=13 #1	'5'	'6'	REJECT
qemu_calc	974	9	129	measured pcr=13 #1	'0'	'1'	REJECT
qemu_calc	975	9	130	measured pcr=13 #1	'd'	'e'	REJECT
qemu_calc	976	9	131	measured pcr=13 #1	'a'	'b'	REJECT
qemu_calc	977	9	132	measured pcr=13 #1	'b'	'c'	REJECT
qemu_calc	978	9	133	measured pcr=13 #1	'5'	'6'	REJECT
qemu_calc	979	9	134	measured pcr=13 #1	'3'	'4'	REJECT
qemu_calc	980	9	135	measured pcr=13 #1	'b'	'c'	REJECT
qemu_calc	981	9	136	measured pcr=13 #1	'0'	'1'	REJECT
qemu_calc	982	9	137	measured pcr=13 #1	'2'	'3'	REJECT
qemu_calc	983	9	138	measured pcr=13 #1	'7'	'8'	REJECT
qemu_calc	984	9	139	measured pcr=13 #1	'4'	'5'	REJECT
qemu_calc	985	9	140	measured pcr=13 #1	'3'	'4'	REJECT
qemu_calc	986	9	141	measured pcr=13 #1	'f'	'0'	REJECT
qemu_calc	987	9	142	measured pcr=13 #1	'5'	'6'	REJECT
qemu_calc	988	9	143	measured pcr=13 #1	'c'	'd'	REJECT
qemu_calc	989	9	144	measured pcr=13 #1	'8'	'9'	REJECT
qemu_calc	990	9	145	measured pcr=13 #1	'2'	'3'	REJECT
qemu_calc	991	9	146	measured pcr=13 #1	'e'	'f'	REJECT
qemu_calc	992	9	147	measured pcr=13 #1	'd'	'e'	REJECT
qemu_calc	993	9	148	measured pcr=13 #1	'd'	'e'	REJECT
qemu_calc	994	9	149	measured pcr=13 #1	'b'	'c'	REJECT
qemu_calc	995	9	150	measured pcr=13 #1	'3'	'4'	REJECT
qemu_calc	996	9	151	measured pcr=13 #1	'9'	'a'	REJECT
qemu_calc	997	9	152	measured pcr=13 #1	'f'	'0'	REJECT
qemu_calc	998	9	153	measured pcr=13 #1	'a'	'b'	REJECT
qemu_calc	999	9	154	measured pcr=13 #1	' '	'X'	REJECT
qemu_calc	1000	9	155	measured pcr=13 #1	'v'	'w'	REJECT
qemu_calc	1001	9	156	measured pcr=13 #1	'e'	'f'	REJECT
qemu_calc	1002	9	157	measured pcr=13 #1	'r'	's'	REJECT
qemu_calc	1003	9	158	measured pcr=13 #1	'd'	'e'	REJECT
qemu_calc	1004	9	159	measured pcr=13 #1	'i'	'j'	REJECT
qemu_calc	1005	9	160	measured pcr=13 #1	'c'	'd'	REJECT
qemu_calc	1006	9	161	measured pcr=13 #1	't'	'u'	REJECT
qemu_calc	1007	9	162	measured pcr=13 #1	'='	'X'	REJECT
qemu_calc	1008	9	163	measured pcr=13 #1	'M'	'N'	REJECT
qemu_calc	1009	9	164	measured pcr=13 #1	'I'	'J'	REJECT
qemu_calc	1010	9	165	measured pcr=13 #1	'N'	'O'	REJECT
qemu_calc	1011	9	166	measured pcr=13 #1	'T'	'U'	REJECT
qemu_calc	1012	9	167	measured pcr=13 #1	'E'	'F'	REJECT
qemu_calc	1013	9	168	measured pcr=13 #1	'D'	'E'	REJECT
qemu_calc	1014	9	169	measured pcr=13 #1	'\n'	' '	REJECT
qemu_calc	1015	10	0	event pcr=4 #0	'e'	'f'	REJECT
qemu_calc	1016	10	1	event pcr=4 #0	'v'	'w'	REJECT
qemu_calc	1017	10	2	event pcr=4 #0	'e'	'f'	REJECT
qemu_calc	1018	10	3	event pcr=4 #0	'n'	'o'	REJECT
qemu_calc	1019	10	4	event pcr=4 #0	't'	'u'	REJECT
qemu_calc	1020	10	5	event pcr=4 #0	' '	'X'	REJECT
qemu_calc	1021	10	6	event pcr=4 #0	'p'	'q'	REJECT
qemu_calc	1022	10	7	event pcr=4 #0	'c'	'd'	REJECT
qemu_calc	1023	10	8	event pcr=4 #0	'r'	's'	REJECT
qemu_calc	1024	10	9	event pcr=4 #0	'='	'X'	REJECT
qemu_calc	1025	10	10	event pcr=4 #0	'4'	'5'	REJECT
qemu_calc	1026	10	11	event pcr=4 #0	' '	'X'	REJECT
qemu_calc	1027	10	12	event pcr=4 #0	't'	'u'	REJECT
qemu_calc	1028	10	13	event pcr=4 #0	'y'	'z'	REJECT
qemu_calc	1029	10	14	event pcr=4 #0	'p'	'q'	REJECT
qemu_calc	1030	10	15	event pcr=4 #0	'e'	'f'	REJECT
qemu_calc	1031	10	16	event pcr=4 #0	'='	'X'	REJECT
qemu_calc	1032	10	17	event pcr=4 #0	'0'	'1'	REJECT
qemu_calc	1033	10	18	event pcr=4 #0	'x'	'y'	REJECT
qemu_calc	1034	10	19	event pcr=4 #0	'8'	'9'	REJECT
qemu_calc	1035	10	20	event pcr=4 #0	'0'	'1'	REJECT
qemu_calc	1036	10	21	event pcr=4 #0	'0'	'1'	REJECT
qemu_calc	1037	10	22	event pcr=4 #0	'0'	'1'	REJECT
qemu_calc	1038	10	23	event pcr=4 #0	'0'	'1'	REJECT
qemu_calc	1039	10	24	event pcr=4 #0	'0'	'1'	REJECT
qemu_calc	1040	10	25	event pcr=4 #0	'0'	'1'	REJECT
qemu_calc	1041	10	26	event pcr=4 #0	'7'	'8'	REJECT
qemu_calc	1042	10	27	event pcr=4 #0	' '	'X'	REJECT
qemu_calc	1043	10	28	event pcr=4 #0	's'	't'	REJECT
qemu_calc	1044	10	29	event pcr=4 #0	'h'	'i'	REJECT
qemu_calc	1045	10	30	event pcr=4 #0	'a'	'b'	REJECT
qemu_calc	1046	10	31	event pcr=4 #0	'2'	'3'	REJECT
qemu_calc	1047	10	32	event pcr=4 #0	'5'	'6'	REJECT
qemu_calc	1048	10	33	event pcr=4 #0	'6'	'7'	REJECT
qemu_calc	1049	10	34	event pcr=4 #0	'='	'X'	REJECT
qemu_calc	1050	10	35	event pcr=4 #0	'3'	'4'	REJECT
qemu_calc	1051	10	36	event pcr=4 #0	'd'	'e'	REJECT
qemu_calc	1052	10	37	event pcr=4 #0	'6'	'7'	REJECT
qemu_calc	1053	10	38	event pcr=4 #0	'7'	'8'	REJECT
qemu_calc	1054	10	39	event pcr=4 #0	'7'	'8'	REJECT
qemu_calc	1055	10	40	event pcr=4 #0	'2'	'3'	REJECT
qemu_calc	1056	10	41	event pcr=4 #0	'b'	'c'	REJECT
qemu_calc	1057	10	42	event pcr=4 #0	'4'	'5'	REJECT
qemu_calc	1058	10	43	event pcr=4 #0	'f'	'0'	REJECT
qemu_calc	1059	10	44	event pcr=4 #0	'8'	'9'	REJECT
qemu_calc	1060	10	45	event pcr=4 #0	'4'	'5'	REJECT
qemu_calc	1061	10	46	event pcr=4 #0	'e'	'f'	REJECT
qemu_calc	1062	10	47	event pcr=4 #0	'd'	'e'	REJECT
qemu_calc	1063	10	48	event pcr=4 #0	'4'	'5'	REJECT
qemu_calc	1064	10	49	event pcr=4 #0	'7'	'8'	REJECT
qemu_calc	1065	10	50	event pcr=4 #0	'5'	'6'	REJECT
qemu_calc	1066	10	51	event pcr=4 #0	'9'	'a'	REJECT
qemu_calc	1067	10	52	event pcr=4 #0	'5'	'6'	REJECT
qemu_calc	1068	10	53	event pcr=4 #0	'd'	'e'	REJECT
qemu_calc	1069	10	54	event pcr=4 #0	'7'	'8'	REJECT
qemu_calc	1070	10	55	event pcr=4 #0	'2'	'3'	REJECT
qemu_calc	1071	10	56	event pcr=4 #0	'a'	'b'	REJECT
qemu_calc	1072	10	57	event pcr=4 #0	'2'	'3'	REJECT
qemu_calc	1073	10	58	event pcr=4 #0	'c'	'd'	REJECT
qemu_calc	1074	10	59	event pcr=4 #0	'4'	'5'	REJECT
qemu_calc	1075	10	60	event pcr=4 #0	'c'	'd'	REJECT
qemu_calc	1076	10	61	event pcr=4 #0	'5'	'6'	REJECT
qemu_calc	1077	10	62	event pcr=4 #0	'f'	'0'	REJECT
qemu_calc	1078	10	63	event pcr=4 #0	'f'	'0'	REJECT
qemu_calc	1079	10	64	event pcr=4 #0	'd'	'e'	REJECT
qemu_calc	1080	10	65	event pcr=4 #0	'1'	'2'	REJECT
qemu_calc	1081	10	66	event pcr=4 #0	'5'	'6'	REJECT
qemu_calc	1082	10	67	event pcr=4 #0	'f'	'0'	REJECT
qemu_calc	1083	10	68	event pcr=4 #0	'5'	'6'	REJECT
qemu_calc	1084	10	69	event pcr=4 #0	'b'	'c'	REJECT
qemu_calc	1085	10	70	event pcr=4 #0	'b'	'c'	REJECT
qemu_calc	1086	10	71	event pcr=4 #0	'7'	'8'	REJECT
qemu_calc	1087	10	72	event pcr=4 #0	'2'	'3'	REJECT
qemu_calc	1088	10	73	event pcr=4 #0	'c'	'd'	REJECT
qemu_calc	1089	10	74	event pcr=4 #0	'7'	'8'	REJECT
qemu_calc	1090	10	75	event pcr=4 #0	'5'	'6'	REJECT
qemu_calc	1091	10	76	event pcr=4 #0	'0'	'1'	REJECT
qemu_calc	1092	10	77	event pcr=4 #0	'7'	'8'	REJECT
qemu_calc	1093	10	78	event pcr=4 #0	'f'	'0'	REJECT
qemu_calc	1094	10	79	event pcr=4 #0	'e'	'f'	REJECT
qemu_calc	1095	10	80	event pcr=4 #0	'2'	'3'	REJECT
qemu_calc	1096	10	81	event pcr=4 #0	'6'	'7'	REJECT
qemu_calc	1097	10	82	event pcr=4 #0	'f'	'0'	REJECT
qemu_calc	1098	10	83	event pcr=4 #0	'2'	'3'	REJECT
qemu_calc	1099	10	84	event pcr=4 #0	'a'	'b'	REJECT
qemu_calc	1100	10	85	event pcr=4 #0	'a'	'b'	REJECT
qemu_calc	1101	10	86	event pcr=4 #0	'e'	'f'	REJECT
qemu_calc	1102	10	87	event pcr=4 #0	'e'	'f'	REJECT
qemu_calc	1103	10	88	event pcr=4 #0	'2'	'3'	REJECT
qemu_calc	1104	10	89	event pcr=4 #0	'c'	'd'	REJECT
qemu_calc	1105	10	90	event pcr=4 #0	'6'	'7'	REJECT
qemu_calc	1106	10	91	event pcr=4 #0	'9'	'a'	REJECT
qemu_calc	1107	10	92	event pcr=4 #0	'd'	'e'	REJECT
qemu_calc	1108	10	93	event pcr=4 #0	'5'	'6'	REJECT
qemu_calc	1109	10	94	event pcr=4 #0	'6'	'7'	REJECT
qemu_calc	1110	10	95	event pcr=4 #0	'3'	'4'	REJECT
qemu_calc	1111	10	96	event pcr=4 #0	'3'	'4'	REJECT
qemu_calc	1112	10	97	event pcr=4 #0	'b'	'c'	REJECT
qemu_calc	1113	10	98	event pcr=4 #0	'a'	'b'	REJECT
qemu_calc	1114	10	99	event pcr=4 #0	' '	'X'	REJECT
qemu_calc	1115	10	100	event pcr=4 #0	'd'	'e'	REJECT
qemu_calc	1116	10	101	event pcr=4 #0	'a'	'b'	REJECT
qemu_calc	1117	10	102	event pcr=4 #0	't'	'u'	REJECT
qemu_calc	1118	10	103	event pcr=4 #0	'a'	'b'	REJECT
qemu_calc	1119	10	104	event pcr=4 #0	'='	'X'	REJECT
qemu_calc	1120	10	105	event pcr=4 #0	'C'	'D'	REJECT
qemu_calc	1121	10	106	event pcr=4 #0	'a'	'b'	REJECT
qemu_calc	1122	10	107	event pcr=4 #0	'l'	'm'	REJECT
qemu_calc	1123	10	108	event pcr=4 #0	'l'	'm'	REJECT
qemu_calc	1124	10	109	event pcr=4 #0	'i'	'j'	REJECT
qemu_calc	1125	10	110	event pcr=4 #0	'n'	'o'	REJECT
qemu_calc	1126	10	111	event pcr=4 #0	'g'	'h'	REJECT
qemu_calc	1127	10	112	event pcr=4 #0	' '	'X'	REJECT
qemu_calc	1128	10	113	event pcr=4 #0	'E'	'F'	REJECT
qemu_calc	1129	10	114	event pcr=4 #0	'F'	'G'	REJECT
qemu_calc	1130	10	115	event pcr=4 #0	'I'	'J'	REJECT
qemu_calc	1131	10	116	event pcr=4 #0	' '	'X'	REJECT
qemu_calc	1132	10	117	event pcr=4 #0	'A'	'B'	REJECT
qemu_calc	1133	10	118	event pcr=4 #0	'p'	'q'	REJECT
qemu_calc	1134	10	119	event pcr=4 #0	'p'	'q'	REJECT
qemu_calc	1135	10	120	event pcr=4 #0	'l'	'm'	REJECT
qemu_calc	1136	10	121	event pcr=4 #0	'i'	'j'	REJECT
qemu_calc	1137	10	122	event pcr=4 #0	'c'	'd'	REJECT
qemu_calc	1138	10	123	event pcr=4 #0	'a'	'b'	REJECT
qemu_calc	1139	10	124	event pcr=4 #0	't'	'u'	REJECT
qemu_calc	1140	10	125	event pcr=4 #0	'i'	'j'	REJECT
qemu_calc	1141	10	126	event pcr=4 #0	'o'	'p'	REJECT
qemu_calc	1142	10	127	event pcr=4 #0	'n'	'o'	REJECT
qemu_calc	1143	10	128	event pcr=4 #0	' '	'X'	REJECT
qemu_calc	1144	10	129	event pcr=4 #0	'f'	'0'	REJECT
qemu_calc	1145	10	130	event pcr=4 #0	'r'	's'	REJECT
qemu_calc	1146	10	131	event pcr=4 #0	'o'	'p'	REJECT
qemu_calc	1147	10	132	event pcr=4 #0	'm'	'n'	REJECT
qemu_calc	1148	10	133	event pcr=4 #0	' '	'X'	REJECT
qemu_calc	1149	10	134	event pcr=4 #0	'B'	'C'	REJECT
qemu_calc	1150	10	135	event pcr=4 #0	'o'	'p'	REJECT
qemu_calc	1151	10	136	event pcr=4 #0	'o'	'p'	REJECT
qemu_calc	1152	10	137	event pcr=4 #0	't'	'u'	REJECT
qemu_calc	1153	10	138	event pcr=4 #0	' '	'X'	REJECT
qemu_calc	1154	10	139	event pcr=4 #0	'O'	'P'	REJECT
qemu_calc	1155	10	140	event pcr=4 #0	'p'	'q'	REJECT
qemu_calc	1156	10	141	event pcr=4 #0	't'	'u'	REJECT
qemu_calc	1157	10	142	event pcr=4 #0	'i'	'j'	REJECT
qemu_calc	1158	10	143	event pcr=4 #0	'o'	'p'	REJECT
qemu_calc	1159	10	144	event pcr=4 #0	'n'	'o'	REJECT
qemu_calc	1160	10	145	event pcr=4 #0	'\n'	' '	REJECT
qemu_calc	1161	11	0	event pcr=4 #1	'e'	'f'	REJECT
qemu_calc	1162	11	1	event pcr=4 #1	'v'	'w'	REJECT
qemu_calc	1163	11	2	event pcr=4 #1	'e'	'f'	REJECT
qemu_calc	1164	11	3	event pcr=4 #1	'n'	'o'	REJECT
qemu_calc	1165	11	4	event pcr=4 #1	't'	'u'	REJECT
qemu_calc	1166	11	5	event pcr=4 #1	' '	'X'	REJECT
qemu_calc	1167	11	6	event pcr=4 #1	'p'	'q'	REJECT
qemu_calc	1168	11	7	event pcr=4 #1	'c'	'd'	REJECT
qemu_calc	1169	11	8	event pcr=4 #1	'r'	's'	REJECT
qemu_calc	1170	11	9	event pcr=4 #1	'='	'X'	REJECT
qemu_calc	1171	11	10	event pcr=4 #1	'4'	'5'	REJECT
qemu_calc	1172	11	11	event pcr=4 #1	' '	'X'	REJECT
qemu_calc	1173	11	12	event pcr=4 #1	't'	'u'	REJECT
qemu_calc	1174	11	13	event pcr=4 #1	'y'	'z'	REJECT
qemu_calc	1175	11	14	event pcr=4 #1	'p'	'q'	REJECT
qemu_calc	1176	11	15	event pcr=4 #1	'e'	'f'	REJECT
qemu_calc	1177	11	16	event pcr=4 #1	'='	'X'	REJECT
qemu_calc	1178	11	17	event pcr=4 #1	'0'	'1'	REJECT
qemu_calc	1179	11	18	event pcr=4 #1	'x'	'y'	REJECT
qemu_calc	1180	11	19	event pcr=4 #1	'4'	'5'	REJECT
qemu_calc	1181	11	20	event pcr=4 #1	' '	'X'	REJECT
qemu_calc	1182	11	21	event pcr=4 #1	's'	't'	REJECT
qemu_calc	1183	11	22	event pcr=4 #1	'h'	'i'	REJECT
qemu_calc	1184	11	23	event pcr=4 #1	'a'	'b'	REJECT
qemu_calc	1185	11	24	event pcr=4 #1	'2'	'3'	REJECT
qemu_calc	1186	11	25	event pcr=4 #1	'5'	'6'	REJECT
qemu_calc	1187	11	26	event pcr=4 #1	'6'	'7'	REJECT
qemu_calc	1188	11	27	event pcr=4 #1	'='	'X'	REJECT
qemu_calc	1189	11	28	event pcr=4 #1	'd'	'e'	REJECT
qemu_calc	1190	11	29	event pcr=4 #1	'f'	'0'	REJECT
qemu_calc	1191	11	30	event pcr=4 #1	'3'	'4'	REJECT
qemu_calc	1192	11	31	event pcr=4 #1	'f'	'0'	REJECT
qemu_calc	1193	11	32	event pcr=4 #1	'6'	'7'	REJECT
qemu_calc	1194	11	33	event pcr=4 #1	'1'	'2'	REJECT
qemu_calc	1195	11	34	event pcr=4 #1	'9'	'a'	REJECT
qemu_calc	1196	11	35	event pcr=4 #1	'8'	'9'	REJECT
qemu_calc	1197	11	36	event pcr=4 #1	'0'	'1'	REJECT
qemu_calc	1198	11	37	event pcr=4 #1	'4'	'5'	REJECT
qemu_calc	1199	11	38	event pcr=4 #1	'a'	'b'	REJECT
qemu_calc	1200	11	39	event pcr=4 #1	'9'	'a'	REJECT
qemu_calc	1201	11	40	event pcr=4 #1	'2'	'3'	REJECT
qemu_calc	1202	11	41	event pcr=4 #1	'f'	'0'	REJECT
qemu_calc	1203	11	42	event pcr=4 #1	'd'	'e'	REJECT
qemu_calc	1204	11	43	event pcr=4 #1	'b'	'c'	REJECT
qemu_calc	1205	11	44	event pcr=4 #1	'4'	'5'	REJECT
qemu_calc	1206	11	45	event pcr=4 #1	'0'	'1'	REJECT
qemu_calc	1207	11	46	event pcr=4 #1	'5'	'6'	REJECT
qemu_calc	1208	11	47	event pcr=4 #1	'7'	'8'	REJECT
qemu_calc	1209	11	48	event pcr=4 #1	'1'	'2'	REJECT
qemu_calc	1210	11	49	event pcr=4 #1	'9'	'a'	REJECT
qemu_calc	1211	11	50	event pcr=4 #1	'2'	'3'	REJECT
qemu_calc	1212	11	51	event pcr=4 #1	'd'	'e'	REJECT
qemu_calc	1213	11	52	event pcr=4 #1	'c'	'd'	REJECT
qemu_calc	1214	11	53	event pcr=4 #1	'4'	'5'	REJECT
qemu_calc	1215	11	54	event pcr=4 #1	'3'	'4'	REJECT
qemu_calc	1216	11	55	event pcr=4 #1	'd'	'e'	REJECT
qemu_calc	1217	11	56	event pcr=4 #1	'd'	'e'	REJECT
qemu_calc	1218	11	57	event pcr=4 #1	'7'	'8'	REJECT
qemu_calc	1219	11	58	event pcr=4 #1	'4'	'5'	REJECT
qemu_calc	1220	11	59	event pcr=4 #1	'8'	'9'	REJECT
qemu_calc	1221	11	60	event pcr=4 #1	'e'	'f'	REJECT
qemu_calc	1222	11	61	event pcr=4 #1	'a'	'b'	REJECT
qemu_calc	1223	11	62	event pcr=4 #1	'7'	'8'	REJECT
qemu_calc	1224	11	63	event pcr=4 #1	'7'	'8'	REJECT
qemu_calc	1225	11	64	event pcr=4 #1	'8'	'9'	REJECT
qemu_calc	1226	11	65	event pcr=4 #1	'a'	'b'	REJECT
qemu_calc	1227	11	66	event pcr=4 #1	'd'	'e'	REJECT
qemu_calc	1228	11	67	event pcr=4 #1	'c'	'd'	REJECT
qemu_calc	1229	11	68	event pcr=4 #1	'5'	'6'	REJECT
qemu_calc	1230	11	69	event pcr=4 #1	'2'	'3'	REJECT
qemu_calc	1231	11	70	event pcr=4 #1	'b'	'c'	REJECT
qemu_calc	1232	11	71	event pcr=4 #1	'c'	'd'	REJECT
qemu_calc	1233	11	72	event pcr=4 #1	'4'	'5'	REJECT
qemu_calc	1234	11	73	event pcr=4 #1	'9'	'a'	REJECT
qemu_calc	1235	11	74	event pcr=4 #1	'8'	'9'	REJECT
qemu_calc	1236	11	75	event pcr=4 #1	'c'	'd'	REJECT
qemu_calc	1237	11	76	event pcr=4 #1	'e'	'f'	REJECT
qemu_calc	1238	11	77	event pcr=4 #1	'8'	'9'	REJECT
qemu_calc	1239	11	78	event pcr=4 #1	'0'	'1'	REJECT
qemu_calc	1240	11	79	event pcr=4 #1	'5'	'6'	REJECT
qemu_calc	1241	11	80	event pcr=4 #1	'2'	'3'	REJECT
qemu_calc	1242	11	81	event pcr=4 #1	'4'	'5'	REJECT
qemu_calc	1243	11	82	event pcr=4 #1	'c'	'd'	REJECT
qemu_calc	1244	11	83	event pcr=4 #1	'0'	'1'	REJECT
qemu_calc	1245	11	84	event pcr=4 #1	'1'	'2'	REJECT
qemu_calc	1246	11	85	event pcr=4 #1	'4'	'5'	REJECT
qemu_calc	1247	11	86	event pcr=4 #1	'b'	'c'	REJECT
qemu_calc	1248	11	87	event pcr=4 #1	'8'	'9'	REJECT
qemu_calc	1249	11	88	event pcr=4 #1	'1'	'2'	REJECT
qemu_calc	1250	11	89	event pcr=4 #1	'1'	'2'	REJECT
qemu_calc	1251	11	90	event pcr=4 #1	'1'	'2'	REJECT
qemu_calc	1252	11	91	event pcr=4 #1	'9'	'a'	REJECT
qemu_calc	1253	11	92	event pcr=4 #1	' '	'X'	REJECT
qemu_calc	1254	11	93	event pcr=4 #1	'd'	'e'	REJECT
qemu_calc	1255	11	94	event pcr=4 #1	'a'	'b'	REJECT
qemu_calc	1256	11	95	event pcr=4 #1	't'	'u'	REJECT
qemu_calc	1257	11	96	event pcr=4 #1	'a'	'b'	REJECT
qemu_calc	1258	11	97	event pcr=4 #1	'='	'X'	REJECT
qemu_calc	1259	11	98	event pcr=4 #1	'h'	'i'	REJECT
qemu_calc	1260	11	99	event pcr=4 #1	'e'	'f'	REJECT
qemu_calc	1261	11	100	event pcr=4 #1	'x'	'y'	REJECT
qemu_calc	1262	11	101	event pcr=4 #1	':'	'X'	REJECT
qemu_calc	1263	11	102	event pcr=4 #1	'0'	'1'	REJECT
qemu_calc	1264	11	103	event pcr=4 #1	'0'	'1'	REJECT
qemu_calc	1265	11	104	event pcr=4 #1	'0'	'1'	REJECT
qemu_calc	1266	11	105	event pcr=4 #1	'0'	'1'	REJECT
qemu_calc	1267	11	106	event pcr=4 #1	'0'	'1'	REJECT
qemu_calc	1268	11	107	event pcr=4 #1	'0'	'1'	REJECT
qemu_calc	1269	11	108	event pcr=4 #1	'0'	'1'	REJECT
qemu_calc	1270	11	109	event pcr=4 #1	'0'	'1'	REJECT
qemu_calc	1271	11	110	event pcr=4 #1	'\n'	' '	REJECT
qemu_calc	1272	12	0	event pcr=4 #2	'e'	'f'	REJECT
qemu_calc	1273	12	1	event pcr=4 #2	'v'	'w'	REJECT
qemu_calc	1274	12	2	event pcr=4 #2	'e'	'f'	REJECT
qemu_calc	1275	12	3	event pcr=4 #2	'n'	'o'	REJECT
qemu_calc	1276	12	4	event pcr=4 #2	't'	'u'	REJECT
qemu_calc	1277	12	5	event pcr=4 #2	' '	'X'	REJECT
qemu_calc	1278	12	6	event pcr=4 #2	'p'	'q'	REJECT
qemu_calc	1279	12	7	event pcr=4 #2	'c'	'd'	REJECT
qemu_calc	1280	12	8	event pcr=4 #2	'r'	's'	REJECT
qemu_calc	1281	12	9	event pcr=4 #2	'='	'X'	REJECT
qemu_calc	1282	12	10	event pcr=4 #2	'4'	'5'	REJECT
qemu_calc	1283	12	11	event pcr=4 #2	' '	'X'	REJECT
qemu_calc	1284	12	12	event pcr=4 #2	't'	'u'	REJECT
qemu_calc	1285	12	13	event pcr=4 #2	'y'	'z'	REJECT
qemu_calc	1286	12	14	event pcr=4 #2	'p'	'q'	REJECT
qemu_calc	1287	12	15	event pcr=4 #2	'e'	'f'	REJECT
qemu_calc	1288	12	16	event pcr=4 #2	'='	'X'	REJECT
qemu_calc	1289	12	17	event pcr=4 #2	'0'	'1'	REJECT
qemu_calc	1290	12	18	event pcr=4 #2	'x'	'y'	REJECT
qemu_calc	1291	12	19	event pcr=4 #2	'8'	'9'	REJECT
qemu_calc	1292	12	20	event pcr=4 #2	'0'	'1'	REJECT
qemu_calc	1293	12	21	event pcr=4 #2	'0'	'1'	REJECT
qemu_calc	1294	12	22	event pcr=4 #2	'0'	'1'	REJECT
qemu_calc	1295	12	23	event pcr=4 #2	'0'	'1'	REJECT
qemu_calc	1296	12	24	event pcr=4 #2	'0'	'1'	REJECT
qemu_calc	1297	12	25	event pcr=4 #2	'0'	'1'	REJECT
qemu_calc	1298	12	26	event pcr=4 #2	'3'	'4'	REJECT
qemu_calc	1299	12	27	event pcr=4 #2	' '	'X'	REJECT
qemu_calc	1300	12	28	event pcr=4 #2	's'	't'	REJECT
qemu_calc	1301	12	29	event pcr=4 #2	'h'	'i'	REJECT
qemu_calc	1302	12	30	event pcr=4 #2	'a'	'b'	REJECT
qemu_calc	1303	12	31	event pcr=4 #2	'2'	'3'	REJECT
qemu_calc	1304	12	32	event pcr=4 #2	'5'	'6'	REJECT
qemu_calc	1305	12	33	event pcr=4 #2	'6'	'7'	REJECT
qemu_calc	1306	12	34	event pcr=4 #2	'='	'X'	REJECT
qemu_calc	1307	12	35	event pcr=4 #2	'2'	'3'	REJECT
qemu_calc	1308	12	36	event pcr=4 #2	'd'	'e'	REJECT
qemu_calc	1309	12	37	event pcr=4 #2	'a'	'b'	REJECT
qemu_calc	1310	12	38	event pcr=4 #2	'2'	'3'	REJECT
qemu_calc	1311	12	39	event pcr=4 #2	'a'	'b'	REJECT
qemu_calc	1312	12	40	event pcr=4 #2	'2'	'3'	REJECT
qemu_calc	1313	12	41	event pcr=4 #2	'8'	'9'	REJECT
qemu_calc	1314	12	42	event pcr=4 #2	'1'	'2'	REJECT
qemu_calc	1315	12	43	event pcr=4 #2	'f'	'0'	REJECT
qemu_calc	1316	12	44	event pcr=4 #2	'1'	'2'	REJECT
qemu_calc	1317	12	45	event pcr=4 #2	'e'	'f'	REJECT
qemu_calc	1318	12	46	event pcr=4 #2	'6'	'7'	REJECT
qemu_calc	1319	12	47	event pcr=4 #2	'2'	'3'	REJECT
qemu_calc	1320	12	48	event pcr=4 #2	'b'	'c'	REJECT
qemu_calc	1321	12	49	event pcr=4 #2	'9'	'a'	REJECT
qemu_calc	1322	12	50	event pcr=4 #2	'c'	'd'	REJECT
qemu_calc	1323	12	51	event pcr=4 #2	'9'	'a'	REJECT
qemu_calc	1324	12	52	event pcr=4 #2	'0'	'1'	REJECT
qemu_calc	1325	12	53	event pcr=4 #2	'3'	'4'	REJECT
qemu_calc	1326	12	54	event pcr=4 #2	'f'	'0'	REJECT
qemu_calc	1327	12	55	event pcr=4 #2	'6'	'7'	REJECT
qemu_calc	1328	12	56	event pcr=4 #2	'0'	'1'	REJECT
qemu_calc	1329	12	57	event pcr=4 #2	'7'	'8'	REJECT
qemu_calc	1330	12	58	event pcr=4 #2	'5'	'6'	REJECT
qemu_calc	1331	12	59	event pcr=4 #2	'd'	'e'	REJECT
qemu_calc	1332	12	60	event pcr=4 #2	'4'	'5'	REJECT
qemu_calc	1333	12	61	event pcr=4 #2	'7'	'8'	REJECT
qemu_calc	1334	12	62	event pcr=4 #2	'1'	'2'	REJECT
qemu_calc	1335	12	63	event pcr=4 #2	'1'	'2'	REJECT
qemu_calc	1336	12	64	event pcr=4 #2	'6'	'7'	REJECT
qemu_calc	1337	12	65	event pcr=4 #2	'e'	'f'	REJECT
qemu_calc	1338	12	66	event pcr=4 #2	'1'	'2'	REJECT
qemu_calc	1339	12	67	event pcr=4 #2	'8'	'9'	REJECT
qemu_calc	1340	12	68	event pcr=4 #2	'9'	'a'	REJECT
qemu_calc	1341	12	69	event pcr=4 #2	'e'	'f'	REJECT
qemu_calc	1342	12	70	event pcr=4 #2	'b'	'c'	REJECT
qemu_calc	1343	12	71	event pcr=4 #2	'7'	'8'	REJECT
qemu_calc	1344	12	72	event pcr=4 #2	'd'	'e'	REJECT
qemu_calc	1345	12	73	event pcr=4 #2	'c'	'd'	REJECT
qemu_calc	1346	12	74	event pcr=4 #2	'f'	'0'	REJECT
qemu_calc	1347	12	75	event pcr=4 #2	'6'	'7'	REJECT
qemu_calc	1348	12	76	event pcr=4 #2	'6'	'7'	REJECT
qemu_calc	1349	12	77	event pcr=4 #2	'a'	'b'	REJECT
qemu_calc	1350	12	78	event pcr=4 #2	'2'	'3'	REJECT
qemu_calc	1351	12	79	event pcr=4 #2	'd'	'e'	REJECT
qemu_calc	1352	12	80	event pcr=4 #2	'8'	'9'	REJECT
qemu_calc	1353	12	81	event pcr=4 #2	'9'	'a'	REJECT
qemu_calc	1354	12	82	event pcr=4 #2	'4'	'5'	REJECT
qemu_calc	1355	12	83	event pcr=4 #2	'8'	'9'	REJECT
qemu_calc	1356	12	84	event pcr=4 #2	'3'	'4'	REJECT
qemu_calc	1357	12	85	event pcr=4 #2	'1'	'2'	REJECT
qemu_calc	1358	12	86	event pcr=4 #2	'6'	'7'	REJECT
qemu_calc	1359	12	87	event pcr=4 #2	'5'	'6'	REJECT
qemu_calc	1360	12	88	event pcr=4 #2	'6'	'7'	REJECT
qemu_calc	1361	12	89	event pcr=4 #2	'0'	'1'	REJECT
qemu_calc	1362	12	90	event pcr=4 #2	'a'	'b'	REJECT
qemu_calc	1363	12	91	event pcr=4 #2	'c'	'd'	REJECT
qemu_calc	1364	12	92	event pcr=4 #2	'1'	'2'	REJECT
qemu_calc	1365	12	93	event pcr=4 #2	'c'	'd'	REJECT
qemu_calc	1366	12	94	event pcr=4 #2	'e'	'f'	REJECT
qemu_calc	1367	12	95	event pcr=4 #2	'd'	'e'	REJECT
qemu_calc	1368	12	96	event pcr=4 #2	'0'	'1'	REJECT
qemu_calc	1369	12	97	event pcr=4 #2	'a'	'b'	REJECT
qemu_calc	1370	12	98	event pcr=4 #2	'd'	'e'	REJECT
qemu_calc	1371	12	99	event pcr=4 #2	' '	'X'	REJECT
qemu_calc	1372	12	100	event pcr=4 #2	'd'	'e'	REJECT
qemu_calc	1373	12	101	event pcr=4 #2	'a'	'b'	REJECT
qemu_calc	1374	12	102	event pcr=4 #2	't'	'u'	REJECT
qemu_calc	1375	12	103	event pcr=4 #2	'a'	'b'	REJECT
qemu_calc	1376	12	104	event pcr=4 #2	'='	'X'	REJECT
qemu_calc	1377	12	105	event pcr=4 #2	'h'	'i'	REJECT
qemu_calc	1378	12	106	event pcr=4 #2	'e'	'f'	REJECT
qemu_calc	1379	12	107	event pcr=4 #2	'x'	'y'	REJECT
qemu_calc	1380	12	108	event pcr=4 #2	':'	'X'	REJECT
qemu_calc	1381	12	109	event pcr=4 #2	'1'	'2'	ACCEPT
qemu_calc	1382	12	110	event pcr=4 #2	'8'	'9'	ACCEPT
qemu_calc	1383	12	111	event pcr=4 #2	'2'	'3'	ACCEPT
qemu_calc	1384	12	112	event pcr=4 #2	'0'	'1'	ACCEPT
qemu_calc	1385	12	113	event pcr=4 #2	'0'	'1'	ACCEPT
qemu_calc	1386	12	114	event pcr=4 #2	'e'	'f'	ACCEPT
qemu_calc	1387	12	115	event pcr=4 #2	'7'	'8'	ACCEPT
qemu_calc	1388	12	116	event pcr=4 #2	'e'	'f'	ACCEPT
qemu_calc	1389	12	117	event pcr=4 #2	'0'	'1'	ACCEPT
qemu_calc	1390	12	118	event pcr=4 #2	'0'	'1'	ACCEPT
qemu_calc	1391	12	119	event pcr=4 #2	'0'	'1'	ACCEPT
qemu_calc	1392	12	120	event pcr=4 #2	'0'	'1'	ACCEPT
qemu_calc	1393	12	121	event pcr=4 #2	'0'	'1'	ACCEPT
qemu_calc	1394	12	122	event pcr=4 #2	'0'	'1'	ACCEPT
qemu_calc	1395	12	123	event pcr=4 #2	'0'	'1'	ACCEPT
qemu_calc	1396	12	124	event pcr=4 #2	'0'	'1'	ACCEPT
qemu_calc	1397	12	125	event pcr=4 #2	'0'	'1'	REJECT
qemu_calc	1398	12	126	event pcr=4 #2	'0'	'1'	REJECT
qemu_calc	1399	12	127	event pcr=4 #2	'6'	'7'	REJECT
qemu_calc	1400	12	128	event pcr=4 #2	'6'	'7'	REJECT
qemu_calc	1401	12	129	event pcr=4 #2	'0'	'1'	REJECT
qemu_calc	1402	12	130	event pcr=4 #2	'7'	'8'	REJECT
qemu_calc	1403	12	131	event pcr=4 #2	'0'	'1'	REJECT
qemu_calc	1404	12	132	event pcr=4 #2	'0'	'1'	REJECT
qemu_calc	1405	12	133	event pcr=4 #2	'0'	'1'	REJECT
qemu_calc	1406	12	134	event pcr=4 #2	'0'	'1'	REJECT
qemu_calc	1407	12	135	event pcr=4 #2	'0'	'1'	REJECT
qemu_calc	1408	12	136	event pcr=4 #2	'0'	'1'	REJECT
qemu_calc	1409	12	137	event pcr=4 #2	'0'	'1'	REJECT
qemu_calc	1410	12	138	event pcr=4 #2	'0'	'1'	REJECT
qemu_calc	1411	12	139	event pcr=4 #2	'0'	'1'	REJECT
qemu_calc	1412	12	140	event pcr=4 #2	'0'	'1'	REJECT
qemu_calc	1413	12	141	event pcr=4 #2	'0'	'1'	REJECT
qemu_calc	1414	12	142	event pcr=4 #2	'0'	'1'	REJECT
qemu_calc	1415	12	143	event pcr=4 #2	'0'	'1'	REJECT
qemu_calc	1416	12	144	event pcr=4 #2	'0'	'1'	REJECT
qemu_calc	1417	12	145	event pcr=4 #2	'0'	'1'	REJECT
qemu_calc	1418	12	146	event pcr=4 #2	'0'	'1'	REJECT
qemu_calc	1419	12	147	event pcr=4 #2	'4'	'5'	REJECT
qemu_calc	1420	12	148	event pcr=4 #2	'0'	'1'	REJECT
qemu_calc	1421	12	149	event pcr=4 #2	'0'	'1'	REJECT
qemu_calc	1422	12	150	event pcr=4 #2	'1'	'2'	REJECT
qemu_calc	1423	12	151	event pcr=4 #2	'0'	'1'	REJECT
qemu_calc	1424	12	152	event pcr=4 #2	'0'	'1'	REJECT
qemu_calc	1425	12	153	event pcr=4 #2	'0'	'1'	REJECT
qemu_calc	1426	12	154	event pcr=4 #2	'0'	'1'	REJECT
qemu_calc	1427	12	155	event pcr=4 #2	'0'	'1'	REJECT
qemu_calc	1428	12	156	event pcr=4 #2	'0'	'1'	REJECT
qemu_calc	1429	12	157	event pcr=4 #2	'5'	'6'	ACCEPT
qemu_calc	1430	12	158	event pcr=4 #2	'0'	'1'	ACCEPT
qemu_calc	1431	12	159	event pcr=4 #2	'0'	'1'	ACCEPT
qemu_calc	1432	12	160	event pcr=4 #2	'0'	'1'	ACCEPT
qemu_calc	1433	12	161	event pcr=4 #2	'0'	'1'	ACCEPT
qemu_calc	1434	12	162	event pcr=4 #2	'0'	'1'	ACCEPT
qemu_calc	1435	12	163	event pcr=4 #2	'0'	'1'	ACCEPT
qemu_calc	1436	12	164	event pcr=4 #2	'0'	'1'	ACCEPT
qemu_calc	1437	12	165	event pcr=4 #2	'0'	'1'	ACCEPT
qemu_calc	1438	12	166	event pcr=4 #2	'0'	'1'	ACCEPT
qemu_calc	1439	12	167	event pcr=4 #2	'0'	'1'	ACCEPT
qemu_calc	1440	12	168	event pcr=4 #2	'0'	'1'	ACCEPT
qemu_calc	1441	12	169	event pcr=4 #2	'0'	'1'	ACCEPT
qemu_calc	1442	12	170	event pcr=4 #2	'0'	'1'	ACCEPT
qemu_calc	1443	12	171	event pcr=4 #2	'0'	'1'	ACCEPT
qemu_calc	1444	12	172	event pcr=4 #2	'0'	'1'	ACCEPT
qemu_calc	1445	12	173	event pcr=4 #2	'0'	'1'	ACCEPT
qemu_calc	1446	12	174	event pcr=4 #2	'2'	'3'	ACCEPT
qemu_calc	1447	12	175	event pcr=4 #2	'0'	'1'	ACCEPT
qemu_calc	1448	12	176	event pcr=4 #2	'1'	'2'	ACCEPT
qemu_calc	1449	12	177	event pcr=4 #2	'0'	'1'	ACCEPT
qemu_calc	1450	12	178	event pcr=4 #2	'c'	'd'	ACCEPT
qemu_calc	1451	12	179	event pcr=4 #2	'0'	'1'	ACCEPT
qemu_calc	1452	12	180	event pcr=4 #2	'0'	'1'	ACCEPT
qemu_calc	1453	12	181	event pcr=4 #2	'd'	'e'	ACCEPT
qemu_calc	1454	12	182	event pcr=4 #2	'0'	'1'	ACCEPT
qemu_calc	1455	12	183	event pcr=4 #2	'4'	'5'	ACCEPT
qemu_calc	1456	12	184	event pcr=4 #2	'1'	'2'	ACCEPT
qemu_calc	1457	12	185	event pcr=4 #2	'0'	'1'	ACCEPT
qemu_calc	1458	12	186	event pcr=4 #2	'3'	'4'	ACCEPT
qemu_calc	1459	12	187	event pcr=4 #2	'0'	'1'	ACCEPT
qemu_calc	1460	12	188	event pcr=4 #2	'a'	'b'	ACCEPT
qemu_calc	1461	12	189	event pcr=4 #2	'0'	'1'	ACCEPT
qemu_calc	1462	12	190	event pcr=4 #2	'0'	'1'	ACCEPT
qemu_calc	1463	12	191	event pcr=4 #2	'0'	'1'	ACCEPT
qemu_calc	1464	12	192	event pcr=4 #2	'0'	'1'	ACCEPT
qemu_calc	1465	12	193	event pcr=4 #2	'0'	'1'	ACCEPT
qemu_calc	1466	12	194	event pcr=4 #2	'0'	'1'	ACCEPT
qemu_calc	1467	12	195	event pcr=4 #2	'0'	'1'	ACCEPT
qemu_calc	1468	12	196	event pcr=4 #2	'0'	'1'	ACCEPT
qemu_calc	1469	12	197	event pcr=4 #2	'0'	'1'	ACCEPT
qemu_calc	1470	12	198	event pcr=4 #2	'1'	'2'	ACCEPT
qemu_calc	1471	12	199	event pcr=4 #2	'0'	'1'	ACCEPT
qemu_calc	1472	12	200	event pcr=4 #2	'1'	'2'	ACCEPT
qemu_calc	1473	12	201	event pcr=4 #2	'0'	'1'	ACCEPT
qemu_calc	1474	12	202	event pcr=4 #2	'6'	'7'	ACCEPT
qemu_calc	1475	12	203	event pcr=4 #2	'0'	'1'	ACCEPT
qemu_calc	1476	12	204	event pcr=4 #2	'0'	'1'	ACCEPT
qemu_calc	1477	12	205	event pcr=4 #2	'0'	'1'	ACCEPT
qemu_calc	1478	12	206	event pcr=4 #2	'2'	'3'	ACCEPT
qemu_calc	1479	12	207	event pcr=4 #2	'1'	'2'	ACCEPT
qemu_calc	1480	12	208	event pcr=4 #2	'f'	'0'	ACCEPT
qemu_calc	1481	12	209	event pcr=4 #2	'0'	'1'	ACCEPT
qemu_calc	1482	12	210	event pcr=4 #2	'3'	'4'	ACCEPT
qemu_calc	1483	12	211	event pcr=4 #2	'1'	'2'	ACCEPT
qemu_calc	1484	12	212	event pcr=4 #2	'2'	'3'	ACCEPT
qemu_calc	1485	12	213	event pcr=4 #2	'0'	'1'	ACCEPT
qemu_calc	1486	12	214	event pcr=4 #2	'a'	'b'	ACCEPT
qemu_calc	1487	12	215	event pcr=4 #2	'0'	'1'	ACCEPT
qemu_calc	1488	12	216	event pcr=4 #2	'0'	'1'	ACCEPT
qemu_calc	1489	12	217	event pcr=4 #2	'0'	'1'	ACCEPT
qemu_calc	1490	12	218	event pcr=4 #2	'0'	'1'	ACCEPT
qemu_calc	1491	12	219	event pcr=4 #2	'0'	'1'	ACCEPT
qemu_calc	1492	12	220	event pcr=4 #2	'0'	'1'	ACCEPT
qemu_calc	1493	12	221	event pcr=4 #2	'f'	'0'	ACCEPT
qemu_calc	1494	12	222	event pcr=4 #2	'f'	'0'	ACCEPT
qemu_calc	1495	12	223	event pcr=4 #2	'f'	'0'	ACCEPT
qemu_calc	1496	12	224	event pcr=4 #2	'f'	'0'	ACCEPT
qemu_calc	1497	12	225	event pcr=4 #2	'0'	'1'	ACCEPT
qemu_calc	1498	12	226	event pcr=4 #2	'0'	'1'	ACCEPT
qemu_calc	1499	12	227	event pcr=4 #2	'0'	'1'	ACCEPT
qemu_calc	1500	12	228	event pcr=4 #2	'0'	'1'	ACCEPT
qemu_calc	1501	12	229	event pcr=4 #2	'0'	'1'	ACCEPT
qemu_calc	1502	12	230	event pcr=4 #2	'4'	'5'	ACCEPT
qemu_calc	1503	12	231	event pcr=4 #2	'0'	'1'	ACCEPT
qemu_calc	1504	12	232	event pcr=4 #2	'4'	'5'	ACCEPT
qemu_calc	1505	12	233	event pcr=4 #2	'3'	'4'	ACCEPT
qemu_calc	1506	12	234	event pcr=4 #2	'0'	'1'	ACCEPT
qemu_calc	1507	12	235	event pcr=4 #2	'0'	'1'	ACCEPT
qemu_calc	1508	12	236	event pcr=4 #2	'0'	'1'	ACCEPT
qemu_calc	1509	12	237	event pcr=4 #2	'5'	'6'	ACCEPT
qemu_calc	1510	12	238	event pcr=4 #2	'c'	'd'	ACCEPT
qemu_calc	1511	12	239	event pcr=4 #2	'0'	'1'	ACCEPT
qemu_calc	1512	12	240	event pcr=4 #2	'0'	'1'	ACCEPT
qemu_calc	1513	12	241	event pcr=4 #2	'4'	'5'	ACCEPT
qemu_calc	1514	12	242	event pcr=4 #2	'5'	'6'	ACCEPT
qemu_calc	1515	12	243	event pcr=4 #2	'0'	'1'	ACCEPT
qemu_calc	1516	12	244	event pcr=4 #2	'0'	'1'	ACCEPT
qemu_calc	1517	12	245	event pcr=4 #2	'4'	'5'	ACCEPT
qemu_calc	1518	12	246	event pcr=4 #2	'6'	'7'	ACCEPT
qemu_calc	1519	12	247	event pcr=4 #2	'0'	'1'	ACCEPT
qemu_calc	1520	12	248	event pcr=4 #2	'0'	'1'	ACCEPT
qemu_calc	1521	12	249	event pcr=4 #2	'4'	'5'	ACCEPT
qemu_calc	1522	12	250	event pcr=4 #2	'9'	'a'	ACCEPT
qemu_calc	1523	12	251	event pcr=4 #2	'0'	'1'	ACCEPT
qemu_calc	1524	12	252	event pcr=4 #2	'0'	'1'	ACCEPT
qemu_calc	1525	12	253	event pcr=4 #2	'5'	'6'	ACCEPT
qemu_calc	1526	12	254	event pcr=4 #2	'c'	'd'	ACCEPT
qemu_calc	1527	12	255	event pcr=4 #2	'0'	'1'	ACCEPT
qemu_calc	1528	12	256	event pcr=4 #2	'0'	'1'	ACCEPT
qemu_calc	1529	12	257	event pcr=4 #2	'4'	'5'	ACCEPT
qemu_calc	1530	12	258	event pcr=4 #2	'2'	'3'	ACCEPT
qemu_calc	1531	12	259	event pcr=4 #2	'0'	'1'	ACCEPT
qemu_calc	1532	12	260	event pcr=4 #2	'0'	'1'	ACCEPT
qemu_calc	1533	12	261	event pcr=4 #2	'4'	'5'	ACCEPT
qemu_calc	1534	12	262	event pcr=4 #2	'f'	'0'	ACCEPT
qemu_calc	1535	12	263	event pcr=4 #2	'0'	'1'	ACCEPT
qemu_calc	1536	12	264	event pcr=4 #2	'0'	'1'	ACCEPT
qemu_calc	1537	12	265	event pcr=4 #2	'4'	'5'	ACCEPT
qemu_calc	1538	12	266	event pcr=4 #2	'f'	'0'	ACCEPT
qemu_calc	1539	12	267	event pcr=4 #2	'0'	'1'	ACCEPT
qemu_calc	1540	12	268	event pcr=4 #2	'0'	'1'	ACCEPT
qemu_calc	1541	12	269	event pcr=4 #2	'5'	'6'	ACCEPT
qemu_calc	1542	12	270	event pcr=4 #2	'4'	'5'	ACCEPT
qemu_calc	1543	12	271	event pcr=4 #2	'0'	'1'	ACCEPT
qemu_calc	1544	12	272	event pcr=4 #2	'0'	'1'	ACCEPT
qemu_calc	1545	12	273	event pcr=4 #2	'5'	'6'	ACCEPT
qemu_calc	1546	12	274	event pcr=4 #2	'c'	'd'	ACCEPT
qemu_calc	1547	12	275	event pcr=4 #2	'0'	'1'	ACCEPT
qemu_calc	1548	12	276	event pcr=4 #2	'0'	'1'	ACCEPT
qemu_calc	1549	12	277	event pcr=4 #2	'4'	'5'	ACCEPT
qemu_calc	1550	12	278	event pcr=4 #2	'2'	'3'	ACCEPT
qemu_calc	1551	12	279	event pcr=4 #2	'0'	'1'	ACCEPT
qemu_calc	1552	12	280	event pcr=4 #2	'0'	'1'	ACCEPT
qemu_calc	1553	12	281	event pcr=4 #2	'4'	'5'	ACCEPT
qemu_calc	1554	12	282	event pcr=4 #2	'f'	'0'	ACCEPT
qemu_calc	1555	12	283	event pcr=4 #2	'0'	'1'	ACCEPT
qemu_calc	1556	12	284	event pcr=4 #2	'0'	'1'	ACCEPT
qemu_calc	1557	12	285	event pcr=4 #2	'4'	'5'	ACCEPT
qemu_calc	1558	12	286	event pcr=4 #2	'f'	'0'	ACCEPT
qemu_calc	1559	12	287	event pcr=4 #2	'0'	'1'	ACCEPT
qemu_calc	1560	12	288	event pcr=4 #2	'0'	'1'	ACCEPT
qemu_calc	1561	12	289	event pcr=4 #2	'5'	'6'	ACCEPT
qemu_calc	1562	12	290	event pcr=4 #2	'4'	'5'	ACCEPT
qemu_calc	1563	12	291	event pcr=4 #2	'0'	'1'	ACCEPT
qemu_calc	1564	12	292	event pcr=4 #2	'0'	'1'	ACCEPT
qemu_calc	1565	12	293	event pcr=4 #2	'5'	'6'	ACCEPT
qemu_calc	1566	12	294	event pcr=4 #2	'8'	'9'	ACCEPT
qemu_calc	1567	12	295	event pcr=4 #2	'0'	'1'	ACCEPT
qemu_calc	1568	12	296	event pcr=4 #2	'0'	'1'	ACCEPT
qemu_calc	1569	12	297	event pcr=4 #2	'3'	'4'	ACCEPT
qemu_calc	1570	12	298	event pcr=4 #2	'6'	'7'	ACCEPT
qemu_calc	1571	12	299	event pcr=4 #2	'0'	'1'	ACCEPT
qemu_calc	1572	12	300	event pcr=4 #2	'0'	'1'	ACCEPT
qemu_calc	1573	12	301	event pcr=4 #2	'\n'	' '	REJECT
qemu_calc	1574	13	0	event pcr=12 #0	'e'	'f'	REJECT
qemu_calc	1575	13	1	event pcr=12 #0	'v'	'w'	REJECT
qemu_calc	1576	13	2	event pcr=12 #0	'e'	'f'	REJECT
qemu_calc	1577	13	3	event pcr=12 #0	'n'	'o'	REJECT
qemu_calc	1578	13	4	event pcr=12 #0	't'	'u'	REJECT
qemu_calc	1579	13	5	event pcr=12 #0	' '	'X'	REJECT
qemu_calc	1580	13	6	event pcr=12 #0	'p'	'q'	REJECT
qemu_calc	1581	13	7	event pcr=12 #0	'c'	'd'	REJECT
qemu_calc	1582	13	8	event pcr=12 #0	'r'	's'	REJECT
qemu_calc	1583	13	9	event pcr=12 #0	'='	'X'	REJECT
qemu_calc	1584	13	10	event pcr=12 #0	'1'	'2'	REJECT
qemu_calc	1585	13	11	event pcr=12 #0	'2'	'3'	REJECT
qemu_calc	1586	13	12	event pcr=12 #0	' '	'X'	REJECT
qemu_calc	1587	13	13	event pcr=12 #0	't'	'u'	REJECT
qemu_calc	1588	13	14	event pcr=12 #0	'y'	'z'	REJECT
qemu_calc	1589	13	15	event pcr=12 #0	'p'	'q'	REJECT
qemu_calc	1590	13	16	event pcr=12 #0	'e'	'f'	REJECT
qemu_calc	1591	13	17	event pcr=12 #0	'='	'X'	REJECT
qemu_calc	1592	13	18	event pcr=12 #0	'0'	'1'	REJECT
qemu_calc	1593	13	19	event pcr=12 #0	'x'	'y'	REJECT
qemu_calc	1594	13	20	event pcr=12 #0	'd'	'e'	REJECT
qemu_calc	1595	13	21	event pcr=12 #0	' '	'X'	REJECT
qemu_calc	1596	13	22	event pcr=12 #0	's'	't'	REJECT
qemu_calc	1597	13	23	event pcr=12 #0	'h'	'i'	REJECT
qemu_calc	1598	13	24	event pcr=12 #0	'a'	'b'	REJECT
qemu_calc	1599	13	25	event pcr=12 #0	'2'	'3'	REJECT
qemu_calc	1600	13	26	event pcr=12 #0	'5'	'6'	REJECT
qemu_calc	1601	13	27	event pcr=12 #0	'6'	'7'	REJECT
qemu_calc	1602	13	28	event pcr=12 #0	'='	'X'	REJECT
qemu_calc	1603	13	29	event pcr=12 #0	'2'	'3'	REJECT
qemu_calc	1604	13	30	event pcr=12 #0	'1'	'2'	REJECT
qemu_calc	1605	13	31	event pcr=12 #0	'0'	'1'	REJECT
qemu_calc	1606	13	32	event pcr=12 #0	'8'	'9'	REJECT
qemu_calc	1607	13	33	event pcr=12 #0	'7'	'8'	REJECT
qemu_calc	1608	13	34	event pcr=12 #0	'8'	'9'	REJECT
qemu_calc	1609	13	35	event pcr=12 #0	'e'	'f'	REJECT
qemu_calc	1610	13	36	event pcr=12 #0	'f'	'0'	REJECT
qemu_calc	1611	13	37	event pcr=12 #0	'9'	'a'	REJECT
qemu_calc	1612	13	38	event pcr=12 #0	'0'	'1'	REJECT
qemu_calc	1613	13	39	event pcr=12 #0	'c'	'd'	REJECT
qemu_calc	1614	13	40	event pcr=12 #0	'1'	'2'	REJECT
qemu_calc	1615	13	41	event pcr=12 #0	'3'	'4'	REJECT
qemu_calc	1616	13	42	event pcr=12 #0	'1'	'2'	REJECT
qemu_calc	1617	13	43	event pcr=12 #0	'2'	'3'	REJECT
qemu_calc	1618	13	44	event pcr=12 #0	'f'	'0'	REJECT
qemu_calc	1619	13	45	event pcr=12 #0	'6'	'7'	REJECT
qemu_calc	1620	13	46	event pcr=12 #0	'3'	'4'	REJECT
qemu_calc	1621	13	47	event pcr=12 #0	'e'	'f'	REJECT
qemu_calc	1622	13	48	event pcr=12 #0	'6'	'7'	REJECT
qemu_calc	1623	13	49	event pcr=12 #0	'8'	'9'	REJECT
qemu_calc	1624	13	50	event pcr=12 #0	'5'	'6'	REJECT
qemu_calc	1625	13	51	event pcr=12 #0	'd'	'e'	REJECT
qemu_calc	1626	13	52	event pcr=12 #0	'8'	'9'	REJECT
qemu_calc	1627	13	53	event pcr=12 #0	'8'	'9'	REJECT
qemu_calc	1628	13	54	event pcr=12 #0	'd'	'e'	REJECT
qemu_calc	1629	13	55	event pcr=12 #0	'3'	'4'	REJECT
qemu_calc	1630	13	56	event pcr=12 #0	'e'	'f'	REJECT
qemu_calc	1631	13	57	event pcr=12 #0	'7'	'8'	REJECT
qemu_calc	1632	13	58	event pcr=12 #0	'3'	'4'	REJECT
qemu_calc	1633	13	59	event pcr=12 #0	'5'	'6'	REJECT
qemu_calc	1634	13	60	event pcr=12 #0	'd'	'e'	REJECT
qemu_calc	1635	13	61	event pcr=12 #0	'c'	'd'	REJECT
qemu_calc	1636	13	62	event pcr=12 #0	'f'	'0'	REJECT
qemu_calc	1637	13	63	event pcr=12 #0	'5'	'6'	REJECT
qemu_calc	1638	13	64	event pcr=12 #0	'c'	'd'	REJECT
qemu_calc	1639	13	65	event pcr=12 #0	'1'	'2'	REJECT
qemu_calc	1640	13	66	event pcr=12 #0	'b'	'c'	REJECT
qemu_calc	1641	13	67	event pcr=12 #0	'4'	'5'	REJECT
qemu_calc	1642	13	68	event pcr=12 #0	'4'	'5'	REJECT
qemu_calc	1643	13	69	event pcr=12 #0	'd'	'e'	REJECT
qemu_calc	1644	13	70	event pcr=12 #0	'4'	'5'	REJECT
qemu_calc	1645	13	71	event pcr=12 #0	'1'	'2'	REJECT
qemu_calc	1646	13	72	event pcr=12 #0	'a'	'b'	REJECT
qemu_calc	1647	13	73	event pcr=12 #0	'd'	'e'	REJECT
qemu_calc	1648	13	74	event pcr=12 #0	'd'	'e'	REJECT
qemu_calc	1649	13	75	event pcr=12 #0	'd'	'e'	REJECT
qemu_calc	1650	13	76	event pcr=12 #0	'4'	'5'	REJECT
qemu_calc	1651	13	77	event pcr=12 #0	'1'	'2'	REJECT
qemu_calc	1652	13	78	event pcr=12 #0	'0'	'1'	REJECT
qemu_calc	1653	13	79	event pcr=12 #0	'6'	'7'	REJECT
qemu_calc	1654	13	80	event pcr=12 #0	'7'	'8'	REJECT
qemu_calc	1655	13	81	event pcr=12 #0	'0'	'1'	REJECT
qemu_calc	1656	13	82	event pcr=12 #0	'a'	'b'	REJECT
qemu_calc	1657	13	83	event pcr=12 #0	'1'	'2'	REJECT
qemu_calc	1658	13	84	event pcr=12 #0	'3'	'4'	REJECT
qemu_calc	1659	13	85	event pcr=12 #0	'3'	'4'	REJECT
qemu_calc	1660	13	86	event pcr=12 #0	'5'	'6'	REJECT
qemu_calc	1661	13	87	event pcr=12 #0	'e'	'f'	REJECT
qemu_calc	1662	13	88	event pcr=12 #0	'a'	'b'	REJECT
qemu_calc	1663	13	89	event pcr=12 #0	'8'	'9'	REJECT
qemu_calc	1664	13	90	event pcr=12 #0	'4'	'5'	REJECT
qemu_calc	1665	13	91	event pcr=12 #0	'7'	'8'	REJECT
qemu_calc	1666	13	92	event pcr=12 #0	'e'	'f'	REJECT
qemu_calc	1667	13	93	event pcr=12 #0	' '	'X'	REJECT
qemu_calc	1668	13	94	event pcr=12 #0	'd'	'e'	REJECT
qemu_calc	1669	13	95	event pcr=12 #0	'a'	'b'	REJECT
qemu_calc	1670	13	96	event pcr=12 #0	't'	'u'	REJECT
qemu_calc	1671	13	97	event pcr=12 #0	'a'	'b'	REJECT
qemu_calc	1672	13	98	event pcr=12 #0	'='	'X'	REJECT
qemu_calc	1673	13	99	event pcr=12 #0	'A'	'B'	REJECT
qemu_calc	1674	13	100	event pcr=12 #0	'E'	'F'	REJECT
qemu_calc	1675	13	101	event pcr=12 #0	'G'	'H'	REJECT
qemu_calc	1676	13	102	event pcr=12 #0	'I'	'J'	REJECT
qemu_calc	1677	13	103	event pcr=12 #0	'S'	'T'	REJECT
qemu_calc	1678	13	104	event pcr=12 #0	'-'	'X'	REJECT
qemu_calc	1679	13	105	event pcr=12 #0	'M'	'N'	REJECT
qemu_calc	1680	13	106	event pcr=12 #0	'E'	'F'	REJECT
qemu_calc	1681	13	107	event pcr=12 #0	'A'	'B'	REJECT
qemu_calc	1682	13	108	event pcr=12 #0	'S'	'T'	REJECT
qemu_calc	1683	13	109	event pcr=12 #0	'U'	'V'	REJECT
qemu_calc	1684	13	110	event pcr=12 #0	'R'	'S'	REJECT
qemu_calc	1685	13	111	event pcr=12 #0	'E'	'F'	REJECT
qemu_calc	1686	13	112	event pcr=12 #0	' '	'X'	REJECT
qemu_calc	1687	13	113	event pcr=12 #0	'v'	'w'	REJECT
qemu_calc	1688	13	114	event pcr=12 #0	'0'	'1'	REJECT
qemu_calc	1689	13	115	event pcr=12 #0	' '	'X'	REJECT
qemu_calc	1690	13	116	event pcr=12 #0	'a'	'b'	REJECT
qemu_calc	1691	13	117	event pcr=12 #0	'r'	's'	REJECT
qemu_calc	1692	13	118	event pcr=12 #0	't'	'u'	REJECT
qemu_calc	1693	13	119	event pcr=12 #0	'i'	'j'	REJECT
qemu_calc	1694	13	120	event pcr=12 #0	'f'	'0'	REJECT
qemu_calc	1695	13	121	event pcr=12 #0	'a'	'b'	REJECT
qemu_calc	1696	13	122	event pcr=12 #0	'c'	'd'	REJECT
qemu_calc	1697	13	123	event pcr=12 #0	't'	'u'	REJECT
qemu_calc	1698	13	124	event pcr=12 #0	'='	'X'	REJECT
qemu_calc	1699	13	125	event pcr=12 #0	'M'	'N'	REJECT
qemu_calc	1700	13	126	event pcr=12 #0	'O'	'P'	REJECT
qemu_calc	1701	13	127	event pcr=12 #0	'D'	'E'	REJECT
qemu_calc	1702	13	128	event pcr=12 #0	'E'	'F'	REJECT
qemu_calc	1703	13	129	event pcr=12 #0	'L'	'M'	REJECT
qemu_calc	1704	13	130	event pcr=12 #0	'.'	'X'	REJECT
qemu_calc	1705	13	131	event pcr=12 #0	'S'	'T'	REJECT
qemu_calc	1706	13	132	event pcr=12 #0	'A'	'B'	REJECT
qemu_calc	1707	13	133	event pcr=12 #0	'F'	'G'	REJECT
qemu_calc	1708	13	134	event pcr=12 #0	' '	'X'	REJECT
qemu_calc	1709	13	135	event pcr=12 #0	'b'	'c'	REJECT
qemu_calc	1710	13	136	event pcr=12 #0	'y'	'z'	REJECT
qemu_calc	1711	13	137	event pcr=12 #0	't'	'u'	REJECT
qemu_calc	1712	13	138	event pcr=12 #0	'e'	'f'	REJECT
qemu_calc	1713	13	139	event pcr=12 #0	's'	't'	REJECT
qemu_calc	1714	13	140	event pcr=12 #0	'='	'X'	REJECT
qemu_calc	1715	13	141	event pcr=12 #0	'3'	'4'	REJECT
qemu_calc	1716	13	142	event pcr=12 #0	'1'	'2'	REJECT
qemu_calc	1717	13	143	event pcr=12 #0	'9'	'a'	REJECT
qemu_calc	1718	13	144	event pcr=12 #0	'7'	'8'	REJECT
qemu_calc	1719	13	145	event pcr=12 #0	'1'	'2'	REJECT
qemu_calc	1720	13	146	event pcr=12 #0	'4'	'5'	REJECT
qemu_calc	1721	13	147	event pcr=12 #0	'3'	'4'	REJECT
qemu_calc	1722	13	148	event pcr=12 #0	' '	'X'	REJECT
qemu_calc	1723	13	149	event pcr=12 #0	's'	't'	REJECT
qemu_calc	1724	13	150	event pcr=12 #0	'h'	'i'	REJECT
qemu_calc	1725	13	151	event pcr=12 #0	'a'	'b'	REJECT
qemu_calc	1726	13	152	event pcr=12 #0	'2'	'3'	REJECT
qemu_calc	1727	13	153	event pcr=12 #0	'5'	'6'	REJECT
qemu_calc	1728	13	154	event pcr=12 #0	'6'	'7'	REJECT
qemu_calc	1729	13	155	event pcr=12 #0	'='	'X'	REJECT
qemu_calc	1730	13	156	event pcr=12 #0	'a'	'b'	REJECT
qemu_calc	1731	13	157	event pcr=12 #0	'4'	'5'	REJECT
qemu_calc	1732	13	158	event pcr=12 #0	'4'	'5'	REJECT
qemu_calc	1733	13	159	event pcr=12 #0	'e'	'f'	REJECT
qemu_calc	1734	13	160	event pcr=12 #0	'4'	'5'	REJECT
qemu_calc	1735	13	161	event pcr=12 #0	'8'	'9'	REJECT
qemu_calc	1736	13	162	event pcr=12 #0	'9'	'a'	REJECT
qemu_calc	1737	13	163	event pcr=12 #0	'6'	'7'	REJECT
qemu_calc	1738	13	164	event pcr=12 #0	'5'	'6'	REJECT
qemu_calc	1739	13	165	event pcr=12 #0	'c'	'd'	REJECT
qemu_calc	1740	13	166	event pcr=12 #0	'6'	'7'	REJECT
qemu_calc	1741	13	167	event pcr=12 #0	'4'	'5'	REJECT
qemu_calc	1742	13	168	event pcr=12 #0	'1'	'2'	REJECT
qemu_calc	1743	13	169	event pcr=12 #0	'b'	'c'	REJECT
qemu_calc	1744	13	170	event pcr=12 #0	'8'	'9'	REJECT
qemu_calc	1745	13	171	event pcr=12 #0	'1'	'2'	REJECT
qemu_calc	1746	13	172	event pcr=12 #0	'9'	'a'	REJECT
qemu_calc	1747	13	173	event pcr=12 #0	'9'	'a'	REJECT
qemu_calc	1748	13	174	event pcr=12 #0	'4'	'5'	REJECT
qemu_calc	1749	13	175	event pcr=12 #0	'a'	'b'	REJECT
qemu_calc	1750	13	176	event pcr=12 #0	'6'	'7'	REJECT
qemu_calc	1751	13	177	event pcr=12 #0	'7'	'8'	REJECT
qemu_calc	1752	13	178	event pcr=12 #0	'0'	'1'	REJECT
qemu_calc	1753	13	179	event pcr=12 #0	'0'	'1'	REJECT
qemu_calc	1754	13	180	event pcr=12 #0	'0'	'1'	REJECT
qemu_calc	1755	13	181	event pcr=12 #0	'1'	'2'	REJECT
qemu_calc	1756	13	182	event pcr=12 #0	'c'	'd'	REJECT
qemu_calc	1757	13	183	event pcr=12 #0	'7'	'8'	REJECT
qemu_calc	1758	13	184	event pcr=12 #0	'6'	'7'	REJECT
qemu_calc	1759	13	185	event pcr=12 #0	'a'	'b'	REJECT
qemu_calc	1760	13	186	event pcr=12 #0	'8'	'9'	REJECT
qemu_calc	1761	13	187	event pcr=12 #0	'b'	'c'	REJECT
qemu_calc	1762	13	188	event pcr=12 #0	'e'	'f'	REJECT
qemu_calc	1763	13	189	event pcr=12 #0	'b'	'c'	REJECT
qemu_calc	1764	13	190	event pcr=12 #0	'd'	'e'	REJECT
qemu_calc	1765	13	191	event pcr=12 #0	'3'	'4'	REJECT
qemu_calc	1766	13	192	event pcr=12 #0	'8'	'9'	REJECT
qemu_calc	1767	13	193	event pcr=12 #0	'8'	'9'	REJECT
qemu_calc	1768	13	194	event pcr=12 #0	'5'	'6'	REJECT
qemu_calc	1769	13	195	event pcr=12 #0	'7'	'8'	REJECT
qemu_calc	1770	13	196	event pcr=12 #0	'f'	'0'	REJECT
qemu_calc	1771	13	197	event pcr=12 #0	'9'	'a'	REJECT
qemu_calc	1772	13	198	event pcr=12 #0	'4'	'5'	REJECT
qemu_calc	1773	13	199	event pcr=12 #0	'5'	'6'	REJECT
qemu_calc	1774	13	200	event pcr=12 #0	'5'	'6'	REJECT
qemu_calc	1775	13	201	event pcr=12 #0	'c'	'd'	REJECT
qemu_calc	1776	13	202	event pcr=12 #0	'c'	'd'	REJECT
qemu_calc	1777	13	203	event pcr=12 #0	'5'	'6'	REJECT
qemu_calc	1778	13	204	event pcr=12 #0	'0'	'1'	REJECT
qemu_calc	1779	13	205	event pcr=12 #0	'0'	'1'	REJECT
qemu_calc	1780	13	206	event pcr=12 #0	'8'	'9'	REJECT
qemu_calc	1781	13	207	event pcr=12 #0	'a'	'b'	REJECT
qemu_calc	1782	13	208	event pcr=12 #0	'c'	'd'	REJECT
qemu_calc	1783	13	209	event pcr=12 #0	'a'	'b'	REJECT
qemu_calc	1784	13	210	event pcr=12 #0	'c'	'd'	REJECT
qemu_calc	1785	13	211	event pcr=12 #0	'8'	'9'	REJECT
qemu_calc	1786	13	212	event pcr=12 #0	'd'	'e'	REJECT
qemu_calc	1787	13	213	event pcr=12 #0	'2'	'3'	REJECT
qemu_calc	1788	13	214	event pcr=12 #0	'b'	'c'	REJECT
qemu_calc	1789	13	215	event pcr=12 #0	'2'	'3'	REJECT
qemu_calc	1790	13	216	event pcr=12 #0	'8'	'9'	REJECT
qemu_calc	1791	13	217	event pcr=12 #0	'9'	'a'	REJECT
qemu_calc	1792	13	218	event pcr=12 #0	'7'	'8'	REJECT
qemu_calc	1793	13	219	event pcr=12 #0	'a'	'b'	REJECT
qemu_calc	1794	13	220	event pcr=12 #0	'\n'	' '	REJECT
qemu_calc	1795	14	0	event pcr=12 #1	'e'	'f'	REJECT
qemu_calc	1796	14	1	event pcr=12 #1	'v'	'w'	REJECT
qemu_calc	1797	14	2	event pcr=12 #1	'e'	'f'	REJECT
qemu_calc	1798	14	3	event pcr=12 #1	'n'	'o'	REJECT
qemu_calc	1799	14	4	event pcr=12 #1	't'	'u'	REJECT
qemu_calc	1800	14	5	event pcr=12 #1	' '	'X'	REJECT
qemu_calc	1801	14	6	event pcr=12 #1	'p'	'q'	REJECT
qemu_calc	1802	14	7	event pcr=12 #1	'c'	'd'	REJECT
qemu_calc	1803	14	8	event pcr=12 #1	'r'	's'	REJECT
qemu_calc	1804	14	9	event pcr=12 #1	'='	'X'	REJECT
qemu_calc	1805	14	10	event pcr=12 #1	'1'	'2'	REJECT
qemu_calc	1806	14	11	event pcr=12 #1	'2'	'3'	REJECT
qemu_calc	1807	14	12	event pcr=12 #1	' '	'X'	REJECT
qemu_calc	1808	14	13	event pcr=12 #1	't'	'u'	REJECT
qemu_calc	1809	14	14	event pcr=12 #1	'y'	'z'	REJECT
qemu_calc	1810	14	15	event pcr=12 #1	'p'	'q'	REJECT
qemu_calc	1811	14	16	event pcr=12 #1	'e'	'f'	REJECT
qemu_calc	1812	14	17	event pcr=12 #1	'='	'X'	REJECT
qemu_calc	1813	14	18	event pcr=12 #1	'0'	'1'	REJECT
qemu_calc	1814	14	19	event pcr=12 #1	'x'	'y'	REJECT
qemu_calc	1815	14	20	event pcr=12 #1	'd'	'e'	REJECT
qemu_calc	1816	14	21	event pcr=12 #1	' '	'X'	REJECT
qemu_calc	1817	14	22	event pcr=12 #1	's'	't'	REJECT
qemu_calc	1818	14	23	event pcr=12 #1	'h'	'i'	REJECT
qemu_calc	1819	14	24	event pcr=12 #1	'a'	'b'	REJECT
qemu_calc	1820	14	25	event pcr=12 #1	'2'	'3'	REJECT
qemu_calc	1821	14	26	event pcr=12 #1	'5'	'6'	REJECT
qemu_calc	1822	14	27	event pcr=12 #1	'6'	'7'	REJECT
qemu_calc	1823	14	28	event pcr=12 #1	'='	'X'	REJECT
qemu_calc	1824	14	29	event pcr=12 #1	'a'	'b'	REJECT
qemu_calc	1825	14	30	event pcr=12 #1	'a'	'b'	REJECT
qemu_calc	1826	14	31	event pcr=12 #1	'b'	'c'	REJECT
qemu_calc	1827	14	32	event pcr=12 #1	'3'	'4'	REJECT
qemu_calc	1828	14	33	event pcr=12 #1	'3'	'4'	REJECT
qemu_calc	1829	14	34	event pcr=12 #1	'e'	'f'	REJECT
qemu_calc	1830	14	35	event pcr=12 #1	'3'	'4'	REJECT
qemu_calc	1831	14	36	event pcr=12 #1	'f'	'0'	REJECT
qemu_calc	1832	14	37	event pcr=12 #1	'f'	'0'	REJECT
qemu_calc	1833	14	38	event pcr=12 #1	'4'	'5'	REJECT
qemu_calc	1834	14	39	event pcr=12 #1	'e'	'f'	REJECT
qemu_calc	1835	14	40	event pcr=12 #1	'4'	'5'	REJECT
qemu_calc	1836	14	41	event pcr=12 #1	'e'	'f'	REJECT
qemu_calc	1837	14	42	event pcr=12 #1	'3'	'4'	REJECT
qemu_calc	1838	14	43	event pcr=12 #1	'6'	'7'	REJECT
qemu_calc	1839	14	44	event pcr=12 #1	'5'	'6'	REJECT
qemu_calc	1840	14	45	event pcr=12 #1	'3'	'4'	REJECT
qemu_calc	1841	14	46	event pcr=12 #1	'd'	'e'	REJECT
qemu_calc	1842	14	47	event pcr=12 #1	'0'	'1'	REJECT
qemu_calc	1843	14	48	event pcr=12 #1	'6'	'7'	REJECT
qemu_calc	1844	14	49	event pcr=12 #1	'9'	'a'	REJECT
qemu_calc	1845	14	50	event pcr=12 #1	'a'	'b'	REJECT
qemu_calc	1846	14	51	event pcr=12 #1	'2'	'3'	REJECT
qemu_calc	1847	14	52	event pcr=12 #1	'8'	'9'	REJECT
qemu_calc	1848	14	53	event pcr=12 #1	'c'	'd'	REJECT
qemu_calc	1849	14	54	event pcr=12 #1	'7'	'8'	REJECT
qemu_calc	1850	14	55	event pcr=12 #1	'6'	'7'	REJECT
qemu_calc	1851	14	56	event pcr=12 #1	'c'	'd'	REJECT
qemu_calc	1852	14	57	event pcr=12 #1	'6'	'7'	REJECT
qemu_calc	1853	14	58	event pcr=12 #1	'f'	'0'	REJECT
qemu_calc	1854	14	59	event pcr=12 #1	'2'	'3'	REJECT
qemu_calc	1855	14	60	event pcr=12 #1	'2'	'3'	REJECT
qemu_calc	1856	14	61	event pcr=12 #1	'7'	'8'	REJECT
qemu_calc	1857	14	62	event pcr=12 #1	'f'	'0'	REJECT
qemu_calc	1858	14	63	event pcr=12 #1	'8'	'9'	REJECT
qemu_calc	1859	14	64	event pcr=12 #1	'c'	'd'	REJECT
qemu_calc	1860	14	65	event pcr=12 #1	'3'	'4'	REJECT
qemu_calc	1861	14	66	event pcr=12 #1	'4'	'5'	REJECT
qemu_calc	1862	14	67	event pcr=12 #1	'9'	'a'	REJECT
qemu_calc	1863	14	68	event pcr=12 #1	'1'	'2'	REJECT
qemu_calc	1864	14	69	event pcr=12 #1	'e'	'f'	REJECT
qemu_calc	1865	14	70	event pcr=12 #1	'3'	'4'	REJECT
qemu_calc	1866	14	71	event pcr=12 #1	'e'	'f'	REJECT
qemu_calc	1867	14	72	event pcr=12 #1	'e'	'f'	REJECT
qemu_calc	1868	14	73	event pcr=12 #1	'1'	'2'	REJECT
qemu_calc	1869	14	74	event pcr=12 #1	'c'	'd'	REJECT
qemu_calc	1870	14	75	event pcr=12 #1	'1'	'2'	REJECT
qemu_calc	1871	14	76	event pcr=12 #1	'e'	'f'	REJECT
qemu_calc	1872	14	77	event pcr=12 #1	'5'	'6'	REJECT
qemu_calc	1873	14	78	event pcr=12 #1	'4'	'5'	REJECT
qemu_calc	1874	14	79	event pcr=12 #1	'a'	'b'	REJECT
qemu_calc	1875	14	80	event pcr=12 #1	'2'	'3'	REJECT
qemu_calc	1876	14	81	event pcr=12 #1	'b'	'c'	REJECT
qemu_calc	1877	14	82	event pcr=12 #1	'0'	'1'	REJECT
qemu_calc	1878	14	83	event pcr=12 #1	'a'	'b'	REJECT
qemu_calc	1879	14	84	event pcr=12 #1	'9'	'a'	REJECT
qemu_calc	1880	14	85	event pcr=12 #1	'6'	'7'	REJECT
qemu_calc	1881	14	86	event pcr=12 #1	'8'	'9'	REJECT
qemu_calc	1882	14	87	event pcr=12 #1	'9'	'a'	REJECT
qemu_calc	1883	14	88	event pcr=12 #1	'4'	'5'	REJECT
qemu_calc	1884	14	89	event pcr=12 #1	'd'	'e'	REJECT
qemu_calc	1885	14	90	event pcr=12 #1	'1'	'2'	REJECT
qemu_calc	1886	14	91	event pcr=12 #1	'9'	'a'	REJECT
qemu_calc	1887	14	92	event pcr=12 #1	'e'	'f'	REJECT
qemu_calc	1888	14	93	event pcr=12 #1	' '	'X'	REJECT
qemu_calc	1889	14	94	event pcr=12 #1	'd'	'e'	REJECT
qemu_calc	1890	14	95	event pcr=12 #1	'a'	'b'	REJECT
qemu_calc	1891	14	96	event pcr=12 #1	't'	'u'	REJECT
qemu_calc	1892	14	97	event pcr=12 #1	'a'	'b'	REJECT
qemu_calc	1893	14	98	event pcr=12 #1	'='	'X'	REJECT
qemu_calc	1894	14	99	event pcr=12 #1	'A'	'B'	REJECT
qemu_calc	1895	14	100	event pcr=12 #1	'E'	'F'	REJECT
qemu_calc	1896	14	101	event pcr=12 #1	'G'	'H'	REJECT
qemu_calc	1897	14	102	event pcr=12 #1	'I'	'J'	REJECT
qemu_calc	1898	14	103	event pcr=12 #1	'S'	'T'	REJECT
qemu_calc	1899	14	104	event pcr=12 #1	'-'	'X'	REJECT
qemu_calc	1900	14	105	event pcr=12 #1	'M'	'N'	REJECT
qemu_calc	1901	14	106	event pcr=12 #1	'E'	'F'	REJECT
qemu_calc	1902	14	107	event pcr=12 #1	'A'	'B'	REJECT
qemu_calc	1903	14	108	event pcr=12 #1	'S'	'T'	REJECT
qemu_calc	1904	14	109	event pcr=12 #1	'U'	'V'	REJECT
qemu_calc	1905	14	110	event pcr=12 #1	'R'	'S'	REJECT
qemu_calc	1906	14	111	event pcr=12 #1	'E'	'F'	REJECT
qemu_calc	1907	14	112	event pcr=12 #1	' '	'X'	REJECT
qemu_calc	1908	14	113	event pcr=12 #1	'v'	'w'	REJECT
qemu_calc	1909	14	114	event pcr=12 #1	'0'	'1'	REJECT
qemu_calc	1910	14	115	event pcr=12 #1	' '	'X'	REJECT
qemu_calc	1911	14	116	event pcr=12 #1	'a'	'b'	REJECT
qemu_calc	1912	14	117	event pcr=12 #1	'r'	's'	REJECT
qemu_calc	1913	14	118	event pcr=12 #1	't'	'u'	REJECT
qemu_calc	1914	14	119	event pcr=12 #1	'i'	'j'	REJECT
qemu_calc	1915	14	120	event pcr=12 #1	'f'	'0'	REJECT
qemu_calc	1916	14	121	event pcr=12 #1	'a'	'b'	REJECT
qemu_calc	1917	14	122	event pcr=12 #1	'c'	'd'	REJECT
qemu_calc	1918	14	123	event pcr=12 #1	't'	'u'	REJECT
qemu_calc	1919	14	124	event pcr=12 #1	'='	'X'	REJECT
qemu_calc	1920	14	125	event pcr=12 #1	'E'	'F'	REJECT
qemu_calc	1921	14	126	event pcr=12 #1	'M'	'N'	REJECT
qemu_calc	1922	14	127	event pcr=12 #1	'B'	'C'	REJECT
qemu_calc	1923	14	128	event pcr=12 #1	'E'	'F'	REJECT
qemu_calc	1924	14	129	event pcr=12 #1	'D'	'E'	REJECT
qemu_calc	1925	14	130	event pcr=12 #1	'.'	'X'	REJECT
qemu_calc	1926	14	131	event pcr=12 #1	'B'	'C'	REJECT
qemu_calc	1927	14	132	event pcr=12 #1	'I'	'J'	REJECT
qemu_calc	1928	14	133	event pcr=12 #1	'N'	'O'	REJECT
qemu_calc	1929	14	134	event pcr=12 #1	' '	'X'	REJECT
qemu_calc	1930	14	135	event pcr=12 #1	'b'	'c'	REJECT
qemu_calc	1931	14	136	event pcr=12 #1	'y'	'z'	REJECT
qemu_calc	1932	14	137	event pcr=12 #1	't'	'u'	REJECT
qemu_calc	1933	14	138	event pcr=12 #1	'e'	'f'	REJECT
qemu_calc	1934	14	139	event pcr=12 #1	's'	't'	REJECT
qemu_calc	1935	14	140	event pcr=12 #1	'='	'X'	REJECT
qemu_calc	1936	14	141	event pcr=12 #1	'9'	'a'	REJECT
qemu_calc	1937	14	142	event pcr=12 #1	'4'	'5'	REJECT
qemu_calc	1938	14	143	event pcr=12 #1	'3'	'4'	REJECT
qemu_calc	1939	14	144	event pcr=12 #1	'7'	'8'	REJECT
qemu_calc	1940	14	145	event pcr=12 #1	'1'	'2'	REJECT
qemu_calc	1941	14	146	event pcr=12 #1	'8'	'9'	REJECT
qemu_calc	1942	14	147	event pcr=12 #1	'4'	'5'	REJECT
qemu_calc	1943	14	148	event pcr=12 #1	' '	'X'	REJECT
qemu_calc	1944	14	149	event pcr=12 #1	's'	't'	REJECT
qemu_calc	1945	14	150	event pcr=12 #1	'h'	'i'	REJECT
qemu_calc	1946	14	151	event pcr=12 #1	'a'	'b'	REJECT
qemu_calc	1947	14	152	event pcr=12 #1	'2'	'3'	REJECT
qemu_calc	1948	14	153	event pcr=12 #1	'5'	'6'	REJECT
qemu_calc	1949	14	154	event pcr=12 #1	'6'	'7'	REJECT
qemu_calc	1950	14	155	event pcr=12 #1	'='	'X'	REJECT
qemu_calc	1951	14	156	event pcr=12 #1	'8'	'9'	REJECT
qemu_calc	1952	14	157	event pcr=12 #1	'c'	'd'	REJECT
qemu_calc	1953	14	158	event pcr=12 #1	'b'	'c'	REJECT
qemu_calc	1954	14	159	event pcr=12 #1	'c'	'd'	REJECT
qemu_calc	1955	14	160	event pcr=12 #1	'd'	'e'	REJECT
qemu_calc	1956	14	161	event pcr=12 #1	'6'	'7'	REJECT
qemu_calc	1957	14	162	event pcr=12 #1	'b'	'c'	REJECT
qemu_calc	1958	14	163	event pcr=12 #1	'6'	'7'	REJECT
qemu_calc	1959	14	164	event pcr=12 #1	'9'	'a'	REJECT
qemu_calc	1960	14	165	event pcr=12 #1	'd'	'e'	REJECT
qemu_calc	1961	14	166	event pcr=12 #1	'f'	'0'	REJECT
qemu_calc	1962	14	167	event pcr=12 #1	'0'	'1'	REJECT
qemu_calc	1963	14	168	event pcr=12 #1	'3'	'4'	REJECT
qemu_calc	1964	14	169	event pcr=12 #1	'5'	'6'	REJECT
qemu_calc	1965	14	170	event pcr=12 #1	'3'	'4'	REJECT
qemu_calc	1966	14	171	event pcr=12 #1	'9'	'a'	REJECT
qemu_calc	1967	14	172	event pcr=12 #1	'c'	'd'	REJECT
qemu_calc	1968	14	173	event pcr=12 #1	'd'	'e'	REJECT
qemu_calc	1969	14	174	event pcr=12 #1	'4'	'5'	REJECT
qemu_calc	1970	14	175	event pcr=12 #1	'6'	'7'	REJECT
qemu_calc	1971	14	176	event pcr=12 #1	'3'	'4'	REJECT
qemu_calc	1972	14	177	event pcr=12 #1	'8'	'9'	REJECT
qemu_calc	1973	14	178	event pcr=12 #1	'4'	'5'	REJECT
qemu_calc	1974	14	179	event pcr=12 #1	'4'	'5'	REJECT
qemu_calc	1975	14	180	event pcr=12 #1	'0'	'1'	REJECT
qemu_calc	1976	14	181	event pcr=12 #1	'f'	'0'	REJECT
qemu_calc	1977	14	182	event pcr=12 #1	'b'	'c'	REJECT
qemu_calc	1978	14	183	event pcr=12 #1	'9'	'a'	REJECT
qemu_calc	1979	14	184	event pcr=12 #1	'0'	'1'	REJECT
qemu_calc	1980	14	185	event pcr=12 #1	'3'	'4'	REJECT
qemu_calc	1981	14	186	event pcr=12 #1	'9'	'a'	REJECT
qemu_calc	1982	14	187	event pcr=12 #1	'1'	'2'	REJECT
qemu_calc	1983	14	188	event pcr=12 #1	'0'	'1'	REJECT
qemu_calc	1984	14	189	event pcr=12 #1	'3'	'4'	REJECT
qemu_calc	1985	14	190	event pcr=12 #1	'2'	'3'	REJECT
qemu_calc	1986	14	191	event pcr=12 #1	'5'	'6'	REJECT
qemu_calc	1987	14	192	event pcr=12 #1	'b'	'c'	REJECT
qemu_calc	1988	14	193	event pcr=12 #1	'7'	'8'	REJECT
qemu_calc	1989	14	194	event pcr=12 #1	'f'	'0'	REJECT
qemu_calc	1990	14	195	event pcr=12 #1	'6'	'7'	REJECT
qemu_calc	1991	14	196	event pcr=12 #1	'8'	'9'	REJECT
qemu_calc	1992	14	197	event pcr=12 #1	'5'	'6'	REJECT
qemu_calc	1993	14	198	event pcr=12 #1	'3'	'4'	REJECT
qemu_calc	1994	14	199	event pcr=12 #1	'3'	'4'	REJECT
qemu_calc	1995	14	200	event pcr=12 #1	'4'	'5'	REJECT
qemu_calc	1996	14	201	event pcr=12 #1	'9'	'a'	REJECT
qemu_calc	1997	14	202	event pcr=12 #1	'c'	'd'	REJECT
qemu_calc	1998	14	203	event pcr=12 #1	'5'	'6'	REJECT
qemu_calc	1999	14	204	event pcr=12 #1	'b'	'c'	REJECT
qemu_calc	2000	14	205	event pcr=12 #1	'b'	'c'	REJECT
qemu_calc	2001	14	206	event pcr=12 #1	'5'	'6'	REJECT
qemu_calc	2002	14	207	event pcr=12 #1	'7'	'8'	REJECT
qemu_calc	2003	14	208	event pcr=12 #1	'7'	'8'	REJECT
qemu_calc	2004	14	209	event pcr=12 #1	'8'	'9'	REJECT
qemu_calc	2005	14	210	event pcr=12 #1	'e'	'f'	REJECT
qemu_calc	2006	14	211	event pcr=12 #1	'4'	'5'	REJECT
qemu_calc	2007	14	212	event pcr=12 #1	'1'	'2'	REJECT
qemu_calc	2008	14	213	event pcr=12 #1	'3'	'4'	REJECT
qemu_calc	2009	14	214	event pcr=12 #1	'f'	'0'	REJECT
qemu_calc	2010	14	215	event pcr=12 #1	'a'	'b'	REJECT
qemu_calc	2011	14	216	event pcr=12 #1	'f'	'0'	REJECT
qemu_calc	2012	14	217	event pcr=12 #1	'e'	'f'	REJECT
qemu_calc	2013	14	218	event pcr=12 #1	'f'	'0'	REJECT
qemu_calc	2014	14	219	event pcr=12 #1	'0'	'1'	REJECT
qemu_calc	2015	14	220	event pcr=12 #1	'\n'	' '	REJECT
qemu_calc	2016	15	0	event pcr=12 #2	'e'	'f'	REJECT
qemu_calc	2017	15	1	event pcr=12 #2	'v'	'w'	REJECT
qemu_calc	2018	15	2	event pcr=12 #2	'e'	'f'	REJECT
qemu_calc	2019	15	3	event pcr=12 #2	'n'	'o'	REJECT
qemu_calc	2020	15	4	event pcr=12 #2	't'	'u'	REJECT
qemu_calc	2021	15	5	event pcr=12 #2	' '	'X'	REJECT
qemu_calc	2022	15	6	event pcr=12 #2	'p'	'q'	REJECT
qemu_calc	2023	15	7	event pcr=12 #2	'c'	'd'	REJECT
qemu_calc	2024	15	8	event pcr=12 #2	'r'	's'	REJECT
qemu_calc	2025	15	9	event pcr=12 #2	'='	'X'	REJECT
qemu_calc	2026	15	10	event pcr=12 #2	'1'	'2'	REJECT
qemu_calc	2027	15	11	event pcr=12 #2	'2'	'3'	REJECT
qemu_calc	2028	15	12	event pcr=12 #2	' '	'X'	REJECT
qemu_calc	2029	15	13	event pcr=12 #2	't'	'u'	REJECT
qemu_calc	2030	15	14	event pcr=12 #2	'y'	'z'	REJECT
qemu_calc	2031	15	15	event pcr=12 #2	'p'	'q'	REJECT
qemu_calc	2032	15	16	event pcr=12 #2	'e'	'f'	REJECT
qemu_calc	2033	15	17	event pcr=12 #2	'='	'X'	REJECT
qemu_calc	2034	15	18	event pcr=12 #2	'0'	'1'	REJECT
qemu_calc	2035	15	19	event pcr=12 #2	'x'	'y'	REJECT
qemu_calc	2036	15	20	event pcr=12 #2	'd'	'e'	REJECT
qemu_calc	2037	15	21	event pcr=12 #2	' '	'X'	REJECT
qemu_calc	2038	15	22	event pcr=12 #2	's'	't'	REJECT
qemu_calc	2039	15	23	event pcr=12 #2	'h'	'i'	REJECT
qemu_calc	2040	15	24	event pcr=12 #2	'a'	'b'	REJECT
qemu_calc	2041	15	25	event pcr=12 #2	'2'	'3'	REJECT
qemu_calc	2042	15	26	event pcr=12 #2	'5'	'6'	REJECT
qemu_calc	2043	15	27	event pcr=12 #2	'6'	'7'	REJECT
qemu_calc	2044	15	28	event pcr=12 #2	'='	'X'	REJECT
qemu_calc	2045	15	29	event pcr=12 #2	'0'	'1'	REJECT
qemu_calc	2046	15	30	event pcr=12 #2	'7'	'8'	REJECT
qemu_calc	2047	15	31	event pcr=12 #2	'9'	'a'	REJECT
qemu_calc	2048	15	32	event pcr=12 #2	'7'	'8'	REJECT
qemu_calc	2049	15	33	event pcr=12 #2	'8'	'9'	REJECT
qemu_calc	2050	15	34	event pcr=12 #2	'1'	'2'	REJECT
qemu_calc	2051	15	35	event pcr=12 #2	'5'	'6'	REJECT
qemu_calc	2052	15	36	event pcr=12 #2	'4'	'5'	REJECT
qemu_calc	2053	15	37	event pcr=12 #2	'b'	'c'	REJECT
qemu_calc	2054	15	38	event pcr=12 #2	'4'	'5'	REJECT
qemu_calc	2055	15	39	event pcr=12 #2	'2'	'3'	REJECT
qemu_calc	2056	15	40	event pcr=12 #2	'4'	'5'	REJECT
qemu_calc	2057	15	41	event pcr=12 #2	'8'	'9'	REJECT
qemu_calc	2058	15	42	event pcr=12 #2	'd'	'e'	REJECT
qemu_calc	2059	15	43	event pcr=12 #2	'd'	'e'	REJECT
qemu_calc	2060	15	44	event pcr=12 #2	'e'	'f'	REJECT
qemu_calc	2061	15	45	event pcr=12 #2	'7'	'8'	REJECT
qemu_calc	2062	15	46	event pcr=12 #2	'1'	'2'	REJECT
qemu_calc	2063	15	47	event pcr=12 #2	'3'	'4'	REJECT
qemu_calc	2064	15	48	event pcr=12 #2	'8'	'9'	REJECT
qemu_calc	2065	15	49	event pcr=12 #2	'c'	'd'	REJECT
qemu_calc	2066	15	50	event pcr=12 #2	'f'	'0'	REJECT
qemu_calc	2067	15	51	event pcr=12 #2	'9'	'a'	REJECT
qemu_calc	2068	15	52	event pcr=12 #2	'6'	'7'	REJECT
qemu_calc	2069	15	53	event pcr=12 #2	'f'	'0'	REJECT
qemu_calc	2070	15	54	event pcr=12 #2	'4'	'5'	REJECT
qemu_calc	2071	15	55	event pcr=12 #2	'f'	'0'	REJECT
qemu_calc	2072	15	56	event pcr=12 #2	'f'	'0'	REJECT
qemu_calc	2073	15	57	event pcr=12 #2	'f'	'0'	REJECT
qemu_calc	2074	15	58	event pcr=12 #2	'4'	'5'	REJECT
qemu_calc	2075	15	59	event pcr=12 #2	'd'	'e'	REJECT
qemu_calc	2076	15	60	event pcr=12 #2	'c'	'd'	REJECT
qemu_calc	2077	15	61	event pcr=12 #2	'8'	'9'	REJECT
qemu_calc	2078	15	62	event pcr=12 #2	'd'	'e'	REJECT
qemu_calc	2079	15	63	event pcr=12 #2	'5'	'6'	REJECT
qemu_calc	2080	15	64	event pcr=12 #2	'f'	'0'	REJECT
qemu_calc	2081	15	65	event pcr=12 #2	'8'	'9'	REJECT
qemu_calc	2082	15	66	event pcr=12 #2	'3'	'4'	REJECT
qemu_calc	2083	15	67	event pcr=12 #2	'0'	'1'	REJECT
qemu_calc	2084	15	68	event pcr=12 #2	'6'	'7'	REJECT
qemu_calc	2085	15	69	event pcr=12 #2	'f'	'0'	REJECT
qemu_calc	2086	15	70	event pcr=12 #2	'e'	'f'	REJECT
qemu_calc	2087	15	71	event pcr=12 #2	'e'	'f'	REJECT
qemu_calc	2088	15	72	event pcr=12 #2	'5'	'6'	REJECT
qemu_calc	2089	15	73	event pcr=12 #2	'3'	'4'	REJECT
qemu_calc	2090	15	74	event pcr=12 #2	'd'	'e'	REJECT
qemu_calc	2091	15	75	event pcr=12 #2	'0'	'1'	REJECT
qemu_calc	2092	15	76	event pcr=12 #2	'2'	'3'	REJECT
qemu_calc	2093	15	77	event pcr=12 #2	'2'	'3'	REJECT
qemu_calc	2094	15	78	event pcr=12 #2	'a'	'b'	REJECT
qemu_calc	2095	15	79	event pcr=12 #2	'1'	'2'	REJECT
qemu_calc	2096	15	80	event pcr=12 #2	'a'	'b'	REJECT
qemu_calc	2097	15	81	event pcr=12 #2	'4'	'5'	REJECT
qemu_calc	2098	15	82	event pcr=12 #2	'8'	'9'	REJECT
qemu_calc	2099	15	83	event pcr=12 #2	'a'	'b'	REJECT
qemu_calc	2100	15	84	event pcr=12 #2	'5'	'6'	REJECT
qemu_calc	2101	15	85	event pcr=12 #2	'd'	'e'	REJECT
qemu_calc	2102	15	86	event pcr=12 #2	'2'	'3'	REJECT
qemu_calc	2103	15	87	event pcr=12 #2	'9'	'a'	REJECT
qemu_calc	2104	15	88	event pcr=12 #2	'1'	'2'	REJECT
qemu_calc	2105	15	89	event pcr=12 #2	'0'	'1'	REJECT
qemu_calc	2106	15	90	event pcr=12 #2	'e'	'f'	REJECT
qemu_calc	2107	15	91	event pcr=12 #2	'6'	'7'	REJECT
qemu_calc	2108	15	92	event pcr=12 #2	'd'	'e'	REJECT
qemu_calc	2109	15	93	event pcr=12 #2	' '	'X'	REJECT
qemu_calc	2110	15	94	event pcr=12 #2	'd'	'e'	REJECT
qemu_calc	2111	15	95	event pcr=12 #2	'a'	'b'	REJECT
qemu_calc	2112	15	96	event pcr=12 #2	't'	'u'	REJECT
qemu_calc	2113	15	97	event pcr=12 #2	'a'	'b'	REJECT
qemu_calc	2114	15	98	event pcr=12 #2	'='	'X'	REJECT
qemu_calc	2115	15	99	event pcr=12 #2	'A'	'B'	REJECT
qemu_calc	2116	15	100	event pcr=12 #2	'E'	'F'	REJECT
qemu_calc	2117	15	101	event pcr=12 #2	'G'	'H'	REJECT
qemu_calc	2118	15	102	event pcr=12 #2	'I'	'J'	REJECT
qemu_calc	2119	15	103	event pcr=12 #2	'S'	'T'	REJECT
qemu_calc	2120	15	104	event pcr=12 #2	'-'	'X'	REJECT
qemu_calc	2121	15	105	event pcr=12 #2	'M'	'N'	REJECT
qemu_calc	2122	15	106	event pcr=12 #2	'E'	'F'	REJECT
qemu_calc	2123	15	107	event pcr=12 #2	'A'	'B'	REJECT
qemu_calc	2124	15	108	event pcr=12 #2	'S'	'T'	REJECT
qemu_calc	2125	15	109	event pcr=12 #2	'U'	'V'	REJECT
qemu_calc	2126	15	110	event pcr=12 #2	'R'	'S'	REJECT
qemu_calc	2127	15	111	event pcr=12 #2	'E'	'F'	REJECT
qemu_calc	2128	15	112	event pcr=12 #2	' '	'X'	REJECT
qemu_calc	2129	15	113	event pcr=12 #2	'v'	'w'	REJECT
qemu_calc	2130	15	114	event pcr=12 #2	'0'	'1'	REJECT
qemu_calc	2131	15	115	event pcr=12 #2	' '	'X'	REJECT
qemu_calc	2132	15	116	event pcr=12 #2	'a'	'b'	REJECT
qemu_calc	2133	15	117	event pcr=12 #2	'r'	's'	REJECT
qemu_calc	2134	15	118	event pcr=12 #2	't'	'u'	REJECT
qemu_calc	2135	15	119	event pcr=12 #2	'i'	'j'	REJECT
qemu_calc	2136	15	120	event pcr=12 #2	'f'	'0'	REJECT
qemu_calc	2137	15	121	event pcr=12 #2	'a'	'b'	REJECT
qemu_calc	2138	15	122	event pcr=12 #2	'c'	'd'	REJECT
qemu_calc	2139	15	123	event pcr=12 #2	't'	'u'	REJECT
qemu_calc	2140	15	124	event pcr=12 #2	'='	'X'	REJECT
qemu_calc	2141	15	125	event pcr=12 #2	'V'	'W'	REJECT
qemu_calc	2142	15	126	event pcr=12 #2	'O'	'P'	REJECT
qemu_calc	2143	15	127	event pcr=12 #2	'C'	'D'	REJECT
qemu_calc	2144	15	128	event pcr=12 #2	'A'	'B'	REJECT
qemu_calc	2145	15	129	event pcr=12 #2	'B'	'C'	REJECT
qemu_calc	2146	15	130	event pcr=12 #2	'.'	'X'	REJECT
qemu_calc	2147	15	131	event pcr=12 #2	'B'	'C'	REJECT
qemu_calc	2148	15	132	event pcr=12 #2	'I'	'J'	REJECT
qemu_calc	2149	15	133	event pcr=12 #2	'N'	'O'	REJECT
qemu_calc	2150	15	134	event pcr=12 #2	' '	'X'	REJECT
qemu_calc	2151	15	135	event pcr=12 #2	'b'	'c'	REJECT
qemu_calc	2152	15	136	event pcr=12 #2	'y'	'z'	REJECT
qemu_calc	2153	15	137	event pcr=12 #2	't'	'u'	REJECT
qemu_calc	2154	15	138	event pcr=12 #2	'e'	'f'	REJECT
qemu_calc	2155	15	139	event pcr=12 #2	's'	't'	REJECT
qemu_calc	2156	15	140	event pcr=12 #2	'='	'X'	REJECT
qemu_calc	2157	15	141	event pcr=12 #2	'2'	'3'	REJECT
qemu_calc	2158	15	142	event pcr=12 #2	'5'	'6'	REJECT
qemu_calc	2159	15	143	event pcr=12 #2	'3'	'4'	REJECT
qemu_calc	2160	15	144	event pcr=12 #2	'3'	'4'	REJECT
qemu_calc	2161	15	145	event pcr=12 #2	'7'	'8'	REJECT
qemu_calc	2162	15	146	event pcr=12 #2	'7'	'8'	REJECT
qemu_calc	2163	15	147	event pcr=12 #2	' '	'X'	REJECT
qemu_calc	2164	15	148	event pcr=12 #2	's'	't'	REJECT
qemu_calc	2165	15	149	event pcr=12 #2	'h'	'i'	REJECT
qemu_calc	2166	15	150	event pcr=12 #2	'a'	'b'	REJECT
qemu_calc	2167	15	151	event pcr=12 #2	'2'	'3'	REJECT
qemu_calc	2168	15	152	event pcr=12 #2	'5'	'6'	REJECT
qemu_calc	2169	15	153	event pcr=12 #2	'6'	'7'	REJECT
qemu_calc	2170	15	154	event pcr=12 #2	'='	'X'	REJECT
qemu_calc	2171	15	155	event pcr=12 #2	'a'	'b'	REJECT
qemu_calc	2172	15	156	event pcr=12 #2	'4'	'5'	REJECT
qemu_calc	2173	15	157	event pcr=12 #2	'c'	'd'	REJECT
qemu_calc	2174	15	158	event pcr=12 #2	'a'	'b'	REJECT
qemu_calc	2175	15	159	event pcr=12 #2	'f'	'0'	REJECT
qemu_calc	2176	15	160	event pcr=12 #2	'c'	'd'	REJECT
qemu_calc	2177	15	161	event pcr=12 #2	'9'	'a'	REJECT
qemu_calc	2178	15	162	event pcr=12 #2	'6'	'7'	REJECT
qemu_calc	2179	15	163	event pcr=12 #2	'4'	'5'	REJECT
qemu_calc	2180	15	164	event pcr=12 #2	'9'	'a'	REJECT
qemu_calc	2181	15	165	event pcr=12 #2	'4'	'5'	REJECT
qemu_calc	2182	15	166	event pcr=12 #2	'8'	'9'	REJECT
qemu_calc	2183	15	167	event pcr=12 #2	'8'	'9'	REJECT
qemu_calc	2184	15	168	event pcr=12 #2	'9'	'a'	REJECT
qemu_calc	2185	15	169	event pcr=12 #2	'8'	'9'	REJECT
qemu_calc	2186	15	170	event pcr=12 #2	'7'	'8'	REJECT
qemu_calc	2187	15	171	event pcr=12 #2	'a'	'b'	REJECT
qemu_calc	2188	15	172	event pcr=12 #2	'8'	'9'	REJECT
qemu_calc	2189	15	173	event pcr=12 #2	'e'	'f'	REJECT
qemu_calc	2190	15	174	event pcr=12 #2	'b'	'c'	REJECT
qemu_calc	2191	15	175	event pcr=12 #2	'0'	'1'	REJECT
qemu_calc	2192	15	176	event pcr=12 #2	'5'	'6'	REJECT
qemu_calc	2193	15	177	event pcr=12 #2	'3'	'4'	REJECT
qemu_calc	2194	15	178	event pcr=12 #2	'4'	'5'	REJECT
qemu_calc	2195	15	179	event pcr=12 #2	'7'	'8'	REJECT
qemu_calc	2196	15	180	event pcr=12 #2	'6'	'7'	REJECT
qemu_calc	2197	15	181	event pcr=12 #2	'd'	'e'	REJECT
qemu_calc	2198	15	182	event pcr=12 #2	'3'	'4'	REJECT
qemu_calc	2199	15	183	event pcr=12 #2	'8'	'9'	REJECT
qemu_calc	2200	15	184	event pcr=12 #2	'9'	'a'	REJECT
qemu_calc	2201	15	185	event pcr=12 #2	'b'	'c'	REJECT
qemu_calc	2202	15	186	event pcr=12 #2	'd'	'e'	REJECT
qemu_calc	2203	15	187	event pcr=12 #2	'9'	'a'	REJECT
qemu_calc	2204	15	188	event pcr=12 #2	'a'	'b'	REJECT
qemu_calc	2205	15	189	event pcr=12 #2	'6'	'7'	REJECT
qemu_calc	2206	15	190	event pcr=12 #2	'7'	'8'	REJECT
qemu_calc	2207	15	191	event pcr=12 #2	'5'	'6'	REJECT
qemu_calc	2208	15	192	event pcr=12 #2	'4'	'5'	REJECT
qemu_calc	2209	15	193	event pcr=12 #2	'0'	'1'	REJECT
qemu_calc	2210	15	194	event pcr=12 #2	'5'	'6'	REJECT
qemu_calc	2211	15	195	event pcr=12 #2	'c'	'd'	REJECT
qemu_calc	2212	15	196	event pcr=12 #2	'5'	'6'	REJECT
qemu_calc	2213	15	197	event pcr=12 #2	'1'	'2'	REJECT
qemu_calc	2214	15	198	event pcr=12 #2	'b'	'c'	REJECT
qemu_calc	2215	15	199	event pcr=12 #2	'f'	'0'	REJECT
qemu_calc	2216	15	200	event pcr=12 #2	'c'	'd'	REJECT
qemu_calc	2217	15	201	event pcr=12 #2	'4'	'5'	REJECT
qemu_calc	2218	15	202	event pcr=12 #2	'2'	'3'	REJECT
qemu_calc	2219	15	203	event pcr=12 #2	'e'	'f'	REJECT
qemu_calc	2220	15	204	event pcr=12 #2	'b'	'c'	REJECT
qemu_calc	2221	15	205	event pcr=12 #2	'd'	'e'	REJECT
qemu_calc	2222	15	206	event pcr=12 #2	'e'	'f'	REJECT
qemu_calc	2223	15	207	event pcr=12 #2	'd'	'e'	REJECT
qemu_calc	2224	15	208	event pcr=12 #2	'5'	'6'	REJECT
qemu_calc	2225	15	209	event pcr=12 #2	'4'	'5'	REJECT
qemu_calc	2226	15	210	event pcr=12 #2	'6'	'7'	REJECT
qemu_calc	2227	15	211	event pcr=12 #2	'a'	'b'	REJECT
qemu_calc	2228	15	212	event pcr=12 #2	'e'	'f'	REJECT
qemu_calc	2229	15	213	event pcr=12 #2	'6'	'7'	REJECT
qemu_calc	2230	15	214	event pcr=12 #2	'4'	'5'	REJECT
qemu_calc	2231	15	215	event pcr=12 #2	'e'	'f'	REJECT
qemu_calc	2232	15	216	event pcr=12 #2	'b'	'c'	REJECT
qemu_calc	2233	15	217	event pcr=12 #2	'1'	'2'	REJECT
qemu_calc	2234	15	218	event pcr=12 #2	'7'	'8'	REJECT
qemu_calc	2235	15	219	event pcr=12 #2	'\n'	' '	REJECT
qemu_calc	2236	16	0	event pcr=13 #0	'e'	'f'	REJECT
qemu_calc	2237	16	1	event pcr=13 #0	'v'	'w'	REJECT
qemu_calc	2238	16	2	event pcr=13 #0	'e'	'f'	REJECT
qemu_calc	2239	16	3	event pcr=13 #0	'n'	'o'	REJECT
qemu_calc	2240	16	4	event pcr=13 #0	't'	'u'	REJECT
qemu_calc	2241	16	5	event pcr=13 #0	' '	'X'	REJECT
qemu_calc	2242	16	6	event pcr=13 #0	'p'	'q'	REJECT
qemu_calc	2243	16	7	event pcr=13 #0	'c'	'd'	REJECT
qemu_calc	2244	16	8	event pcr=13 #0	'r'	's'	REJECT
qemu_calc	2245	16	9	event pcr=13 #0	'='	'X'	REJECT
qemu_calc	2246	16	10	event pcr=13 #0	'1'	'2'	REJECT
qemu_calc	2247	16	11	event pcr=13 #0	'3'	'4'	REJECT
qemu_calc	2248	16	12	event pcr=13 #0	' '	'X'	REJECT
qemu_calc	2249	16	13	event pcr=13 #0	't'	'u'	REJECT
qemu_calc	2250	16	14	event pcr=13 #0	'y'	'z'	REJECT
qemu_calc	2251	16	15	event pcr=13 #0	'p'	'q'	REJECT
qemu_calc	2252	16	16	event pcr=13 #0	'e'	'f'	REJECT
qemu_calc	2253	16	17	event pcr=13 #0	'='	'X'	REJECT
qemu_calc	2254	16	18	event pcr=13 #0	'0'	'1'	REJECT
qemu_calc	2255	16	19	event pcr=13 #0	'x'	'y'	REJECT
qemu_calc	2256	16	20	event pcr=13 #0	'd'	'e'	REJECT
qemu_calc	2257	16	21	event pcr=13 #0	' '	'X'	REJECT
qemu_calc	2258	16	22	event pcr=13 #0	's'	't'	REJECT
qemu_calc	2259	16	23	event pcr=13 #0	'h'	'i'	REJECT
qemu_calc	2260	16	24	event pcr=13 #0	'a'	'b'	REJECT
qemu_calc	2261	16	25	event pcr=13 #0	'2'	'3'	REJECT
qemu_calc	2262	16	26	event pcr=13 #0	'5'	'6'	REJECT
qemu_calc	2263	16	27	event pcr=13 #0	'6'	'7'	REJECT
qemu_calc	2264	16	28	event pcr=13 #0	'='	'X'	REJECT
qemu_calc	2265	16	29	event pcr=13 #0	'c'	'd'	REJECT
qemu_calc	2266	16	30	event pcr=13 #0	'c'	'd'	REJECT
qemu_calc	2267	16	31	event pcr=13 #0	'4'	'5'	REJECT
qemu_calc	2268	16	32	event pcr=13 #0	'3'	'4'	REJECT
qemu_calc	2269	16	33	event pcr=13 #0	'8'	'9'	REJECT
qemu_calc	2270	16	34	event pcr=13 #0	'4'	'5'	REJECT
qemu_calc	2271	16	35	event pcr=13 #0	'7'	'8'	REJECT
qemu_calc	2272	16	36	event pcr=13 #0	'c'	'd'	REJECT
qemu_calc	2273	16	37	event pcr=13 #0	'e'	'f'	REJECT
qemu_calc	2274	16	38	event pcr=13 #0	'0'	'1'	REJECT
qemu_calc	2275	16	39	event pcr=13 #0	'6'	'7'	REJECT
qemu_calc	2276	16	40	event pcr=13 #0	'3'	'4'	REJECT
qemu_calc	2277	16	41	event pcr=13 #0	'1'	'2'	REJECT
qemu_calc	2278	16	42	event pcr=13 #0	'9'	'a'	REJECT
qemu_calc	2279	16	43	event pcr=13 #0	'd'	'e'	REJECT
qemu_calc	2280	16	44	event pcr=13 #0	'6'	'7'	REJECT
qemu_calc	2281	16	45	event pcr=13 #0	'8'	'9'	REJECT
qemu_calc	2282	16	46	event pcr=13 #0	'1'	'2'	REJECT
qemu_calc	2283	16	47	event pcr=13 #0	'f'	'0'	REJECT
qemu_calc	2284	16	48	event pcr=13 #0	'1'	'2'	REJECT
qemu_calc	2285	16	49	event pcr=13 #0	'7'	'8'	REJECT
qemu_calc	2286	16	50	event pcr=13 #0	'5'	'6'	REJECT
qemu_calc	2287	16	51	event pcr=13 #0	'd'	'e'	REJECT
qemu_calc	2288	16	52	event pcr=13 #0	'3'	'4'	REJECT
qemu_calc	2289	16	53	event pcr=13 #0	'0'	'1'	REJECT
qemu_calc	2290	16	54	event pcr=13 #0	'a'	'b'	REJECT
qemu_calc	2291	16	55	event pcr=13 #0	'1'	'2'	REJECT
qemu_calc	2292	16	56	event pcr=13 #0	'9'	'a'	REJECT
qemu_calc	2293	16	57	event pcr=13 #0	'c'	'd'	REJECT
qemu_calc	2294	16	58	event pcr=13 #0	'f'	'0'	REJECT
qemu_calc	2295	16	59	event pcr=13 #0	'f'	'0'	REJECT
qemu_calc	2296	16	60	event pcr=13 #0	'f'	'0'	REJECT
qemu_calc	2297	16	61	event pcr=13 #0	'b'	'c'	REJECT
qemu_calc	2298	16	62	event pcr=13 #0	'1'	'2'	REJECT
qemu_calc	2299	16	63	event pcr=13 #0	'9'	'a'	REJECT
qemu_calc	2300	16	64	event pcr=13 #0	'f'	'0'	REJECT
qemu_calc	2301	16	65	event pcr=13 #0	'0'	'1'	REJECT
qemu_calc	2302	16	66	event pcr=13 #0	'c'	'd'	REJECT
qemu_calc	2303	16	67	event pcr=13 #0	'3'	'4'	REJECT
qemu_calc	2304	16	68	event pcr=13 #0	'f'	'0'	REJECT
qemu_calc	2305	16	69	event pcr=13 #0	'e'	'f'	REJECT
qemu_calc	2306	16	70	event pcr=13 #0	'd'	'e'	REJECT
qemu_calc	2307	16	71	event pcr=13 #0	'8'	'9'	REJECT
qemu_calc	2308	16	72	event pcr=13 #0	'b'	'c'	REJECT
qemu_calc	2309	16	73	event pcr=13 #0	'd'	'e'	REJECT
qemu_calc	2310	16	74	event pcr=13 #0	'4'	'5'	REJECT
qemu_calc	2311	16	75	event pcr=13 #0	'0'	'1'	REJECT
qemu_calc	2312	16	76	event pcr=13 #0	'9'	'a'	REJECT
qemu_calc	2313	16	77	event pcr=13 #0	'6'	'7'	REJECT
qemu_calc	2314	16	78	event pcr=13 #0	'9'	'a'	REJECT
qemu_calc	2315	16	79	event pcr=13 #0	'd'	'e'	REJECT
qemu_calc	2316	16	80	event pcr=13 #0	'b'	'c'	REJECT
qemu_calc	2317	16	81	event pcr=13 #0	'0'	'1'	REJECT
qemu_calc	2318	16	82	event pcr=13 #0	'2'	'3'	REJECT
qemu_calc	2319	16	83	event pcr=13 #0	'4'	'5'	REJECT
qemu_calc	2320	16	84	event pcr=13 #0	'5'	'6'	REJECT
qemu_calc	2321	16	85	event pcr=13 #0	'5'	'6'	REJECT
qemu_calc	2322	16	86	event pcr=13 #0	'9'	'a'	REJECT
qemu_calc	2323	16	87	event pcr=13 #0	'e'	'f'	REJECT
qemu_calc	2324	16	88	event pcr=13 #0	'0'	'1'	REJECT
qemu_calc	2325	16	89	event pcr=13 #0	'7'	'8'	REJECT
qemu_calc	2326	16	90	event pcr=13 #0	'2'	'3'	REJECT
qemu_calc	2327	16	91	event pcr=13 #0	'd'	'e'	REJECT
qemu_calc	2328	16	92	event pcr=13 #0	'b'	'c'	REJECT
qemu_calc	2329	16	93	event pcr=13 #0	' '	'X'	REJECT
qemu_calc	2330	16	94	event pcr=13 #0	'd'	'e'	REJECT
qemu_calc	2331	16	95	event pcr=13 #0	'a'	'b'	REJECT
qemu_calc	2332	16	96	event pcr=13 #0	't'	'u'	REJECT
qemu_calc	2333	16	97	event pcr=13 #0	'a'	'b'	REJECT
qemu_calc	2334	16	98	event pcr=13 #0	'='	'X'	REJECT
qemu_calc	2335	16	99	event pcr=13 #0	'A'	'B'	REJECT
qemu_calc	2336	16	100	event pcr=13 #0	'E'	'F'	REJECT
qemu_calc	2337	16	101	event pcr=13 #0	'G'	'H'	REJECT
qemu_calc	2338	16	102	event pcr=13 #0	'I'	'J'	REJECT
qemu_calc	2339	16	103	event pcr=13 #0	'S'	'T'	REJECT
qemu_calc	2340	16	104	event pcr=13 #0	'-'	'X'	REJECT
qemu_calc	2341	16	105	event pcr=13 #0	'R'	'S'	REJECT
qemu_calc	2342	16	106	event pcr=13 #0	'E'	'F'	REJECT
qemu_calc	2343	16	107	event pcr=13 #0	'C'	'D'	REJECT
qemu_calc	2344	16	108	event pcr=13 #0	'E'	'F'	REJECT
qemu_calc	2345	16	109	event pcr=13 #0	'I'	'J'	REJECT
qemu_calc	2346	16	110	event pcr=13 #0	'P'	'Q'	REJECT
qemu_calc	2347	16	111	event pcr=13 #0	'T'	'U'	REJECT
qemu_calc	2348	16	112	event pcr=13 #0	' '	'X'	REJECT
qemu_calc	2349	16	113	event pcr=13 #0	'v'	'w'	REJECT
qemu_calc	2350	16	114	event pcr=13 #0	'0'	'1'	REJECT
qemu_calc	2351	16	115	event pcr=13 #0	' '	'X'	REJECT
qemu_calc	2352	16	116	event pcr=13 #0	'm'	'n'	REJECT
qemu_calc	2353	16	117	event pcr=13 #0	'o'	'p'	REJECT
qemu_calc	2354	16	118	event pcr=13 #0	'd'	'e'	REJECT
qemu_calc	2355	16	119	event pcr=13 #0	'e'	'f'	REJECT
qemu_calc	2356	16	120	event pcr=13 #0	'='	'X'	REJECT
qemu_calc	2357	16	121	event pcr=13 #0	'm'	'n'	REJECT
qemu_calc	2358	16	122	event pcr=13 #0	'i'	'j'	REJECT
qemu_calc	2359	16	123	event pcr=13 #0	'n'	'o'	REJECT
qemu_calc	2360	16	124	event pcr=13 #0	't'	'u'	REJECT
qemu_calc	2361	16	125	event pcr=13 #0	' '	'X'	REJECT
qemu_calc	2362	16	126	event pcr=13 #0	's'	't'	REJECT
qemu_calc	2363	16	127	event pcr=13 #0	't'	'u'	REJECT
qemu_calc	2364	16	128	event pcr=13 #0	'e'	'f'	REJECT
qemu_calc	2365	16	129	event pcr=13 #0	'p'	'q'	REJECT
qemu_calc	2366	16	130	event pcr=13 #0	's'	't'	REJECT
qemu_calc	2367	16	131	event pcr=13 #0	'='	'X'	REJECT
qemu_calc	2368	16	132	event pcr=13 #0	'9'	'a'	REJECT
qemu_calc	2369	16	133	event pcr=13 #0	' '	'X'	REJECT
qemu_calc	2370	16	134	event pcr=13 #0	'c'	'd'	REJECT
qemu_calc	2371	16	135	event pcr=13 #0	'i'	'j'	REJECT
qemu_calc	2372	16	136	event pcr=13 #0	's'	't'	REJECT
qemu_calc	2373	16	137	event pcr=13 #0	'-'	'X'	REJECT
qemu_calc	2374	16	138	event pcr=13 #0	'd'	'e'	REJECT
qemu_calc	2375	16	139	event pcr=13 #0	'i'	'j'	REJECT
qemu_calc	2376	16	140	event pcr=13 #0	'g'	'h'	REJECT
qemu_calc	2377	16	141	event pcr=13 #0	'e'	'f'	REJECT
qemu_calc	2378	16	142	event pcr=13 #0	's'	't'	REJECT
qemu_calc	2379	16	143	event pcr=13 #0	't'	'u'	REJECT
qemu_calc	2380	16	144	event pcr=13 #0	'='	'X'	REJECT
qemu_calc	2381	16	145	event pcr=13 #0	'f'	'0'	REJECT
qemu_calc	2382	16	146	event pcr=13 #0	'd'	'e'	REJECT
qemu_calc	2383	16	147	event pcr=13 #0	'd'	'e'	REJECT
qemu_calc	2384	16	148	event pcr=13 #0	'e'	'f'	REJECT
qemu_calc	2385	16	149	event pcr=13 #0	'b'	'c'	REJECT
qemu_calc	2386	16	150	event pcr=13 #0	'e'	'f'	REJECT
qemu_calc	2387	16	151	event pcr=13 #0	'f'	'0'	REJECT
qemu_calc	2388	16	152	event pcr=13 #0	'c'	'd'	REJECT
qemu_calc	2389	16	153	event pcr=13 #0	'8'	'9'	REJECT
qemu_calc	2390	16	154	event pcr=13 #0	'4'	'5'	REJECT
qemu_calc	2391	16	155	event pcr=13 #0	'f'	'0'	REJECT
qemu_calc	2392	16	156	event pcr=13 #0	'1'	'2'	REJECT
qemu_calc	2393	16	157	event pcr=13 #0	'a'	'b'	REJECT
qemu_calc	2394	16	158	event pcr=13 #0	'd'	'e'	REJECT
qemu_calc	2395	16	159	event pcr=13 #0	'5'	'6'	REJECT
qemu_calc	2396	16	160	event pcr=13 #0	'8'	'9'	REJECT
qemu_calc	2397	16	161	event pcr=13 #0	' '	'X'	REJECT
qemu_calc	2398	16	162	event pcr=13 #0	'c'	'd'	REJECT
qemu_calc	2399	16	163	event pcr=13 #0	'h'	'i'	REJECT
qemu_calc	2400	16	164	event pcr=13 #0	'a'	'b'	REJECT
qemu_calc	2401	16	165	event pcr=13 #0	'i'	'j'	REJECT
qemu_calc	2402	16	166	event pcr=13 #0	'n'	'o'	REJECT
qemu_calc	2403	16	167	event pcr=13 #0	'='	'X'	REJECT
qemu_calc	2404	16	168	event pcr=13 #0	'6'	'7'	REJECT
qemu_calc	2405	16	169	event pcr=13 #0	'e'	'f'	REJECT
qemu_calc	2406	16	170	event pcr=13 #0	'6'	'7'	REJECT
qemu_calc	2407	16	171	event pcr=13 #0	'b'	'c'	REJECT
qemu_calc	2408	16	172	event pcr=13 #0	'2'	'3'	REJECT
qemu_calc	2409	16	173	event pcr=13 #0	'd'	'e'	REJECT
qemu_calc	2410	16	174	event pcr=13 #0	'd'	'e'	REJECT
qemu_calc	2411	16	175	event pcr=13 #0	'f'	'0'	REJECT
qemu_calc	2412	16	176	event pcr=13 #0	'1'	'2'	REJECT
qemu_calc	2413	16	177	event pcr=13 #0	'a'	'b'	REJECT
qemu_calc	2414	16	178	event pcr=13 #0	'8'	'9'	REJECT
qemu_calc	2415	16	179	event pcr=13 #0	'5'	'6'	REJECT
qemu_calc	2416	16	180	event pcr=13 #0	'2'	'3'	REJECT
qemu_calc	2417	16	181	event pcr=13 #0	'8'	'9'	REJECT
qemu_calc	2418	16	182	event pcr=13 #0	'e'	'f'	REJECT
qemu_calc	2419	16	183	event pcr=13 #0	'5'	'6'	REJECT
qemu_calc	2420	16	184	event pcr=13 #0	'9'	'a'	REJECT
qemu_calc	2421	16	185	event pcr=13 #0	'6'	'7'	REJECT
qemu_calc	2422	16	186	event pcr=13 #0	'6'	'7'	REJECT
qemu_calc	2423	16	187	event pcr=13 #0	'5'	'6'	REJECT
qemu_calc	2424	16	188	event pcr=13 #0	'e'	'f'	REJECT
qemu_calc	2425	16	189	event pcr=13 #0	'4'	'5'	REJECT
qemu_calc	2426	16	190	event pcr=13 #0	'3'	'4'	REJECT
qemu_calc	2427	16	191	event pcr=13 #0	'c'	'd'	REJECT
qemu_calc	2428	16	192	event pcr=13 #0	'c'	'd'	REJECT
qemu_calc	2429	16	193	event pcr=13 #0	'b'	'c'	REJECT
qemu_calc	2430	16	194	event pcr=13 #0	'0'	'1'	REJECT
qemu_calc	2431	16	195	event pcr=13 #0	'4'	'5'	REJECT
qemu_calc	2432	16	196	event pcr=13 #0	'4'	'5'	REJECT
qemu_calc	2433	16	197	event pcr=13 #0	'5'	'6'	REJECT
qemu_calc	2434	16	198	event pcr=13 #0	'e'	'f'	REJECT
qemu_calc	2435	16	199	event pcr=13 #0	'1'	'2'	REJECT
qemu_calc	2436	16	200	event pcr=13 #0	'8'	'9'	REJECT
qemu_calc	2437	16	201	event pcr=13 #0	'2'	'3'	REJECT
qemu_calc	2438	16	202	event pcr=13 #0	'd'	'e'	REJECT
qemu_calc	2439	16	203	event pcr=13 #0	'3'	'4'	REJECT
qemu_calc	2440	16	204	event pcr=13 #0	'd'	'e'	REJECT
qemu_calc	2441	16	205	event pcr=13 #0	'a'	'b'	REJECT
qemu_calc	2442	16	206	event pcr=13 #0	'5'	'6'	REJECT
qemu_calc	2443	16	207	event pcr=13 #0	'3'	'4'	REJECT
qemu_calc	2444	16	208	event pcr=13 #0	'd'	'e'	REJECT
qemu_calc	2445	16	209	event pcr=13 #0	'b'	'c'	REJECT
qemu_calc	2446	16	210	event pcr=13 #0	'2'	'3'	REJECT
qemu_calc	2447	16	211	event pcr=13 #0	'6'	'7'	REJECT
qemu_calc	2448	16	212	event pcr=13 #0	'2'	'3'	REJECT
qemu_calc	2449	16	213	event pcr=13 #0	'1'	'2'	REJECT
qemu_calc	2450	16	214	event pcr=13 #0	'7'	'8'	REJECT
qemu_calc	2451	16	215	event pcr=13 #0	'8'	'9'	REJECT
qemu_calc	2452	16	216	event pcr=13 #0	'6'	'7'	REJECT
qemu_calc	2453	16	217	event pcr=13 #0	'a'	'b'	REJECT
qemu_calc	2454	16	218	event pcr=13 #0	'f'	'0'	REJECT
qemu_calc	2455	16	219	event pcr=13 #0	'd'	'e'	REJECT
qemu_calc	2456	16	220	event pcr=13 #0	'9'	'a'	REJECT
qemu_calc	2457	16	221	event pcr=13 #0	'7'	'8'	REJECT
qemu_calc	2458	16	222	event pcr=13 #0	'e'	'f'	REJECT
qemu_calc	2459	16	223	event pcr=13 #0	'6'	'7'	REJECT
qemu_calc	2460	16	224	event pcr=13 #0	'0'	'1'	REJECT
qemu_calc	2461	16	225	event pcr=13 #0	'2'	'3'	REJECT
qemu_calc	2462	16	226	event pcr=13 #0	'3'	'4'	REJECT
qemu_calc	2463	16	227	event pcr=13 #0	'c'	'd'	REJECT
qemu_calc	2464	16	228	event pcr=13 #0	'4'	'5'	REJECT
qemu_calc	2465	16	229	event pcr=13 #0	'5'	'6'	REJECT
qemu_calc	2466	16	230	event pcr=13 #0	'e'	'f'	REJECT
qemu_calc	2467	16	231	event pcr=13 #0	'a'	'b'	REJECT
qemu_calc	2468	16	232	event pcr=13 #0	' '	'X'	REJECT
qemu_calc	2469	16	233	event pcr=13 #0	'v'	'w'	REJECT
qemu_calc	2470	16	234	event pcr=13 #0	'e'	'f'	REJECT
qemu_calc	2471	16	235	event pcr=13 #0	'r'	's'	REJECT
qemu_calc	2472	16	236	event pcr=13 #0	'd'	'e'	REJECT
qemu_calc	2473	16	237	event pcr=13 #0	'i'	'j'	REJECT
qemu_calc	2474	16	238	event pcr=13 #0	'c'	'd'	REJECT
qemu_calc	2475	16	239	event pcr=13 #0	't'	'u'	REJECT
qemu_calc	2476	16	240	event pcr=13 #0	'='	'X'	REJECT
qemu_calc	2477	16	241	event pcr=13 #0	'M'	'N'	REJECT
qemu_calc	2478	16	242	event pcr=13 #0	'I'	'J'	REJECT
qemu_calc	2479	16	243	event pcr=13 #0	'N'	'O'	REJECT
qemu_calc	2480	16	244	event pcr=13 #0	'T'	'U'	REJECT
qemu_calc	2481	16	245	event pcr=13 #0	'E'	'F'	REJECT
qemu_calc	2482	16	246	event pcr=13 #0	'D'	'E'	REJECT
qemu_calc	2483	16	247	event pcr=13 #0	'\n'	' '	REJECT
qemu_calc	2484	17	0	event pcr=12 #3	'e'	'f'	REJECT
qemu_calc	2485	17	1	event pcr=12 #3	'v'	'w'	REJECT
qemu_calc	2486	17	2	event pcr=12 #3	'e'	'f'	REJECT
qemu_calc	2487	17	3	event pcr=12 #3	'n'	'o'	REJECT
qemu_calc	2488	17	4	event pcr=12 #3	't'	'u'	REJECT
qemu_calc	2489	17	5	event pcr=12 #3	' '	'X'	REJECT
qemu_calc	2490	17	6	event pcr=12 #3	'p'	'q'	REJECT
qemu_calc	2491	17	7	event pcr=12 #3	'c'	'd'	REJECT
qemu_calc	2492	17	8	event pcr=12 #3	'r'	's'	REJECT
qemu_calc	2493	17	9	event pcr=12 #3	'='	'X'	REJECT
qemu_calc	2494	17	10	event pcr=12 #3	'1'	'2'	REJECT
qemu_calc	2495	17	11	event pcr=12 #3	'2'	'3'	REJECT
qemu_calc	2496	17	12	event pcr=12 #3	' '	'X'	REJECT
qemu_calc	2497	17	13	event pcr=12 #3	't'	'u'	REJECT
qemu_calc	2498	17	14	event pcr=12 #3	'y'	'z'	REJECT
qemu_calc	2499	17	15	event pcr=12 #3	'p'	'q'	REJECT
qemu_calc	2500	17	16	event pcr=12 #3	'e'	'f'	REJECT
qemu_calc	2501	17	17	event pcr=12 #3	'='	'X'	REJECT
qemu_calc	2502	17	18	event pcr=12 #3	'0'	'1'	REJECT
qemu_calc	2503	17	19	event pcr=12 #3	'x'	'y'	REJECT
qemu_calc	2504	17	20	event pcr=12 #3	'd'	'e'	REJECT
qemu_calc	2505	17	21	event pcr=12 #3	' '	'X'	REJECT
qemu_calc	2506	17	22	event pcr=12 #3	's'	't'	REJECT
qemu_calc	2507	17	23	event pcr=12 #3	'h'	'i'	REJECT
qemu_calc	2508	17	24	event pcr=12 #3	'a'	'b'	REJECT
qemu_calc	2509	17	25	event pcr=12 #3	'2'	'3'	REJECT
qemu_calc	2510	17	26	event pcr=12 #3	'5'	'6'	REJECT
qemu_calc	2511	17	27	event pcr=12 #3	'6'	'7'	REJECT
qemu_calc	2512	17	28	event pcr=12 #3	'='	'X'	REJECT
qemu_calc	2513	17	29	event pcr=12 #3	'b'	'c'	REJECT
qemu_calc	2514	17	30	event pcr=12 #3	'6'	'7'	REJECT
qemu_calc	2515	17	31	event pcr=12 #3	'7'	'8'	REJECT
qemu_calc	2516	17	32	event pcr=12 #3	'5'	'6'	REJECT
qemu_calc	2517	17	33	event pcr=12 #3	'0'	'1'	REJECT
qemu_calc	2518	17	34	event pcr=12 #3	'd'	'e'	REJECT
qemu_calc	2519	17	35	event pcr=12 #3	'7'	'8'	REJECT
qemu_calc	2520	17	36	event pcr=12 #3	'b'	'c'	REJECT
qemu_calc	2521	17	37	event pcr=12 #3	'6'	'7'	REJECT
qemu_calc	2522	17	38	event pcr=12 #3	'7'	'8'	REJECT
qemu_calc	2523	17	39	event pcr=12 #3	'9'	'a'	REJECT
qemu_calc	2524	17	40	event pcr=12 #3	'9'	'a'	REJECT
qemu_calc	2525	17	41	event pcr=12 #3	'b'	'c'	REJECT
qemu_calc	2526	17	42	event pcr=12 #3	'8'	'9'	REJECT
qemu_calc	2527	17	43	event pcr=12 #3	'd'	'e'	REJECT
qemu_calc	2528	17	44	event pcr=12 #3	'c'	'd'	REJECT
qemu_calc	2529	17	45	event pcr=12 #3	'f'	'0'	REJECT
qemu_calc	2530	17	46	event pcr=12 #3	'9'	'a'	REJECT
qemu_calc	2531	17	47	event pcr=12 #3	'7'	'8'	REJECT
qemu_calc	2532	17	48	event pcr=12 #3	'9'	'a'	REJECT
qemu_calc	2533	17	49	event pcr=12 #3	'6'	'7'	REJECT
qemu_calc	2534	17	50	event pcr=12 #3	'4'	'5'	REJECT
qemu_calc	2535	17	51	event pcr=12 #3	'7'	'8'	REJECT
qemu_calc	2536	17	52	event pcr=12 #3	'6'	'7'	REJECT
qemu_calc	2537	17	53	event pcr=12 #3	'0'	'1'	REJECT
qemu_calc	2538	17	54	event pcr=12 #3	'7'	'8'	REJECT
qemu_calc	2539	17	55	event pcr=12 #3	'8'	'9'	REJECT
qemu_calc	2540	17	56	event pcr=12 #3	'4'	'5'	REJECT
qemu_calc	2541	17	57	event pcr=12 #3	'9'	'a'	REJECT
qemu_calc	2542	17	58	event pcr=12 #3	'd'	'e'	REJECT
qemu_calc	2543	17	59	event pcr=12 #3	'd'	'e'	REJECT
qemu_calc	2544	17	60	event pcr=12 #3	'c'	'd'	REJECT
qemu_calc	2545	17	61	event pcr=12 #3	'7'	'8'	REJECT
qemu_calc	2546	17	62	event pcr=12 #3	'4'	'5'	REJECT
qemu_calc	2547	17	63	event pcr=12 #3	'c'	'd'	REJECT
qemu_calc	2548	17	64	event pcr=12 #3	'0'	'1'	REJECT
qemu_calc	2549	17	65	event pcr=12 #3	'6'	'7'	REJECT
qemu_calc	2550	17	66	event pcr=12 #3	'c'	'd'	REJECT
qemu_calc	2551	17	67	event pcr=12 #3	'd'	'e'	REJECT
qemu_calc	2552	17	68	event pcr=12 #3	'1'	'2'	REJECT
qemu_calc	2553	17	69	event pcr=12 #3	'7'	'8'	REJECT
qemu_calc	2554	17	70	event pcr=12 #3	'1'	'2'	REJECT
qemu_calc	2555	17	71	event pcr=12 #3	'8'	'9'	REJECT
qemu_calc	2556	17	72	event pcr=12 #3	'b'	'c'	REJECT
qemu_calc	2557	17	73	event pcr=12 #3	'0'	'1'	REJECT
qemu_calc	2558	17	74	event pcr=12 #3	'3'	'4'	REJECT
qemu_calc	2559	17	75	event pcr=12 #3	'b'	'c'	REJECT
qemu_calc	2560	17	76	event pcr=12 #3	'2'	'3'	REJECT
qemu_calc	2561	17	77	event pcr=12 #3	'b'	'c'	REJECT
qemu_calc	2562	17	78	event pcr=12 #3	'c'	'd'	REJECT
qemu_calc	2563	17	79	event pcr=12 #3	'6'	'7'	REJECT
qemu_calc	2564	17	80	event pcr=12 #3	'7'	'8'	REJECT
qemu_calc	2565	17	81	event pcr=12 #3	'1'	'2'	REJECT
qemu_calc	2566	17	82	event pcr=12 #3	'5'	'6'	REJECT
qemu_calc	2567	17	83	event pcr=12 #3	'5'	'6'	REJECT
qemu_calc	2568	17	84	event pcr=12 #3	'4'	'5'	REJECT
qemu_calc	2569	17	85	event pcr=12 #3	'c'	'd'	REJECT
qemu_calc	2570	17	86	event pcr=12 #3	'7'	'8'	REJECT
qemu_calc	2571	17	87	event pcr=12 #3	'9'	'a'	REJECT
qemu_calc	2572	17	88	event pcr=12 #3	'5'	'6'	REJECT
qemu_calc	2573	17	89	event pcr=12 #3	'2'	'3'	REJECT
qemu_calc	2574	17	90	event pcr=12 #3	'9'	'a'	REJECT
qemu_calc	2575	17	91	event pcr=12 #3	'2'	'3'	REJECT
qemu_calc	2576	17	92	event pcr=12 #3	'9'	'a'	REJECT
qemu_calc	2577	17	93	event pcr=12 #3	' '	'X'	REJECT
qemu_calc	2578	17	94	event pcr=12 #3	'd'	'e'	REJECT
qemu_calc	2579	17	95	event pcr=12 #3	'a'	'b'	REJECT
qemu_calc	2580	17	96	event pcr=12 #3	't'	'u'	REJECT
qemu_calc	2581	17	97	event pcr=12 #3	'a'	'b'	REJECT
qemu_calc	2582	17	98	event pcr=12 #3	'='	'X'	REJECT
qemu_calc	2583	17	99	event pcr=12 #3	'A'	'B'	REJECT
qemu_calc	2584	17	100	event pcr=12 #3	'E'	'F'	REJECT
qemu_calc	2585	17	101	event pcr=12 #3	'G'	'H'	REJECT
qemu_calc	2586	17	102	event pcr=12 #3	'I'	'J'	REJECT
qemu_calc	2587	17	103	event pcr=12 #3	'S'	'T'	REJECT
qemu_calc	2588	17	104	event pcr=12 #3	'-'	'X'	REJECT
qemu_calc	2589	17	105	event pcr=12 #3	'M'	'N'	REJECT
qemu_calc	2590	17	106	event pcr=12 #3	'E'	'F'	REJECT
qemu_calc	2591	17	107	event pcr=12 #3	'A'	'B'	REJECT
qemu_calc	2592	17	108	event pcr=12 #3	'S'	'T'	REJECT
qemu_calc	2593	17	109	event pcr=12 #3	'U'	'V'	REJECT
qemu_calc	2594	17	110	event pcr=12 #3	'R'	'S'	REJECT
qemu_calc	2595	17	111	event pcr=12 #3	'E'	'F'	REJECT
qemu_calc	2596	17	112	event pcr=12 #3	' '	'X'	REJECT
qemu_calc	2597	17	113	event pcr=12 #3	'v'	'w'	REJECT
qemu_calc	2598	17	114	event pcr=12 #3	'0'	'1'	REJECT
qemu_calc	2599	17	115	event pcr=12 #3	' '	'X'	REJECT
qemu_calc	2600	17	116	event pcr=12 #3	'a'	'b'	REJECT
qemu_calc	2601	17	117	event pcr=12 #3	'r'	's'	REJECT
qemu_calc	2602	17	118	event pcr=12 #3	't'	'u'	REJECT
qemu_calc	2603	17	119	event pcr=12 #3	'i'	'j'	REJECT
qemu_calc	2604	17	120	event pcr=12 #3	'f'	'0'	REJECT
qemu_calc	2605	17	121	event pcr=12 #3	'a'	'b'	REJECT
qemu_calc	2606	17	122	event pcr=12 #3	'c'	'd'	REJECT
qemu_calc	2607	17	123	event pcr=12 #3	't'	'u'	REJECT
qemu_calc	2608	17	124	event pcr=12 #3	'='	'X'	REJECT
qemu_calc	2609	17	125	event pcr=12 #3	'T'	'U'	REJECT
qemu_calc	2610	17	126	event pcr=12 #3	'A'	'B'	REJECT
qemu_calc	2611	17	127	event pcr=12 #3	'B'	'C'	REJECT
qemu_calc	2612	17	128	event pcr=12 #3	'L'	'M'	REJECT
qemu_calc	2613	17	129	event pcr=12 #3	'E'	'F'	REJECT
qemu_calc	2614	17	130	event pcr=12 #3	'.'	'X'	REJECT
qemu_calc	2615	17	131	event pcr=12 #3	'T'	'U'	REJECT
qemu_calc	2616	17	132	event pcr=12 #3	'S'	'T'	REJECT
qemu_calc	2617	17	133	event pcr=12 #3	'V'	'W'	REJECT
qemu_calc	2618	17	134	event pcr=12 #3	' '	'X'	REJECT
qemu_calc	2619	17	135	event pcr=12 #3	'b'	'c'	REJECT
qemu_calc	2620	17	136	event pcr=12 #3	'y'	'z'	REJECT
qemu_calc	2621	17	137	event pcr=12 #3	't'	'u'	REJECT
qemu_calc	2622	17	138	event pcr=12 #3	'e'	'f'	REJECT
qemu_calc	2623	17	139	event pcr=12 #3	's'	't'	REJECT
qemu_calc	2624	17	140	event pcr=12 #3	'='	'X'	REJECT
qemu_calc	2625	17	141	event pcr=12 #3	'4'	'5'	REJECT
qemu_calc	2626	17	142	event pcr=12 #3	'4'	'5'	REJECT
qemu_calc	2627	17	143	event pcr=12 #3	'5'	'6'	REJECT
qemu_calc	2628	17	144	event pcr=12 #3	' '	'X'	REJECT
qemu_calc	2629	17	145	event pcr=12 #3	's'	't'	REJECT
qemu_calc	2630	17	146	event pcr=12 #3	'h'	'i'	REJECT
qemu_calc	2631	17	147	event pcr=12 #3	'a'	'b'	REJECT
qemu_calc	2632	17	148	event pcr=12 #3	'2'	'3'	REJECT
qemu_calc	2633	17	149	event pcr=12 #3	'5'	'6'	REJECT
qemu_calc	2634	17	150	event pcr=12 #3	'6'	'7'	REJECT
qemu_calc	2635	17	151	event pcr=12 #3	'='	'X'	REJECT
qemu_calc	2636	17	152	event pcr=12 #3	'6'	'7'	REJECT
qemu_calc	2637	17	153	event pcr=12 #3	'b'	'c'	REJECT
qemu_calc	2638	17	154	event pcr=12 #3	'2'	'3'	REJECT
qemu_calc	2639	17	155	event pcr=12 #3	'f'	'0'	REJECT
qemu_calc	2640	17	156	event pcr=12 #3	'7'	'8'	REJECT
qemu_calc	2641	17	157	event pcr=12 #3	'3'	'4'	REJECT
qemu_calc	2642	17	158	event pcr=12 #3	'8'	'9'	REJECT
qemu_calc	2643	17	159	event pcr=12 #3	'4'	'5'	REJECT
qemu_calc	2644	17	160	event pcr=12 #3	'9'	'a'	REJECT
qemu_calc	2645	17	161	event pcr=12 #3	'1'	'2'	REJECT
qemu_calc	2646	17	162	event pcr=12 #3	'3'	'4'	REJECT
qemu_calc	2647	17	163	event pcr=12 #3	'0'	'1'	REJECT
qemu_calc	2648	17	164	event pcr=12 #3	'6'	'7'	REJECT
qemu_calc	2649	17	165	event pcr=12 #3	'1'	'2'	REJECT
qemu_calc	2650	17	166	event pcr=12 #3	'4'	'5'	REJECT
qemu_calc	2651	17	167	event pcr=12 #3	'5'	'6'	REJECT
qemu_calc	2652	17	168	event pcr=12 #3	'a'	'b'	REJECT
qemu_calc	2653	17	169	event pcr=12 #3	'd'	'e'	REJECT
qemu_calc	2654	17	170	event pcr=12 #3	'4'	'5'	REJECT
qemu_calc	2655	17	171	event pcr=12 #3	'7'	'8'	REJECT
qemu_calc	2656	17	172	event pcr=12 #3	'a'	'b'	REJECT
qemu_calc	2657	17	173	event pcr=12 #3	'd'	'e'	REJECT
qemu_calc	2658	17	174	event pcr=12 #3	'5'	'6'	REJECT
qemu_calc	2659	17	175	event pcr=12 #3	'0'	'1'	REJECT
qemu_calc	2660	17	176	event pcr=12 #3	'c'	'd'	REJECT
qemu_calc	2661	17	177	event pcr=12 #3	'9'	'a'	REJECT
qemu_calc	2662	17	178	event pcr=12 #3	'e'	'f'	REJECT
qemu_calc	2663	17	179	event pcr=12 #3	'0'	'1'	REJECT
qemu_calc	2664	17	180	event pcr=12 #3	'2'	'3'	REJECT
qemu_calc	2665	17	181	event pcr=12 #3	'd'	'e'	REJECT
qemu_calc	2666	17	182	event pcr=12 #3	'9'	'a'	REJECT
qemu_calc	2667	17	183	event pcr=12 #3	'2'	'3'	REJECT
qemu_calc	2668	17	184	event pcr=12 #3	'2'	'3'	REJECT
qemu_calc	2669	17	185	event pcr=12 #3	'd'	'e'	REJECT
qemu_calc	2670	17	186	event pcr=12 #3	'a'	'b'	REJECT
qemu_calc	2671	17	187	event pcr=12 #3	'a'	'b'	REJECT
qemu_calc	2672	17	188	event pcr=12 #3	'a'	'b'	REJECT
qemu_calc	2673	17	189	event pcr=12 #3	'e'	'f'	REJECT
qemu_calc	2674	17	190	event pcr=12 #3	'9'	'a'	REJECT
qemu_calc	2675	17	191	event pcr=12 #3	'6'	'7'	REJECT
qemu_calc	2676	17	192	event pcr=12 #3	'd'	'e'	REJECT
qemu_calc	2677	17	193	event pcr=12 #3	'1'	'2'	REJECT
qemu_calc	2678	17	194	event pcr=12 #3	'8'	'9'	REJECT
qemu_calc	2679	17	195	event pcr=12 #3	'6'	'7'	REJECT
qemu_calc	2680	17	196	event pcr=12 #3	'6'	'7'	REJECT
qemu_calc	2681	17	197	event pcr=12 #3	'2'	'3'	REJECT
qemu_calc	2682	17	198	event pcr=12 #3	'8'	'9'	REJECT
qemu_calc	2683	17	199	event pcr=12 #3	'8'	'9'	REJECT
qemu_calc	2684	17	200	event pcr=12 #3	'a'	'b'	REJECT
qemu_calc	2685	17	201	event pcr=12 #3	'3'	'4'	REJECT
qemu_calc	2686	17	202	event pcr=12 #3	'2'	'3'	REJECT
qemu_calc	2687	17	203	event pcr=12 #3	'a'	'b'	REJECT
qemu_calc	2688	17	204	event pcr=12 #3	'e'	'f'	REJECT
qemu_calc	2689	17	205	event pcr=12 #3	'2'	'3'	REJECT
qemu_calc	2690	17	206	event pcr=12 #3	'f'	'0'	REJECT
qemu_calc	2691	17	207	event pcr=12 #3	'8'	'9'	REJECT
qemu_calc	2692	17	208	event pcr=12 #3	'0'	'1'	REJECT
qemu_calc	2693	17	209	event pcr=12 #3	'4'	'5'	REJECT
qemu_calc	2694	17	210	event pcr=12 #3	'7'	'8'	REJECT
qemu_calc	2695	17	211	event pcr=12 #3	'1'	'2'	REJECT
qemu_calc	2696	17	212	event pcr=12 #3	'5'	'6'	REJECT
qemu_calc	2697	17	213	event pcr=12 #3	'1'	'2'	REJECT
qemu_calc	2698	17	214	event pcr=12 #3	'd'	'e'	REJECT
qemu_calc	2699	17	215	event pcr=12 #3	'd'	'e'	REJECT
qemu_calc	2700	17	216	event pcr=12 #3	'\n'	' '	REJECT
qemu_calc	2701	18	0	event pcr=13 #1	'e'	'f'	REJECT
qemu_calc	2702	18	1	event pcr=13 #1	'v'	'w'	REJECT
qemu_calc	2703	18	2	event pcr=13 #1	'e'	'f'	REJECT
qemu_calc	2704	18	3	event pcr=13 #1	'n'	'o'	REJECT
qemu_calc	2705	18	4	event pcr=13 #1	't'	'u'	REJECT
qemu_calc	2706	18	5	event pcr=13 #1	' '	'X'	REJECT
qemu_calc	2707	18	6	event pcr=13 #1	'p'	'q'	REJECT
qemu_calc	2708	18	7	event pcr=13 #1	'c'	'd'	REJECT
qemu_calc	2709	18	8	event pcr=13 #1	'r'	's'	REJECT
qemu_calc	2710	18	9	event pcr=13 #1	'='	'X'	REJECT
qemu_calc	2711	18	10	event pcr=13 #1	'1'	'2'	REJECT
qemu_calc	2712	18	11	event pcr=13 #1	'3'	'4'	REJECT
qemu_calc	2713	18	12	event pcr=13 #1	' '	'X'	REJECT
qemu_calc	2714	18	13	event pcr=13 #1	't'	'u'	REJECT
qemu_calc	2715	18	14	event pcr=13 #1	'y'	'z'	REJECT
qemu_calc	2716	18	15	event pcr=13 #1	'p'	'q'	REJECT
qemu_calc	2717	18	16	event pcr=13 #1	'e'	'f'	REJECT
qemu_calc	2718	18	17	event pcr=13 #1	'='	'X'	REJECT
qemu_calc	2719	18	18	event pcr=13 #1	'0'	'1'	REJECT
qemu_calc	2720	18	19	event pcr=13 #1	'x'	'y'	REJECT
qemu_calc	2721	18	20	event pcr=13 #1	'd'	'e'	REJECT
qemu_calc	2722	18	21	event pcr=13 #1	' '	'X'	REJECT
qemu_calc	2723	18	22	event pcr=13 #1	's'	't'	REJECT
qemu_calc	2724	18	23	event pcr=13 #1	'h'	'i'	REJECT
qemu_calc	2725	18	24	event pcr=13 #1	'a'	'b'	REJECT
qemu_calc	2726	18	25	event pcr=13 #1	'2'	'3'	REJECT
qemu_calc	2727	18	26	event pcr=13 #1	'5'	'6'	REJECT
qemu_calc	2728	18	27	event pcr=13 #1	'6'	'7'	REJECT
qemu_calc	2729	18	28	event pcr=13 #1	'='	'X'	REJECT
qemu_calc	2730	18	29	event pcr=13 #1	'8'	'9'	REJECT
qemu_calc	2731	18	30	event pcr=13 #1	'8'	'9'	REJECT
qemu_calc	2732	18	31	event pcr=13 #1	'4'	'5'	REJECT
qemu_calc	2733	18	32	event pcr=13 #1	'5'	'6'	REJECT
qemu_calc	2734	18	33	event pcr=13 #1	'b'	'c'	REJECT
qemu_calc	2735	18	34	event pcr=13 #1	'4'	'5'	REJECT
qemu_calc	2736	18	35	event pcr=13 #1	'3'	'4'	REJECT
qemu_calc	2737	18	36	event pcr=13 #1	'b'	'c'	REJECT
qemu_calc	2738	18	37	event pcr=13 #1	'c'	'd'	REJECT
qemu_calc	2739	18	38	event pcr=13 #1	'f'	'0'	REJECT
qemu_calc	2740	18	39	event pcr=13 #1	'b'	'c'	REJECT
qemu_calc	2741	18	40	event pcr=13 #1	'1'	'2'	REJECT
qemu_calc	2742	18	41	event pcr=13 #1	'8'	'9'	REJECT
qemu_calc	2743	18	42	event pcr=13 #1	'5'	'6'	REJECT
qemu_calc	2744	18	43	event pcr=13 #1	'6'	'7'	REJECT
qemu_calc	2745	18	44	event pcr=13 #1	'8'	'9'	REJECT
qemu_calc	2746	18	45	event pcr=13 #1	'd'	'e'	REJECT
qemu_calc	2747	18	46	event pcr=13 #1	'4'	'5'	REJECT
qemu_calc	2748	18	47	event pcr=13 #1	'f'	'0'	REJECT
qemu_calc	2749	18	48	event pcr=13 #1	'7'	'8'	REJECT
qemu_calc	2750	18	49	event pcr=13 #1	'6'	'7'	REJECT
qemu_calc	2751	18	50	event pcr=13 #1	'1'	'2'	REJECT
qemu_calc	2752	18	51	event pcr=13 #1	'7'	'8'	REJECT
qemu_calc	2753	18	52	event pcr=13 #1	'c'	'd'	REJECT
qemu_calc	2754	18	53	event pcr=13 #1	'0'	'1'	REJECT
qemu_calc	2755	18	54	event pcr=13 #1	'9'	'a'	REJECT
qemu_calc	2756	18	55	event pcr=13 #1	'2'	'3'	REJECT
qemu_calc	2757	18	56	event pcr=13 #1	'5'	'6'	REJECT
qemu_calc	2758	18	57	event pcr=13 #1	'a'	'b'	REJECT
qemu_calc	2759	18	58	event pcr=13 #1	'1'	'2'	REJECT
qemu_calc	2760	18	59	event pcr=13 #1	'2'	'3'	REJECT
qemu_calc	2761	18	60	event pcr=13 #1	'9'	'a'	REJECT
qemu_calc	2762	18	61	event pcr=13 #1	'd'	'e'	REJECT
qemu_calc	2763	18	62	event pcr=13 #1	'b'	'c'	REJECT
qemu_calc	2764	18	63	event pcr=13 #1	'5'	'6'	REJECT
qemu_calc	2765	18	64	event pcr=13 #1	'2'	'3'	REJECT
qemu_calc	2766	18	65	event pcr=13 #1	'c'	'd'	REJECT
qemu_calc	2767	18	66	event pcr=13 #1	'7'	'8'	REJECT
qemu_calc	2768	18	67	event pcr=13 #1	'4'	'5'	REJECT
qemu_calc	2769	18	68	event pcr=13 #1	'6'	'7'	REJECT
qemu_calc	2770	18	69	event pcr=13 #1	'3'	'4'	REJECT
qemu_calc	2771	18	70	event pcr=13 #1	'8'	'9'	REJECT
qemu_calc	2772	18	71	event pcr=13 #1	'3'	'4'	REJECT
qemu_calc	2773	18	72	event pcr=13 #1	'8'	'9'	REJECT
qemu_calc	2774	18	73	event pcr=13 #1	'8'	'9'	REJECT
qemu_calc	2775	18	74	event pcr=13 #1	'2'	'3'	REJECT
qemu_calc	2776	18	75	event pcr=13 #1	'a'	'b'	REJECT
qemu_calc	2777	18	76	event pcr=13 #1	'a'	'b'	REJECT
qemu_calc	2778	18	77	event pcr=13 #1	'7'	'8'	REJECT
qemu_calc	2779	18	78	event pcr=13 #1	'b'	'c'	REJECT
qemu_calc	2780	18	79	event pcr=13 #1	'b'	'c'	REJECT
qemu_calc	2781	18	80	event pcr=13 #1	'1'	'2'	REJECT
qemu_calc	2782	18	81	event pcr=13 #1	'5'	'6'	REJECT
qemu_calc	2783	18	82	event pcr=13 #1	'2'	'3'	REJECT
qemu_calc	2784	18	83	event pcr=13 #1	'a'	'b'	REJECT
qemu_calc	2785	18	84	event pcr=13 #1	'6'	'7'	REJECT
qemu_calc	2786	18	85	event pcr=13 #1	'6'	'7'	REJECT
qemu_calc	2787	18	86	event pcr=13 #1	'2'	'3'	REJECT
qemu_calc	2788	18	87	event pcr=13 #1	'3'	'4'	REJECT
qemu_calc	2789	18	88	event pcr=13 #1	'b'	'c'	REJECT
qemu_calc	2790	18	89	event pcr=13 #1	'a'	'b'	REJECT
qemu_calc	2791	18	90	event pcr=13 #1	'f'	'0'	REJECT
qemu_calc	2792	18	91	event pcr=13 #1	'e'	'f'	REJECT
qemu_calc	2793	18	92	event pcr=13 #1	'c'	'd'	REJECT
qemu_calc	2794	18	93	event pcr=13 #1	' '	'X'	REJECT
qemu_calc	2795	18	94	event pcr=13 #1	'd'	'e'	REJECT
qemu_calc	2796	18	95	event pcr=13 #1	'a'	'b'	REJECT
qemu_calc	2797	18	96	event pcr=13 #1	't'	'u'	REJECT
qemu_calc	2798	18	97	event pcr=13 #1	'a'	'b'	REJECT
qemu_calc	2799	18	98	event pcr=13 #1	'='	'X'	REJECT
qemu_calc	2800	18	99	event pcr=13 #1	'A'	'B'	REJECT
qemu_calc	2801	18	100	event pcr=13 #1	'E'	'F'	REJECT
qemu_calc	2802	18	101	event pcr=13 #1	'G'	'H'	REJECT
qemu_calc	2803	18	102	event pcr=13 #1	'I'	'J'	REJECT
qemu_calc	2804	18	103	event pcr=13 #1	'S'	'T'	REJECT
qemu_calc	2805	18	104	event pcr=13 #1	'-'	'X'	REJECT
qemu_calc	2806	18	105	event pcr=13 #1	'R'	'S'	REJECT
qemu_calc	2807	18	106	event pcr=13 #1	'E'	'F'	REJECT
qemu_calc	2808	18	107	event pcr=13 #1	'C'	'D'	REJECT
qemu_calc	2809	18	108	event pcr=13 #1	'E'	'F'	REJECT
qemu_calc	2810	18	109	event pcr=13 #1	'I'	'J'	REJECT
qemu_calc	2811	18	110	event pcr=13 #1	'P'	'Q'	REJECT
qemu_calc	2812	18	111	event pcr=13 #1	'T'	'U'	REJECT
qemu_calc	2813	18	112	event pcr=13 #1	' '	'X'	REJECT
qemu_calc	2814	18	113	event pcr=13 #1	'v'	'w'	REJECT
qemu_calc	2815	18	114	event pcr=13 #1	'0'	'1'	REJECT
qemu_calc	2816	18	115	event pcr=13 #1	' '	'X'	REJECT
qemu_calc	2817	18	116	event pcr=13 #1	'm'	'n'	REJECT
qemu_calc	2818	18	117	event pcr=13 #1	'o'	'p'	REJECT
qemu_calc	2819	18	118	event pcr=13 #1	'd'	'e'	REJECT
qemu_calc	2820	18	119	event pcr=13 #1	'e'	'f'	REJECT
qemu_calc	2821	18	120	event pcr=13 #1	'='	'X'	REJECT
qemu_calc	2822	18	121	event pcr=13 #1	'm'	'n'	REJECT
qemu_calc	2823	18	122	event pcr=13 #1	'i'	'j'	REJECT
qemu_calc	2824	18	123	event pcr=13 #1	'n'	'o'	REJECT
qemu_calc	2825	18	124	event pcr=13 #1	't'	'u'	REJECT
qemu_calc	2826	18	125	event pcr=13 #1	'-'	'X'	REJECT
qemu_calc	2827	18	126	event pcr=13 #1	't'	'u'	REJECT
qemu_calc	2828	18	127	event pcr=13 #1	'o'	'p'	REJECT
qemu_calc	2829	18	128	event pcr=13 #1	'o'	'p'	REJECT
qemu_calc	2830	18	129	event pcr=13 #1	'l'	'm'	REJECT
qemu_calc	2831	18	130	event pcr=13 #1	' '	'X'	REJECT
qemu_calc	2832	18	131	event pcr=13 #1	's'	't'	REJECT
qemu_calc	2833	18	132	event pcr=13 #1	't'	'u'	REJECT
qemu_calc	2834	18	133	event pcr=13 #1	'e'	'f'	REJECT
qemu_calc	2835	18	134	event pcr=13 #1	'p'	'q'	REJECT
qemu_calc	2836	18	135	event pcr=13 #1	's'	't'	REJECT
qemu_calc	2837	18	136	event pcr=13 #1	'='	'X'	REJECT
qemu_calc	2838	18	137	event pcr=13 #1	'9'	'a'	REJECT
qemu_calc	2839	18	138	event pcr=13 #1	' '	'X'	REJECT
qemu_calc	2840	18	139	event pcr=13 #1	'c'	'd'	REJECT
qemu_calc	2841	18	140	event pcr=13 #1	'i'	'j'	REJECT
qemu_calc	2842	18	141	event pcr=13 #1	's'	't'	REJECT
qemu_calc	2843	18	142	event pcr=13 #1	'-'	'X'	REJECT
qemu_calc	2844	18	143	event pcr=13 #1	'd'	'e'	REJECT
qemu_calc	2845	18	144	event pcr=13 #1	'i'	'j'	REJECT
qemu_calc	2846	18	145	event pcr=13 #1	'g'	'h'	REJECT
qemu_calc	2847	18	146	event pcr=13 #1	'e'	'f'	REJECT
qemu_calc	2848	18	147	event pcr=13 #1	's'	't'	REJECT
qemu_calc	2849	18	148	event pcr=13 #1	't'	'u'	REJECT
qemu_calc	2850	18	149	event pcr=13 #1	'='	'X'	REJECT
qemu_calc	2851	18	150	event pcr=13 #1	'5'	'6'	REJECT
qemu_calc	2852	18	151	event pcr=13 #1	'9'	'a'	REJECT
qemu_calc	2853	18	152	event pcr=13 #1	'4'	'5'	REJECT
qemu_calc	2854	18	153	event pcr=13 #1	'd'	'e'	REJECT
qemu_calc	2855	18	154	event pcr=13 #1	'2'	'3'	REJECT
qemu_calc	2856	18	155	event pcr=13 #1	'c'	'd'	REJECT
qemu_calc	2857	18	156	event pcr=13 #1	'c'	'd'	REJECT
qemu_calc	2858	18	157	event pcr=13 #1	'5'	'6'	REJECT
qemu_calc	2859	18	158	event pcr=13 #1	'f'	'0'	REJECT
qemu_calc	2860	18	159	event pcr=13 #1	'7'	'8'	REJECT
qemu_calc	2861	18	160	event pcr=13 #1	'7'	'8'	REJECT
qemu_calc	2862	18	161	event pcr=13 #1	'e'	'f'	REJECT
qemu_calc	2863	18	162	event pcr=13 #1	'0'	'1'	REJECT
qemu_calc	2864	18	163	event pcr=13 #1	'0'	'1'	REJECT
qemu_calc	2865	18	164	event pcr=13 #1	'0'	'1'	REJECT
qemu_calc	2866	18	165	event pcr=13 #1	'6'	'7'	REJECT
qemu_calc	2867	18	166	event pcr=13 #1	' '	'X'	REJECT
qemu_calc	2868	18	167	event pcr=13 #1	'c'	'd'	REJECT
qemu_calc	2869	18	168	event pcr=13 #1	'h'	'i'	REJECT
qemu_calc	2870	18	169	event pcr=13 #1	'a'	'b'	REJECT
qemu_calc	2871	18	170	event pcr=13 #1	'i'	'j'	REJECT
qemu_calc	2872	18	171	event pcr=13 #1	'n'	'o'	REJECT
qemu_calc	2873	18	172	event pcr=13 #1	'='	'X'	REJECT
qemu_calc	2874	18	173	event pcr=13 #1	'8'	'9'	REJECT
qemu_calc	2875	18	174	event pcr=13 #1	'8'	'9'	REJECT
qemu_calc	2876	18	175	event pcr=13 #1	'4'	'5'	REJECT
qemu_calc	2877	18	176	event pcr=13 #1	'6'	'7'	REJECT
qemu_calc	2878	18	177	event pcr=13 #1	'7'	'8'	REJECT
qemu_calc	2879	18	178	event pcr=13 #1	'f'	'0'	REJECT
qemu_calc	2880	18	179	event pcr=13 #1	'1'	'2'	REJECT
qemu_calc	2881	18	180	event pcr=13 #1	'd'	'e'	REJECT
qemu_calc	2882	18	181	event pcr=13 #1	'4'	'5'	REJECT
qemu_calc	2883	18	182	event pcr=13 #1	'5'	'6'	REJECT
qemu_calc	2884	18	183	event pcr=13 #1	'b'	'c'	REJECT
qemu_calc	2885	18	184	event pcr=13 #1	'4'	'5'	REJECT
qemu_calc	2886	18	185	event pcr=13 #1	'1'	'2'	REJECT
qemu_calc	2887	18	186	event pcr=13 #1	'1'	'2'	REJECT
qemu_calc	2888	18	187	event pcr=13 #1	'9'	'a'	REJECT
qemu_calc	2889	18	188	event pcr=13 #1	'b'	'c'	REJECT
qemu_calc	2890	18	189	event pcr=13 #1	'5'	'6'	REJECT
qemu_calc	2891	18	190	event pcr=13 #1	'8'	'9'	REJECT
qemu_calc	2892	18	191	event pcr=13 #1	'e'	'f'	REJECT
qemu_calc	2893	18	192	event pcr=13 #1	'3'	'4'	REJECT
qemu_calc	2894	18	193	event pcr=13 #1	'2'	'3'	REJECT
qemu_calc	2895	18	194	event pcr=13 #1	'e'	'f'	REJECT
qemu_calc	2896	18	195	event pcr=13 #1	'1'	'2'	REJECT
qemu_calc	2897	18	196	event pcr=13 #1	'6'	'7'	REJECT
qemu_calc	2898	18	197	event pcr=13 #1	'0'	'1'	REJECT
qemu_calc	2899	18	198	event pcr=13 #1	'c'	'd'	REJECT
qemu_calc	2900	18	199	event pcr=13 #1	'8'	'9'	REJECT
qemu_calc	2901	18	200	event pcr=13 #1	'f'	'0'	REJECT
qemu_calc	2902	18	201	event pcr=13 #1	'b'	'c'	REJECT
qemu_calc	2903	18	202	event pcr=13 #1	'e'	'f'	REJECT
qemu_calc	2904	18	203	event pcr=13 #1	'6'	'7'	REJECT
qemu_calc	2905	18	204	event pcr=13 #1	'e'	'f'	REJECT
qemu_calc	2906	18	205	event pcr=13 #1	'2'	'3'	REJECT
qemu_calc	2907	18	206	event pcr=13 #1	'f'	'0'	REJECT
qemu_calc	2908	18	207	event pcr=13 #1	'd'	'e'	REJECT
qemu_calc	2909	18	208	event pcr=13 #1	'a'	'b'	REJECT
qemu_calc	2910	18	209	event pcr=13 #1	'9'	'a'	REJECT
qemu_calc	2911	18	210	event pcr=13 #1	'2'	'3'	REJECT
qemu_calc	2912	18	211	event pcr=13 #1	'5'	'6'	REJECT
qemu_calc	2913	18	212	event pcr=13 #1	'0'	'1'	REJECT
qemu_calc	2914	18	213	event pcr=13 #1	'd'	'e'	REJECT
qemu_calc	2915	18	214	event pcr=13 #1	'a'	'b'	REJECT
qemu_calc	2916	18	215	event pcr=13 #1	'b'	'c'	REJECT
qemu_calc	2917	18	216	event pcr=13 #1	'5'	'6'	REJECT
qemu_calc	2918	18	217	event pcr=13 #1	'3'	'4'	REJECT
qemu_calc	2919	18	218	event pcr=13 #1	'b'	'c'	REJECT
qemu_calc	2920	18	219	event pcr=13 #1	'0'	'1'	REJECT
qemu_calc	2921	18	220	event pcr=13 #1	'2'	'3'	REJECT
qemu_calc	2922	18	221	event pcr=13 #1	'7'	'8'	REJECT
qemu_calc	2923	18	222	event pcr=13 #1	'4'	'5'	REJECT
qemu_calc	2924	18	223	event pcr=13 #1	'3'	'4'	REJECT
qemu_calc	2925	18	224	event pcr=13 #1	'f'	'0'	REJECT
qemu_calc	2926	18	225	event pcr=13 #1	'5'	'6'	REJECT
qemu_calc	2927	18	226	event pcr=13 #1	'c'	'd'	REJECT
qemu_calc	2928	18	227	event pcr=13 #1	'8'	'9'	REJECT
qemu_calc	2929	18	228	event pcr=13 #1	'2'	'3'	REJECT
qemu_calc	2930	18	229	event pcr=13 #1	'e'	'f'	REJECT
qemu_calc	2931	18	230	event pcr=13 #1	'd'	'e'	REJECT
qemu_calc	2932	18	231	event pcr=13 #1	'd'	'e'	REJECT
qemu_calc	2933	18	232	event pcr=13 #1	'b'	'c'	REJECT
qemu_calc	2934	18	233	event pcr=13 #1	'3'	'4'	REJECT
qemu_calc	2935	18	234	event pcr=13 #1	'9'	'a'	REJECT
qemu_calc	2936	18	235	event pcr=13 #1	'f'	'0'	REJECT
qemu_calc	2937	18	236	event pcr=13 #1	'a'	'b'	REJECT
qemu_calc	2938	18	237	event pcr=13 #1	' '	'X'	REJECT
qemu_calc	2939	18	238	event pcr=13 #1	'v'	'w'	REJECT
qemu_calc	2940	18	239	event pcr=13 #1	'e'	'f'	REJECT
qemu_calc	2941	18	240	event pcr=13 #1	'r'	's'	REJECT
qemu_calc	2942	18	241	event pcr=13 #1	'd'	'e'	REJECT
qemu_calc	2943	18	242	event pcr=13 #1	'i'	'j'	REJECT
qemu_calc	2944	18	243	event pcr=13 #1	'c'	'd'	REJECT
qemu_calc	2945	18	244	event pcr=13 #1	't'	'u'	REJECT
qemu_calc	2946	18	245	event pcr=13 #1	'='	'X'	REJECT
qemu_calc	2947	18	246	event pcr=13 #1	'M'	'N'	REJECT
qemu_calc	2948	18	247	event pcr=13 #1	'I'	'J'	REJECT
qemu_calc	2949	18	248	event pcr=13 #1	'N'	'O'	REJECT
qemu_calc	2950	18	249	event pcr=13 #1	'T'	'U'	REJECT
qemu_calc	2951	18	250	event pcr=13 #1	'E'	'F'	REJECT
qemu_calc	2952	18	251	event pcr=13 #1	'D'	'E'	REJECT
qemu_calc	2953	18	252	event pcr=13 #1	'\n'	' '	REJECT
qemu_calc	2954	19	0	pcr 4	'p'	'q'	REJECT
qemu_calc	2955	19	1	pcr 4	'c'	'd'	REJECT
qemu_calc	2956	19	2	pcr 4	'r'	's'	REJECT
qemu_calc	2957	19	3	pcr 4	' '	'X'	REJECT
qemu_calc	2958	19	4	pcr 4	'4'	'5'	REJECT
qemu_calc	2959	19	5	pcr 4	' '	'X'	REJECT
qemu_calc	2960	19	6	pcr 4	'0'	'1'	REJECT
qemu_calc	2961	19	7	pcr 4	'7'	'8'	REJECT
qemu_calc	2962	19	8	pcr 4	'4'	'5'	REJECT
qemu_calc	2963	19	9	pcr 4	'3'	'4'	REJECT
qemu_calc	2964	19	10	pcr 4	'd'	'e'	REJECT
qemu_calc	2965	19	11	pcr 4	'b'	'c'	REJECT
qemu_calc	2966	19	12	pcr 4	'4'	'5'	REJECT
qemu_calc	2967	19	13	pcr 4	'6'	'7'	REJECT
qemu_calc	2968	19	14	pcr 4	'b'	'c'	REJECT
qemu_calc	2969	19	15	pcr 4	'1'	'2'	REJECT
qemu_calc	2970	19	16	pcr 4	'0'	'1'	REJECT
qemu_calc	2971	19	17	pcr 4	'2'	'3'	REJECT
qemu_calc	2972	19	18	pcr 4	'0'	'1'	REJECT
qemu_calc	2973	19	19	pcr 4	'4'	'5'	REJECT
qemu_calc	2974	19	20	pcr 4	'7'	'8'	REJECT
qemu_calc	2975	19	21	pcr 4	'e'	'f'	REJECT
qemu_calc	2976	19	22	pcr 4	'7'	'8'	REJECT
qemu_calc	2977	19	23	pcr 4	'c'	'd'	REJECT
qemu_calc	2978	19	24	pcr 4	'c'	'd'	REJECT
qemu_calc	2979	19	25	pcr 4	'0'	'1'	REJECT
qemu_calc	2980	19	26	pcr 4	'4'	'5'	REJECT
qemu_calc	2981	19	27	pcr 4	'c'	'd'	REJECT
qemu_calc	2982	19	28	pcr 4	'e'	'f'	REJECT
qemu_calc	2983	19	29	pcr 4	'1'	'2'	REJECT
qemu_calc	2984	19	30	pcr 4	'4'	'5'	REJECT
qemu_calc	2985	19	31	pcr 4	'0'	'1'	REJECT
qemu_calc	2986	19	32	pcr 4	'2'	'3'	REJECT
qemu_calc	2987	19	33	pcr 4	'f'	'0'	REJECT
qemu_calc	2988	19	34	pcr 4	'f'	'0'	REJECT
qemu_calc	2989	19	35	pcr 4	'c'	'd'	REJECT
qemu_calc	2990	19	36	pcr 4	'8'	'9'	REJECT
qemu_calc	2991	19	37	pcr 4	'd'	'e'	REJECT
qemu_calc	2992	19	38	pcr 4	'7'	'8'	REJECT
qemu_calc	2993	19	39	pcr 4	'2'	'3'	REJECT
qemu_calc	2994	19	40	pcr 4	'f'	'0'	REJECT
qemu_calc	2995	19	41	pcr 4	'4'	'5'	REJECT
qemu_calc	2996	19	42	pcr 4	'f'	'0'	REJECT
qemu_calc	2997	19	43	pcr 4	'b'	'c'	REJECT
qemu_calc	2998	19	44	pcr 4	'4'	'5'	REJECT
qemu_calc	2999	19	45	pcr 4	'3'	'4'	REJECT
qemu_calc	3000	19	46	pcr 4	'6'	'7'	REJECT
qemu_calc	3001	19	47	pcr 4	'1'	'2'	REJECT
qemu_calc	3002	19	48	pcr 4	'7'	'8'	REJECT
qemu_calc	3003	19	49	pcr 4	'7'	'8'	REJECT
qemu_calc	3004	19	50	pcr 4	'0'	'1'	REJECT
qemu_calc	3005	19	51	pcr 4	'a'	'b'	REJECT
qemu_calc	3006	19	52	pcr 4	'8'	'9'	REJECT
qemu_calc	3007	19	53	pcr 4	'4'	'5'	REJECT
qemu_calc	3008	19	54	pcr 4	'3'	'4'	REJECT
qemu_calc	3009	19	55	pcr 4	'4'	'5'	REJECT
qemu_calc	3010	19	56	pcr 4	'2'	'3'	REJECT
qemu_calc	3011	19	57	pcr 4	'0'	'1'	REJECT
qemu_calc	3012	19	58	pcr 4	'a'	'b'	REJECT
qemu_calc	3013	19	59	pcr 4	'8'	'9'	REJECT
qemu_calc	3014	19	60	pcr 4	'b'	'c'	REJECT
qemu_calc	3015	19	61	pcr 4	'b'	'c'	REJECT
qemu_calc	3016	19	62	pcr 4	'd'	'e'	REJECT
qemu_calc	3017	19	63	pcr 4	'5'	'6'	REJECT
qemu_calc	3018	19	64	pcr 4	'e'	'f'	REJECT
qemu_calc	3019	19	65	pcr 4	'a'	'b'	REJECT
qemu_calc	3020	19	66	pcr 4	'5'	'6'	REJECT
qemu_calc	3021	19	67	pcr 4	'4'	'5'	REJECT
qemu_calc	3022	19	68	pcr 4	'b'	'c'	REJECT
qemu_calc	3023	19	69	pcr 4	'c'	'd'	REJECT
qemu_calc	3024	19	70	pcr 4	'\n'	' '	REJECT
qemu_calc	3025	20	0	pcr 12	'p'	'q'	REJECT
qemu_calc	3026	20	1	pcr 12	'c'	'd'	REJECT
qemu_calc	3027	20	2	pcr 12	'r'	's'	REJECT
qemu_calc	3028	20	3	pcr 12	' '	'X'	REJECT
qemu_calc	3029	20	4	pcr 12	'1'	'2'	REJECT
qemu_calc	3030	20	5	pcr 12	'2'	'3'	REJECT
qemu_calc	3031	20	6	pcr 12	' '	'X'	REJECT
qemu_calc	3032	20	7	pcr 12	'7'	'8'	REJECT
qemu_calc	3033	20	8	pcr 12	'2'	'3'	REJECT
qemu_calc	3034	20	9	pcr 12	'e'	'f'	REJECT
qemu_calc	3035	20	10	pcr 12	'1'	'2'	REJECT
qemu_calc	3036	20	11	pcr 12	'c'	'd'	REJECT
qemu_calc	3037	20	12	pcr 12	'6'	'7'	REJECT
qemu_calc	3038	20	13	pcr 12	'a'	'b'	REJECT
qemu_calc	3039	20	14	pcr 12	'f'	'0'	REJECT
qemu_calc	3040	20	15	pcr 12	'd'	'e'	REJECT
qemu_calc	3041	20	16	pcr 12	'8'	'9'	REJECT
qemu_calc	3042	20	17	pcr 12	'f'	'0'	REJECT
qemu_calc	3043	20	18	pcr 12	'4'	'5'	REJECT
qemu_calc	3044	20	19	pcr 12	'4'	'5'	REJECT
qemu_calc	3045	20	20	pcr 12	'0'	'1'	REJECT
qemu_calc	3046	20	21	pcr 12	'b'	'c'	REJECT
qemu_calc	3047	20	22	pcr 12	'c'	'd'	REJECT
qemu_calc	3048	20	23	pcr 12	'c'	'd'	REJECT
qemu_calc	3049	20	24	pcr 12	'1'	'2'	REJECT
qemu_calc	3050	20	25	pcr 12	'e'	'f'	REJECT
qemu_calc	3051	20	26	pcr 12	'4'	'5'	REJECT
qemu_calc	3052	20	27	pcr 12	'6'	'7'	REJECT
qemu_calc	3053	20	28	pcr 12	'e'	'f'	REJECT
qemu_calc	3054	20	29	pcr 12	'2'	'3'	REJECT
qemu_calc	3055	20	30	pcr 12	'f'	'0'	REJECT
qemu_calc	3056	20	31	pcr 12	'9'	'a'	REJECT
qemu_calc	3057	20	32	pcr 12	'e'	'f'	REJECT
qemu_calc	3058	20	33	pcr 12	'7'	'8'	REJECT
qemu_calc	3059	20	34	pcr 12	'b'	'c'	REJECT
qemu_calc	3060	20	35	pcr 12	'9'	'a'	REJECT
qemu_calc	3061	20	36	pcr 12	'e'	'f'	REJECT
qemu_calc	3062	20	37	pcr 12	'c'	'd'	REJECT
qemu_calc	3063	20	38	pcr 12	'1'	'2'	REJECT
qemu_calc	3064	20	39	pcr 12	'2'	'3'	REJECT
qemu_calc	3065	20	40	pcr 12	'0'	'1'	REJECT
qemu_calc	3066	20	41	pcr 12	'5'	'6'	REJECT
qemu_calc	3067	20	42	pcr 12	'2'	'3'	REJECT
qemu_calc	3068	20	43	pcr 12	'3'	'4'	REJECT
qemu_calc	3069	20	44	pcr 12	'c'	'd'	REJECT
qemu_calc	3070	20	45	pcr 12	'b'	'c'	REJECT
qemu_calc	3071	20	46	pcr 12	'7'	'8'	REJECT
qemu_calc	3072	20	47	pcr 12	'7'	'8'	REJECT
qemu_calc	3073	20	48	pcr 12	'6'	'7'	REJECT
qemu_calc	3074	20	49	pcr 12	'4'	'5'	REJECT
qemu_calc	3075	20	50	pcr 12	'b'	'c'	REJECT
qemu_calc	3076	20	51	pcr 12	'd'	'e'	REJECT
qemu_calc	3077	20	52	pcr 12	'9'	'a'	REJECT
qemu_calc	3078	20	53	pcr 12	'0'	'1'	REJECT
qemu_calc	3079	20	54	pcr 12	'2'	'3'	REJECT
qemu_calc	3080	20	55	pcr 12	'8'	'9'	REJECT
qemu_calc	3081	20	56	pcr 12	'7'	'8'	REJECT
qemu_calc	3082	20	57	pcr 12	'f'	'0'	REJECT
qemu_calc	3083	20	58	pcr 12	'd'	'e'	REJECT
qemu_calc	3084	20	59	pcr 12	'9'	'a'	REJECT
qemu_calc	3085	20	60	pcr 12	'f'	'0'	REJECT
qemu_calc	3086	20	61	pcr 12	'8'	'9'	REJECT
qemu_calc	3087	20	62	pcr 12	'd'	'e'	REJECT
qemu_calc	3088	20	63	pcr 12	'4'	'5'	REJECT
qemu_calc	3089	20	64	pcr 12	'1'	'2'	REJECT
qemu_calc	3090	20	65	pcr 12	'c'	'd'	REJECT
qemu_calc	3091	20	66	pcr 12	'd'	'e'	REJECT
qemu_calc	3092	20	67	pcr 12	'9'	'a'	REJECT
qemu_calc	3093	20	68	pcr 12	'0'	'1'	REJECT
qemu_calc	3094	20	69	pcr 12	'6'	'7'	REJECT
qemu_calc	3095	20	70	pcr 12	'c'	'd'	REJECT
qemu_calc	3096	20	71	pcr 12	'\n'	' '	REJECT
qemu_calc	3097	21	0	pcr 13	'p'	'q'	REJECT
qemu_calc	3098	21	1	pcr 13	'c'	'd'	REJECT
qemu_calc	3099	21	2	pcr 13	'r'	's'	REJECT
qemu_calc	3100	21	3	pcr 13	' '	'X'	REJECT
qemu_calc	3101	21	4	pcr 13	'1'	'2'	REJECT
qemu_calc	3102	21	5	pcr 13	'3'	'4'	REJECT
qemu_calc	3103	21	6	pcr 13	' '	'X'	REJECT
qemu_calc	3104	21	7	pcr 13	'7'	'8'	REJECT
qemu_calc	3105	21	8	pcr 13	'4'	'5'	REJECT
qemu_calc	3106	21	9	pcr 13	'4'	'5'	REJECT
qemu_calc	3107	21	10	pcr 13	'9'	'a'	REJECT
qemu_calc	3108	21	11	pcr 13	'e'	'f'	REJECT
qemu_calc	3109	21	12	pcr 13	'5'	'6'	REJECT
qemu_calc	3110	21	13	pcr 13	'5'	'6'	REJECT
qemu_calc	3111	21	14	pcr 13	'9'	'a'	REJECT
qemu_calc	3112	21	15	pcr 13	'e'	'f'	REJECT
qemu_calc	3113	21	16	pcr 13	'2'	'3'	REJECT
qemu_calc	3114	21	17	pcr 13	'7'	'8'	REJECT
qemu_calc	3115	21	18	pcr 13	'e'	'f'	REJECT
qemu_calc	3116	21	19	pcr 13	'c'	'd'	REJECT
qemu_calc	3117	21	20	pcr 13	'1'	'2'	REJECT
qemu_calc	3118	21	21	pcr 13	'7'	'8'	REJECT
qemu_calc	3119	21	22	pcr 13	'2'	'3'	REJECT
qemu_calc	3120	21	23	pcr 13	'9'	'a'	REJECT
qemu_calc	3121	21	24	pcr 13	'b'	'c'	REJECT
qemu_calc	3122	21	25	pcr 13	'e'	'f'	REJECT
qemu_calc	3123	21	26	pcr 13	'3'	'4'	REJECT
qemu_calc	3124	21	27	pcr 13	'5'	'6'	REJECT
qemu_calc	3125	21	28	pcr 13	'8'	'9'	REJECT
qemu_calc	3126	21	29	pcr 13	'9'	'a'	REJECT
qemu_calc	3127	21	30	pcr 13	'2'	'3'	REJECT
qemu_calc	3128	21	31	pcr 13	'b'	'c'	REJECT
qemu_calc	3129	21	32	pcr 13	'e'	'f'	REJECT
qemu_calc	3130	21	33	pcr 13	'd'	'e'	REJECT
qemu_calc	3131	21	34	pcr 13	'7'	'8'	REJECT
qemu_calc	3132	21	35	pcr 13	'7'	'8'	REJECT
qemu_calc	3133	21	36	pcr 13	'6'	'7'	REJECT
qemu_calc	3134	21	37	pcr 13	'9'	'a'	REJECT
qemu_calc	3135	21	38	pcr 13	'6'	'7'	REJECT
qemu_calc	3136	21	39	pcr 13	'8'	'9'	REJECT
qemu_calc	3137	21	40	pcr 13	'e'	'f'	REJECT
qemu_calc	3138	21	41	pcr 13	'9'	'a'	REJECT
qemu_calc	3139	21	42	pcr 13	'5'	'6'	REJECT
qemu_calc	3140	21	43	pcr 13	'f'	'0'	REJECT
qemu_calc	3141	21	44	pcr 13	'f'	'0'	REJECT
qemu_calc	3142	21	45	pcr 13	'e'	'f'	REJECT
qemu_calc	3143	21	46	pcr 13	'e'	'f'	REJECT
qemu_calc	3144	21	47	pcr 13	'5'	'6'	REJECT
qemu_calc	3145	21	48	pcr 13	'9'	'a'	REJECT
qemu_calc	3146	21	49	pcr 13	'c'	'd'	REJECT
qemu_calc	3147	21	50	pcr 13	'2'	'3'	REJECT
qemu_calc	3148	21	51	pcr 13	'6'	'7'	REJECT
qemu_calc	3149	21	52	pcr 13	'd'	'e'	REJECT
qemu_calc	3150	21	53	pcr 13	'f'	'0'	REJECT
qemu_calc	3151	21	54	pcr 13	'0'	'1'	REJECT
qemu_calc	3152	21	55	pcr 13	'4'	'5'	REJECT
qemu_calc	3153	21	56	pcr 13	'9'	'a'	REJECT
qemu_calc	3154	21	57	pcr 13	'9'	'a'	REJECT
qemu_calc	3155	21	58	pcr 13	'9'	'a'	REJECT
qemu_calc	3156	21	59	pcr 13	'6'	'7'	REJECT
qemu_calc	3157	21	60	pcr 13	'0'	'1'	REJECT
qemu_calc	3158	21	61	pcr 13	'1'	'2'	REJECT
qemu_calc	3159	21	62	pcr 13	'7'	'8'	REJECT
qemu_calc	3160	21	63	pcr 13	'6'	'7'	REJECT
qemu_calc	3161	21	64	pcr 13	'c'	'd'	REJECT
qemu_calc	3162	21	65	pcr 13	'f'	'0'	REJECT
qemu_calc	3163	21	66	pcr 13	'1'	'2'	REJECT
qemu_calc	3164	21	67	pcr 13	'a'	'b'	REJECT
qemu_calc	3165	21	68	pcr 13	'f'	'0'	REJECT
qemu_calc	3166	21	69	pcr 13	'3'	'4'	REJECT
qemu_calc	3167	21	70	pcr 13	'2'	'3'	REJECT
qemu_calc	3168	21	71	pcr 13	'\n'	' '	REJECT
qemu_calc	3169	22	0	quote-pcrs	'q'	'r'	REJECT
qemu_calc	3170	22	1	quote-pcrs	'u'	'v'	REJECT
qemu_calc	3171	22	2	quote-pcrs	'o'	'p'	REJECT
qemu_calc	3172	22	3	quote-pcrs	't'	'u'	REJECT
qemu_calc	3173	22	4	quote-pcrs	'e'	'f'	REJECT
qemu_calc	3174	22	5	quote-pcrs	'-'	'X'	REJECT
qemu_calc	3175	22	6	quote-pcrs	'p'	'q'	REJECT
qemu_calc	3176	22	7	quote-pcrs	'c'	'd'	REJECT
qemu_calc	3177	22	8	quote-pcrs	'r'	's'	REJECT
qemu_calc	3178	22	9	quote-pcrs	's'	't'	REJECT
qemu_calc	3179	22	10	quote-pcrs	' '	'X'	REJECT
qemu_calc	3180	22	11	quote-pcrs	'4'	'5'	REJECT
qemu_calc	3181	22	12	quote-pcrs	','	'X'	REJECT
qemu_calc	3182	22	13	quote-pcrs	'1'	'2'	REJECT
qemu_calc	3183	22	14	quote-pcrs	'2'	'3'	REJECT
qemu_calc	3184	22	15	quote-pcrs	','	'X'	REJECT
qemu_calc	3185	22	16	quote-pcrs	'1'	'2'	REJECT
qemu_calc	3186	22	17	quote-pcrs	'3'	'4'	REJECT
qemu_calc	3187	22	18	quote-pcrs	'\n'	' '	REJECT
qemu_calc	3188	23	0	quote-qualifying	'q'	'r'	REJECT
qemu_calc	3189	23	1	quote-qualifying	'u'	'v'	REJECT
qemu_calc	3190	23	2	quote-qualifying	'o'	'p'	REJECT
qemu_calc	3191	23	3	quote-qualifying	't'	'u'	REJECT
qemu_calc	3192	23	4	quote-qualifying	'e'	'f'	REJECT
qemu_calc	3193	23	5	quote-qualifying	'-'	'X'	REJECT
qemu_calc	3194	23	6	quote-qualifying	'q'	'r'	REJECT
qemu_calc	3195	23	7	quote-qualifying	'u'	'v'	REJECT
qemu_calc	3196	23	8	quote-qualifying	'a'	'b'	REJECT
qemu_calc	3197	23	9	quote-qualifying	'l'	'm'	REJECT
qemu_calc	3198	23	10	quote-qualifying	'i'	'j'	REJECT
qemu_calc	3199	23	11	quote-qualifying	'f'	'0'	REJECT
qemu_calc	3200	23	12	quote-qualifying	'y'	'z'	REJECT
qemu_calc	3201	23	13	quote-qualifying	'i'	'j'	REJECT
qemu_calc	3202	23	14	quote-qualifying	'n'	'o'	REJECT
qemu_calc	3203	23	15	quote-qualifying	'g'	'h'	REJECT
qemu_calc	3204	23	16	quote-qualifying	' '	'X'	REJECT
qemu_calc	3205	23	17	quote-qualifying	'9'	'a'	REJECT
qemu_calc	3206	23	18	quote-qualifying	'1'	'2'	REJECT
qemu_calc	3207	23	19	quote-qualifying	'6'	'7'	REJECT
qemu_calc	3208	23	20	quote-qualifying	'6'	'7'	REJECT
qemu_calc	3209	23	21	quote-qualifying	'6'	'7'	REJECT
qemu_calc	3210	23	22	quote-qualifying	'4'	'5'	REJECT
qemu_calc	3211	23	23	quote-qualifying	'6'	'7'	REJECT
qemu_calc	3212	23	24	quote-qualifying	'2'	'3'	REJECT
qemu_calc	3213	23	25	quote-qualifying	'7'	'8'	REJECT
qemu_calc	3214	23	26	quote-qualifying	'1'	'2'	REJECT
qemu_calc	3215	23	27	quote-qualifying	'9'	'a'	REJECT
qemu_calc	3216	23	28	quote-qualifying	'7'	'8'	REJECT
qemu_calc	3217	23	29	quote-qualifying	'e'	'f'	REJECT
qemu_calc	3218	23	30	quote-qualifying	'f'	'0'	REJECT
qemu_calc	3219	23	31	quote-qualifying	'7'	'8'	REJECT
qemu_calc	3220	23	32	quote-qualifying	'd'	'e'	REJECT
qemu_calc	3221	23	33	quote-qualifying	'8'	'9'	REJECT
qemu_calc	3222	23	34	quote-qualifying	'3'	'4'	REJECT
qemu_calc	3223	23	35	quote-qualifying	'2'	'3'	REJECT
qemu_calc	3224	23	36	quote-qualifying	'9'	'a'	REJECT
qemu_calc	3225	23	37	quote-qualifying	'4'	'5'	REJECT
qemu_calc	3226	23	38	quote-qualifying	'3'	'4'	REJECT
qemu_calc	3227	23	39	quote-qualifying	'a'	'b'	REJECT
qemu_calc	3228	23	40	quote-qualifying	'a'	'b'	REJECT
qemu_calc	3229	23	41	quote-qualifying	'1'	'2'	REJECT
qemu_calc	3230	23	42	quote-qualifying	'8'	'9'	REJECT
qemu_calc	3231	23	43	quote-qualifying	'a'	'b'	REJECT
qemu_calc	3232	23	44	quote-qualifying	'8'	'9'	REJECT
qemu_calc	3233	23	45	quote-qualifying	'5'	'6'	REJECT
qemu_calc	3234	23	46	quote-qualifying	'6'	'7'	REJECT
qemu_calc	3235	23	47	quote-qualifying	'b'	'c'	REJECT
qemu_calc	3236	23	48	quote-qualifying	'2'	'3'	REJECT
qemu_calc	3237	23	49	quote-qualifying	'c'	'd'	REJECT
qemu_calc	3238	23	50	quote-qualifying	'8'	'9'	REJECT
qemu_calc	3239	23	51	quote-qualifying	'd'	'e'	REJECT
qemu_calc	3240	23	52	quote-qualifying	'8'	'9'	REJECT
qemu_calc	3241	23	53	quote-qualifying	'e'	'f'	REJECT
qemu_calc	3242	23	54	quote-qualifying	'5'	'6'	REJECT
qemu_calc	3243	23	55	quote-qualifying	'3'	'4'	REJECT
qemu_calc	3244	23	56	quote-qualifying	'b'	'c'	REJECT
qemu_calc	3245	23	57	quote-qualifying	'f'	'0'	REJECT
qemu_calc	3246	23	58	quote-qualifying	'8'	'9'	REJECT
qemu_calc	3247	23	59	quote-qualifying	'e'	'f'	REJECT
qemu_calc	3248	23	60	quote-qualifying	'b'	'c'	REJECT
qemu_calc	3249	23	61	quote-qualifying	'4'	'5'	REJECT
qemu_calc	3250	23	62	quote-qualifying	'7'	'8'	REJECT
qemu_calc	3251	23	63	quote-qualifying	'f'	'0'	REJECT
qemu_calc	3252	23	64	quote-qualifying	'7'	'8'	REJECT
qemu_calc	3253	23	65	quote-qualifying	'2'	'3'	REJECT
qemu_calc	3254	23	66	quote-qualifying	'0'	'1'	REJECT
qemu_calc	3255	23	67	quote-qualifying	'3'	'4'	REJECT
qemu_calc	3256	23	68	quote-qualifying	'0'	'1'	REJECT
qemu_calc	3257	23	69	quote-qualifying	'c'	'd'	REJECT
qemu_calc	3258	23	70	quote-qualifying	'd'	'e'	REJECT
qemu_calc	3259	23	71	quote-qualifying	'4'	'5'	REJECT
qemu_calc	3260	23	72	quote-qualifying	'3'	'4'	REJECT
qemu_calc	3261	23	73	quote-qualifying	'7'	'8'	REJECT
qemu_calc	3262	23	74	quote-qualifying	'e'	'f'	REJECT
qemu_calc	3263	23	75	quote-qualifying	'e'	'f'	REJECT
qemu_calc	3264	23	76	quote-qualifying	'5'	'6'	REJECT
qemu_calc	3265	23	77	quote-qualifying	'3'	'4'	REJECT
qemu_calc	3266	23	78	quote-qualifying	'0'	'1'	REJECT
qemu_calc	3267	23	79	quote-qualifying	'b'	'c'	REJECT
qemu_calc	3268	23	80	quote-qualifying	'a'	'b'	REJECT
qemu_calc	3269	23	81	quote-qualifying	'\n'	' '	REJECT
qemu_calc	3270	24	0	quote-pub-x	'q'	'r'	REJECT
qemu_calc	3271	24	1	quote-pub-x	'u'	'v'	REJECT
qemu_calc	3272	24	2	quote-pub-x	'o'	'p'	REJECT
qemu_calc	3273	24	3	quote-pub-x	't'	'u'	REJECT
qemu_calc	3274	24	4	quote-pub-x	'e'	'f'	REJECT
qemu_calc	3275	24	5	quote-pub-x	'-'	'X'	REJECT
qemu_calc	3276	24	6	quote-pub-x	'p'	'q'	REJECT
qemu_calc	3277	24	7	quote-pub-x	'u'	'v'	REJECT
qemu_calc	3278	24	8	quote-pub-x	'b'	'c'	REJECT
qemu_calc	3279	24	9	quote-pub-x	'-'	'X'	REJECT
qemu_calc	3280	24	10	quote-pub-x	'x'	'y'	REJECT
qemu_calc	3281	24	11	quote-pub-x	' '	'X'	REJECT
qemu_calc	3282	24	12	quote-pub-x	'3'	'4'	REJECT
qemu_calc	3283	24	13	quote-pub-x	'f'	'0'	REJECT
qemu_calc	3284	24	14	quote-pub-x	'a'	'b'	REJECT
qemu_calc	3285	24	15	quote-pub-x	'd'	'e'	REJECT
qemu_calc	3286	24	16	quote-pub-x	'6'	'7'	REJECT
qemu_calc	3287	24	17	quote-pub-x	'7'	'8'	REJECT
qemu_calc	3288	24	18	quote-pub-x	'd'	'e'	REJECT
qemu_calc	3289	24	19	quote-pub-x	'3'	'4'	REJECT
qemu_calc	3290	24	20	quote-pub-x	'2'	'3'	REJECT
qemu_calc	3291	24	21	quote-pub-x	'2'	'3'	REJECT
qemu_calc	3292	24	22	quote-pub-x	'4'	'5'	REJECT
qemu_calc	3293	24	23	quote-pub-x	'a'	'b'	REJECT
qemu_calc	3294	24	24	quote-pub-x	'b'	'c'	REJECT
qemu_calc	3295	24	25	quote-pub-x	'1'	'2'	REJECT
qemu_calc	3296	24	26	quote-pub-x	'9'	'a'	REJECT
qemu_calc	3297	24	27	quote-pub-x	'b'	'c'	REJECT
qemu_calc	3298	24	28	quote-pub-x	'3'	'4'	REJECT
qemu_calc	3299	24	29	quote-pub-x	'd'	'e'	REJECT
qemu_calc	3300	24	30	quote-pub-x	'e'	'f'	REJECT
qemu_calc	3301	24	31	quote-pub-x	'0'	'1'	REJECT
qemu_calc	3302	24	32	quote-pub-x	'7'	'8'	REJECT
qemu_calc	3303	24	33	quote-pub-x	'6'	'7'	REJECT
qemu_calc	3304	24	34	quote-pub-x	'7'	'8'	REJECT
qemu_calc	3305	24	35	quote-pub-x	'0'	'1'	REJECT
qemu_calc	3306	24	36	quote-pub-x	'3'	'4'	REJECT
qemu_calc	3307	24	37	quote-pub-x	'3'	'4'	REJECT
qemu_calc	3308	24	38	quote-pub-x	'5'	'6'	REJECT
qemu_calc	3309	24	39	quote-pub-x	'b'	'c'	REJECT
qemu_calc	3310	24	40	quote-pub-x	'f'	'0'	REJECT
qemu_calc	3311	24	41	quote-pub-x	'4'	'5'	REJECT
qemu_calc	3312	24	42	quote-pub-x	'9'	'a'	REJECT
qemu_calc	3313	24	43	quote-pub-x	'd'	'e'	REJECT
qemu_calc	3314	24	44	quote-pub-x	'0'	'1'	REJECT
qemu_calc	3315	24	45	quote-pub-x	'a'	'b'	REJECT
qemu_calc	3316	24	46	quote-pub-x	'c'	'd'	REJECT
qemu_calc	3317	24	47	quote-pub-x	'5'	'6'	REJECT
qemu_calc	3318	24	48	quote-pub-x	'e'	'f'	REJECT
qemu_calc	3319	24	49	quote-pub-x	'a'	'b'	REJECT
qemu_calc	3320	24	50	quote-pub-x	'0'	'1'	REJECT
qemu_calc	3321	24	51	quote-pub-x	'f'	'0'	REJECT
qemu_calc	3322	24	52	quote-pub-x	'd'	'e'	REJECT
qemu_calc	3323	24	53	quote-pub-x	'd'	'e'	REJECT
qemu_calc	3324	24	54	quote-pub-x	'1'	'2'	REJECT
qemu_calc	3325	24	55	quote-pub-x	'0'	'1'	REJECT
qemu_calc	3326	24	56	quote-pub-x	'b'	'c'	REJECT
qemu_calc	3327	24	57	quote-pub-x	'6'	'7'	REJECT
qemu_calc	3328	24	58	quote-pub-x	'c'	'd'	REJECT
qemu_calc	3329	24	59	quote-pub-x	'e'	'f'	REJECT
qemu_calc	3330	24	60	quote-pub-x	'e'	'f'	REJECT
qemu_calc	3331	24	61	quote-pub-x	'7'	'8'	REJECT
qemu_calc	3332	24	62	quote-pub-x	'a'	'b'	REJECT
qemu_calc	3333	24	63	quote-pub-x	'b'	'c'	REJECT
qemu_calc	3334	24	64	quote-pub-x	'9'	'a'	REJECT
qemu_calc	3335	24	65	quote-pub-x	'7'	'8'	REJECT
qemu_calc	3336	24	66	quote-pub-x	'f'	'0'	REJECT
qemu_calc	3337	24	67	quote-pub-x	'c'	'd'	REJECT
qemu_calc	3338	24	68	quote-pub-x	'a'	'b'	REJECT
qemu_calc	3339	24	69	quote-pub-x	'b'	'c'	REJECT
qemu_calc	3340	24	70	quote-pub-x	'd'	'e'	REJECT
qemu_calc	3341	24	71	quote-pub-x	'2'	'3'	REJECT
qemu_calc	3342	24	72	quote-pub-x	'1'	'2'	REJECT
qemu_calc	3343	24	73	quote-pub-x	'f'	'0'	REJECT
qemu_calc	3344	24	74	quote-pub-x	'0'	'1'	REJECT
qemu_calc	3345	24	75	quote-pub-x	'3'	'4'	REJECT
qemu_calc	3346	24	76	quote-pub-x	'\n'	' '	REJECT
qemu_calc	3347	25	0	quote-pub-y	'q'	'r'	REJECT
qemu_calc	3348	25	1	quote-pub-y	'u'	'v'	REJECT
qemu_calc	3349	25	2	quote-pub-y	'o'	'p'	REJECT
qemu_calc	3350	25	3	quote-pub-y	't'	'u'	REJECT
qemu_calc	3351	25	4	quote-pub-y	'e'	'f'	REJECT
qemu_calc	3352	25	5	quote-pub-y	'-'	'X'	REJECT
qemu_calc	3353	25	6	quote-pub-y	'p'	'q'	REJECT
qemu_calc	3354	25	7	quote-pub-y	'u'	'v'	REJECT
qemu_calc	3355	25	8	quote-pub-y	'b'	'c'	REJECT
qemu_calc	3356	25	9	quote-pub-y	'-'	'X'	REJECT
qemu_calc	3357	25	10	quote-pub-y	'y'	'z'	REJECT
qemu_calc	3358	25	11	quote-pub-y	' '	'X'	REJECT
qemu_calc	3359	25	12	quote-pub-y	'7'	'8'	REJECT
qemu_calc	3360	25	13	quote-pub-y	'c'	'd'	REJECT
qemu_calc	3361	25	14	quote-pub-y	'4'	'5'	REJECT
qemu_calc	3362	25	15	quote-pub-y	'd'	'e'	REJECT
qemu_calc	3363	25	16	quote-pub-y	'2'	'3'	REJECT
qemu_calc	3364	25	17	quote-pub-y	'c'	'd'	REJECT
qemu_calc	3365	25	18	quote-pub-y	'b'	'c'	REJECT
qemu_calc	3366	25	19	quote-pub-y	'7'	'8'	REJECT
qemu_calc	3367	25	20	quote-pub-y	'4'	'5'	REJECT
qemu_calc	3368	25	21	quote-pub-y	'b'	'c'	REJECT
qemu_calc	3369	25	22	quote-pub-y	'4'	'5'	REJECT
qemu_calc	3370	25	23	quote-pub-y	'f'	'0'	REJECT
qemu_calc	3371	25	24	quote-pub-y	'2'	'3'	REJECT
qemu_calc	3372	25	25	quote-pub-y	'9'	'a'	REJECT
qemu_calc	3373	25	26	quote-pub-y	'b'	'c'	REJECT
qemu_calc	3374	25	27	quote-pub-y	'b'	'c'	REJECT
qemu_calc	3375	25	28	quote-pub-y	'0'	'1'	REJECT
qemu_calc	3376	25	29	quote-pub-y	'f'	'0'	REJECT
qemu_calc	3377	25	30	quote-pub-y	'8'	'9'	REJECT
qemu_calc	3378	25	31	quote-pub-y	'f'	'0'	REJECT
qemu_calc	3379	25	32	quote-pub-y	'd'	'e'	REJECT
qemu_calc	3380	25	33	quote-pub-y	'1'	'2'	REJECT
qemu_calc	3381	25	34	quote-pub-y	'e'	'f'	REJECT
qemu_calc	3382	25	35	quote-pub-y	'6'	'7'	REJECT
qemu_calc	3383	25	36	quote-pub-y	'e'	'f'	REJECT
qemu_calc	3384	25	37	quote-pub-y	'3'	'4'	REJECT
qemu_calc	3385	25	38	quote-pub-y	'8'	'9'	REJECT
qemu_calc	3386	25	39	quote-pub-y	'0'	'1'	REJECT
qemu_calc	3387	25	40	quote-pub-y	'7'	'8'	REJECT
qemu_calc	3388	25	41	quote-pub-y	'0'	'1'	REJECT
qemu_calc	3389	25	42	quote-pub-y	'5'	'6'	REJECT
qemu_calc	3390	25	43	quote-pub-y	'7'	'8'	REJECT
qemu_calc	3391	25	44	quote-pub-y	'2'	'3'	REJECT
qemu_calc	3392	25	45	quote-pub-y	'e'	'f'	REJECT
qemu_calc	3393	25	46	quote-pub-y	'7'	'8'	REJECT
qemu_calc	3394	25	47	quote-pub-y	'a'	'b'	REJECT
qemu_calc	3395	25	48	quote-pub-y	'f'	'0'	REJECT
qemu_calc	3396	25	49	quote-pub-y	'9'	'a'	REJECT
qemu_calc	3397	25	50	quote-pub-y	'7'	'8'	REJECT
qemu_calc	3398	25	51	quote-pub-y	'2'	'3'	REJECT
qemu_calc	3399	25	52	quote-pub-y	'c'	'd'	REJECT
qemu_calc	3400	25	53	quote-pub-y	'e'	'f'	REJECT
qemu_calc	3401	25	54	quote-pub-y	'1'	'2'	REJECT
qemu_calc	3402	25	55	quote-pub-y	'c'	'd'	REJECT
qemu_calc	3403	25	56	quote-pub-y	'b'	'c'	REJECT
qemu_calc	3404	25	57	quote-pub-y	'2'	'3'	REJECT
qemu_calc	3405	25	58	quote-pub-y	'e'	'f'	REJECT
qemu_calc	3406	25	59	quote-pub-y	'9'	'a'	REJECT
qemu_calc	3407	25	60	quote-pub-y	'd'	'e'	REJECT
qemu_calc	3408	25	61	quote-pub-y	'e'	'f'	REJECT
qemu_calc	3409	25	62	quote-pub-y	'a'	'b'	REJECT
qemu_calc	3410	25	63	quote-pub-y	'b'	'c'	REJECT
qemu_calc	3411	25	64	quote-pub-y	'0'	'1'	REJECT
qemu_calc	3412	25	65	quote-pub-y	'8'	'9'	REJECT
qemu_calc	3413	25	66	quote-pub-y	'b'	'c'	REJECT
qemu_calc	3414	25	67	quote-pub-y	'0'	'1'	REJECT
qemu_calc	3415	25	68	quote-pub-y	'1'	'2'	REJECT
qemu_calc	3416	25	69	quote-pub-y	'8'	'9'	REJECT
qemu_calc	3417	25	70	quote-pub-y	'6'	'7'	REJECT
qemu_calc	3418	25	71	quote-pub-y	'9'	'a'	REJECT
qemu_calc	3419	25	72	quote-pub-y	'f'	'0'	REJECT
qemu_calc	3420	25	73	quote-pub-y	'3'	'4'	REJECT
qemu_calc	3421	25	74	quote-pub-y	'a'	'b'	REJECT
qemu_calc	3422	25	75	quote-pub-y	'c'	'd'	REJECT
qemu_calc	3423	25	76	quote-pub-y	'\n'	' '	REJECT
qemu_calc	3424	26	0	quote-public	'q'	'r'	REJECT
qemu_calc	3425	26	1	quote-public	'u'	'v'	REJECT
qemu_calc	3426	26	2	quote-public	'o'	'p'	REJECT
qemu_calc	3427	26	3	quote-public	't'	'u'	REJECT
qemu_calc	3428	26	4	quote-public	'e'	'f'	REJECT
qemu_calc	3429	26	5	quote-public	'-'	'X'	REJECT
qemu_calc	3430	26	6	quote-public	'p'	'q'	REJECT
qemu_calc	3431	26	7	quote-public	'u'	'v'	REJECT
qemu_calc	3432	26	8	quote-public	'b'	'c'	REJECT
qemu_calc	3433	26	9	quote-public	'l'	'm'	REJECT
qemu_calc	3434	26	10	quote-public	'i'	'j'	REJECT
qemu_calc	3435	26	11	quote-public	'c'	'd'	REJECT
qemu_calc	3436	26	12	quote-public	' '	'X'	REJECT
qemu_calc	3437	26	13	quote-public	'0'	'1'	REJECT
qemu_calc	3438	26	14	quote-public	'0'	'1'	REJECT
qemu_calc	3439	26	15	quote-public	'2'	'3'	REJECT
qemu_calc	3440	26	16	quote-public	'3'	'4'	REJECT
qemu_calc	3441	26	17	quote-public	'0'	'1'	REJECT
qemu_calc	3442	26	18	quote-public	'0'	'1'	REJECT
qemu_calc	3443	26	19	quote-public	'0'	'1'	REJECT
qemu_calc	3444	26	20	quote-public	'b'	'c'	REJECT
qemu_calc	3445	26	21	quote-public	'0'	'1'	REJECT
qemu_calc	3446	26	22	quote-public	'0'	'1'	REJECT
qemu_calc	3447	26	23	quote-public	'0'	'1'	REJECT
qemu_calc	3448	26	24	quote-public	'5'	'6'	REJECT
qemu_calc	3449	26	25	quote-public	'0'	'1'	REJECT
qemu_calc	3450	26	26	quote-public	'0'	'1'	REJECT
qemu_calc	3451	26	27	quote-public	'7'	'8'	REJECT
qemu_calc	3452	26	28	quote-public	'2'	'3'	REJECT
qemu_calc	3453	26	29	quote-public	'0'	'1'	REJECT
qemu_calc	3454	26	30	quote-public	'0'	'1'	REJECT
qemu_calc	3455	26	31	quote-public	'0'	'1'	REJECT
qemu_calc	3456	26	32	quote-public	'0'	'1'	REJECT
qemu_calc	3457	26	33	quote-public	'0'	'1'	REJECT
qemu_calc	3458	26	34	quote-public	'0'	'1'	REJECT
qemu_calc	3459	26	35	quote-public	'1'	'2'	REJECT
qemu_calc	3460	26	36	quote-public	'0'	'1'	REJECT
qemu_calc	3461	26	37	quote-public	'0'	'1'	REJECT
qemu_calc	3462	26	38	quote-public	'0'	'1'	REJECT
qemu_calc	3463	26	39	quote-public	'1'	'2'	REJECT
qemu_calc	3464	26	40	quote-public	'8'	'9'	REJECT
qemu_calc	3465	26	41	quote-public	'0'	'1'	REJECT
qemu_calc	3466	26	42	quote-public	'0'	'1'	REJECT
qemu_calc	3467	26	43	quote-public	'0'	'1'	REJECT
qemu_calc	3468	26	44	quote-public	'b'	'c'	REJECT
qemu_calc	3469	26	45	quote-public	'0'	'1'	REJECT
qemu_calc	3470	26	46	quote-public	'0'	'1'	REJECT
qemu_calc	3471	26	47	quote-public	'0'	'1'	REJECT
qemu_calc	3472	26	48	quote-public	'3'	'4'	REJECT
qemu_calc	3473	26	49	quote-public	'0'	'1'	REJECT
qemu_calc	3474	26	50	quote-public	'0'	'1'	REJECT
qemu_calc	3475	26	51	quote-public	'1'	'2'	REJECT
qemu_calc	3476	26	52	quote-public	'0'	'1'	REJECT
qemu_calc	3477	26	53	quote-public	'0'	'1'	REJECT
qemu_calc	3478	26	54	quote-public	'0'	'1'	REJECT
qemu_calc	3479	26	55	quote-public	'2'	'3'	REJECT
qemu_calc	3480	26	56	quote-public	'0'	'1'	REJECT
qemu_calc	3481	26	57	quote-public	'3'	'4'	REJECT
qemu_calc	3482	26	58	quote-public	'f'	'0'	REJECT
qemu_calc	3483	26	59	quote-public	'a'	'b'	REJECT
qemu_calc	3484	26	60	quote-public	'd'	'e'	REJECT
qemu_calc	3485	26	61	quote-public	'6'	'7'	REJECT
qemu_calc	3486	26	62	quote-public	'7'	'8'	REJECT
qemu_calc	3487	26	63	quote-public	'd'	'e'	REJECT
qemu_calc	3488	26	64	quote-public	'3'	'4'	REJECT
qemu_calc	3489	26	65	quote-public	'2'	'3'	REJECT
qemu_calc	3490	26	66	quote-public	'2'	'3'	REJECT
qemu_calc	3491	26	67	quote-public	'4'	'5'	REJECT
qemu_calc	3492	26	68	quote-public	'a'	'b'	REJECT
qemu_calc	3493	26	69	quote-public	'b'	'c'	REJECT
qemu_calc	3494	26	70	quote-public	'1'	'2'	REJECT
qemu_calc	3495	26	71	quote-public	'9'	'a'	REJECT
qemu_calc	3496	26	72	quote-public	'b'	'c'	REJECT
qemu_calc	3497	26	73	quote-public	'3'	'4'	REJECT
qemu_calc	3498	26	74	quote-public	'd'	'e'	REJECT
qemu_calc	3499	26	75	quote-public	'e'	'f'	REJECT
qemu_calc	3500	26	76	quote-public	'0'	'1'	REJECT
qemu_calc	3501	26	77	quote-public	'7'	'8'	REJECT
qemu_calc	3502	26	78	quote-public	'6'	'7'	REJECT
qemu_calc	3503	26	79	quote-public	'7'	'8'	REJECT
qemu_calc	3504	26	80	quote-public	'0'	'1'	REJECT
qemu_calc	3505	26	81	quote-public	'3'	'4'	REJECT
qemu_calc	3506	26	82	quote-public	'3'	'4'	REJECT
qemu_calc	3507	26	83	quote-public	'5'	'6'	REJECT
qemu_calc	3508	26	84	quote-public	'b'	'c'	REJECT
qemu_calc	3509	26	85	quote-public	'f'	'0'	REJECT
qemu_calc	3510	26	86	quote-public	'4'	'5'	REJECT
qemu_calc	3511	26	87	quote-public	'9'	'a'	REJECT
qemu_calc	3512	26	88	quote-public	'd'	'e'	REJECT
qemu_calc	3513	26	89	quote-public	'0'	'1'	REJECT
qemu_calc	3514	26	90	quote-public	'a'	'b'	REJECT
qemu_calc	3515	26	91	quote-public	'c'	'd'	REJECT
qemu_calc	3516	26	92	quote-public	'5'	'6'	REJECT
qemu_calc	3517	26	93	quote-public	'e'	'f'	REJECT
qemu_calc	3518	26	94	quote-public	'a'	'b'	REJECT
qemu_calc	3519	26	95	quote-public	'0'	'1'	REJECT
qemu_calc	3520	26	96	quote-public	'f'	'0'	REJECT
qemu_calc	3521	26	97	quote-public	'd'	'e'	REJECT
qemu_calc	3522	26	98	quote-public	'd'	'e'	REJECT
qemu_calc	3523	26	99	quote-public	'1'	'2'	REJECT
qemu_calc	3524	26	100	quote-public	'0'	'1'	REJECT
qemu_calc	3525	26	101	quote-public	'b'	'c'	REJECT
qemu_calc	3526	26	102	quote-public	'6'	'7'	REJECT
qemu_calc	3527	26	103	quote-public	'c'	'd'	REJECT
qemu_calc	3528	26	104	quote-public	'e'	'f'	REJECT
qemu_calc	3529	26	105	quote-public	'e'	'f'	REJECT
qemu_calc	3530	26	106	quote-public	'7'	'8'	REJECT
qemu_calc	3531	26	107	quote-public	'a'	'b'	REJECT
qemu_calc	3532	26	108	quote-public	'b'	'c'	REJECT
qemu_calc	3533	26	109	quote-public	'9'	'a'	REJECT
qemu_calc	3534	26	110	quote-public	'7'	'8'	REJECT
qemu_calc	3535	26	111	quote-public	'f'	'0'	REJECT
qemu_calc	3536	26	112	quote-public	'c'	'd'	REJECT
qemu_calc	3537	26	113	quote-public	'a'	'b'	REJECT
qemu_calc	3538	26	114	quote-public	'b'	'c'	REJECT
qemu_calc	3539	26	115	quote-public	'd'	'e'	REJECT
qemu_calc	3540	26	116	quote-public	'2'	'3'	REJECT
qemu_calc	3541	26	117	quote-public	'1'	'2'	REJECT
qemu_calc	3542	26	118	quote-public	'f'	'0'	REJECT
qemu_calc	3543	26	119	quote-public	'0'	'1'	REJECT
qemu_calc	3544	26	120	quote-public	'3'	'4'	REJECT
qemu_calc	3545	26	121	quote-public	'0'	'1'	REJECT
qemu_calc	3546	26	122	quote-public	'0'	'1'	REJECT
qemu_calc	3547	26	123	quote-public	'2'	'3'	REJECT
qemu_calc	3548	26	124	quote-public	'0'	'1'	REJECT
qemu_calc	3549	26	125	quote-public	'7'	'8'	REJECT
qemu_calc	3550	26	126	quote-public	'c'	'd'	REJECT
qemu_calc	3551	26	127	quote-public	'4'	'5'	REJECT
qemu_calc	3552	26	128	quote-public	'd'	'e'	REJECT
qemu_calc	3553	26	129	quote-public	'2'	'3'	REJECT
qemu_calc	3554	26	130	quote-public	'c'	'd'	REJECT
qemu_calc	3555	26	131	quote-public	'b'	'c'	REJECT
qemu_calc	3556	26	132	quote-public	'7'	'8'	REJECT
qemu_calc	3557	26	133	quote-public	'4'	'5'	REJECT
qemu_calc	3558	26	134	quote-public	'b'	'c'	REJECT
qemu_calc	3559	26	135	quote-public	'4'	'5'	REJECT
qemu_calc	3560	26	136	quote-public	'f'	'0'	REJECT
qemu_calc	3561	26	137	quote-public	'2'	'3'	REJECT
qemu_calc	3562	26	138	quote-public	'9'	'a'	REJECT
qemu_calc	3563	26	139	quote-public	'b'	'c'	REJECT
qemu_calc	3564	26	140	quote-public	'b'	'c'	REJECT
qemu_calc	3565	26	141	quote-public	'0'	'1'	REJECT
qemu_calc	3566	26	142	quote-public	'f'	'0'	REJECT
qemu_calc	3567	26	143	quote-public	'8'	'9'	REJECT
qemu_calc	3568	26	144	quote-public	'f'	'0'	REJECT
qemu_calc	3569	26	145	quote-public	'd'	'e'	REJECT
qemu_calc	3570	26	146	quote-public	'1'	'2'	REJECT
qemu_calc	3571	26	147	quote-public	'e'	'f'	REJECT
qemu_calc	3572	26	148	quote-public	'6'	'7'	REJECT
qemu_calc	3573	26	149	quote-public	'e'	'f'	REJECT
qemu_calc	3574	26	150	quote-public	'3'	'4'	REJECT
qemu_calc	3575	26	151	quote-public	'8'	'9'	REJECT
qemu_calc	3576	26	152	quote-public	'0'	'1'	REJECT
qemu_calc	3577	26	153	quote-public	'7'	'8'	REJECT
qemu_calc	3578	26	154	quote-public	'0'	'1'	REJECT
qemu_calc	3579	26	155	quote-public	'5'	'6'	REJECT
qemu_calc	3580	26	156	quote-public	'7'	'8'	REJECT
qemu_calc	3581	26	157	quote-public	'2'	'3'	REJECT
qemu_calc	3582	26	158	quote-public	'e'	'f'	REJECT
qemu_calc	3583	26	159	quote-public	'7'	'8'	REJECT
qemu_calc	3584	26	160	quote-public	'a'	'b'	REJECT
qemu_calc	3585	26	161	quote-public	'f'	'0'	REJECT
qemu_calc	3586	26	162	quote-public	'9'	'a'	REJECT
qemu_calc	3587	26	163	quote-public	'7'	'8'	REJECT
qemu_calc	3588	26	164	quote-public	'2'	'3'	REJECT
qemu_calc	3589	26	165	quote-public	'c'	'd'	REJECT
qemu_calc	3590	26	166	quote-public	'e'	'f'	REJECT
qemu_calc	3591	26	167	quote-public	'1'	'2'	REJECT
qemu_calc	3592	26	168	quote-public	'c'	'd'	REJECT
qemu_calc	3593	26	169	quote-public	'b'	'c'	REJECT
qemu_calc	3594	26	170	quote-public	'2'	'3'	REJECT
qemu_calc	3595	26	171	quote-public	'e'	'f'	REJECT
qemu_calc	3596	26	172	quote-public	'9'	'a'	REJECT
qemu_calc	3597	26	173	quote-public	'd'	'e'	REJECT
qemu_calc	3598	26	174	quote-public	'e'	'f'	REJECT
qemu_calc	3599	26	175	quote-public	'a'	'b'	REJECT
qemu_calc	3600	26	176	quote-public	'b'	'c'	REJECT
qemu_calc	3601	26	177	quote-public	'0'	'1'	REJECT
qemu_calc	3602	26	178	quote-public	'8'	'9'	REJECT
qemu_calc	3603	26	179	quote-public	'b'	'c'	REJECT
qemu_calc	3604	26	180	quote-public	'0'	'1'	REJECT
qemu_calc	3605	26	181	quote-public	'1'	'2'	REJECT
qemu_calc	3606	26	182	quote-public	'8'	'9'	REJECT
qemu_calc	3607	26	183	quote-public	'6'	'7'	REJECT
qemu_calc	3608	26	184	quote-public	'9'	'a'	REJECT
qemu_calc	3609	26	185	quote-public	'f'	'0'	REJECT
qemu_calc	3610	26	186	quote-public	'3'	'4'	REJECT
qemu_calc	3611	26	187	quote-public	'a'	'b'	REJECT
qemu_calc	3612	26	188	quote-public	'c'	'd'	REJECT
qemu_calc	3613	26	189	quote-public	'\n'	' '	REJECT
qemu_calc	3614	27	0	quote-attest	'q'	'r'	REJECT
qemu_calc	3615	27	1	quote-attest	'u'	'v'	REJECT
qemu_calc	3616	27	2	quote-attest	'o'	'p'	REJECT
qemu_calc	3617	27	3	quote-attest	't'	'u'	REJECT
qemu_calc	3618	27	4	quote-attest	'e'	'f'	REJECT
qemu_calc	3619	27	5	quote-attest	'-'	'X'	REJECT
qemu_calc	3620	27	6	quote-attest	'a'	'b'	REJECT
qemu_calc	3621	27	7	quote-attest	't'	'u'	REJECT
qemu_calc	3622	27	8	quote-attest	't'	'u'	REJECT
qemu_calc	3623	27	9	quote-attest	'e'	'f'	REJECT
qemu_calc	3624	27	10	quote-attest	's'	't'	REJECT
qemu_calc	3625	27	11	quote-attest	't'	'u'	REJECT
qemu_calc	3626	27	12	quote-attest	' '	'X'	REJECT
qemu_calc	3627	27	13	quote-attest	'f'	'0'	REJECT
qemu_calc	3628	27	14	quote-attest	'f'	'0'	REJECT
qemu_calc	3629	27	15	quote-attest	'5'	'6'	REJECT
qemu_calc	3630	27	16	quote-attest	'4'	'5'	REJECT
qemu_calc	3631	27	17	quote-attest	'4'	'5'	REJECT
qemu_calc	3632	27	18	quote-attest	'3'	'4'	REJECT
qemu_calc	3633	27	19	quote-attest	'4'	'5'	REJECT
qemu_calc	3634	27	20	quote-attest	'7'	'8'	REJECT
qemu_calc	3635	27	21	quote-attest	'8'	'9'	REJECT
qemu_calc	3636	27	22	quote-attest	'0'	'1'	REJECT
qemu_calc	3637	27	23	quote-attest	'1'	'2'	REJECT
qemu_calc	3638	27	24	quote-attest	'8'	'9'	REJECT
qemu_calc	3639	27	25	quote-attest	'0'	'1'	REJECT
qemu_calc	3640	27	26	quote-attest	'0'	'1'	REJECT
qemu_calc	3641	27	27	quote-attest	'2'	'3'	REJECT
qemu_calc	3642	27	28	quote-attest	'2'	'3'	REJECT
qemu_calc	3643	27	29	quote-attest	'0'	'1'	REJECT
qemu_calc	3644	27	30	quote-attest	'0'	'1'	REJECT
qemu_calc	3645	27	31	quote-attest	'0'	'1'	REJECT
qemu_calc	3646	27	32	quote-attest	'b'	'c'	REJECT
qemu_calc	3647	27	33	quote-attest	'1'	'2'	REJECT
qemu_calc	3648	27	34	quote-attest	'6'	'7'	REJECT
qemu_calc	3649	27	35	quote-attest	'f'	'0'	REJECT
qemu_calc	3650	27	36	quote-attest	'7'	'8'	REJECT
qemu_calc	3651	27	37	quote-attest	'7'	'8'	REJECT
qemu_calc	3652	27	38	quote-attest	'8'	'9'	REJECT
qemu_calc	3653	27	39	quote-attest	'5'	'6'	REJECT
qemu_calc	3654	27	40	quote-attest	'e'	'f'	REJECT
qemu_calc	3655	27	41	quote-attest	'3'	'4'	REJECT
qemu_calc	3656	27	42	quote-attest	'a'	'b'	REJECT
qemu_calc	3657	27	43	quote-attest	'7'	'8'	REJECT
qemu_calc	3658	27	44	quote-attest	'4'	'5'	REJECT
qemu_calc	3659	27	45	quote-attest	'f'	'0'	REJECT
qemu_calc	3660	27	46	quote-attest	'3'	'4'	REJECT
qemu_calc	3661	27	47	quote-attest	'e'	'f'	REJECT
qemu_calc	3662	27	48	quote-attest	'c'	'd'	REJECT
qemu_calc	3663	27	49	quote-attest	'c'	'd'	REJECT
qemu_calc	3664	27	50	quote-attest	'4'	'5'	REJECT
qemu_calc	3665	27	51	quote-attest	'a'	'b'	REJECT
qemu_calc	3666	27	52	quote-attest	'd'	'e'	REJECT
qemu_calc	3667	27	53	quote-attest	'e'	'f'	REJECT
qemu_calc	3668	27	54	quote-attest	'f'	'0'	REJECT
qemu_calc	3669	27	55	quote-attest	'f'	'0'	REJECT
qemu_calc	3670	27	56	quote-attest	'6'	'7'	REJECT
qemu_calc	3671	27	57	quote-attest	'7'	'8'	REJECT
qemu_calc	3672	27	58	quote-attest	'9'	'a'	REJECT
qemu_calc	3673	27	59	quote-attest	'2'	'3'	REJECT
qemu_calc	3674	27	60	quote-attest	'a'	'b'	REJECT
qemu_calc	3675	27	61	quote-attest	'9'	'a'	REJECT
qemu_calc	3676	27	62	quote-attest	'5'	'6'	REJECT
qemu_calc	3677	27	63	quote-attest	'4'	'5'	REJECT
qemu_calc	3678	27	64	quote-attest	'f'	'0'	REJECT
qemu_calc	3679	27	65	quote-attest	'9'	'a'	REJECT
qemu_calc	3680	27	66	quote-attest	'9'	'a'	REJECT
qemu_calc	3681	27	67	quote-attest	'e'	'f'	REJECT
qemu_calc	3682	27	68	quote-attest	'3'	'4'	REJECT
qemu_calc	3683	27	69	quote-attest	'8'	'9'	REJECT
qemu_calc	3684	27	70	quote-attest	'6'	'7'	REJECT
qemu_calc	3685	27	71	quote-attest	'b'	'c'	REJECT
qemu_calc	3686	27	72	quote-attest	'a'	'b'	REJECT
qemu_calc	3687	27	73	quote-attest	'd'	'e'	REJECT
qemu_calc	3688	27	74	quote-attest	'7'	'8'	REJECT
qemu_calc	3689	27	75	quote-attest	'4'	'5'	REJECT
qemu_calc	3690	27	76	quote-attest	'5'	'6'	REJECT
qemu_calc	3691	27	77	quote-attest	'e'	'f'	REJECT
qemu_calc	3692	27	78	quote-attest	'3'	'4'	REJECT
qemu_calc	3693	27	79	quote-attest	'5'	'6'	REJECT
qemu_calc	3694	27	80	quote-attest	'1'	'2'	REJECT
qemu_calc	3695	27	81	quote-attest	'2'	'3'	REJECT
qemu_calc	3696	27	82	quote-attest	'1'	'2'	REJECT
qemu_calc	3697	27	83	quote-attest	'9'	'a'	REJECT
qemu_calc	3698	27	84	quote-attest	'7'	'8'	REJECT
qemu_calc	3699	27	85	quote-attest	'9'	'a'	REJECT
qemu_calc	3700	27	86	quote-attest	'b'	'c'	REJECT
qemu_calc	3701	27	87	quote-attest	'a'	'b'	REJECT
qemu_calc	3702	27	88	quote-attest	'2'	'3'	REJECT
qemu_calc	3703	27	89	quote-attest	'1'	'2'	REJECT
qemu_calc	3704	27	90	quote-attest	'1'	'2'	REJECT
qemu_calc	3705	27	91	quote-attest	'1'	'2'	REJECT
qemu_calc	3706	27	92	quote-attest	'b'	'c'	REJECT
qemu_calc	3707	27	93	quote-attest	'4'	'5'	REJECT
qemu_calc	3708	27	94	quote-attest	'1'	'2'	REJECT
qemu_calc	3709	27	95	quote-attest	'7'	'8'	REJECT
qemu_calc	3710	27	96	quote-attest	'3'	'4'	REJECT
qemu_calc	3711	27	97	quote-attest	'0'	'1'	REJECT
qemu_calc	3712	27	98	quote-attest	'0'	'1'	REJECT
qemu_calc	3713	27	99	quote-attest	'2'	'3'	REJECT
qemu_calc	3714	27	100	quote-attest	'0'	'1'	REJECT
qemu_calc	3715	27	101	quote-attest	'9'	'a'	REJECT
qemu_calc	3716	27	102	quote-attest	'1'	'2'	REJECT
qemu_calc	3717	27	103	quote-attest	'6'	'7'	REJECT
qemu_calc	3718	27	104	quote-attest	'6'	'7'	REJECT
qemu_calc	3719	27	105	quote-attest	'6'	'7'	REJECT
qemu_calc	3720	27	106	quote-attest	'4'	'5'	REJECT
qemu_calc	3721	27	107	quote-attest	'6'	'7'	REJECT
qemu_calc	3722	27	108	quote-attest	'2'	'3'	REJECT
qemu_calc	3723	27	109	quote-attest	'7'	'8'	REJECT
qemu_calc	3724	27	110	quote-attest	'1'	'2'	REJECT
qemu_calc	3725	27	111	quote-attest	'9'	'a'	REJECT
qemu_calc	3726	27	112	quote-attest	'7'	'8'	REJECT
qemu_calc	3727	27	113	quote-attest	'e'	'f'	REJECT
qemu_calc	3728	27	114	quote-attest	'f'	'0'	REJECT
qemu_calc	3729	27	115	quote-attest	'7'	'8'	REJECT
qemu_calc	3730	27	116	quote-attest	'd'	'e'	REJECT
qemu_calc	3731	27	117	quote-attest	'8'	'9'	REJECT
qemu_calc	3732	27	118	quote-attest	'3'	'4'	REJECT
qemu_calc	3733	27	119	quote-attest	'2'	'3'	REJECT
qemu_calc	3734	27	120	quote-attest	'9'	'a'	REJECT
qemu_calc	3735	27	121	quote-attest	'4'	'5'	REJECT
qemu_calc	3736	27	122	quote-attest	'3'	'4'	REJECT
qemu_calc	3737	27	123	quote-attest	'a'	'b'	REJECT
qemu_calc	3738	27	124	quote-attest	'a'	'b'	REJECT
qemu_calc	3739	27	125	quote-attest	'1'	'2'	REJECT
qemu_calc	3740	27	126	quote-attest	'8'	'9'	REJECT
qemu_calc	3741	27	127	quote-attest	'a'	'b'	REJECT
qemu_calc	3742	27	128	quote-attest	'8'	'9'	REJECT
qemu_calc	3743	27	129	quote-attest	'5'	'6'	REJECT
qemu_calc	3744	27	130	quote-attest	'6'	'7'	REJECT
qemu_calc	3745	27	131	quote-attest	'b'	'c'	REJECT
qemu_calc	3746	27	132	quote-attest	'2'	'3'	REJECT
qemu_calc	3747	27	133	quote-attest	'c'	'd'	REJECT
qemu_calc	3748	27	134	quote-attest	'8'	'9'	REJECT
qemu_calc	3749	27	135	quote-attest	'd'	'e'	REJECT
qemu_calc	3750	27	136	quote-attest	'8'	'9'	REJECT
qemu_calc	3751	27	137	quote-attest	'e'	'f'	REJECT
qemu_calc	3752	27	138	quote-attest	'5'	'6'	REJECT
qemu_calc	3753	27	139	quote-attest	'3'	'4'	REJECT
qemu_calc	3754	27	140	quote-attest	'b'	'c'	REJECT
qemu_calc	3755	27	141	quote-attest	'f'	'0'	REJECT
qemu_calc	3756	27	142	quote-attest	'8'	'9'	REJECT
qemu_calc	3757	27	143	quote-attest	'e'	'f'	REJECT
qemu_calc	3758	27	144	quote-attest	'b'	'c'	REJECT
qemu_calc	3759	27	145	quote-attest	'4'	'5'	REJECT
qemu_calc	3760	27	146	quote-attest	'7'	'8'	REJECT
qemu_calc	3761	27	147	quote-attest	'f'	'0'	REJECT
qemu_calc	3762	27	148	quote-attest	'7'	'8'	REJECT
qemu_calc	3763	27	149	quote-attest	'2'	'3'	REJECT
qemu_calc	3764	27	150	quote-attest	'0'	'1'	REJECT
qemu_calc	3765	27	151	quote-attest	'3'	'4'	REJECT
qemu_calc	3766	27	152	quote-attest	'0'	'1'	REJECT
qemu_calc	3767	27	153	quote-attest	'c'	'd'	REJECT
qemu_calc	3768	27	154	quote-attest	'd'	'e'	REJECT
qemu_calc	3769	27	155	quote-attest	'4'	'5'	REJECT
qemu_calc	3770	27	156	quote-attest	'3'	'4'	REJECT
qemu_calc	3771	27	157	quote-attest	'7'	'8'	REJECT
qemu_calc	3772	27	158	quote-attest	'e'	'f'	REJECT
qemu_calc	3773	27	159	quote-attest	'e'	'f'	REJECT
qemu_calc	3774	27	160	quote-attest	'5'	'6'	REJECT
qemu_calc	3775	27	161	quote-attest	'3'	'4'	REJECT
qemu_calc	3776	27	162	quote-attest	'0'	'1'	REJECT
qemu_calc	3777	27	163	quote-attest	'b'	'c'	REJECT
qemu_calc	3778	27	164	quote-attest	'a'	'b'	REJECT
qemu_calc	3779	27	165	quote-attest	'0'	'1'	REJECT
qemu_calc	3780	27	166	quote-attest	'0'	'1'	REJECT
qemu_calc	3781	27	167	quote-attest	'0'	'1'	REJECT
qemu_calc	3782	27	168	quote-attest	'0'	'1'	REJECT
qemu_calc	3783	27	169	quote-attest	'0'	'1'	REJECT
qemu_calc	3784	27	170	quote-attest	'0'	'1'	REJECT
qemu_calc	3785	27	171	quote-attest	'0'	'1'	REJECT
qemu_calc	3786	27	172	quote-attest	'0'	'1'	REJECT
qemu_calc	3787	27	173	quote-attest	'0'	'1'	REJECT
qemu_calc	3788	27	174	quote-attest	'0'	'1'	REJECT
qemu_calc	3789	27	175	quote-attest	'0'	'1'	REJECT
qemu_calc	3790	27	176	quote-attest	'0'	'1'	REJECT
qemu_calc	3791	27	177	quote-attest	'9'	'a'	REJECT
qemu_calc	3792	27	178	quote-attest	'5'	'6'	REJECT
qemu_calc	3793	27	179	quote-attest	'6'	'7'	REJECT
qemu_calc	3794	27	180	quote-attest	'b'	'c'	REJECT
qemu_calc	3795	27	181	quote-attest	'8'	'9'	REJECT
qemu_calc	3796	27	182	quote-attest	'b'	'c'	REJECT
qemu_calc	3797	27	183	quote-attest	'4'	'5'	REJECT
qemu_calc	3798	27	184	quote-attest	'5'	'6'	REJECT
qemu_calc	3799	27	185	quote-attest	'4'	'5'	REJECT
qemu_calc	3800	27	186	quote-attest	'f'	'0'	REJECT
qemu_calc	3801	27	187	quote-attest	'c'	'd'	REJECT
qemu_calc	3802	27	188	quote-attest	'2'	'3'	REJECT
qemu_calc	3803	27	189	quote-attest	'f'	'0'	REJECT
qemu_calc	3804	27	190	quote-attest	'9'	'a'	REJECT
qemu_calc	3805	27	191	quote-attest	'4'	'5'	REJECT
qemu_calc	3806	27	192	quote-attest	'd'	'e'	REJECT
qemu_calc	3807	27	193	quote-attest	'7'	'8'	REJECT
qemu_calc	3808	27	194	quote-attest	'6'	'7'	REJECT
qemu_calc	3809	27	195	quote-attest	'3'	'4'	REJECT
qemu_calc	3810	27	196	quote-attest	'e'	'f'	REJECT
qemu_calc	3811	27	197	quote-attest	'0'	'1'	REJECT
qemu_calc	3812	27	198	quote-attest	'1'	'2'	REJECT
qemu_calc	3813	27	199	quote-attest	'8'	'9'	REJECT
qemu_calc	3814	27	200	quote-attest	'a'	'b'	REJECT
qemu_calc	3815	27	201	quote-attest	'c'	'd'	REJECT
qemu_calc	3816	27	202	quote-attest	'1'	'2'	REJECT
qemu_calc	3817	27	203	quote-attest	'3'	'4'	REJECT
qemu_calc	3818	27	204	quote-attest	'b'	'c'	REJECT
qemu_calc	3819	27	205	quote-attest	'4'	'5'	REJECT
qemu_calc	3820	27	206	quote-attest	'8'	'9'	REJECT
qemu_calc	3821	27	207	quote-attest	'1'	'2'	REJECT
qemu_calc	3822	27	208	quote-attest	'7'	'8'	REJECT
qemu_calc	3823	27	209	quote-attest	'2'	'3'	REJECT
qemu_calc	3824	27	210	quote-attest	'd'	'e'	REJECT
qemu_calc	3825	27	211	quote-attest	'1'	'2'	REJECT
qemu_calc	3826	27	212	quote-attest	'5'	'6'	REJECT
qemu_calc	3827	27	213	quote-attest	'f'	'0'	REJECT
qemu_calc	3828	27	214	quote-attest	'd'	'e'	REJECT
qemu_calc	3829	27	215	quote-attest	'0'	'1'	REJECT
qemu_calc	3830	27	216	quote-attest	'0'	'1'	REJECT
qemu_calc	3831	27	217	quote-attest	'0'	'1'	REJECT
qemu_calc	3832	27	218	quote-attest	'0'	'1'	REJECT
qemu_calc	3833	27	219	quote-attest	'0'	'1'	REJECT
qemu_calc	3834	27	220	quote-attest	'0'	'1'	REJECT
qemu_calc	3835	27	221	quote-attest	'0'	'1'	REJECT
qemu_calc	3836	27	222	quote-attest	'1'	'2'	REJECT
qemu_calc	3837	27	223	quote-attest	'0'	'1'	REJECT
qemu_calc	3838	27	224	quote-attest	'0'	'1'	REJECT
qemu_calc	3839	27	225	quote-attest	'0'	'1'	REJECT
qemu_calc	3840	27	226	quote-attest	'b'	'c'	REJECT
qemu_calc	3841	27	227	quote-attest	'0'	'1'	REJECT
qemu_calc	3842	27	228	quote-attest	'3'	'4'	REJECT
qemu_calc	3843	27	229	quote-attest	'1'	'2'	REJECT
qemu_calc	3844	27	230	quote-attest	'0'	'1'	REJECT
qemu_calc	3845	27	231	quote-attest	'3'	'4'	REJECT
qemu_calc	3846	27	232	quote-attest	'0'	'1'	REJECT
qemu_calc	3847	27	233	quote-attest	'0'	'1'	REJECT
qemu_calc	3848	27	234	quote-attest	'0'	'1'	REJECT
qemu_calc	3849	27	235	quote-attest	'0'	'1'	REJECT
qemu_calc	3850	27	236	quote-attest	'0'	'1'	REJECT
qemu_calc	3851	27	237	quote-attest	'2'	'3'	REJECT
qemu_calc	3852	27	238	quote-attest	'0'	'1'	REJECT
qemu_calc	3853	27	239	quote-attest	'd'	'e'	REJECT
qemu_calc	3854	27	240	quote-attest	'd'	'e'	REJECT
qemu_calc	3855	27	241	quote-attest	'8'	'9'	REJECT
qemu_calc	3856	27	242	quote-attest	'1'	'2'	REJECT
qemu_calc	3857	27	243	quote-attest	'2'	'3'	REJECT
qemu_calc	3858	27	244	quote-attest	'7'	'8'	REJECT
qemu_calc	3859	27	245	quote-attest	'a'	'b'	REJECT
qemu_calc	3860	27	246	quote-attest	'8'	'9'	REJECT
qemu_calc	3861	27	247	quote-attest	'e'	'f'	REJECT
qemu_calc	3862	27	248	quote-attest	'1'	'2'	REJECT
qemu_calc	3863	27	249	quote-attest	'5'	'6'	REJECT
qemu_calc	3864	27	250	quote-attest	'c'	'd'	REJECT
qemu_calc	3865	27	251	quote-attest	'3'	'4'	REJECT
qemu_calc	3866	27	252	quote-attest	'7'	'8'	REJECT
qemu_calc	3867	27	253	quote-attest	'6'	'7'	REJECT
qemu_calc	3868	27	254	quote-attest	'8'	'9'	REJECT
qemu_calc	3869	27	255	quote-attest	'c'	'd'	REJECT
qemu_calc	3870	27	256	quote-attest	'b'	'c'	REJECT
qemu_calc	3871	27	257	quote-attest	'9'	'a'	REJECT
qemu_calc	3872	27	258	quote-attest	'8'	'9'	REJECT
qemu_calc	3873	27	259	quote-attest	'2'	'3'	REJECT
qemu_calc	3874	27	260	quote-attest	'8'	'9'	REJECT
qemu_calc	3875	27	261	quote-attest	'6'	'7'	REJECT
qemu_calc	3876	27	262	quote-attest	'3'	'4'	REJECT
qemu_calc	3877	27	263	quote-attest	'a'	'b'	REJECT
qemu_calc	3878	27	264	quote-attest	'2'	'3'	REJECT
qemu_calc	3879	27	265	quote-attest	'c'	'd'	REJECT
qemu_calc	3880	27	266	quote-attest	'a'	'b'	REJECT
qemu_calc	3881	27	267	quote-attest	'5'	'6'	REJECT
qemu_calc	3882	27	268	quote-attest	'e'	'f'	REJECT
qemu_calc	3883	27	269	quote-attest	'1'	'2'	REJECT
qemu_calc	3884	27	270	quote-attest	'e'	'f'	REJECT
qemu_calc	3885	27	271	quote-attest	'b'	'c'	REJECT
qemu_calc	3886	27	272	quote-attest	'7'	'8'	REJECT
qemu_calc	3887	27	273	quote-attest	'2'	'3'	REJECT
qemu_calc	3888	27	274	quote-attest	'2'	'3'	REJECT
qemu_calc	3889	27	275	quote-attest	'f'	'0'	REJECT
qemu_calc	3890	27	276	quote-attest	'1'	'2'	REJECT
qemu_calc	3891	27	277	quote-attest	'c'	'd'	REJECT
qemu_calc	3892	27	278	quote-attest	'9'	'a'	REJECT
qemu_calc	3893	27	279	quote-attest	'4'	'5'	REJECT
qemu_calc	3894	27	280	quote-attest	'7'	'8'	REJECT
qemu_calc	3895	27	281	quote-attest	'8'	'9'	REJECT
qemu_calc	3896	27	282	quote-attest	'b'	'c'	REJECT
qemu_calc	3897	27	283	quote-attest	'a'	'b'	REJECT
qemu_calc	3898	27	284	quote-attest	'8'	'9'	REJECT
qemu_calc	3899	27	285	quote-attest	'1'	'2'	REJECT
qemu_calc	3900	27	286	quote-attest	'7'	'8'	REJECT
qemu_calc	3901	27	287	quote-attest	'e'	'f'	REJECT
qemu_calc	3902	27	288	quote-attest	'e'	'f'	REJECT
qemu_calc	3903	27	289	quote-attest	'9'	'a'	REJECT
qemu_calc	3904	27	290	quote-attest	'd'	'e'	REJECT
qemu_calc	3905	27	291	quote-attest	'9'	'a'	REJECT
qemu_calc	3906	27	292	quote-attest	'd'	'e'	REJECT
qemu_calc	3907	27	293	quote-attest	'c'	'd'	REJECT
qemu_calc	3908	27	294	quote-attest	'e'	'f'	REJECT
qemu_calc	3909	27	295	quote-attest	'3'	'4'	REJECT
qemu_calc	3910	27	296	quote-attest	'd'	'e'	REJECT
qemu_calc	3911	27	297	quote-attest	'9'	'a'	REJECT
qemu_calc	3912	27	298	quote-attest	'3'	'4'	REJECT
qemu_calc	3913	27	299	quote-attest	'3'	'4'	REJECT
qemu_calc	3914	27	300	quote-attest	'a'	'b'	REJECT
qemu_calc	3915	27	301	quote-attest	'a'	'b'	REJECT
qemu_calc	3916	27	302	quote-attest	'3'	'4'	REJECT
qemu_calc	3917	27	303	quote-attest	'\n'	' '	REJECT
qemu_calc	3918	28	0	quote-sig-r	'q'	'r'	REJECT
qemu_calc	3919	28	1	quote-sig-r	'u'	'v'	REJECT
qemu_calc	3920	28	2	quote-sig-r	'o'	'p'	REJECT
qemu_calc	3921	28	3	quote-sig-r	't'	'u'	REJECT
qemu_calc	3922	28	4	quote-sig-r	'e'	'f'	REJECT
qemu_calc	3923	28	5	quote-sig-r	'-'	'X'	REJECT
qemu_calc	3924	28	6	quote-sig-r	's'	't'	REJECT
qemu_calc	3925	28	7	quote-sig-r	'i'	'j'	REJECT
qemu_calc	3926	28	8	quote-sig-r	'g'	'h'	REJECT
qemu_calc	3927	28	9	quote-sig-r	'-'	'X'	REJECT
qemu_calc	3928	28	10	quote-sig-r	'r'	's'	REJECT
qemu_calc	3929	28	11	quote-sig-r	' '	'X'	REJECT
qemu_calc	3930	28	12	quote-sig-r	'7'	'8'	REJECT
qemu_calc	3931	28	13	quote-sig-r	'a'	'b'	REJECT
qemu_calc	3932	28	14	quote-sig-r	'4'	'5'	REJECT
qemu_calc	3933	28	15	quote-sig-r	'b'	'c'	REJECT
qemu_calc	3934	28	16	quote-sig-r	'3'	'4'	REJECT
qemu_calc	3935	28	17	quote-sig-r	'6'	'7'	REJECT
qemu_calc	3936	28	18	quote-sig-r	'5'	'6'	REJECT
qemu_calc	3937	28	19	quote-sig-r	'f'	'0'	REJECT
qemu_calc	3938	28	20	quote-sig-r	'9'	'a'	REJECT
qemu_calc	3939	28	21	quote-sig-r	'5'	'6'	REJECT
qemu_calc	3940	28	22	quote-sig-r	'0'	'1'	REJECT
qemu_calc	3941	28	23	quote-sig-r	'd'	'e'	REJECT
qemu_calc	3942	28	24	quote-sig-r	'4'	'5'	REJECT
qemu_calc	3943	28	25	quote-sig-r	'a'	'b'	REJECT
qemu_calc	3944	28	26	quote-sig-r	'f'	'0'	REJECT
qemu_calc	3945	28	27	quote-sig-r	'1'	'2'	REJECT
qemu_calc	3946	28	28	quote-sig-r	'c'	'd'	REJECT
qemu_calc	3947	28	29	quote-sig-r	'1'	'2'	REJECT
qemu_calc	3948	28	30	quote-sig-r	'e'	'f'	REJECT
qemu_calc	3949	28	31	quote-sig-r	'0'	'1'	REJECT
qemu_calc	3950	28	32	quote-sig-r	'f'	'0'	REJECT
qemu_calc	3951	28	33	quote-sig-r	'6'	'7'	REJECT
qemu_calc	3952	28	34	quote-sig-r	'e'	'f'	REJECT
qemu_calc	3953	28	35	quote-sig-r	'4'	'5'	REJECT
qemu_calc	3954	28	36	quote-sig-r	'1'	'2'	REJECT
qemu_calc	3955	28	37	quote-sig-r	'3'	'4'	REJECT
qemu_calc	3956	28	38	quote-sig-r	'b'	'c'	REJECT
qemu_calc	3957	28	39	quote-sig-r	'4'	'5'	REJECT
qemu_calc	3958	28	40	quote-sig-r	'2'	'3'	REJECT
qemu_calc	3959	28	41	quote-sig-r	'6'	'7'	REJECT
qemu_calc	3960	28	42	quote-sig-r	'f'	'0'	REJECT
qemu_calc	3961	28	43	quote-sig-r	'6'	'7'	REJECT
qemu_calc	3962	28	44	quote-sig-r	'7'	'8'	REJECT
qemu_calc	3963	28	45	quote-sig-r	'a'	'b'	REJECT
qemu_calc	3964	28	46	quote-sig-r	'e'	'f'	REJECT
qemu_calc	3965	28	47	quote-sig-r	'c'	'd'	REJECT
qemu_calc	3966	28	48	quote-sig-r	'3'	'4'	REJECT
qemu_calc	3967	28	49	quote-sig-r	'c'	'd'	REJECT
qemu_calc	3968	28	50	quote-sig-r	'e'	'f'	REJECT
qemu_calc	3969	28	51	quote-sig-r	'd'	'e'	REJECT
qemu_calc	3970	28	52	quote-sig-r	'8'	'9'	REJECT
qemu_calc	3971	28	53	quote-sig-r	'6'	'7'	REJECT
qemu_calc	3972	28	54	quote-sig-r	'8'	'9'	REJECT
qemu_calc	3973	28	55	quote-sig-r	'c'	'd'	REJECT
qemu_calc	3974	28	56	quote-sig-r	'b'	'c'	REJECT
qemu_calc	3975	28	57	quote-sig-r	'5'	'6'	REJECT
qemu_calc	3976	28	58	quote-sig-r	'4'	'5'	REJECT
qemu_calc	3977	28	59	quote-sig-r	'1'	'2'	REJECT
qemu_calc	3978	28	60	quote-sig-r	'3'	'4'	REJECT
qemu_calc	3979	28	61	quote-sig-r	'b'	'c'	REJECT
qemu_calc	3980	28	62	quote-sig-r	'7'	'8'	REJECT
qemu_calc	3981	28	63	quote-sig-r	'c'	'd'	REJECT
qemu_calc	3982	28	64	quote-sig-r	'8'	'9'	REJECT
qemu_calc	3983	28	65	quote-sig-r	'c'	'd'	REJECT
qemu_calc	3984	28	66	quote-sig-r	'9'	'a'	REJECT
qemu_calc	3985	28	67	quote-sig-r	'c'	'd'	REJECT
qemu_calc	3986	28	68	quote-sig-r	'c'	'd'	REJECT
qemu_calc	3987	28	69	quote-sig-r	'4'	'5'	REJECT
qemu_calc	3988	28	70	quote-sig-r	'5'	'6'	REJECT
qemu_calc	3989	28	71	quote-sig-r	'c'	'd'	REJECT
qemu_calc	3990	28	72	quote-sig-r	'6'	'7'	REJECT
qemu_calc	3991	28	73	quote-sig-r	'c'	'd'	REJECT
qemu_calc	3992	28	74	quote-sig-r	'5'	'6'	REJECT
qemu_calc	3993	28	75	quote-sig-r	'1'	'2'	REJECT
qemu_calc	3994	28	76	quote-sig-r	'\n'	' '	REJECT
qemu_calc	3995	29	0	quote-sig-s	'q'	'r'	REJECT
qemu_calc	3996	29	1	quote-sig-s	'u'	'v'	REJECT
qemu_calc	3997	29	2	quote-sig-s	'o'	'p'	REJECT
qemu_calc	3998	29	3	quote-sig-s	't'	'u'	REJECT
qemu_calc	3999	29	4	quote-sig-s	'e'	'f'	REJECT
qemu_calc	4000	29	5	quote-sig-s	'-'	'X'	REJECT
qemu_calc	4001	29	6	quote-sig-s	's'	't'	REJECT
qemu_calc	4002	29	7	quote-sig-s	'i'	'j'	REJECT
qemu_calc	4003	29	8	quote-sig-s	'g'	'h'	REJECT
qemu_calc	4004	29	9	quote-sig-s	'-'	'X'	REJECT
qemu_calc	4005	29	10	quote-sig-s	's'	't'	REJECT
qemu_calc	4006	29	11	quote-sig-s	' '	'X'	REJECT
qemu_calc	4007	29	12	quote-sig-s	'0'	'1'	REJECT
qemu_calc	4008	29	13	quote-sig-s	'3'	'4'	REJECT
qemu_calc	4009	29	14	quote-sig-s	'd'	'e'	REJECT
qemu_calc	4010	29	15	quote-sig-s	'8'	'9'	REJECT
qemu_calc	4011	29	16	quote-sig-s	'c'	'd'	REJECT
qemu_calc	4012	29	17	quote-sig-s	'2'	'3'	REJECT
qemu_calc	4013	29	18	quote-sig-s	'1'	'2'	REJECT
qemu_calc	4014	29	19	quote-sig-s	'9'	'a'	REJECT
qemu_calc	4015	29	20	quote-sig-s	'c'	'd'	REJECT
qemu_calc	4016	29	21	quote-sig-s	'4'	'5'	REJECT
qemu_calc	4017	29	22	quote-sig-s	'c'	'd'	REJECT
qemu_calc	4018	29	23	quote-sig-s	'4'	'5'	REJECT
qemu_calc	4019	29	24	quote-sig-s	'1'	'2'	REJECT
qemu_calc	4020	29	25	quote-sig-s	'1'	'2'	REJECT
qemu_calc	4021	29	26	quote-sig-s	'4'	'5'	REJECT
qemu_calc	4022	29	27	quote-sig-s	'8'	'9'	REJECT
qemu_calc	4023	29	28	quote-sig-s	'4'	'5'	REJECT
qemu_calc	4024	29	29	quote-sig-s	'c'	'd'	REJECT
qemu_calc	4025	29	30	quote-sig-s	'1'	'2'	REJECT
qemu_calc	4026	29	31	quote-sig-s	'2'	'3'	REJECT
qemu_calc	4027	29	32	quote-sig-s	'4'	'5'	REJECT
qemu_calc	4028	29	33	quote-sig-s	'b'	'c'	REJECT
qemu_calc	4029	29	34	quote-sig-s	'0'	'1'	REJECT
qemu_calc	4030	29	35	quote-sig-s	'd'	'e'	REJECT
qemu_calc	4031	29	36	quote-sig-s	'e'	'f'	REJECT
qemu_calc	4032	29	37	quote-sig-s	'f'	'0'	REJECT
qemu_calc	4033	29	38	quote-sig-s	'e'	'f'	REJECT
qemu_calc	4034	29	39	quote-sig-s	'2'	'3'	REJECT
qemu_calc	4035	29	40	quote-sig-s	'4'	'5'	REJECT
qemu_calc	4036	29	41	quote-sig-s	'f'	'0'	REJECT
qemu_calc	4037	29	42	quote-sig-s	'd'	'e'	REJECT
qemu_calc	4038	29	43	quote-sig-s	'1'	'2'	REJECT
qemu_calc	4039	29	44	quote-sig-s	'2'	'3'	REJECT
qemu_calc	4040	29	45	quote-sig-s	'0'	'1'	REJECT
qemu_calc	4041	29	46	quote-sig-s	'a'	'b'	REJECT
qemu_calc	4042	29	47	quote-sig-s	'7'	'8'	REJECT
qemu_calc	4043	29	48	quote-sig-s	'f'	'0'	REJECT
qemu_calc	4044	29	49	quote-sig-s	'c'	'd'	REJECT
qemu_calc	4045	29	50	quote-sig-s	'4'	'5'	REJECT
qemu_calc	4046	29	51	quote-sig-s	'b'	'c'	REJECT
qemu_calc	4047	29	52	quote-sig-s	'7'	'8'	REJECT
qemu_calc	4048	29	53	quote-sig-s	'2'	'3'	REJECT
qemu_calc	4049	29	54	quote-sig-s	'c'	'd'	REJECT
qemu_calc	4050	29	55	quote-sig-s	'0'	'1'	REJECT
qemu_calc	4051	29	56	quote-sig-s	'8'	'9'	REJECT
qemu_calc	4052	29	57	quote-sig-s	'c'	'd'	REJECT
qemu_calc	4053	29	58	quote-sig-s	'f'	'0'	REJECT
qemu_calc	4054	29	59	quote-sig-s	'4'	'5'	REJECT
qemu_calc	4055	29	60	quote-sig-s	'c'	'd'	REJECT
qemu_calc	4056	29	61	quote-sig-s	'5'	'6'	REJECT
qemu_calc	4057	29	62	quote-sig-s	'3'	'4'	REJECT
qemu_calc	4058	29	63	quote-sig-s	'f'	'0'	REJECT
qemu_calc	4059	29	64	quote-sig-s	'f'	'0'	REJECT
qemu_calc	4060	29	65	quote-sig-s	'2'	'3'	REJECT
qemu_calc	4061	29	66	quote-sig-s	'd'	'e'	REJECT
qemu_calc	4062	29	67	quote-sig-s	'0'	'1'	REJECT
qemu_calc	4063	29	68	quote-sig-s	'1'	'2'	REJECT
qemu_calc	4064	29	69	quote-sig-s	'0'	'1'	REJECT
qemu_calc	4065	29	70	quote-sig-s	'7'	'8'	REJECT
qemu_calc	4066	29	71	quote-sig-s	'd'	'e'	REJECT
qemu_calc	4067	29	72	quote-sig-s	'9'	'a'	REJECT
qemu_calc	4068	29	73	quote-sig-s	'1'	'2'	REJECT
qemu_calc	4069	29	74	quote-sig-s	'f'	'0'	REJECT
qemu_calc	4070	29	75	quote-sig-s	'f'	'0'	REJECT
qemu_calc	4071	29	76	quote-sig-s	'\n'	' '	REJECT
qemu_calc	4072	30	0	quote-retries	'q'	'r'	REJECT
qemu_calc	4073	30	1	quote-retries	'u'	'v'	REJECT
qemu_calc	4074	30	2	quote-retries	'o'	'p'	REJECT
qemu_calc	4075	30	3	quote-retries	't'	'u'	REJECT
qemu_calc	4076	30	4	quote-retries	'e'	'f'	REJECT
qemu_calc	4077	30	5	quote-retries	'-'	'X'	REJECT
qemu_calc	4078	30	6	quote-retries	'r'	's'	REJECT
qemu_calc	4079	30	7	quote-retries	'e'	'f'	REJECT
qemu_calc	4080	30	8	quote-retries	't'	'u'	REJECT
qemu_calc	4081	30	9	quote-retries	'r'	's'	REJECT
qemu_calc	4082	30	10	quote-retries	'i'	'j'	REJECT
qemu_calc	4083	30	11	quote-retries	'e'	'f'	REJECT
qemu_calc	4084	30	12	quote-retries	's'	't'	REJECT
qemu_calc	4085	30	13	quote-retries	' '	'X'	REJECT
qemu_calc	4086	30	14	quote-retries	'1'	'2'	ACCEPT
qemu_calc	4087	30	15	quote-retries	'\n'	' '	REJECT
qemu_calc	4088	31	0	quote-key	'q'	'r'	REJECT
qemu_calc	4089	31	1	quote-key	'u'	'v'	REJECT
qemu_calc	4090	31	2	quote-key	'o'	'p'	REJECT
qemu_calc	4091	31	3	quote-key	't'	'u'	REJECT
qemu_calc	4092	31	4	quote-key	'e'	'f'	REJECT
qemu_calc	4093	31	5	quote-key	'-'	'X'	REJECT
qemu_calc	4094	31	6	quote-key	'k'	'l'	REJECT
qemu_calc	4095	31	7	quote-key	'e'	'f'	REJECT
qemu_calc	4096	31	8	quote-key	'y'	'z'	REJECT
qemu_calc	4097	31	9	quote-key	' '	'X'	REJECT
qemu_calc	4098	31	10	quote-key	'e'	'f'	REJECT
qemu_calc	4099	31	11	quote-key	'c'	'd'	REJECT
qemu_calc	4100	31	12	quote-key	'c'	'd'	REJECT
qemu_calc	4101	31	13	quote-key	'-'	'X'	REJECT
qemu_calc	4102	31	14	quote-key	'p'	'q'	REJECT
qemu_calc	4103	31	15	quote-key	'2'	'3'	REJECT
qemu_calc	4104	31	16	quote-key	'5'	'6'	REJECT
qemu_calc	4105	31	17	quote-key	'6'	'7'	REJECT
qemu_calc	4106	31	18	quote-key	' '	'X'	REJECT
qemu_calc	4107	31	19	quote-key	'e'	'f'	REJECT
qemu_calc	4108	31	20	quote-key	'c'	'd'	REJECT
qemu_calc	4109	31	21	quote-key	'd'	'e'	REJECT
qemu_calc	4110	31	22	quote-key	's'	't'	REJECT
qemu_calc	4111	31	23	quote-key	'a'	'b'	REJECT
qemu_calc	4112	31	24	quote-key	'-'	'X'	REJECT
qemu_calc	4113	31	25	quote-key	's'	't'	REJECT
qemu_calc	4114	31	26	quote-key	'h'	'i'	REJECT
qemu_calc	4115	31	27	quote-key	'a'	'b'	REJECT
qemu_calc	4116	31	28	quote-key	'2'	'3'	REJECT
qemu_calc	4117	31	29	quote-key	'5'	'6'	REJECT
qemu_calc	4118	31	30	quote-key	'6'	'7'	REJECT
qemu_calc	4119	31	31	quote-key	' '	'X'	REJECT
qemu_calc	4120	31	32	quote-key	'o'	'p'	REJECT
qemu_calc	4121	31	33	quote-key	'w'	'x'	REJECT
qemu_calc	4122	31	34	quote-key	'n'	'o'	REJECT
qemu_calc	4123	31	35	quote-key	'e'	'f'	REJECT
qemu_calc	4124	31	36	quote-key	'r'	's'	REJECT
qemu_calc	4125	31	37	quote-key	'-'	'X'	REJECT
qemu_calc	4126	31	38	quote-key	'h'	'i'	REJECT
qemu_calc	4127	31	39	quote-key	'i'	'j'	REJECT
qemu_calc	4128	31	40	quote-key	'e'	'f'	REJECT
qemu_calc	4129	31	41	quote-key	'r'	's'	REJECT
qemu_calc	4130	31	42	quote-key	'a'	'b'	REJECT
qemu_calc	4131	31	43	quote-key	'r'	's'	REJECT
qemu_calc	4132	31	44	quote-key	'c'	'd'	REJECT
qemu_calc	4133	31	45	quote-key	'h'	'i'	REJECT
qemu_calc	4134	31	46	quote-key	'y'	'z'	REJECT
qemu_calc	4135	31	47	quote-key	' '	'X'	REJECT
qemu_calc	4136	31	48	quote-key	't'	'u'	REJECT
qemu_calc	4137	31	49	quote-key	'r'	's'	REJECT
qemu_calc	4138	31	50	quote-key	'a'	'b'	REJECT
qemu_calc	4139	31	51	quote-key	'n'	'o'	REJECT
qemu_calc	4140	31	52	quote-key	's'	't'	REJECT
qemu_calc	4141	31	53	quote-key	'i'	'j'	REJECT
qemu_calc	4142	31	54	quote-key	'e'	'f'	REJECT
qemu_calc	4143	31	55	quote-key	'n'	'o'	REJECT
qemu_calc	4144	31	56	quote-key	't'	'u'	REJECT
qemu_calc	4145	31	57	quote-key	' '	'X'	REJECT
qemu_calc	4146	31	58	quote-key	'('	'X'	REJECT
qemu_calc	4147	31	59	quote-key	't'	'u'	REJECT
qemu_calc	4148	31	60	quote-key	'h'	'i'	REJECT
qemu_calc	4149	31	61	quote-key	'i'	'j'	REJECT
qemu_calc	4150	31	62	quote-key	's'	't'	REJECT
qemu_calc	4151	31	63	quote-key	' '	'X'	REJECT
qemu_calc	4152	31	64	quote-key	'b'	'c'	REJECT
qemu_calc	4153	31	65	quote-key	'o'	'p'	REJECT
qemu_calc	4154	31	66	quote-key	'o'	'p'	REJECT
qemu_calc	4155	31	67	quote-key	't'	'u'	REJECT
qemu_calc	4156	31	68	quote-key	')'	'X'	REJECT
qemu_calc	4157	31	69	quote-key	'\n'	' '	REJECT
qemu_self	0	1	0	header	'A'	'B'	REJECT_USAGE
qemu_self	1	1	1	header	'E'	'F'	REJECT_USAGE
qemu_self	2	1	2	header	'G'	'H'	REJECT_USAGE
qemu_self	3	1	3	header	'I'	'J'	REJECT_USAGE
qemu_self	4	1	4	header	'S'	'T'	REJECT_USAGE
qemu_self	5	1	5	header	'-'	'X'	REJECT_USAGE
qemu_self	6	1	6	header	'A'	'B'	REJECT_USAGE
qemu_self	7	1	7	header	'T'	'U'	REJECT_USAGE
qemu_self	8	1	8	header	'T'	'U'	REJECT_USAGE
qemu_self	9	1	9	header	'E'	'F'	REJECT_USAGE
qemu_self	10	1	10	header	'S'	'T'	REJECT_USAGE
qemu_self	11	1	11	header	'T'	'U'	REJECT_USAGE
qemu_self	12	1	12	header	' '	'X'	REJECT_USAGE
qemu_self	13	1	13	header	'v'	'w'	REJECT_USAGE
qemu_self	14	1	14	header	'0'	'1'	REJECT_USAGE
qemu_self	15	1	15	header	'\n'	' '	REJECT_USAGE
qemu_self	16	2	0	cpuid	'c'	'd'	REJECT
qemu_self	17	2	1	cpuid	'p'	'q'	REJECT
qemu_self	18	2	2	cpuid	'u'	'v'	REJECT
qemu_self	19	2	3	cpuid	'i'	'j'	REJECT
qemu_self	20	2	4	cpuid	'd'	'e'	REJECT
qemu_self	21	2	5	cpuid	' '	'X'	REJECT
qemu_self	22	2	6	cpuid	'v'	'w'	REJECT
qemu_self	23	2	7	cpuid	'e'	'f'	REJECT
qemu_self	24	2	8	cpuid	'n'	'o'	REJECT
qemu_self	25	2	9	cpuid	'd'	'e'	REJECT
qemu_self	26	2	10	cpuid	'o'	'p'	REJECT
qemu_self	27	2	11	cpuid	'r'	's'	REJECT
qemu_self	28	2	12	cpuid	'='	'X'	REJECT
qemu_self	29	2	13	cpuid	'A'	'B'	ACCEPT
qemu_self	30	2	14	cpuid	'u'	'v'	ACCEPT
qemu_self	31	2	15	cpuid	't'	'u'	ACCEPT
qemu_self	32	2	16	cpuid	'h'	'i'	ACCEPT
qemu_self	33	2	17	cpuid	'e'	'f'	ACCEPT
qemu_self	34	2	18	cpuid	'n'	'o'	ACCEPT
qemu_self	35	2	19	cpuid	't'	'u'	ACCEPT
qemu_self	36	2	20	cpuid	'i'	'j'	ACCEPT
qemu_self	37	2	21	cpuid	'c'	'd'	ACCEPT
qemu_self	38	2	22	cpuid	'A'	'B'	ACCEPT
qemu_self	39	2	23	cpuid	'M'	'N'	ACCEPT
qemu_self	40	2	24	cpuid	'D'	'E'	ACCEPT
qemu_self	41	2	25	cpuid	' '	'X'	REJECT
qemu_self	42	2	26	cpuid	'b'	'c'	REJECT
qemu_self	43	2	27	cpuid	'r'	's'	REJECT
qemu_self	44	2	28	cpuid	'a'	'b'	REJECT
qemu_self	45	2	29	cpuid	'n'	'o'	REJECT
qemu_self	46	2	30	cpuid	'd'	'e'	REJECT
qemu_self	47	2	31	cpuid	'='	'X'	REJECT
qemu_self	48	2	32	cpuid	'"'	'X'	REJECT
qemu_self	49	2	33	cpuid	'Q'	'R'	ACCEPT
qemu_self	50	2	34	cpuid	'E'	'F'	ACCEPT
qemu_self	51	2	35	cpuid	'M'	'N'	ACCEPT
qemu_self	52	2	36	cpuid	'U'	'V'	ACCEPT
qemu_self	53	2	37	cpuid	' '	'X'	ACCEPT
qemu_self	54	2	38	cpuid	'T'	'U'	ACCEPT
qemu_self	55	2	39	cpuid	'C'	'D'	ACCEPT
qemu_self	56	2	40	cpuid	'G'	'H'	ACCEPT
qemu_self	57	2	41	cpuid	' '	'X'	ACCEPT
qemu_self	58	2	42	cpuid	'C'	'D'	ACCEPT
qemu_self	59	2	43	cpuid	'P'	'Q'	ACCEPT
qemu_self	60	2	44	cpuid	'U'	'V'	ACCEPT
qemu_self	61	2	45	cpuid	' '	'X'	ACCEPT
qemu_self	62	2	46	cpuid	'v'	'w'	ACCEPT
qemu_self	63	2	47	cpuid	'e'	'f'	ACCEPT
qemu_self	64	2	48	cpuid	'r'	's'	ACCEPT
qemu_self	65	2	49	cpuid	's'	't'	ACCEPT
qemu_self	66	2	50	cpuid	'i'	'j'	ACCEPT
qemu_self	67	2	51	cpuid	'o'	'p'	ACCEPT
qemu_self	68	2	52	cpuid	'n'	'o'	ACCEPT
qemu_self	69	2	53	cpuid	' '	'X'	ACCEPT
qemu_self	70	2	54	cpuid	'2'	'3'	ACCEPT
qemu_self	71	2	55	cpuid	'.'	'X'	ACCEPT
qemu_self	72	2	56	cpuid	'5'	'6'	ACCEPT
qemu_self	73	2	57	cpuid	'+'	'X'	ACCEPT
qemu_self	74	2	58	cpuid	'"'	'X'	REJECT
qemu_self	75	2	59	cpuid	' '	'X'	REJECT
qemu_self	76	2	60	cpuid	'f'	'0'	REJECT
qemu_self	77	2	61	cpuid	'a'	'b'	REJECT
qemu_self	78	2	62	cpuid	'm'	'n'	REJECT
qemu_self	79	2	63	cpuid	'i'	'j'	REJECT
qemu_self	80	2	64	cpuid	'l'	'm'	REJECT
qemu_self	81	2	65	cpuid	'y'	'z'	REJECT
qemu_self	82	2	66	cpuid	'='	'X'	REJECT
qemu_self	83	2	67	cpuid	'6'	'7'	ACCEPT
qemu_self	84	2	68	cpuid	' '	'X'	REJECT
qemu_self	85	2	69	cpuid	'm'	'n'	REJECT
qemu_self	86	2	70	cpuid	'o'	'p'	REJECT
qemu_self	87	2	71	cpuid	'd'	'e'	REJECT
qemu_self	88	2	72	cpuid	'e'	'f'	REJECT
qemu_self	89	2	73	cpuid	'l'	'm'	REJECT
qemu_self	90	2	74	cpuid	'='	'X'	REJECT
qemu_self	91	2	75	cpuid	'6'	'7'	ACCEPT
qemu_self	92	2	76	cpuid	' '	'X'	REJECT
qemu_self	93	2	77	cpuid	's'	't'	REJECT
qemu_self	94	2	78	cpuid	't'	'u'	REJECT
qemu_self	95	2	79	cpuid	'e'	'f'	REJECT
qemu_self	96	2	80	cpuid	'p'	'q'	REJECT
qemu_self	97	2	81	cpuid	'p'	'q'	REJECT
qemu_self	98	2	82	cpuid	'i'	'j'	REJECT
qemu_self	99	2	83	cpuid	'n'	'o'	REJECT
qemu_self	100	2	84	cpuid	'g'	'h'	REJECT
qemu_self	101	2	85	cpuid	'='	'X'	REJECT
qemu_self	102	2	86	cpuid	'3'	'4'	ACCEPT
qemu_self	103	2	87	cpuid	' '	'X'	REJECT
qemu_self	104	2	88	cpuid	'h'	'i'	REJECT
qemu_self	105	2	89	cpuid	'y'	'z'	REJECT
qemu_self	106	2	90	cpuid	'p'	'q'	REJECT
qemu_self	107	2	91	cpuid	'e'	'f'	REJECT
qemu_self	108	2	92	cpuid	'r'	's'	REJECT
qemu_self	109	2	93	cpuid	'v'	'w'	REJECT
qemu_self	110	2	94	cpuid	'i'	'j'	REJECT
qemu_self	111	2	95	cpuid	's'	't'	REJECT
qemu_self	112	2	96	cpuid	'o'	'p'	REJECT
qemu_self	113	2	97	cpuid	'r'	's'	REJECT
qemu_self	114	2	98	cpuid	'='	'X'	REJECT
qemu_self	115	2	99	cpuid	'1'	'2'	ACCEPT
qemu_self	116	2	100	cpuid	'\n'	' '	REJECT
qemu_self	117	3	0	pcr-bank	'p'	'q'	REJECT
qemu_self	118	3	1	pcr-bank	'c'	'd'	REJECT
qemu_self	119	3	2	pcr-bank	'r'	's'	REJECT
qemu_self	120	3	3	pcr-bank	'-'	'X'	REJECT
qemu_self	121	3	4	pcr-bank	'b'	'c'	REJECT
qemu_self	122	3	5	pcr-bank	'a'	'b'	REJECT
qemu_self	123	3	6	pcr-bank	'n'	'o'	REJECT
qemu_self	124	3	7	pcr-bank	'k'	'l'	REJECT
qemu_self	125	3	8	pcr-bank	' '	'X'	REJECT
qemu_self	126	3	9	pcr-bank	's'	't'	REJECT
qemu_self	127	3	10	pcr-bank	'h'	'i'	REJECT
qemu_self	128	3	11	pcr-bank	'a'	'b'	REJECT
qemu_self	129	3	12	pcr-bank	'2'	'3'	REJECT
qemu_self	130	3	13	pcr-bank	'5'	'6'	REJECT
qemu_self	131	3	14	pcr-bank	'6'	'7'	REJECT
qemu_self	132	3	15	pcr-bank	'\n'	' '	REJECT
qemu_self	133	4	0	measured pcr=12 #0	'm'	'n'	REJECT
qemu_self	134	4	1	measured pcr=12 #0	'e'	'f'	REJECT
qemu_self	135	4	2	measured pcr=12 #0	'a'	'b'	REJECT
qemu_self	136	4	3	measured pcr=12 #0	's'	't'	REJECT
qemu_self	137	4	4	measured pcr=12 #0	'u'	'v'	REJECT
qemu_self	138	4	5	measured pcr=12 #0	'r'	's'	REJECT
qemu_self	139	4	6	measured pcr=12 #0	'e'	'f'	REJECT
qemu_self	140	4	7	measured pcr=12 #0	'd'	'e'	REJECT
qemu_self	141	4	8	measured pcr=12 #0	' '	'X'	REJECT
qemu_self	142	4	9	measured pcr=12 #0	'p'	'q'	REJECT
qemu_self	143	4	10	measured pcr=12 #0	'c'	'd'	REJECT
qemu_self	144	4	11	measured pcr=12 #0	'r'	's'	REJECT
qemu_self	145	4	12	measured pcr=12 #0	'='	'X'	REJECT
qemu_self	146	4	13	measured pcr=12 #0	'1'	'2'	REJECT
qemu_self	147	4	14	measured pcr=12 #0	'2'	'3'	REJECT
qemu_self	148	4	15	measured pcr=12 #0	' '	'X'	REJECT
qemu_self	149	4	16	measured pcr=12 #0	'A'	'B'	REJECT
qemu_self	150	4	17	measured pcr=12 #0	'E'	'F'	REJECT
qemu_self	151	4	18	measured pcr=12 #0	'G'	'H'	REJECT
qemu_self	152	4	19	measured pcr=12 #0	'I'	'J'	REJECT
qemu_self	153	4	20	measured pcr=12 #0	'S'	'T'	REJECT
qemu_self	154	4	21	measured pcr=12 #0	'-'	'X'	REJECT
qemu_self	155	4	22	measured pcr=12 #0	'M'	'N'	REJECT
qemu_self	156	4	23	measured pcr=12 #0	'E'	'F'	REJECT
qemu_self	157	4	24	measured pcr=12 #0	'A'	'B'	REJECT
qemu_self	158	4	25	measured pcr=12 #0	'S'	'T'	REJECT
qemu_self	159	4	26	measured pcr=12 #0	'U'	'V'	REJECT
qemu_self	160	4	27	measured pcr=12 #0	'R'	'S'	REJECT
qemu_self	161	4	28	measured pcr=12 #0	'E'	'F'	REJECT
qemu_self	162	4	29	measured pcr=12 #0	' '	'X'	REJECT
qemu_self	163	4	30	measured pcr=12 #0	'v'	'w'	REJECT
qemu_self	164	4	31	measured pcr=12 #0	'0'	'1'	REJECT
qemu_self	165	4	32	measured pcr=12 #0	' '	'X'	REJECT
qemu_self	166	4	33	measured pcr=12 #0	'a'	'b'	REJECT
qemu_self	167	4	34	measured pcr=12 #0	'r'	's'	REJECT
qemu_self	168	4	35	measured pcr=12 #0	't'	'u'	REJECT
qemu_self	169	4	36	measured pcr=12 #0	'i'	'j'	REJECT
qemu_self	170	4	37	measured pcr=12 #0	'f'	'0'	REJECT
qemu_self	171	4	38	measured pcr=12 #0	'a'	'b'	REJECT
qemu_self	172	4	39	measured pcr=12 #0	'c'	'd'	REJECT
qemu_self	173	4	40	measured pcr=12 #0	't'	'u'	REJECT
qemu_self	174	4	41	measured pcr=12 #0	'='	'X'	REJECT
qemu_self	175	4	42	measured pcr=12 #0	'M'	'N'	REJECT
qemu_self	176	4	43	measured pcr=12 #0	'O'	'P'	REJECT
qemu_self	177	4	44	measured pcr=12 #0	'D'	'E'	REJECT
qemu_self	178	4	45	measured pcr=12 #0	'E'	'F'	REJECT
qemu_self	179	4	46	measured pcr=12 #0	'L'	'M'	REJECT
qemu_self	180	4	47	measured pcr=12 #0	'.'	'X'	REJECT
qemu_self	181	4	48	measured pcr=12 #0	'S'	'T'	REJECT
qemu_self	182	4	49	measured pcr=12 #0	'A'	'B'	REJECT
qemu_self	183	4	50	measured pcr=12 #0	'F'	'G'	REJECT
qemu_self	184	4	51	measured pcr=12 #0	' '	'X'	REJECT
qemu_self	185	4	52	measured pcr=12 #0	'b'	'c'	REJECT
qemu_self	186	4	53	measured pcr=12 #0	'y'	'z'	REJECT
qemu_self	187	4	54	measured pcr=12 #0	't'	'u'	REJECT
qemu_self	188	4	55	measured pcr=12 #0	'e'	'f'	REJECT
qemu_self	189	4	56	measured pcr=12 #0	's'	't'	REJECT
qemu_self	190	4	57	measured pcr=12 #0	'='	'X'	REJECT
qemu_self	191	4	58	measured pcr=12 #0	'3'	'4'	REJECT
qemu_self	192	4	59	measured pcr=12 #0	'1'	'2'	REJECT
qemu_self	193	4	60	measured pcr=12 #0	'9'	'a'	REJECT
qemu_self	194	4	61	measured pcr=12 #0	'7'	'8'	REJECT
qemu_self	195	4	62	measured pcr=12 #0	'1'	'2'	REJECT
qemu_self	196	4	63	measured pcr=12 #0	'4'	'5'	REJECT
qemu_self	197	4	64	measured pcr=12 #0	'3'	'4'	REJECT
qemu_self	198	4	65	measured pcr=12 #0	' '	'X'	REJECT
qemu_self	199	4	66	measured pcr=12 #0	's'	't'	REJECT
qemu_self	200	4	67	measured pcr=12 #0	'h'	'i'	REJECT
qemu_self	201	4	68	measured pcr=12 #0	'a'	'b'	REJECT
qemu_self	202	4	69	measured pcr=12 #0	'2'	'3'	REJECT
qemu_self	203	4	70	measured pcr=12 #0	'5'	'6'	REJECT
qemu_self	204	4	71	measured pcr=12 #0	'6'	'7'	REJECT
qemu_self	205	4	72	measured pcr=12 #0	'='	'X'	REJECT
qemu_self	206	4	73	measured pcr=12 #0	'a'	'b'	REJECT
qemu_self	207	4	74	measured pcr=12 #0	'4'	'5'	REJECT
qemu_self	208	4	75	measured pcr=12 #0	'4'	'5'	REJECT
qemu_self	209	4	76	measured pcr=12 #0	'e'	'f'	REJECT
qemu_self	210	4	77	measured pcr=12 #0	'4'	'5'	REJECT
qemu_self	211	4	78	measured pcr=12 #0	'8'	'9'	REJECT
qemu_self	212	4	79	measured pcr=12 #0	'9'	'a'	REJECT
qemu_self	213	4	80	measured pcr=12 #0	'6'	'7'	REJECT
qemu_self	214	4	81	measured pcr=12 #0	'5'	'6'	REJECT
qemu_self	215	4	82	measured pcr=12 #0	'c'	'd'	REJECT
qemu_self	216	4	83	measured pcr=12 #0	'6'	'7'	REJECT
qemu_self	217	4	84	measured pcr=12 #0	'4'	'5'	REJECT
qemu_self	218	4	85	measured pcr=12 #0	'1'	'2'	REJECT
qemu_self	219	4	86	measured pcr=12 #0	'b'	'c'	REJECT
qemu_self	220	4	87	measured pcr=12 #0	'8'	'9'	REJECT
qemu_self	221	4	88	measured pcr=12 #0	'1'	'2'	REJECT
qemu_self	222	4	89	measured pcr=12 #0	'9'	'a'	REJECT
qemu_self	223	4	90	measured pcr=12 #0	'9'	'a'	REJECT
qemu_self	224	4	91	measured pcr=12 #0	'4'	'5'	REJECT
qemu_self	225	4	92	measured pcr=12 #0	'a'	'b'	REJECT
qemu_self	226	4	93	measured pcr=12 #0	'6'	'7'	REJECT
qemu_self	227	4	94	measured pcr=12 #0	'7'	'8'	REJECT
qemu_self	228	4	95	measured pcr=12 #0	'0'	'1'	REJECT
qemu_self	229	4	96	measured pcr=12 #0	'0'	'1'	REJECT
qemu_self	230	4	97	measured pcr=12 #0	'0'	'1'	REJECT
qemu_self	231	4	98	measured pcr=12 #0	'1'	'2'	REJECT
qemu_self	232	4	99	measured pcr=12 #0	'c'	'd'	REJECT
qemu_self	233	4	100	measured pcr=12 #0	'7'	'8'	REJECT
qemu_self	234	4	101	measured pcr=12 #0	'6'	'7'	REJECT
qemu_self	235	4	102	measured pcr=12 #0	'a'	'b'	REJECT
qemu_self	236	4	103	measured pcr=12 #0	'8'	'9'	REJECT
qemu_self	237	4	104	measured pcr=12 #0	'b'	'c'	REJECT
qemu_self	238	4	105	measured pcr=12 #0	'e'	'f'	REJECT
qemu_self	239	4	106	measured pcr=12 #0	'b'	'c'	REJECT
qemu_self	240	4	107	measured pcr=12 #0	'd'	'e'	REJECT
qemu_self	241	4	108	measured pcr=12 #0	'3'	'4'	REJECT
qemu_self	242	4	109	measured pcr=12 #0	'8'	'9'	REJECT
qemu_self	243	4	110	measured pcr=12 #0	'8'	'9'	REJECT
qemu_self	244	4	111	measured pcr=12 #0	'5'	'6'	REJECT
qemu_self	245	4	112	measured pcr=12 #0	'7'	'8'	REJECT
qemu_self	246	4	113	measured pcr=12 #0	'f'	'0'	REJECT
qemu_self	247	4	114	measured pcr=12 #0	'9'	'a'	REJECT
qemu_self	248	4	115	measured pcr=12 #0	'4'	'5'	REJECT
qemu_self	249	4	116	measured pcr=12 #0	'5'	'6'	REJECT
qemu_self	250	4	117	measured pcr=12 #0	'5'	'6'	REJECT
qemu_self	251	4	118	measured pcr=12 #0	'c'	'd'	REJECT
qemu_self	252	4	119	measured pcr=12 #0	'c'	'd'	REJECT
qemu_self	253	4	120	measured pcr=12 #0	'5'	'6'	REJECT
qemu_self	254	4	121	measured pcr=12 #0	'0'	'1'	REJECT
qemu_self	255	4	122	measured pcr=12 #0	'0'	'1'	REJECT
qemu_self	256	4	123	measured pcr=12 #0	'8'	'9'	REJECT
qemu_self	257	4	124	measured pcr=12 #0	'a'	'b'	REJECT
qemu_self	258	4	125	measured pcr=12 #0	'c'	'd'	REJECT
qemu_self	259	4	126	measured pcr=12 #0	'a'	'b'	REJECT
qemu_self	260	4	127	measured pcr=12 #0	'c'	'd'	REJECT
qemu_self	261	4	128	measured pcr=12 #0	'8'	'9'	REJECT
qemu_self	262	4	129	measured pcr=12 #0	'd'	'e'	REJECT
qemu_self	263	4	130	measured pcr=12 #0	'2'	'3'	REJECT
qemu_self	264	4	131	measured pcr=12 #0	'b'	'c'	REJECT
qemu_self	265	4	132	measured pcr=12 #0	'2'	'3'	REJECT
qemu_self	266	4	133	measured pcr=12 #0	'8'	'9'	REJECT
qemu_self	267	4	134	measured pcr=12 #0	'9'	'a'	REJECT
qemu_self	268	4	135	measured pcr=12 #0	'7'	'8'	REJECT
qemu_self	269	4	136	measured pcr=12 #0	'a'	'b'	REJECT
qemu_self	270	4	137	measured pcr=12 #0	'\n'	' '	REJECT
qemu_self	271	5	0	measured pcr=12 #1	'm'	'n'	REJECT
qemu_self	272	5	1	measured pcr=12 #1	'e'	'f'	REJECT
qemu_self	273	5	2	measured pcr=12 #1	'a'	'b'	REJECT
qemu_self	274	5	3	measured pcr=12 #1	's'	't'	REJECT
qemu_self	275	5	4	measured pcr=12 #1	'u'	'v'	REJECT
qemu_self	276	5	5	measured pcr=12 #1	'r'	's'	REJECT
qemu_self	277	5	6	measured pcr=12 #1	'e'	'f'	REJECT
qemu_self	278	5	7	measured pcr=12 #1	'd'	'e'	REJECT
qemu_self	279	5	8	measured pcr=12 #1	' '	'X'	REJECT
qemu_self	280	5	9	measured pcr=12 #1	'p'	'q'	REJECT
qemu_self	281	5	10	measured pcr=12 #1	'c'	'd'	REJECT
qemu_self	282	5	11	measured pcr=12 #1	'r'	's'	REJECT
qemu_self	283	5	12	measured pcr=12 #1	'='	'X'	REJECT
qemu_self	284	5	13	measured pcr=12 #1	'1'	'2'	REJECT
qemu_self	285	5	14	measured pcr=12 #1	'2'	'3'	REJECT
qemu_self	286	5	15	measured pcr=12 #1	' '	'X'	REJECT
qemu_self	287	5	16	measured pcr=12 #1	'A'	'B'	REJECT
qemu_self	288	5	17	measured pcr=12 #1	'E'	'F'	REJECT
qemu_self	289	5	18	measured pcr=12 #1	'G'	'H'	REJECT
qemu_self	290	5	19	measured pcr=12 #1	'I'	'J'	REJECT
qemu_self	291	5	20	measured pcr=12 #1	'S'	'T'	REJECT
qemu_self	292	5	21	measured pcr=12 #1	'-'	'X'	REJECT
qemu_self	293	5	22	measured pcr=12 #1	'M'	'N'	REJECT
qemu_self	294	5	23	measured pcr=12 #1	'E'	'F'	REJECT
qemu_self	295	5	24	measured pcr=12 #1	'A'	'B'	REJECT
qemu_self	296	5	25	measured pcr=12 #1	'S'	'T'	REJECT
qemu_self	297	5	26	measured pcr=12 #1	'U'	'V'	REJECT
qemu_self	298	5	27	measured pcr=12 #1	'R'	'S'	REJECT
qemu_self	299	5	28	measured pcr=12 #1	'E'	'F'	REJECT
qemu_self	300	5	29	measured pcr=12 #1	' '	'X'	REJECT
qemu_self	301	5	30	measured pcr=12 #1	'v'	'w'	REJECT
qemu_self	302	5	31	measured pcr=12 #1	'0'	'1'	REJECT
qemu_self	303	5	32	measured pcr=12 #1	' '	'X'	REJECT
qemu_self	304	5	33	measured pcr=12 #1	'a'	'b'	REJECT
qemu_self	305	5	34	measured pcr=12 #1	'r'	's'	REJECT
qemu_self	306	5	35	measured pcr=12 #1	't'	'u'	REJECT
qemu_self	307	5	36	measured pcr=12 #1	'i'	'j'	REJECT
qemu_self	308	5	37	measured pcr=12 #1	'f'	'0'	REJECT
qemu_self	309	5	38	measured pcr=12 #1	'a'	'b'	REJECT
qemu_self	310	5	39	measured pcr=12 #1	'c'	'd'	REJECT
qemu_self	311	5	40	measured pcr=12 #1	't'	'u'	REJECT
qemu_self	312	5	41	measured pcr=12 #1	'='	'X'	REJECT
qemu_self	313	5	42	measured pcr=12 #1	'E'	'F'	REJECT
qemu_self	314	5	43	measured pcr=12 #1	'M'	'N'	REJECT
qemu_self	315	5	44	measured pcr=12 #1	'B'	'C'	REJECT
qemu_self	316	5	45	measured pcr=12 #1	'E'	'F'	REJECT
qemu_self	317	5	46	measured pcr=12 #1	'D'	'E'	REJECT
qemu_self	318	5	47	measured pcr=12 #1	'.'	'X'	REJECT
qemu_self	319	5	48	measured pcr=12 #1	'B'	'C'	REJECT
qemu_self	320	5	49	measured pcr=12 #1	'I'	'J'	REJECT
qemu_self	321	5	50	measured pcr=12 #1	'N'	'O'	REJECT
qemu_self	322	5	51	measured pcr=12 #1	' '	'X'	REJECT
qemu_self	323	5	52	measured pcr=12 #1	'b'	'c'	REJECT
qemu_self	324	5	53	measured pcr=12 #1	'y'	'z'	REJECT
qemu_self	325	5	54	measured pcr=12 #1	't'	'u'	REJECT
qemu_self	326	5	55	measured pcr=12 #1	'e'	'f'	REJECT
qemu_self	327	5	56	measured pcr=12 #1	's'	't'	REJECT
qemu_self	328	5	57	measured pcr=12 #1	'='	'X'	REJECT
qemu_self	329	5	58	measured pcr=12 #1	'9'	'a'	REJECT
qemu_self	330	5	59	measured pcr=12 #1	'4'	'5'	REJECT
qemu_self	331	5	60	measured pcr=12 #1	'3'	'4'	REJECT
qemu_self	332	5	61	measured pcr=12 #1	'7'	'8'	REJECT
qemu_self	333	5	62	measured pcr=12 #1	'1'	'2'	REJECT
qemu_self	334	5	63	measured pcr=12 #1	'8'	'9'	REJECT
qemu_self	335	5	64	measured pcr=12 #1	'4'	'5'	REJECT
qemu_self	336	5	65	measured pcr=12 #1	' '	'X'	REJECT
qemu_self	337	5	66	measured pcr=12 #1	's'	't'	REJECT
qemu_self	338	5	67	measured pcr=12 #1	'h'	'i'	REJECT
qemu_self	339	5	68	measured pcr=12 #1	'a'	'b'	REJECT
qemu_self	340	5	69	measured pcr=12 #1	'2'	'3'	REJECT
qemu_self	341	5	70	measured pcr=12 #1	'5'	'6'	REJECT
qemu_self	342	5	71	measured pcr=12 #1	'6'	'7'	REJECT
qemu_self	343	5	72	measured pcr=12 #1	'='	'X'	REJECT
qemu_self	344	5	73	measured pcr=12 #1	'8'	'9'	REJECT
qemu_self	345	5	74	measured pcr=12 #1	'c'	'd'	REJECT
qemu_self	346	5	75	measured pcr=12 #1	'b'	'c'	REJECT
qemu_self	347	5	76	measured pcr=12 #1	'c'	'd'	REJECT
qemu_self	348	5	77	measured pcr=12 #1	'd'	'e'	REJECT
qemu_self	349	5	78	measured pcr=12 #1	'6'	'7'	REJECT
qemu_self	350	5	79	measured pcr=12 #1	'b'	'c'	REJECT
qemu_self	351	5	80	measured pcr=12 #1	'6'	'7'	REJECT
qemu_self	352	5	81	measured pcr=12 #1	'9'	'a'	REJECT
qemu_self	353	5	82	measured pcr=12 #1	'd'	'e'	REJECT
qemu_self	354	5	83	measured pcr=12 #1	'f'	'0'	REJECT
qemu_self	355	5	84	measured pcr=12 #1	'0'	'1'	REJECT
qemu_self	356	5	85	measured pcr=12 #1	'3'	'4'	REJECT
qemu_self	357	5	86	measured pcr=12 #1	'5'	'6'	REJECT
qemu_self	358	5	87	measured pcr=12 #1	'3'	'4'	REJECT
qemu_self	359	5	88	measured pcr=12 #1	'9'	'a'	REJECT
qemu_self	360	5	89	measured pcr=12 #1	'c'	'd'	REJECT
qemu_self	361	5	90	measured pcr=12 #1	'd'	'e'	REJECT
qemu_self	362	5	91	measured pcr=12 #1	'4'	'5'	REJECT
qemu_self	363	5	92	measured pcr=12 #1	'6'	'7'	REJECT
qemu_self	364	5	93	measured pcr=12 #1	'3'	'4'	REJECT
qemu_self	365	5	94	measured pcr=12 #1	'8'	'9'	REJECT
qemu_self	366	5	95	measured pcr=12 #1	'4'	'5'	REJECT
qemu_self	367	5	96	measured pcr=12 #1	'4'	'5'	REJECT
qemu_self	368	5	97	measured pcr=12 #1	'0'	'1'	REJECT
qemu_self	369	5	98	measured pcr=12 #1	'f'	'0'	REJECT
qemu_self	370	5	99	measured pcr=12 #1	'b'	'c'	REJECT
qemu_self	371	5	100	measured pcr=12 #1	'9'	'a'	REJECT
qemu_self	372	5	101	measured pcr=12 #1	'0'	'1'	REJECT
qemu_self	373	5	102	measured pcr=12 #1	'3'	'4'	REJECT
qemu_self	374	5	103	measured pcr=12 #1	'9'	'a'	REJECT
qemu_self	375	5	104	measured pcr=12 #1	'1'	'2'	REJECT
qemu_self	376	5	105	measured pcr=12 #1	'0'	'1'	REJECT
qemu_self	377	5	106	measured pcr=12 #1	'3'	'4'	REJECT
qemu_self	378	5	107	measured pcr=12 #1	'2'	'3'	REJECT
qemu_self	379	5	108	measured pcr=12 #1	'5'	'6'	REJECT
qemu_self	380	5	109	measured pcr=12 #1	'b'	'c'	REJECT
qemu_self	381	5	110	measured pcr=12 #1	'7'	'8'	REJECT
qemu_self	382	5	111	measured pcr=12 #1	'f'	'0'	REJECT
qemu_self	383	5	112	measured pcr=12 #1	'6'	'7'	REJECT
qemu_self	384	5	113	measured pcr=12 #1	'8'	'9'	REJECT
qemu_self	385	5	114	measured pcr=12 #1	'5'	'6'	REJECT
qemu_self	386	5	115	measured pcr=12 #1	'3'	'4'	REJECT
qemu_self	387	5	116	measured pcr=12 #1	'3'	'4'	REJECT
qemu_self	388	5	117	measured pcr=12 #1	'4'	'5'	REJECT
qemu_self	389	5	118	measured pcr=12 #1	'9'	'a'	REJECT
qemu_self	390	5	119	measured pcr=12 #1	'c'	'd'	REJECT
qemu_self	391	5	120	measured pcr=12 #1	'5'	'6'	REJECT
qemu_self	392	5	121	measured pcr=12 #1	'b'	'c'	REJECT
qemu_self	393	5	122	measured pcr=12 #1	'b'	'c'	REJECT
qemu_self	394	5	123	measured pcr=12 #1	'5'	'6'	REJECT
qemu_self	395	5	124	measured pcr=12 #1	'7'	'8'	REJECT
qemu_self	396	5	125	measured pcr=12 #1	'7'	'8'	REJECT
qemu_self	397	5	126	measured pcr=12 #1	'8'	'9'	REJECT
qemu_self	398	5	127	measured pcr=12 #1	'e'	'f'	REJECT
qemu_self	399	5	128	measured pcr=12 #1	'4'	'5'	REJECT
qemu_self	400	5	129	measured pcr=12 #1	'1'	'2'	REJECT
qemu_self	401	5	130	measured pcr=12 #1	'3'	'4'	REJECT
qemu_self	402	5	131	measured pcr=12 #1	'f'	'0'	REJECT
qemu_self	403	5	132	measured pcr=12 #1	'a'	'b'	REJECT
qemu_self	404	5	133	measured pcr=12 #1	'f'	'0'	REJECT
qemu_self	405	5	134	measured pcr=12 #1	'e'	'f'	REJECT
qemu_self	406	5	135	measured pcr=12 #1	'f'	'0'	REJECT
qemu_self	407	5	136	measured pcr=12 #1	'0'	'1'	REJECT
qemu_self	408	5	137	measured pcr=12 #1	'\n'	' '	REJECT
qemu_self	409	6	0	measured pcr=12 #2	'm'	'n'	REJECT
qemu_self	410	6	1	measured pcr=12 #2	'e'	'f'	REJECT
qemu_self	411	6	2	measured pcr=12 #2	'a'	'b'	REJECT
qemu_self	412	6	3	measured pcr=12 #2	's'	't'	REJECT
qemu_self	413	6	4	measured pcr=12 #2	'u'	'v'	REJECT
qemu_self	414	6	5	measured pcr=12 #2	'r'	's'	REJECT
qemu_self	415	6	6	measured pcr=12 #2	'e'	'f'	REJECT
qemu_self	416	6	7	measured pcr=12 #2	'd'	'e'	REJECT
qemu_self	417	6	8	measured pcr=12 #2	' '	'X'	REJECT
qemu_self	418	6	9	measured pcr=12 #2	'p'	'q'	REJECT
qemu_self	419	6	10	measured pcr=12 #2	'c'	'd'	REJECT
qemu_self	420	6	11	measured pcr=12 #2	'r'	's'	REJECT
qemu_self	421	6	12	measured pcr=12 #2	'='	'X'	REJECT
qemu_self	422	6	13	measured pcr=12 #2	'1'	'2'	REJECT
qemu_self	423	6	14	measured pcr=12 #2	'2'	'3'	REJECT
qemu_self	424	6	15	measured pcr=12 #2	' '	'X'	REJECT
qemu_self	425	6	16	measured pcr=12 #2	'A'	'B'	REJECT
qemu_self	426	6	17	measured pcr=12 #2	'E'	'F'	REJECT
qemu_self	427	6	18	measured pcr=12 #2	'G'	'H'	REJECT
qemu_self	428	6	19	measured pcr=12 #2	'I'	'J'	REJECT
qemu_self	429	6	20	measured pcr=12 #2	'S'	'T'	REJECT
qemu_self	430	6	21	measured pcr=12 #2	'-'	'X'	REJECT
qemu_self	431	6	22	measured pcr=12 #2	'M'	'N'	REJECT
qemu_self	432	6	23	measured pcr=12 #2	'E'	'F'	REJECT
qemu_self	433	6	24	measured pcr=12 #2	'A'	'B'	REJECT
qemu_self	434	6	25	measured pcr=12 #2	'S'	'T'	REJECT
qemu_self	435	6	26	measured pcr=12 #2	'U'	'V'	REJECT
qemu_self	436	6	27	measured pcr=12 #2	'R'	'S'	REJECT
qemu_self	437	6	28	measured pcr=12 #2	'E'	'F'	REJECT
qemu_self	438	6	29	measured pcr=12 #2	' '	'X'	REJECT
qemu_self	439	6	30	measured pcr=12 #2	'v'	'w'	REJECT
qemu_self	440	6	31	measured pcr=12 #2	'0'	'1'	REJECT
qemu_self	441	6	32	measured pcr=12 #2	' '	'X'	REJECT
qemu_self	442	6	33	measured pcr=12 #2	'a'	'b'	REJECT
qemu_self	443	6	34	measured pcr=12 #2	'r'	's'	REJECT
qemu_self	444	6	35	measured pcr=12 #2	't'	'u'	REJECT
qemu_self	445	6	36	measured pcr=12 #2	'i'	'j'	REJECT
qemu_self	446	6	37	measured pcr=12 #2	'f'	'0'	REJECT
qemu_self	447	6	38	measured pcr=12 #2	'a'	'b'	REJECT
qemu_self	448	6	39	measured pcr=12 #2	'c'	'd'	REJECT
qemu_self	449	6	40	measured pcr=12 #2	't'	'u'	REJECT
qemu_self	450	6	41	measured pcr=12 #2	'='	'X'	REJECT
qemu_self	451	6	42	measured pcr=12 #2	'V'	'W'	REJECT
qemu_self	452	6	43	measured pcr=12 #2	'O'	'P'	REJECT
qemu_self	453	6	44	measured pcr=12 #2	'C'	'D'	REJECT
qemu_self	454	6	45	measured pcr=12 #2	'A'	'B'	REJECT
qemu_self	455	6	46	measured pcr=12 #2	'B'	'C'	REJECT
qemu_self	456	6	47	measured pcr=12 #2	'.'	'X'	REJECT
qemu_self	457	6	48	measured pcr=12 #2	'B'	'C'	REJECT
qemu_self	458	6	49	measured pcr=12 #2	'I'	'J'	REJECT
qemu_self	459	6	50	measured pcr=12 #2	'N'	'O'	REJECT
qemu_self	460	6	51	measured pcr=12 #2	' '	'X'	REJECT
qemu_self	461	6	52	measured pcr=12 #2	'b'	'c'	REJECT
qemu_self	462	6	53	measured pcr=12 #2	'y'	'z'	REJECT
qemu_self	463	6	54	measured pcr=12 #2	't'	'u'	REJECT
qemu_self	464	6	55	measured pcr=12 #2	'e'	'f'	REJECT
qemu_self	465	6	56	measured pcr=12 #2	's'	't'	REJECT
qemu_self	466	6	57	measured pcr=12 #2	'='	'X'	REJECT
qemu_self	467	6	58	measured pcr=12 #2	'2'	'3'	REJECT
qemu_self	468	6	59	measured pcr=12 #2	'5'	'6'	REJECT
qemu_self	469	6	60	measured pcr=12 #2	'3'	'4'	REJECT
qemu_self	470	6	61	measured pcr=12 #2	'3'	'4'	REJECT
qemu_self	471	6	62	measured pcr=12 #2	'7'	'8'	REJECT
qemu_self	472	6	63	measured pcr=12 #2	'7'	'8'	REJECT
qemu_self	473	6	64	measured pcr=12 #2	' '	'X'	REJECT
qemu_self	474	6	65	measured pcr=12 #2	's'	't'	REJECT
qemu_self	475	6	66	measured pcr=12 #2	'h'	'i'	REJECT
qemu_self	476	6	67	measured pcr=12 #2	'a'	'b'	REJECT
qemu_self	477	6	68	measured pcr=12 #2	'2'	'3'	REJECT
qemu_self	478	6	69	measured pcr=12 #2	'5'	'6'	REJECT
qemu_self	479	6	70	measured pcr=12 #2	'6'	'7'	REJECT
qemu_self	480	6	71	measured pcr=12 #2	'='	'X'	REJECT
qemu_self	481	6	72	measured pcr=12 #2	'a'	'b'	REJECT
qemu_self	482	6	73	measured pcr=12 #2	'4'	'5'	REJECT
qemu_self	483	6	74	measured pcr=12 #2	'c'	'd'	REJECT
qemu_self	484	6	75	measured pcr=12 #2	'a'	'b'	REJECT
qemu_self	485	6	76	measured pcr=12 #2	'f'	'0'	REJECT
qemu_self	486	6	77	measured pcr=12 #2	'c'	'd'	REJECT
qemu_self	487	6	78	measured pcr=12 #2	'9'	'a'	REJECT
qemu_self	488	6	79	measured pcr=12 #2	'6'	'7'	REJECT
qemu_self	489	6	80	measured pcr=12 #2	'4'	'5'	REJECT
qemu_self	490	6	81	measured pcr=12 #2	'9'	'a'	REJECT
qemu_self	491	6	82	measured pcr=12 #2	'4'	'5'	REJECT
qemu_self	492	6	83	measured pcr=12 #2	'8'	'9'	REJECT
qemu_self	493	6	84	measured pcr=12 #2	'8'	'9'	REJECT
qemu_self	494	6	85	measured pcr=12 #2	'9'	'a'	REJECT
qemu_self	495	6	86	measured pcr=12 #2	'8'	'9'	REJECT
qemu_self	496	6	87	measured pcr=12 #2	'7'	'8'	REJECT
qemu_self	497	6	88	measured pcr=12 #2	'a'	'b'	REJECT
qemu_self	498	6	89	measured pcr=12 #2	'8'	'9'	REJECT
qemu_self	499	6	90	measured pcr=12 #2	'e'	'f'	REJECT
qemu_self	500	6	91	measured pcr=12 #2	'b'	'c'	REJECT
qemu_self	501	6	92	measured pcr=12 #2	'0'	'1'	REJECT
qemu_self	502	6	93	measured pcr=12 #2	'5'	'6'	REJECT
qemu_self	503	6	94	measured pcr=12 #2	'3'	'4'	REJECT
qemu_self	504	6	95	measured pcr=12 #2	'4'	'5'	REJECT
qemu_self	505	6	96	measured pcr=12 #2	'7'	'8'	REJECT
qemu_self	506	6	97	measured pcr=12 #2	'6'	'7'	REJECT
qemu_self	507	6	98	measured pcr=12 #2	'd'	'e'	REJECT
qemu_self	508	6	99	measured pcr=12 #2	'3'	'4'	REJECT
qemu_self	509	6	100	measured pcr=12 #2	'8'	'9'	REJECT
qemu_self	510	6	101	measured pcr=12 #2	'9'	'a'	REJECT
qemu_self	511	6	102	measured pcr=12 #2	'b'	'c'	REJECT
qemu_self	512	6	103	measured pcr=12 #2	'd'	'e'	REJECT
qemu_self	513	6	104	measured pcr=12 #2	'9'	'a'	REJECT
qemu_self	514	6	105	measured pcr=12 #2	'a'	'b'	REJECT
qemu_self	515	6	106	measured pcr=12 #2	'6'	'7'	REJECT
qemu_self	516	6	107	measured pcr=12 #2	'7'	'8'	REJECT
qemu_self	517	6	108	measured pcr=12 #2	'5'	'6'	REJECT
qemu_self	518	6	109	measured pcr=12 #2	'4'	'5'	REJECT
qemu_self	519	6	110	measured pcr=12 #2	'0'	'1'	REJECT
qemu_self	520	6	111	measured pcr=12 #2	'5'	'6'	REJECT
qemu_self	521	6	112	measured pcr=12 #2	'c'	'd'	REJECT
qemu_self	522	6	113	measured pcr=12 #2	'5'	'6'	REJECT
qemu_self	523	6	114	measured pcr=12 #2	'1'	'2'	REJECT
qemu_self	524	6	115	measured pcr=12 #2	'b'	'c'	REJECT
qemu_self	525	6	116	measured pcr=12 #2	'f'	'0'	REJECT
qemu_self	526	6	117	measured pcr=12 #2	'c'	'd'	REJECT
qemu_self	527	6	118	measured pcr=12 #2	'4'	'5'	REJECT
qemu_self	528	6	119	measured pcr=12 #2	'2'	'3'	REJECT
qemu_self	529	6	120	measured pcr=12 #2	'e'	'f'	REJECT
qemu_self	530	6	121	measured pcr=12 #2	'b'	'c'	REJECT
qemu_self	531	6	122	measured pcr=12 #2	'd'	'e'	REJECT
qemu_self	532	6	123	measured pcr=12 #2	'e'	'f'	REJECT
qemu_self	533	6	124	measured pcr=12 #2	'd'	'e'	REJECT
qemu_self	534	6	125	measured pcr=12 #2	'5'	'6'	REJECT
qemu_self	535	6	126	measured pcr=12 #2	'4'	'5'	REJECT
qemu_self	536	6	127	measured pcr=12 #2	'6'	'7'	REJECT
qemu_self	537	6	128	measured pcr=12 #2	'a'	'b'	REJECT
qemu_self	538	6	129	measured pcr=12 #2	'e'	'f'	REJECT
qemu_self	539	6	130	measured pcr=12 #2	'6'	'7'	REJECT
qemu_self	540	6	131	measured pcr=12 #2	'4'	'5'	REJECT
qemu_self	541	6	132	measured pcr=12 #2	'e'	'f'	REJECT
qemu_self	542	6	133	measured pcr=12 #2	'b'	'c'	REJECT
qemu_self	543	6	134	measured pcr=12 #2	'1'	'2'	REJECT
qemu_self	544	6	135	measured pcr=12 #2	'7'	'8'	REJECT
qemu_self	545	6	136	measured pcr=12 #2	'\n'	' '	REJECT
qemu_self	546	7	0	measured pcr=13 #0	'm'	'n'	REJECT
qemu_self	547	7	1	measured pcr=13 #0	'e'	'f'	REJECT
qemu_self	548	7	2	measured pcr=13 #0	'a'	'b'	REJECT
qemu_self	549	7	3	measured pcr=13 #0	's'	't'	REJECT
qemu_self	550	7	4	measured pcr=13 #0	'u'	'v'	REJECT
qemu_self	551	7	5	measured pcr=13 #0	'r'	's'	REJECT
qemu_self	552	7	6	measured pcr=13 #0	'e'	'f'	REJECT
qemu_self	553	7	7	measured pcr=13 #0	'd'	'e'	REJECT
qemu_self	554	7	8	measured pcr=13 #0	' '	'X'	REJECT
qemu_self	555	7	9	measured pcr=13 #0	'p'	'q'	REJECT
qemu_self	556	7	10	measured pcr=13 #0	'c'	'd'	REJECT
qemu_self	557	7	11	measured pcr=13 #0	'r'	's'	REJECT
qemu_self	558	7	12	measured pcr=13 #0	'='	'X'	REJECT
qemu_self	559	7	13	measured pcr=13 #0	'1'	'2'	REJECT
qemu_self	560	7	14	measured pcr=13 #0	'3'	'4'	REJECT
qemu_self	561	7	15	measured pcr=13 #0	' '	'X'	REJECT
qemu_self	562	7	16	measured pcr=13 #0	'A'	'B'	REJECT
qemu_self	563	7	17	measured pcr=13 #0	'E'	'F'	REJECT
qemu_self	564	7	18	measured pcr=13 #0	'G'	'H'	REJECT
qemu_self	565	7	19	measured pcr=13 #0	'I'	'J'	REJECT
qemu_self	566	7	20	measured pcr=13 #0	'S'	'T'	REJECT
qemu_self	567	7	21	measured pcr=13 #0	'-'	'X'	REJECT
qemu_self	568	7	22	measured pcr=13 #0	'R'	'S'	REJECT
qemu_self	569	7	23	measured pcr=13 #0	'E'	'F'	REJECT
qemu_self	570	7	24	measured pcr=13 #0	'C'	'D'	REJECT
qemu_self	571	7	25	measured pcr=13 #0	'E'	'F'	REJECT
qemu_self	572	7	26	measured pcr=13 #0	'I'	'J'	REJECT
qemu_self	573	7	27	measured pcr=13 #0	'P'	'Q'	REJECT
qemu_self	574	7	28	measured pcr=13 #0	'T'	'U'	REJECT
qemu_self	575	7	29	measured pcr=13 #0	' '	'X'	REJECT
qemu_self	576	7	30	measured pcr=13 #0	'v'	'w'	REJECT
qemu_self	577	7	31	measured pcr=13 #0	'0'	'1'	REJECT
qemu_self	578	7	32	measured pcr=13 #0	' '	'X'	REJECT
qemu_self	579	7	33	measured pcr=13 #0	'm'	'n'	REJECT
qemu_self	580	7	34	measured pcr=13 #0	'o'	'p'	REJECT
qemu_self	581	7	35	measured pcr=13 #0	'd'	'e'	REJECT
qemu_self	582	7	36	measured pcr=13 #0	'e'	'f'	REJECT
qemu_self	583	7	37	measured pcr=13 #0	'='	'X'	REJECT
qemu_self	584	7	38	measured pcr=13 #0	'm'	'n'	REJECT
qemu_self	585	7	39	measured pcr=13 #0	'i'	'j'	REJECT
qemu_self	586	7	40	measured pcr=13 #0	'n'	'o'	REJECT
qemu_self	587	7	41	measured pcr=13 #0	't'	'u'	REJECT
qemu_self	588	7	42	measured pcr=13 #0	' '	'X'	REJECT
qemu_self	589	7	43	measured pcr=13 #0	's'	't'	REJECT
qemu_self	590	7	44	measured pcr=13 #0	't'	'u'	REJECT
qemu_self	591	7	45	measured pcr=13 #0	'e'	'f'	REJECT
qemu_self	592	7	46	measured pcr=13 #0	'p'	'q'	REJECT
qemu_self	593	7	47	measured pcr=13 #0	's'	't'	REJECT
qemu_self	594	7	48	measured pcr=13 #0	'='	'X'	REJECT
qemu_self	595	7	49	measured pcr=13 #0	'3'	'4'	REJECT
qemu_self	596	7	50	measured pcr=13 #0	'0'	'1'	REJECT
qemu_self	597	7	51	measured pcr=13 #0	' '	'X'	REJECT
qemu_self	598	7	52	measured pcr=13 #0	'c'	'd'	REJECT
qemu_self	599	7	53	measured pcr=13 #0	'i'	'j'	REJECT
qemu_self	600	7	54	measured pcr=13 #0	's'	't'	REJECT
qemu_self	601	7	55	measured pcr=13 #0	'-'	'X'	REJECT
qemu_self	602	7	56	measured pcr=13 #0	'd'	'e'	REJECT
qemu_self	603	7	57	measured pcr=13 #0	'i'	'j'	REJECT
qemu_self	604	7	58	measured pcr=13 #0	'g'	'h'	REJECT
qemu_self	605	7	59	measured pcr=13 #0	'e'	'f'	REJECT
qemu_self	606	7	60	measured pcr=13 #0	's'	't'	REJECT
qemu_self	607	7	61	measured pcr=13 #0	't'	'u'	REJECT
qemu_self	608	7	62	measured pcr=13 #0	'='	'X'	REJECT
qemu_self	609	7	63	measured pcr=13 #0	'd'	'e'	REJECT
qemu_self	610	7	64	measured pcr=13 #0	'8'	'9'	REJECT
qemu_self	611	7	65	measured pcr=13 #0	'6'	'7'	REJECT
qemu_self	612	7	66	measured pcr=13 #0	'6'	'7'	REJECT
qemu_self	613	7	67	measured pcr=13 #0	'0'	'1'	REJECT
qemu_self	614	7	68	measured pcr=13 #0	'8'	'9'	REJECT
qemu_self	615	7	69	measured pcr=13 #0	'7'	'8'	REJECT
qemu_self	616	7	70	measured pcr=13 #0	'8'	'9'	REJECT
qemu_self	617	7	71	measured pcr=13 #0	'4'	'5'	REJECT
qemu_self	618	7	72	measured pcr=13 #0	'e'	'f'	REJECT
qemu_self	619	7	73	measured pcr=13 #0	'7'	'8'	REJECT
qemu_self	620	7	74	measured pcr=13 #0	'1'	'2'	REJECT
qemu_self	621	7	75	measured pcr=13 #0	'd'	'e'	REJECT
qemu_self	622	7	76	measured pcr=13 #0	'f'	'0'	REJECT
qemu_self	623	7	77	measured pcr=13 #0	'a'	'b'	REJECT
qemu_self	624	7	78	measured pcr=13 #0	'e'	'f'	REJECT
qemu_self	625	7	79	measured pcr=13 #0	' '	'X'	REJECT
qemu_self	626	7	80	measured pcr=13 #0	'c'	'd'	REJECT
qemu_self	627	7	81	measured pcr=13 #0	'h'	'i'	REJECT
qemu_self	628	7	82	measured pcr=13 #0	'a'	'b'	REJECT
qemu_self	629	7	83	measured pcr=13 #0	'i'	'j'	REJECT
qemu_self	630	7	84	measured pcr=13 #0	'n'	'o'	REJECT
qemu_self	631	7	85	measured pcr=13 #0	'='	'X'	REJECT
qemu_self	632	7	86	measured pcr=13 #0	'a'	'b'	REJECT
qemu_self	633	7	87	measured pcr=13 #0	'5'	'6'	REJECT
qemu_self	634	7	88	measured pcr=13 #0	'8'	'9'	REJECT
qemu_self	635	7	89	measured pcr=13 #0	'e'	'f'	REJECT
qemu_self	636	7	90	measured pcr=13 #0	'7'	'8'	REJECT
qemu_self	637	7	91	measured pcr=13 #0	'4'	'5'	REJECT
qemu_self	638	7	92	measured pcr=13 #0	'8'	'9'	REJECT
qemu_self	639	7	93	measured pcr=13 #0	'e'	'f'	REJECT
qemu_self	640	7	94	measured pcr=13 #0	'e'	'f'	REJECT
qemu_self	641	7	95	measured pcr=13 #0	'b'	'c'	REJECT
qemu_self	642	7	96	measured pcr=13 #0	'e'	'f'	REJECT
qemu_self	643	7	97	measured pcr=13 #0	'e'	'f'	REJECT
qemu_self	644	7	98	measured pcr=13 #0	'8'	'9'	REJECT
qemu_self	645	7	99	measured pcr=13 #0	'd'	'e'	REJECT
qemu_self	646	7	100	measured pcr=13 #0	'e'	'f'	REJECT
qemu_self	647	7	101	measured pcr=13 #0	'2'	'3'	REJECT
qemu_self	648	7	102	measured pcr=13 #0	'f'	'0'	REJECT
qemu_self	649	7	103	measured pcr=13 #0	'3'	'4'	REJECT
qemu_self	650	7	104	measured pcr=13 #0	'b'	'c'	REJECT
qemu_self	651	7	105	measured pcr=13 #0	'e'	'f'	REJECT
qemu_self	652	7	106	measured pcr=13 #0	'9'	'a'	REJECT
qemu_self	653	7	107	measured pcr=13 #0	'a'	'b'	REJECT
qemu_self	654	7	108	measured pcr=13 #0	'6'	'7'	REJECT
qemu_self	655	7	109	measured pcr=13 #0	'b'	'c'	REJECT
qemu_self	656	7	110	measured pcr=13 #0	'd'	'e'	REJECT
qemu_self	657	7	111	measured pcr=13 #0	'7'	'8'	REJECT
qemu_self	658	7	112	measured pcr=13 #0	'c'	'd'	REJECT
qemu_self	659	7	113	measured pcr=13 #0	'3'	'4'	REJECT
qemu_self	660	7	114	measured pcr=13 #0	'4'	'5'	REJECT
qemu_self	661	7	115	measured pcr=13 #0	'9'	'a'	REJECT
qemu_self	662	7	116	measured pcr=13 #0	'e'	'f'	REJECT
qemu_self	663	7	117	measured pcr=13 #0	'e'	'f'	REJECT
qemu_self	664	7	118	measured pcr=13 #0	'c'	'd'	REJECT
qemu_self	665	7	119	measured pcr=13 #0	'd'	'e'	REJECT
qemu_self	666	7	120	measured pcr=13 #0	'2'	'3'	REJECT
qemu_self	667	7	121	measured pcr=13 #0	'5'	'6'	REJECT
qemu_self	668	7	122	measured pcr=13 #0	'1'	'2'	REJECT
qemu_self	669	7	123	measured pcr=13 #0	'7'	'8'	REJECT
qemu_self	670	7	124	measured pcr=13 #0	'a'	'b'	REJECT
qemu_self	671	7	125	measured pcr=13 #0	'd'	'e'	REJECT
qemu_self	672	7	126	measured pcr=13 #0	'f'	'0'	REJECT
qemu_self	673	7	127	measured pcr=13 #0	'e'	'f'	REJECT
qemu_self	674	7	128	measured pcr=13 #0	'7'	'8'	REJECT
qemu_self	675	7	129	measured pcr=13 #0	'5'	'6'	REJECT
qemu_self	676	7	130	measured pcr=13 #0	'c'	'd'	REJECT
qemu_self	677	7	131	measured pcr=13 #0	'1'	'2'	REJECT
qemu_self	678	7	132	measured pcr=13 #0	'c'	'd'	REJECT
qemu_self	679	7	133	measured pcr=13 #0	'5'	'6'	REJECT
qemu_self	680	7	134	measured pcr=13 #0	'3'	'4'	REJECT
qemu_self	681	7	135	measured pcr=13 #0	'2'	'3'	REJECT
qemu_self	682	7	136	measured pcr=13 #0	'3'	'4'	REJECT
qemu_self	683	7	137	measured pcr=13 #0	'0'	'1'	REJECT
qemu_self	684	7	138	measured pcr=13 #0	'7'	'8'	REJECT
qemu_self	685	7	139	measured pcr=13 #0	'b'	'c'	REJECT
qemu_self	686	7	140	measured pcr=13 #0	'3'	'4'	REJECT
qemu_self	687	7	141	measured pcr=13 #0	'8'	'9'	REJECT
qemu_self	688	7	142	measured pcr=13 #0	'e'	'f'	REJECT
qemu_self	689	7	143	measured pcr=13 #0	'7'	'8'	REJECT
qemu_self	690	7	144	measured pcr=13 #0	'c'	'd'	REJECT
qemu_self	691	7	145	measured pcr=13 #0	'a'	'b'	REJECT
qemu_self	692	7	146	measured pcr=13 #0	'2'	'3'	REJECT
qemu_self	693	7	147	measured pcr=13 #0	'5'	'6'	REJECT
qemu_self	694	7	148	measured pcr=13 #0	'6'	'7'	REJECT
qemu_self	695	7	149	measured pcr=13 #0	'4'	'5'	REJECT
qemu_self	696	7	150	measured pcr=13 #0	' '	'X'	REJECT
qemu_self	697	7	151	measured pcr=13 #0	'v'	'w'	REJECT
qemu_self	698	7	152	measured pcr=13 #0	'e'	'f'	REJECT
qemu_self	699	7	153	measured pcr=13 #0	'r'	's'	REJECT
qemu_self	700	7	154	measured pcr=13 #0	'd'	'e'	REJECT
qemu_self	701	7	155	measured pcr=13 #0	'i'	'j'	REJECT
qemu_self	702	7	156	measured pcr=13 #0	'c'	'd'	REJECT
qemu_self	703	7	157	measured pcr=13 #0	't'	'u'	REJECT
qemu_self	704	7	158	measured pcr=13 #0	'='	'X'	REJECT
qemu_self	705	7	159	measured pcr=13 #0	'M'	'N'	REJECT
qemu_self	706	7	160	measured pcr=13 #0	'I'	'J'	REJECT
qemu_self	707	7	161	measured pcr=13 #0	'N'	'O'	REJECT
qemu_self	708	7	162	measured pcr=13 #0	'T'	'U'	REJECT
qemu_self	709	7	163	measured pcr=13 #0	'E'	'F'	REJECT
qemu_self	710	7	164	measured pcr=13 #0	'D'	'E'	REJECT
qemu_self	711	7	165	measured pcr=13 #0	'\n'	' '	REJECT
qemu_self	712	8	0	measured pcr=12 #3	'm'	'n'	REJECT
qemu_self	713	8	1	measured pcr=12 #3	'e'	'f'	REJECT
qemu_self	714	8	2	measured pcr=12 #3	'a'	'b'	REJECT
qemu_self	715	8	3	measured pcr=12 #3	's'	't'	REJECT
qemu_self	716	8	4	measured pcr=12 #3	'u'	'v'	REJECT
qemu_self	717	8	5	measured pcr=12 #3	'r'	's'	REJECT
qemu_self	718	8	6	measured pcr=12 #3	'e'	'f'	REJECT
qemu_self	719	8	7	measured pcr=12 #3	'd'	'e'	REJECT
qemu_self	720	8	8	measured pcr=12 #3	' '	'X'	REJECT
qemu_self	721	8	9	measured pcr=12 #3	'p'	'q'	REJECT
qemu_self	722	8	10	measured pcr=12 #3	'c'	'd'	REJECT
qemu_self	723	8	11	measured pcr=12 #3	'r'	's'	REJECT
qemu_self	724	8	12	measured pcr=12 #3	'='	'X'	REJECT
qemu_self	725	8	13	measured pcr=12 #3	'1'	'2'	REJECT
qemu_self	726	8	14	measured pcr=12 #3	'2'	'3'	REJECT
qemu_self	727	8	15	measured pcr=12 #3	' '	'X'	REJECT
qemu_self	728	8	16	measured pcr=12 #3	'A'	'B'	REJECT
qemu_self	729	8	17	measured pcr=12 #3	'E'	'F'	REJECT
qemu_self	730	8	18	measured pcr=12 #3	'G'	'H'	REJECT
qemu_self	731	8	19	measured pcr=12 #3	'I'	'J'	REJECT
qemu_self	732	8	20	measured pcr=12 #3	'S'	'T'	REJECT
qemu_self	733	8	21	measured pcr=12 #3	'-'	'X'	REJECT
qemu_self	734	8	22	measured pcr=12 #3	'M'	'N'	REJECT
qemu_self	735	8	23	measured pcr=12 #3	'E'	'F'	REJECT
qemu_self	736	8	24	measured pcr=12 #3	'A'	'B'	REJECT
qemu_self	737	8	25	measured pcr=12 #3	'S'	'T'	REJECT
qemu_self	738	8	26	measured pcr=12 #3	'U'	'V'	REJECT
qemu_self	739	8	27	measured pcr=12 #3	'R'	'S'	REJECT
qemu_self	740	8	28	measured pcr=12 #3	'E'	'F'	REJECT
qemu_self	741	8	29	measured pcr=12 #3	' '	'X'	REJECT
qemu_self	742	8	30	measured pcr=12 #3	'v'	'w'	REJECT
qemu_self	743	8	31	measured pcr=12 #3	'0'	'1'	REJECT
qemu_self	744	8	32	measured pcr=12 #3	' '	'X'	REJECT
qemu_self	745	8	33	measured pcr=12 #3	'a'	'b'	REJECT
qemu_self	746	8	34	measured pcr=12 #3	'r'	's'	REJECT
qemu_self	747	8	35	measured pcr=12 #3	't'	'u'	REJECT
qemu_self	748	8	36	measured pcr=12 #3	'i'	'j'	REJECT
qemu_self	749	8	37	measured pcr=12 #3	'f'	'0'	REJECT
qemu_self	750	8	38	measured pcr=12 #3	'a'	'b'	REJECT
qemu_self	751	8	39	measured pcr=12 #3	'c'	'd'	REJECT
qemu_self	752	8	40	measured pcr=12 #3	't'	'u'	REJECT
qemu_self	753	8	41	measured pcr=12 #3	'='	'X'	REJECT
qemu_self	754	8	42	measured pcr=12 #3	'T'	'U'	REJECT
qemu_self	755	8	43	measured pcr=12 #3	'A'	'B'	REJECT
qemu_self	756	8	44	measured pcr=12 #3	'B'	'C'	REJECT
qemu_self	757	8	45	measured pcr=12 #3	'L'	'M'	REJECT
qemu_self	758	8	46	measured pcr=12 #3	'E'	'F'	REJECT
qemu_self	759	8	47	measured pcr=12 #3	'.'	'X'	REJECT
qemu_self	760	8	48	measured pcr=12 #3	'T'	'U'	REJECT
qemu_self	761	8	49	measured pcr=12 #3	'S'	'T'	REJECT
qemu_self	762	8	50	measured pcr=12 #3	'V'	'W'	REJECT
qemu_self	763	8	51	measured pcr=12 #3	' '	'X'	REJECT
qemu_self	764	8	52	measured pcr=12 #3	'b'	'c'	REJECT
qemu_self	765	8	53	measured pcr=12 #3	'y'	'z'	REJECT
qemu_self	766	8	54	measured pcr=12 #3	't'	'u'	REJECT
qemu_self	767	8	55	measured pcr=12 #3	'e'	'f'	REJECT
qemu_self	768	8	56	measured pcr=12 #3	's'	't'	REJECT
qemu_self	769	8	57	measured pcr=12 #3	'='	'X'	REJECT
qemu_self	770	8	58	measured pcr=12 #3	'4'	'5'	REJECT
qemu_self	771	8	59	measured pcr=12 #3	'4'	'5'	REJECT
qemu_self	772	8	60	measured pcr=12 #3	'5'	'6'	REJECT
qemu_self	773	8	61	measured pcr=12 #3	' '	'X'	REJECT
qemu_self	774	8	62	measured pcr=12 #3	's'	't'	REJECT
qemu_self	775	8	63	measured pcr=12 #3	'h'	'i'	REJECT
qemu_self	776	8	64	measured pcr=12 #3	'a'	'b'	REJECT
qemu_self	777	8	65	measured pcr=12 #3	'2'	'3'	REJECT
qemu_self	778	8	66	measured pcr=12 #3	'5'	'6'	REJECT
qemu_self	779	8	67	measured pcr=12 #3	'6'	'7'	REJECT
qemu_self	780	8	68	measured pcr=12 #3	'='	'X'	REJECT
qemu_self	781	8	69	measured pcr=12 #3	'6'	'7'	REJECT
qemu_self	782	8	70	measured pcr=12 #3	'b'	'c'	REJECT
qemu_self	783	8	71	measured pcr=12 #3	'2'	'3'	REJECT
qemu_self	784	8	72	measured pcr=12 #3	'f'	'0'	REJECT
qemu_self	785	8	73	measured pcr=12 #3	'7'	'8'	REJECT
qemu_self	786	8	74	measured pcr=12 #3	'3'	'4'	REJECT
qemu_self	787	8	75	measured pcr=12 #3	'8'	'9'	REJECT
qemu_self	788	8	76	measured pcr=12 #3	'4'	'5'	REJECT
qemu_self	789	8	77	measured pcr=12 #3	'9'	'a'	REJECT
qemu_self	790	8	78	measured pcr=12 #3	'1'	'2'	REJECT
qemu_self	791	8	79	measured pcr=12 #3	'3'	'4'	REJECT
qemu_self	792	8	80	measured pcr=12 #3	'0'	'1'	REJECT
qemu_self	793	8	81	measured pcr=12 #3	'6'	'7'	REJECT
qemu_self	794	8	82	measured pcr=12 #3	'1'	'2'	REJECT
qemu_self	795	8	83	measured pcr=12 #3	'4'	'5'	REJECT
qemu_self	796	8	84	measured pcr=12 #3	'5'	'6'	REJECT
qemu_self	797	8	85	measured pcr=12 #3	'a'	'b'	REJECT
qemu_self	798	8	86	measured pcr=12 #3	'd'	'e'	REJECT
qemu_self	799	8	87	measured pcr=12 #3	'4'	'5'	REJECT
qemu_self	800	8	88	measured pcr=12 #3	'7'	'8'	REJECT
qemu_self	801	8	89	measured pcr=12 #3	'a'	'b'	REJECT
qemu_self	802	8	90	measured pcr=12 #3	'd'	'e'	REJECT
qemu_self	803	8	91	measured pcr=12 #3	'5'	'6'	REJECT
qemu_self	804	8	92	measured pcr=12 #3	'0'	'1'	REJECT
qemu_self	805	8	93	measured pcr=12 #3	'c'	'd'	REJECT
qemu_self	806	8	94	measured pcr=12 #3	'9'	'a'	REJECT
qemu_self	807	8	95	measured pcr=12 #3	'e'	'f'	REJECT
qemu_self	808	8	96	measured pcr=12 #3	'0'	'1'	REJECT
qemu_self	809	8	97	measured pcr=12 #3	'2'	'3'	REJECT
qemu_self	810	8	98	measured pcr=12 #3	'd'	'e'	REJECT
qemu_self	811	8	99	measured pcr=12 #3	'9'	'a'	REJECT
qemu_self	812	8	100	measured pcr=12 #3	'2'	'3'	REJECT
qemu_self	813	8	101	measured pcr=12 #3	'2'	'3'	REJECT
qemu_self	814	8	102	measured pcr=12 #3	'd'	'e'	REJECT
qemu_self	815	8	103	measured pcr=12 #3	'a'	'b'	REJECT
qemu_self	816	8	104	measured pcr=12 #3	'a'	'b'	REJECT
qemu_self	817	8	105	measured pcr=12 #3	'a'	'b'	REJECT
qemu_self	818	8	106	measured pcr=12 #3	'e'	'f'	REJECT
qemu_self	819	8	107	measured pcr=12 #3	'9'	'a'	REJECT
qemu_self	820	8	108	measured pcr=12 #3	'6'	'7'	REJECT
qemu_self	821	8	109	measured pcr=12 #3	'd'	'e'	REJECT
qemu_self	822	8	110	measured pcr=12 #3	'1'	'2'	REJECT
qemu_self	823	8	111	measured pcr=12 #3	'8'	'9'	REJECT
qemu_self	824	8	112	measured pcr=12 #3	'6'	'7'	REJECT
qemu_self	825	8	113	measured pcr=12 #3	'6'	'7'	REJECT
qemu_self	826	8	114	measured pcr=12 #3	'2'	'3'	REJECT
qemu_self	827	8	115	measured pcr=12 #3	'8'	'9'	REJECT
qemu_self	828	8	116	measured pcr=12 #3	'8'	'9'	REJECT
qemu_self	829	8	117	measured pcr=12 #3	'a'	'b'	REJECT
qemu_self	830	8	118	measured pcr=12 #3	'3'	'4'	REJECT
qemu_self	831	8	119	measured pcr=12 #3	'2'	'3'	REJECT
qemu_self	832	8	120	measured pcr=12 #3	'a'	'b'	REJECT
qemu_self	833	8	121	measured pcr=12 #3	'e'	'f'	REJECT
qemu_self	834	8	122	measured pcr=12 #3	'2'	'3'	REJECT
qemu_self	835	8	123	measured pcr=12 #3	'f'	'0'	REJECT
qemu_self	836	8	124	measured pcr=12 #3	'8'	'9'	REJECT
qemu_self	837	8	125	measured pcr=12 #3	'0'	'1'	REJECT
qemu_self	838	8	126	measured pcr=12 #3	'4'	'5'	REJECT
qemu_self	839	8	127	measured pcr=12 #3	'7'	'8'	REJECT
qemu_self	840	8	128	measured pcr=12 #3	'1'	'2'	REJECT
qemu_self	841	8	129	measured pcr=12 #3	'5'	'6'	REJECT
qemu_self	842	8	130	measured pcr=12 #3	'1'	'2'	REJECT
qemu_self	843	8	131	measured pcr=12 #3	'd'	'e'	REJECT
qemu_self	844	8	132	measured pcr=12 #3	'd'	'e'	REJECT
qemu_self	845	8	133	measured pcr=12 #3	'\n'	' '	REJECT
qemu_self	846	9	0	event pcr=4 #0	'e'	'f'	REJECT
qemu_self	847	9	1	event pcr=4 #0	'v'	'w'	REJECT
qemu_self	848	9	2	event pcr=4 #0	'e'	'f'	REJECT
qemu_self	849	9	3	event pcr=4 #0	'n'	'o'	REJECT
qemu_self	850	9	4	event pcr=4 #0	't'	'u'	REJECT
qemu_self	851	9	5	event pcr=4 #0	' '	'X'	REJECT
qemu_self	852	9	6	event pcr=4 #0	'p'	'q'	REJECT
qemu_self	853	9	7	event pcr=4 #0	'c'	'd'	REJECT
qemu_self	854	9	8	event pcr=4 #0	'r'	's'	REJECT
qemu_self	855	9	9	event pcr=4 #0	'='	'X'	REJECT
qemu_self	856	9	10	event pcr=4 #0	'4'	'5'	REJECT
qemu_self	857	9	11	event pcr=4 #0	' '	'X'	REJECT
qemu_self	858	9	12	event pcr=4 #0	't'	'u'	REJECT
qemu_self	859	9	13	event pcr=4 #0	'y'	'z'	REJECT
qemu_self	860	9	14	event pcr=4 #0	'p'	'q'	REJECT
qemu_self	861	9	15	event pcr=4 #0	'e'	'f'	REJECT
qemu_self	862	9	16	event pcr=4 #0	'='	'X'	REJECT
qemu_self	863	9	17	event pcr=4 #0	'0'	'1'	REJECT
qemu_self	864	9	18	event pcr=4 #0	'x'	'y'	REJECT
qemu_self	865	9	19	event pcr=4 #0	'8'	'9'	REJECT
qemu_self	866	9	20	event pcr=4 #0	'0'	'1'	REJECT
qemu_self	867	9	21	event pcr=4 #0	'0'	'1'	REJECT
qemu_self	868	9	22	event pcr=4 #0	'0'	'1'	REJECT
qemu_self	869	9	23	event pcr=4 #0	'0'	'1'	REJECT
qemu_self	870	9	24	event pcr=4 #0	'0'	'1'	REJECT
qemu_self	871	9	25	event pcr=4 #0	'0'	'1'	REJECT
qemu_self	872	9	26	event pcr=4 #0	'7'	'8'	REJECT
qemu_self	873	9	27	event pcr=4 #0	' '	'X'	REJECT
qemu_self	874	9	28	event pcr=4 #0	's'	't'	REJECT
qemu_self	875	9	29	event pcr=4 #0	'h'	'i'	REJECT
qemu_self	876	9	30	event pcr=4 #0	'a'	'b'	REJECT
qemu_self	877	9	31	event pcr=4 #0	'2'	'3'	REJECT
qemu_self	878	9	32	event pcr=4 #0	'5'	'6'	REJECT
qemu_self	879	9	33	event pcr=4 #0	'6'	'7'	REJECT
qemu_self	880	9	34	event pcr=4 #0	'='	'X'	REJECT
qemu_self	881	9	35	event pcr=4 #0	'3'	'4'	REJECT
qemu_self	882	9	36	event pcr=4 #0	'd'	'e'	REJECT
qemu_self	883	9	37	event pcr=4 #0	'6'	'7'	REJECT
qemu_self	884	9	38	event pcr=4 #0	'7'	'8'	REJECT
qemu_self	885	9	39	event pcr=4 #0	'7'	'8'	REJECT
qemu_self	886	9	40	event pcr=4 #0	'2'	'3'	REJECT
qemu_self	887	9	41	event pcr=4 #0	'b'	'c'	REJECT
qemu_self	888	9	42	event pcr=4 #0	'4'	'5'	REJECT
qemu_self	889	9	43	event pcr=4 #0	'f'	'0'	REJECT
qemu_self	890	9	44	event pcr=4 #0	'8'	'9'	REJECT
qemu_self	891	9	45	event pcr=4 #0	'4'	'5'	REJECT
qemu_self	892	9	46	event pcr=4 #0	'e'	'f'	REJECT
qemu_self	893	9	47	event pcr=4 #0	'd'	'e'	REJECT
qemu_self	894	9	48	event pcr=4 #0	'4'	'5'	REJECT
qemu_self	895	9	49	event pcr=4 #0	'7'	'8'	REJECT
qemu_self	896	9	50	event pcr=4 #0	'5'	'6'	REJECT
qemu_self	897	9	51	event pcr=4 #0	'9'	'a'	REJECT
qemu_self	898	9	52	event pcr=4 #0	'5'	'6'	REJECT
qemu_self	899	9	53	event pcr=4 #0	'd'	'e'	REJECT
qemu_self	900	9	54	event pcr=4 #0	'7'	'8'	REJECT
qemu_self	901	9	55	event pcr=4 #0	'2'	'3'	REJECT
qemu_self	902	9	56	event pcr=4 #0	'a'	'b'	REJECT
qemu_self	903	9	57	event pcr=4 #0	'2'	'3'	REJECT
qemu_self	904	9	58	event pcr=4 #0	'c'	'd'	REJECT
qemu_self	905	9	59	event pcr=4 #0	'4'	'5'	REJECT
qemu_self	906	9	60	event pcr=4 #0	'c'	'd'	REJECT
qemu_self	907	9	61	event pcr=4 #0	'5'	'6'	REJECT
qemu_self	908	9	62	event pcr=4 #0	'f'	'0'	REJECT
qemu_self	909	9	63	event pcr=4 #0	'f'	'0'	REJECT
qemu_self	910	9	64	event pcr=4 #0	'd'	'e'	REJECT
qemu_self	911	9	65	event pcr=4 #0	'1'	'2'	REJECT
qemu_self	912	9	66	event pcr=4 #0	'5'	'6'	REJECT
qemu_self	913	9	67	event pcr=4 #0	'f'	'0'	REJECT
qemu_self	914	9	68	event pcr=4 #0	'5'	'6'	REJECT
qemu_self	915	9	69	event pcr=4 #0	'b'	'c'	REJECT
qemu_self	916	9	70	event pcr=4 #0	'b'	'c'	REJECT
qemu_self	917	9	71	event pcr=4 #0	'7'	'8'	REJECT
qemu_self	918	9	72	event pcr=4 #0	'2'	'3'	REJECT
qemu_self	919	9	73	event pcr=4 #0	'c'	'd'	REJECT
qemu_self	920	9	74	event pcr=4 #0	'7'	'8'	REJECT
qemu_self	921	9	75	event pcr=4 #0	'5'	'6'	REJECT
qemu_self	922	9	76	event pcr=4 #0	'0'	'1'	REJECT
qemu_self	923	9	77	event pcr=4 #0	'7'	'8'	REJECT
qemu_self	924	9	78	event pcr=4 #0	'f'	'0'	REJECT
qemu_self	925	9	79	event pcr=4 #0	'e'	'f'	REJECT
qemu_self	926	9	80	event pcr=4 #0	'2'	'3'	REJECT
qemu_self	927	9	81	event pcr=4 #0	'6'	'7'	REJECT
qemu_self	928	9	82	event pcr=4 #0	'f'	'0'	REJECT
qemu_self	929	9	83	event pcr=4 #0	'2'	'3'	REJECT
qemu_self	930	9	84	event pcr=4 #0	'a'	'b'	REJECT
qemu_self	931	9	85	event pcr=4 #0	'a'	'b'	REJECT
qemu_self	932	9	86	event pcr=4 #0	'e'	'f'	REJECT
qemu_self	933	9	87	event pcr=4 #0	'e'	'f'	REJECT
qemu_self	934	9	88	event pcr=4 #0	'2'	'3'	REJECT
qemu_self	935	9	89	event pcr=4 #0	'c'	'd'	REJECT
qemu_self	936	9	90	event pcr=4 #0	'6'	'7'	REJECT
qemu_self	937	9	91	event pcr=4 #0	'9'	'a'	REJECT
qemu_self	938	9	92	event pcr=4 #0	'd'	'e'	REJECT
qemu_self	939	9	93	event pcr=4 #0	'5'	'6'	REJECT
qemu_self	940	9	94	event pcr=4 #0	'6'	'7'	REJECT
qemu_self	941	9	95	event pcr=4 #0	'3'	'4'	REJECT
qemu_self	942	9	96	event pcr=4 #0	'3'	'4'	REJECT
qemu_self	943	9	97	event pcr=4 #0	'b'	'c'	REJECT
qemu_self	944	9	98	event pcr=4 #0	'a'	'b'	REJECT
qemu_self	945	9	99	event pcr=4 #0	' '	'X'	REJECT
qemu_self	946	9	100	event pcr=4 #0	'd'	'e'	REJECT
qemu_self	947	9	101	event pcr=4 #0	'a'	'b'	REJECT
qemu_self	948	9	102	event pcr=4 #0	't'	'u'	REJECT
qemu_self	949	9	103	event pcr=4 #0	'a'	'b'	REJECT
qemu_self	950	9	104	event pcr=4 #0	'='	'X'	REJECT
qemu_self	951	9	105	event pcr=4 #0	'C'	'D'	REJECT
qemu_self	952	9	106	event pcr=4 #0	'a'	'b'	REJECT
qemu_self	953	9	107	event pcr=4 #0	'l'	'm'	REJECT
qemu_self	954	9	108	event pcr=4 #0	'l'	'm'	REJECT
qemu_self	955	9	109	event pcr=4 #0	'i'	'j'	REJECT
qemu_self	956	9	110	event pcr=4 #0	'n'	'o'	REJECT
qemu_self	957	9	111	event pcr=4 #0	'g'	'h'	REJECT
qemu_self	958	9	112	event pcr=4 #0	' '	'X'	REJECT
qemu_self	959	9	113	event pcr=4 #0	'E'	'F'	REJECT
qemu_self	960	9	114	event pcr=4 #0	'F'	'G'	REJECT
qemu_self	961	9	115	event pcr=4 #0	'I'	'J'	REJECT
qemu_self	962	9	116	event pcr=4 #0	' '	'X'	REJECT
qemu_self	963	9	117	event pcr=4 #0	'A'	'B'	REJECT
qemu_self	964	9	118	event pcr=4 #0	'p'	'q'	REJECT
qemu_self	965	9	119	event pcr=4 #0	'p'	'q'	REJECT
qemu_self	966	9	120	event pcr=4 #0	'l'	'm'	REJECT
qemu_self	967	9	121	event pcr=4 #0	'i'	'j'	REJECT
qemu_self	968	9	122	event pcr=4 #0	'c'	'd'	REJECT
qemu_self	969	9	123	event pcr=4 #0	'a'	'b'	REJECT
qemu_self	970	9	124	event pcr=4 #0	't'	'u'	REJECT
qemu_self	971	9	125	event pcr=4 #0	'i'	'j'	REJECT
qemu_self	972	9	126	event pcr=4 #0	'o'	'p'	REJECT
qemu_self	973	9	127	event pcr=4 #0	'n'	'o'	REJECT
qemu_self	974	9	128	event pcr=4 #0	' '	'X'	REJECT
qemu_self	975	9	129	event pcr=4 #0	'f'	'0'	REJECT
qemu_self	976	9	130	event pcr=4 #0	'r'	's'	REJECT
qemu_self	977	9	131	event pcr=4 #0	'o'	'p'	REJECT
qemu_self	978	9	132	event pcr=4 #0	'm'	'n'	REJECT
qemu_self	979	9	133	event pcr=4 #0	' '	'X'	REJECT
qemu_self	980	9	134	event pcr=4 #0	'B'	'C'	REJECT
qemu_self	981	9	135	event pcr=4 #0	'o'	'p'	REJECT
qemu_self	982	9	136	event pcr=4 #0	'o'	'p'	REJECT
qemu_self	983	9	137	event pcr=4 #0	't'	'u'	REJECT
qemu_self	984	9	138	event pcr=4 #0	' '	'X'	REJECT
qemu_self	985	9	139	event pcr=4 #0	'O'	'P'	REJECT
qemu_self	986	9	140	event pcr=4 #0	'p'	'q'	REJECT
qemu_self	987	9	141	event pcr=4 #0	't'	'u'	REJECT
qemu_self	988	9	142	event pcr=4 #0	'i'	'j'	REJECT
qemu_self	989	9	143	event pcr=4 #0	'o'	'p'	REJECT
qemu_self	990	9	144	event pcr=4 #0	'n'	'o'	REJECT
qemu_self	991	9	145	event pcr=4 #0	'\n'	' '	REJECT
qemu_self	992	10	0	event pcr=4 #1	'e'	'f'	REJECT
qemu_self	993	10	1	event pcr=4 #1	'v'	'w'	REJECT
qemu_self	994	10	2	event pcr=4 #1	'e'	'f'	REJECT
qemu_self	995	10	3	event pcr=4 #1	'n'	'o'	REJECT
qemu_self	996	10	4	event pcr=4 #1	't'	'u'	REJECT
qemu_self	997	10	5	event pcr=4 #1	' '	'X'	REJECT
qemu_self	998	10	6	event pcr=4 #1	'p'	'q'	REJECT
qemu_self	999	10	7	event pcr=4 #1	'c'	'd'	REJECT
qemu_self	1000	10	8	event pcr=4 #1	'r'	's'	REJECT
qemu_self	1001	10	9	event pcr=4 #1	'='	'X'	REJECT
qemu_self	1002	10	10	event pcr=4 #1	'4'	'5'	REJECT
qemu_self	1003	10	11	event pcr=4 #1	' '	'X'	REJECT
qemu_self	1004	10	12	event pcr=4 #1	't'	'u'	REJECT
qemu_self	1005	10	13	event pcr=4 #1	'y'	'z'	REJECT
qemu_self	1006	10	14	event pcr=4 #1	'p'	'q'	REJECT
qemu_self	1007	10	15	event pcr=4 #1	'e'	'f'	REJECT
qemu_self	1008	10	16	event pcr=4 #1	'='	'X'	REJECT
qemu_self	1009	10	17	event pcr=4 #1	'0'	'1'	REJECT
qemu_self	1010	10	18	event pcr=4 #1	'x'	'y'	REJECT
qemu_self	1011	10	19	event pcr=4 #1	'4'	'5'	REJECT
qemu_self	1012	10	20	event pcr=4 #1	' '	'X'	REJECT
qemu_self	1013	10	21	event pcr=4 #1	's'	't'	REJECT
qemu_self	1014	10	22	event pcr=4 #1	'h'	'i'	REJECT
qemu_self	1015	10	23	event pcr=4 #1	'a'	'b'	REJECT
qemu_self	1016	10	24	event pcr=4 #1	'2'	'3'	REJECT
qemu_self	1017	10	25	event pcr=4 #1	'5'	'6'	REJECT
qemu_self	1018	10	26	event pcr=4 #1	'6'	'7'	REJECT
qemu_self	1019	10	27	event pcr=4 #1	'='	'X'	REJECT
qemu_self	1020	10	28	event pcr=4 #1	'd'	'e'	REJECT
qemu_self	1021	10	29	event pcr=4 #1	'f'	'0'	REJECT
qemu_self	1022	10	30	event pcr=4 #1	'3'	'4'	REJECT
qemu_self	1023	10	31	event pcr=4 #1	'f'	'0'	REJECT
qemu_self	1024	10	32	event pcr=4 #1	'6'	'7'	REJECT
qemu_self	1025	10	33	event pcr=4 #1	'1'	'2'	REJECT
qemu_self	1026	10	34	event pcr=4 #1	'9'	'a'	REJECT
qemu_self	1027	10	35	event pcr=4 #1	'8'	'9'	REJECT
qemu_self	1028	10	36	event pcr=4 #1	'0'	'1'	REJECT
qemu_self	1029	10	37	event pcr=4 #1	'4'	'5'	REJECT
qemu_self	1030	10	38	event pcr=4 #1	'a'	'b'	REJECT
qemu_self	1031	10	39	event pcr=4 #1	'9'	'a'	REJECT
qemu_self	1032	10	40	event pcr=4 #1	'2'	'3'	REJECT
qemu_self	1033	10	41	event pcr=4 #1	'f'	'0'	REJECT
qemu_self	1034	10	42	event pcr=4 #1	'd'	'e'	REJECT
qemu_self	1035	10	43	event pcr=4 #1	'b'	'c'	REJECT
qemu_self	1036	10	44	event pcr=4 #1	'4'	'5'	REJECT
qemu_self	1037	10	45	event pcr=4 #1	'0'	'1'	REJECT
qemu_self	1038	10	46	event pcr=4 #1	'5'	'6'	REJECT
qemu_self	1039	10	47	event pcr=4 #1	'7'	'8'	REJECT
qemu_self	1040	10	48	event pcr=4 #1	'1'	'2'	REJECT
qemu_self	1041	10	49	event pcr=4 #1	'9'	'a'	REJECT
qemu_self	1042	10	50	event pcr=4 #1	'2'	'3'	REJECT
qemu_self	1043	10	51	event pcr=4 #1	'd'	'e'	REJECT
qemu_self	1044	10	52	event pcr=4 #1	'c'	'd'	REJECT
qemu_self	1045	10	53	event pcr=4 #1	'4'	'5'	REJECT
qemu_self	1046	10	54	event pcr=4 #1	'3'	'4'	REJECT
qemu_self	1047	10	55	event pcr=4 #1	'd'	'e'	REJECT
qemu_self	1048	10	56	event pcr=4 #1	'd'	'e'	REJECT
qemu_self	1049	10	57	event pcr=4 #1	'7'	'8'	REJECT
qemu_self	1050	10	58	event pcr=4 #1	'4'	'5'	REJECT
qemu_self	1051	10	59	event pcr=4 #1	'8'	'9'	REJECT
qemu_self	1052	10	60	event pcr=4 #1	'e'	'f'	REJECT
qemu_self	1053	10	61	event pcr=4 #1	'a'	'b'	REJECT
qemu_self	1054	10	62	event pcr=4 #1	'7'	'8'	REJECT
qemu_self	1055	10	63	event pcr=4 #1	'7'	'8'	REJECT
qemu_self	1056	10	64	event pcr=4 #1	'8'	'9'	REJECT
qemu_self	1057	10	65	event pcr=4 #1	'a'	'b'	REJECT
qemu_self	1058	10	66	event pcr=4 #1	'd'	'e'	REJECT
qemu_self	1059	10	67	event pcr=4 #1	'c'	'd'	REJECT
qemu_self	1060	10	68	event pcr=4 #1	'5'	'6'	REJECT
qemu_self	1061	10	69	event pcr=4 #1	'2'	'3'	REJECT
qemu_self	1062	10	70	event pcr=4 #1	'b'	'c'	REJECT
qemu_self	1063	10	71	event pcr=4 #1	'c'	'd'	REJECT
qemu_self	1064	10	72	event pcr=4 #1	'4'	'5'	REJECT
qemu_self	1065	10	73	event pcr=4 #1	'9'	'a'	REJECT
qemu_self	1066	10	74	event pcr=4 #1	'8'	'9'	REJECT
qemu_self	1067	10	75	event pcr=4 #1	'c'	'd'	REJECT
qemu_self	1068	10	76	event pcr=4 #1	'e'	'f'	REJECT
qemu_self	1069	10	77	event pcr=4 #1	'8'	'9'	REJECT
qemu_self	1070	10	78	event pcr=4 #1	'0'	'1'	REJECT
qemu_self	1071	10	79	event pcr=4 #1	'5'	'6'	REJECT
qemu_self	1072	10	80	event pcr=4 #1	'2'	'3'	REJECT
qemu_self	1073	10	81	event pcr=4 #1	'4'	'5'	REJECT
qemu_self	1074	10	82	event pcr=4 #1	'c'	'd'	REJECT
qemu_self	1075	10	83	event pcr=4 #1	'0'	'1'	REJECT
qemu_self	1076	10	84	event pcr=4 #1	'1'	'2'	REJECT
qemu_self	1077	10	85	event pcr=4 #1	'4'	'5'	REJECT
qemu_self	1078	10	86	event pcr=4 #1	'b'	'c'	REJECT
qemu_self	1079	10	87	event pcr=4 #1	'8'	'9'	REJECT
qemu_self	1080	10	88	event pcr=4 #1	'1'	'2'	REJECT
qemu_self	1081	10	89	event pcr=4 #1	'1'	'2'	REJECT
qemu_self	1082	10	90	event pcr=4 #1	'1'	'2'	REJECT
qemu_self	1083	10	91	event pcr=4 #1	'9'	'a'	REJECT
qemu_self	1084	10	92	event pcr=4 #1	' '	'X'	REJECT
qemu_self	1085	10	93	event pcr=4 #1	'd'	'e'	REJECT
qemu_self	1086	10	94	event pcr=4 #1	'a'	'b'	REJECT
qemu_self	1087	10	95	event pcr=4 #1	't'	'u'	REJECT
qemu_self	1088	10	96	event pcr=4 #1	'a'	'b'	REJECT
qemu_self	1089	10	97	event pcr=4 #1	'='	'X'	REJECT
qemu_self	1090	10	98	event pcr=4 #1	'h'	'i'	REJECT
qemu_self	1091	10	99	event pcr=4 #1	'e'	'f'	REJECT
qemu_self	1092	10	100	event pcr=4 #1	'x'	'y'	REJECT
qemu_self	1093	10	101	event pcr=4 #1	':'	'X'	REJECT
qemu_self	1094	10	102	event pcr=4 #1	'0'	'1'	REJECT
qemu_self	1095	10	103	event pcr=4 #1	'0'	'1'	REJECT
qemu_self	1096	10	104	event pcr=4 #1	'0'	'1'	REJECT
qemu_self	1097	10	105	event pcr=4 #1	'0'	'1'	REJECT
qemu_self	1098	10	106	event pcr=4 #1	'0'	'1'	REJECT
qemu_self	1099	10	107	event pcr=4 #1	'0'	'1'	REJECT
qemu_self	1100	10	108	event pcr=4 #1	'0'	'1'	REJECT
qemu_self	1101	10	109	event pcr=4 #1	'0'	'1'	REJECT
qemu_self	1102	10	110	event pcr=4 #1	'\n'	' '	REJECT
qemu_self	1103	11	0	event pcr=4 #2	'e'	'f'	REJECT
qemu_self	1104	11	1	event pcr=4 #2	'v'	'w'	REJECT
qemu_self	1105	11	2	event pcr=4 #2	'e'	'f'	REJECT
qemu_self	1106	11	3	event pcr=4 #2	'n'	'o'	REJECT
qemu_self	1107	11	4	event pcr=4 #2	't'	'u'	REJECT
qemu_self	1108	11	5	event pcr=4 #2	' '	'X'	REJECT
qemu_self	1109	11	6	event pcr=4 #2	'p'	'q'	REJECT
qemu_self	1110	11	7	event pcr=4 #2	'c'	'd'	REJECT
qemu_self	1111	11	8	event pcr=4 #2	'r'	's'	REJECT
qemu_self	1112	11	9	event pcr=4 #2	'='	'X'	REJECT
qemu_self	1113	11	10	event pcr=4 #2	'4'	'5'	REJECT
qemu_self	1114	11	11	event pcr=4 #2	' '	'X'	REJECT
qemu_self	1115	11	12	event pcr=4 #2	't'	'u'	REJECT
qemu_self	1116	11	13	event pcr=4 #2	'y'	'z'	REJECT
qemu_self	1117	11	14	event pcr=4 #2	'p'	'q'	REJECT
qemu_self	1118	11	15	event pcr=4 #2	'e'	'f'	REJECT
qemu_self	1119	11	16	event pcr=4 #2	'='	'X'	REJECT
qemu_self	1120	11	17	event pcr=4 #2	'0'	'1'	REJECT
qemu_self	1121	11	18	event pcr=4 #2	'x'	'y'	REJECT
qemu_self	1122	11	19	event pcr=4 #2	'8'	'9'	REJECT
qemu_self	1123	11	20	event pcr=4 #2	'0'	'1'	REJECT
qemu_self	1124	11	21	event pcr=4 #2	'0'	'1'	REJECT
qemu_self	1125	11	22	event pcr=4 #2	'0'	'1'	REJECT
qemu_self	1126	11	23	event pcr=4 #2	'0'	'1'	REJECT
qemu_self	1127	11	24	event pcr=4 #2	'0'	'1'	REJECT
qemu_self	1128	11	25	event pcr=4 #2	'0'	'1'	REJECT
qemu_self	1129	11	26	event pcr=4 #2	'3'	'4'	REJECT
qemu_self	1130	11	27	event pcr=4 #2	' '	'X'	REJECT
qemu_self	1131	11	28	event pcr=4 #2	's'	't'	REJECT
qemu_self	1132	11	29	event pcr=4 #2	'h'	'i'	REJECT
qemu_self	1133	11	30	event pcr=4 #2	'a'	'b'	REJECT
qemu_self	1134	11	31	event pcr=4 #2	'2'	'3'	REJECT
qemu_self	1135	11	32	event pcr=4 #2	'5'	'6'	REJECT
qemu_self	1136	11	33	event pcr=4 #2	'6'	'7'	REJECT
qemu_self	1137	11	34	event pcr=4 #2	'='	'X'	REJECT
qemu_self	1138	11	35	event pcr=4 #2	'2'	'3'	REJECT
qemu_self	1139	11	36	event pcr=4 #2	'd'	'e'	REJECT
qemu_self	1140	11	37	event pcr=4 #2	'a'	'b'	REJECT
qemu_self	1141	11	38	event pcr=4 #2	'2'	'3'	REJECT
qemu_self	1142	11	39	event pcr=4 #2	'a'	'b'	REJECT
qemu_self	1143	11	40	event pcr=4 #2	'2'	'3'	REJECT
qemu_self	1144	11	41	event pcr=4 #2	'8'	'9'	REJECT
qemu_self	1145	11	42	event pcr=4 #2	'1'	'2'	REJECT
qemu_self	1146	11	43	event pcr=4 #2	'f'	'0'	REJECT
qemu_self	1147	11	44	event pcr=4 #2	'1'	'2'	REJECT
qemu_self	1148	11	45	event pcr=4 #2	'e'	'f'	REJECT
qemu_self	1149	11	46	event pcr=4 #2	'6'	'7'	REJECT
qemu_self	1150	11	47	event pcr=4 #2	'2'	'3'	REJECT
qemu_self	1151	11	48	event pcr=4 #2	'b'	'c'	REJECT
qemu_self	1152	11	49	event pcr=4 #2	'9'	'a'	REJECT
qemu_self	1153	11	50	event pcr=4 #2	'c'	'd'	REJECT
qemu_self	1154	11	51	event pcr=4 #2	'9'	'a'	REJECT
qemu_self	1155	11	52	event pcr=4 #2	'0'	'1'	REJECT
qemu_self	1156	11	53	event pcr=4 #2	'3'	'4'	REJECT
qemu_self	1157	11	54	event pcr=4 #2	'f'	'0'	REJECT
qemu_self	1158	11	55	event pcr=4 #2	'6'	'7'	REJECT
qemu_self	1159	11	56	event pcr=4 #2	'0'	'1'	REJECT
qemu_self	1160	11	57	event pcr=4 #2	'7'	'8'	REJECT
qemu_self	1161	11	58	event pcr=4 #2	'5'	'6'	REJECT
qemu_self	1162	11	59	event pcr=4 #2	'd'	'e'	REJECT
qemu_self	1163	11	60	event pcr=4 #2	'4'	'5'	REJECT
qemu_self	1164	11	61	event pcr=4 #2	'7'	'8'	REJECT
qemu_self	1165	11	62	event pcr=4 #2	'1'	'2'	REJECT
qemu_self	1166	11	63	event pcr=4 #2	'1'	'2'	REJECT
qemu_self	1167	11	64	event pcr=4 #2	'6'	'7'	REJECT
qemu_self	1168	11	65	event pcr=4 #2	'e'	'f'	REJECT
qemu_self	1169	11	66	event pcr=4 #2	'1'	'2'	REJECT
qemu_self	1170	11	67	event pcr=4 #2	'8'	'9'	REJECT
qemu_self	1171	11	68	event pcr=4 #2	'9'	'a'	REJECT
qemu_self	1172	11	69	event pcr=4 #2	'e'	'f'	REJECT
qemu_self	1173	11	70	event pcr=4 #2	'b'	'c'	REJECT
qemu_self	1174	11	71	event pcr=4 #2	'7'	'8'	REJECT
qemu_self	1175	11	72	event pcr=4 #2	'd'	'e'	REJECT
qemu_self	1176	11	73	event pcr=4 #2	'c'	'd'	REJECT
qemu_self	1177	11	74	event pcr=4 #2	'f'	'0'	REJECT
qemu_self	1178	11	75	event pcr=4 #2	'6'	'7'	REJECT
qemu_self	1179	11	76	event pcr=4 #2	'6'	'7'	REJECT
qemu_self	1180	11	77	event pcr=4 #2	'a'	'b'	REJECT
qemu_self	1181	11	78	event pcr=4 #2	'2'	'3'	REJECT
qemu_self	1182	11	79	event pcr=4 #2	'd'	'e'	REJECT
qemu_self	1183	11	80	event pcr=4 #2	'8'	'9'	REJECT
qemu_self	1184	11	81	event pcr=4 #2	'9'	'a'	REJECT
qemu_self	1185	11	82	event pcr=4 #2	'4'	'5'	REJECT
qemu_self	1186	11	83	event pcr=4 #2	'8'	'9'	REJECT
qemu_self	1187	11	84	event pcr=4 #2	'3'	'4'	REJECT
qemu_self	1188	11	85	event pcr=4 #2	'1'	'2'	REJECT
qemu_self	1189	11	86	event pcr=4 #2	'6'	'7'	REJECT
qemu_self	1190	11	87	event pcr=4 #2	'5'	'6'	REJECT
qemu_self	1191	11	88	event pcr=4 #2	'6'	'7'	REJECT
qemu_self	1192	11	89	event pcr=4 #2	'0'	'1'	REJECT
qemu_self	1193	11	90	event pcr=4 #2	'a'	'b'	REJECT
qemu_self	1194	11	91	event pcr=4 #2	'c'	'd'	REJECT
qemu_self	1195	11	92	event pcr=4 #2	'1'	'2'	REJECT
qemu_self	1196	11	93	event pcr=4 #2	'c'	'd'	REJECT
qemu_self	1197	11	94	event pcr=4 #2	'e'	'f'	REJECT
qemu_self	1198	11	95	event pcr=4 #2	'd'	'e'	REJECT
qemu_self	1199	11	96	event pcr=4 #2	'0'	'1'	REJECT
qemu_self	1200	11	97	event pcr=4 #2	'a'	'b'	REJECT
qemu_self	1201	11	98	event pcr=4 #2	'd'	'e'	REJECT
qemu_self	1202	11	99	event pcr=4 #2	' '	'X'	REJECT
qemu_self	1203	11	100	event pcr=4 #2	'd'	'e'	REJECT
qemu_self	1204	11	101	event pcr=4 #2	'a'	'b'	REJECT
qemu_self	1205	11	102	event pcr=4 #2	't'	'u'	REJECT
qemu_self	1206	11	103	event pcr=4 #2	'a'	'b'	REJECT
qemu_self	1207	11	104	event pcr=4 #2	'='	'X'	REJECT
qemu_self	1208	11	105	event pcr=4 #2	'h'	'i'	REJECT
qemu_self	1209	11	106	event pcr=4 #2	'e'	'f'	REJECT
qemu_self	1210	11	107	event pcr=4 #2	'x'	'y'	REJECT
qemu_self	1211	11	108	event pcr=4 #2	':'	'X'	REJECT
qemu_self	1212	11	109	event pcr=4 #2	'1'	'2'	ACCEPT
qemu_self	1213	11	110	event pcr=4 #2	'8'	'9'	ACCEPT
qemu_self	1214	11	111	event pcr=4 #2	'2'	'3'	ACCEPT
qemu_self	1215	11	112	event pcr=4 #2	'0'	'1'	ACCEPT
qemu_self	1216	11	113	event pcr=4 #2	'0'	'1'	ACCEPT
qemu_self	1217	11	114	event pcr=4 #2	'd'	'e'	ACCEPT
qemu_self	1218	11	115	event pcr=4 #2	'7'	'8'	ACCEPT
qemu_self	1219	11	116	event pcr=4 #2	'e'	'f'	ACCEPT
qemu_self	1220	11	117	event pcr=4 #2	'0'	'1'	ACCEPT
qemu_self	1221	11	118	event pcr=4 #2	'0'	'1'	ACCEPT
qemu_self	1222	11	119	event pcr=4 #2	'0'	'1'	ACCEPT
qemu_self	1223	11	120	event pcr=4 #2	'0'	'1'	ACCEPT
qemu_self	1224	11	121	event pcr=4 #2	'0'	'1'	ACCEPT
qemu_self	1225	11	122	event pcr=4 #2	'0'	'1'	ACCEPT
qemu_self	1226	11	123	event pcr=4 #2	'0'	'1'	ACCEPT
qemu_self	1227	11	124	event pcr=4 #2	'0'	'1'	ACCEPT
qemu_self	1228	11	125	event pcr=4 #2	'0'	'1'	REJECT
qemu_self	1229	11	126	event pcr=4 #2	'0'	'1'	REJECT
qemu_self	1230	11	127	event pcr=4 #2	'6'	'7'	REJECT
qemu_self	1231	11	128	event pcr=4 #2	'6'	'7'	REJECT
qemu_self	1232	11	129	event pcr=4 #2	'0'	'1'	REJECT
qemu_self	1233	11	130	event pcr=4 #2	'7'	'8'	REJECT
qemu_self	1234	11	131	event pcr=4 #2	'0'	'1'	REJECT
qemu_self	1235	11	132	event pcr=4 #2	'0'	'1'	REJECT
qemu_self	1236	11	133	event pcr=4 #2	'0'	'1'	REJECT
qemu_self	1237	11	134	event pcr=4 #2	'0'	'1'	REJECT
qemu_self	1238	11	135	event pcr=4 #2	'0'	'1'	REJECT
qemu_self	1239	11	136	event pcr=4 #2	'0'	'1'	REJECT
qemu_self	1240	11	137	event pcr=4 #2	'0'	'1'	REJECT
qemu_self	1241	11	138	event pcr=4 #2	'0'	'1'	REJECT
qemu_self	1242	11	139	event pcr=4 #2	'0'	'1'	REJECT
qemu_self	1243	11	140	event pcr=4 #2	'0'	'1'	REJECT
qemu_self	1244	11	141	event pcr=4 #2	'0'	'1'	REJECT
qemu_self	1245	11	142	event pcr=4 #2	'0'	'1'	REJECT
qemu_self	1246	11	143	event pcr=4 #2	'0'	'1'	REJECT
qemu_self	1247	11	144	event pcr=4 #2	'0'	'1'	REJECT
qemu_self	1248	11	145	event pcr=4 #2	'0'	'1'	REJECT
qemu_self	1249	11	146	event pcr=4 #2	'0'	'1'	REJECT
qemu_self	1250	11	147	event pcr=4 #2	'4'	'5'	REJECT
qemu_self	1251	11	148	event pcr=4 #2	'0'	'1'	REJECT
qemu_self	1252	11	149	event pcr=4 #2	'0'	'1'	REJECT
qemu_self	1253	11	150	event pcr=4 #2	'1'	'2'	REJECT
qemu_self	1254	11	151	event pcr=4 #2	'0'	'1'	REJECT
qemu_self	1255	11	152	event pcr=4 #2	'0'	'1'	REJECT
qemu_self	1256	11	153	event pcr=4 #2	'0'	'1'	REJECT
qemu_self	1257	11	154	event pcr=4 #2	'0'	'1'	REJECT
qemu_self	1258	11	155	event pcr=4 #2	'0'	'1'	REJECT
qemu_self	1259	11	156	event pcr=4 #2	'0'	'1'	REJECT
qemu_self	1260	11	157	event pcr=4 #2	'5'	'6'	ACCEPT
qemu_self	1261	11	158	event pcr=4 #2	'0'	'1'	ACCEPT
qemu_self	1262	11	159	event pcr=4 #2	'0'	'1'	ACCEPT
qemu_self	1263	11	160	event pcr=4 #2	'0'	'1'	ACCEPT
qemu_self	1264	11	161	event pcr=4 #2	'0'	'1'	ACCEPT
qemu_self	1265	11	162	event pcr=4 #2	'0'	'1'	ACCEPT
qemu_self	1266	11	163	event pcr=4 #2	'0'	'1'	ACCEPT
qemu_self	1267	11	164	event pcr=4 #2	'0'	'1'	ACCEPT
qemu_self	1268	11	165	event pcr=4 #2	'0'	'1'	ACCEPT
qemu_self	1269	11	166	event pcr=4 #2	'0'	'1'	ACCEPT
qemu_self	1270	11	167	event pcr=4 #2	'0'	'1'	ACCEPT
qemu_self	1271	11	168	event pcr=4 #2	'0'	'1'	ACCEPT
qemu_self	1272	11	169	event pcr=4 #2	'0'	'1'	ACCEPT
qemu_self	1273	11	170	event pcr=4 #2	'0'	'1'	ACCEPT
qemu_self	1274	11	171	event pcr=4 #2	'0'	'1'	ACCEPT
qemu_self	1275	11	172	event pcr=4 #2	'0'	'1'	ACCEPT
qemu_self	1276	11	173	event pcr=4 #2	'0'	'1'	ACCEPT
qemu_self	1277	11	174	event pcr=4 #2	'2'	'3'	ACCEPT
qemu_self	1278	11	175	event pcr=4 #2	'0'	'1'	ACCEPT
qemu_self	1279	11	176	event pcr=4 #2	'1'	'2'	ACCEPT
qemu_self	1280	11	177	event pcr=4 #2	'0'	'1'	ACCEPT
qemu_self	1281	11	178	event pcr=4 #2	'c'	'd'	ACCEPT
qemu_self	1282	11	179	event pcr=4 #2	'0'	'1'	ACCEPT
qemu_self	1283	11	180	event pcr=4 #2	'0'	'1'	ACCEPT
qemu_self	1284	11	181	event pcr=4 #2	'd'	'e'	ACCEPT
qemu_self	1285	11	182	event pcr=4 #2	'0'	'1'	ACCEPT
qemu_self	1286	11	183	event pcr=4 #2	'4'	'5'	ACCEPT
qemu_self	1287	11	184	event pcr=4 #2	'1'	'2'	ACCEPT
qemu_self	1288	11	185	event pcr=4 #2	'0'	'1'	ACCEPT
qemu_self	1289	11	186	event pcr=4 #2	'3'	'4'	ACCEPT
qemu_self	1290	11	187	event pcr=4 #2	'0'	'1'	ACCEPT
qemu_self	1291	11	188	event pcr=4 #2	'a'	'b'	ACCEPT
qemu_self	1292	11	189	event pcr=4 #2	'0'	'1'	ACCEPT
qemu_self	1293	11	190	event pcr=4 #2	'0'	'1'	ACCEPT
qemu_self	1294	11	191	event pcr=4 #2	'0'	'1'	ACCEPT
qemu_self	1295	11	192	event pcr=4 #2	'0'	'1'	ACCEPT
qemu_self	1296	11	193	event pcr=4 #2	'0'	'1'	ACCEPT
qemu_self	1297	11	194	event pcr=4 #2	'0'	'1'	ACCEPT
qemu_self	1298	11	195	event pcr=4 #2	'0'	'1'	ACCEPT
qemu_self	1299	11	196	event pcr=4 #2	'0'	'1'	ACCEPT
qemu_self	1300	11	197	event pcr=4 #2	'0'	'1'	ACCEPT
qemu_self	1301	11	198	event pcr=4 #2	'1'	'2'	ACCEPT
qemu_self	1302	11	199	event pcr=4 #2	'0'	'1'	ACCEPT
qemu_self	1303	11	200	event pcr=4 #2	'1'	'2'	ACCEPT
qemu_self	1304	11	201	event pcr=4 #2	'0'	'1'	ACCEPT
qemu_self	1305	11	202	event pcr=4 #2	'6'	'7'	ACCEPT
qemu_self	1306	11	203	event pcr=4 #2	'0'	'1'	ACCEPT
qemu_self	1307	11	204	event pcr=4 #2	'0'	'1'	ACCEPT
qemu_self	1308	11	205	event pcr=4 #2	'0'	'1'	ACCEPT
qemu_self	1309	11	206	event pcr=4 #2	'2'	'3'	ACCEPT
qemu_self	1310	11	207	event pcr=4 #2	'1'	'2'	ACCEPT
qemu_self	1311	11	208	event pcr=4 #2	'f'	'0'	ACCEPT
qemu_self	1312	11	209	event pcr=4 #2	'0'	'1'	ACCEPT
qemu_self	1313	11	210	event pcr=4 #2	'3'	'4'	ACCEPT
qemu_self	1314	11	211	event pcr=4 #2	'1'	'2'	ACCEPT
qemu_self	1315	11	212	event pcr=4 #2	'2'	'3'	ACCEPT
qemu_self	1316	11	213	event pcr=4 #2	'0'	'1'	ACCEPT
qemu_self	1317	11	214	event pcr=4 #2	'a'	'b'	ACCEPT
qemu_self	1318	11	215	event pcr=4 #2	'0'	'1'	ACCEPT
qemu_self	1319	11	216	event pcr=4 #2	'0'	'1'	ACCEPT
qemu_self	1320	11	217	event pcr=4 #2	'0'	'1'	ACCEPT
qemu_self	1321	11	218	event pcr=4 #2	'0'	'1'	ACCEPT
qemu_self	1322	11	219	event pcr=4 #2	'0'	'1'	ACCEPT
qemu_self	1323	11	220	event pcr=4 #2	'0'	'1'	ACCEPT
qemu_self	1324	11	221	event pcr=4 #2	'f'	'0'	ACCEPT
qemu_self	1325	11	222	event pcr=4 #2	'f'	'0'	ACCEPT
qemu_self	1326	11	223	event pcr=4 #2	'f'	'0'	ACCEPT
qemu_self	1327	11	224	event pcr=4 #2	'f'	'0'	ACCEPT
qemu_self	1328	11	225	event pcr=4 #2	'0'	'1'	ACCEPT
qemu_self	1329	11	226	event pcr=4 #2	'0'	'1'	ACCEPT
qemu_self	1330	11	227	event pcr=4 #2	'0'	'1'	ACCEPT
qemu_self	1331	11	228	event pcr=4 #2	'0'	'1'	ACCEPT
qemu_self	1332	11	229	event pcr=4 #2	'0'	'1'	ACCEPT
qemu_self	1333	11	230	event pcr=4 #2	'4'	'5'	ACCEPT
qemu_self	1334	11	231	event pcr=4 #2	'0'	'1'	ACCEPT
qemu_self	1335	11	232	event pcr=4 #2	'4'	'5'	ACCEPT
qemu_self	1336	11	233	event pcr=4 #2	'3'	'4'	ACCEPT
qemu_self	1337	11	234	event pcr=4 #2	'0'	'1'	ACCEPT
qemu_self	1338	11	235	event pcr=4 #2	'0'	'1'	ACCEPT
qemu_self	1339	11	236	event pcr=4 #2	'0'	'1'	ACCEPT
qemu_self	1340	11	237	event pcr=4 #2	'5'	'6'	ACCEPT
qemu_self	1341	11	238	event pcr=4 #2	'c'	'd'	ACCEPT
qemu_self	1342	11	239	event pcr=4 #2	'0'	'1'	ACCEPT
qemu_self	1343	11	240	event pcr=4 #2	'0'	'1'	ACCEPT
qemu_self	1344	11	241	event pcr=4 #2	'4'	'5'	ACCEPT
qemu_self	1345	11	242	event pcr=4 #2	'5'	'6'	ACCEPT
qemu_self	1346	11	243	event pcr=4 #2	'0'	'1'	ACCEPT
qemu_self	1347	11	244	event pcr=4 #2	'0'	'1'	ACCEPT
qemu_self	1348	11	245	event pcr=4 #2	'4'	'5'	ACCEPT
qemu_self	1349	11	246	event pcr=4 #2	'6'	'7'	ACCEPT
qemu_self	1350	11	247	event pcr=4 #2	'0'	'1'	ACCEPT
qemu_self	1351	11	248	event pcr=4 #2	'0'	'1'	ACCEPT
qemu_self	1352	11	249	event pcr=4 #2	'4'	'5'	ACCEPT
qemu_self	1353	11	250	event pcr=4 #2	'9'	'a'	ACCEPT
qemu_self	1354	11	251	event pcr=4 #2	'0'	'1'	ACCEPT
qemu_self	1355	11	252	event pcr=4 #2	'0'	'1'	ACCEPT
qemu_self	1356	11	253	event pcr=4 #2	'5'	'6'	ACCEPT
qemu_self	1357	11	254	event pcr=4 #2	'c'	'd'	ACCEPT
qemu_self	1358	11	255	event pcr=4 #2	'0'	'1'	ACCEPT
qemu_self	1359	11	256	event pcr=4 #2	'0'	'1'	ACCEPT
qemu_self	1360	11	257	event pcr=4 #2	'4'	'5'	ACCEPT
qemu_self	1361	11	258	event pcr=4 #2	'2'	'3'	ACCEPT
qemu_self	1362	11	259	event pcr=4 #2	'0'	'1'	ACCEPT
qemu_self	1363	11	260	event pcr=4 #2	'0'	'1'	ACCEPT
qemu_self	1364	11	261	event pcr=4 #2	'4'	'5'	ACCEPT
qemu_self	1365	11	262	event pcr=4 #2	'f'	'0'	ACCEPT
qemu_self	1366	11	263	event pcr=4 #2	'0'	'1'	ACCEPT
qemu_self	1367	11	264	event pcr=4 #2	'0'	'1'	ACCEPT
qemu_self	1368	11	265	event pcr=4 #2	'4'	'5'	ACCEPT
qemu_self	1369	11	266	event pcr=4 #2	'f'	'0'	ACCEPT
qemu_self	1370	11	267	event pcr=4 #2	'0'	'1'	ACCEPT
qemu_self	1371	11	268	event pcr=4 #2	'0'	'1'	ACCEPT
qemu_self	1372	11	269	event pcr=4 #2	'5'	'6'	ACCEPT
qemu_self	1373	11	270	event pcr=4 #2	'4'	'5'	ACCEPT
qemu_self	1374	11	271	event pcr=4 #2	'0'	'1'	ACCEPT
qemu_self	1375	11	272	event pcr=4 #2	'0'	'1'	ACCEPT
qemu_self	1376	11	273	event pcr=4 #2	'5'	'6'	ACCEPT
qemu_self	1377	11	274	event pcr=4 #2	'c'	'd'	ACCEPT
qemu_self	1378	11	275	event pcr=4 #2	'0'	'1'	ACCEPT
qemu_self	1379	11	276	event pcr=4 #2	'0'	'1'	ACCEPT
qemu_self	1380	11	277	event pcr=4 #2	'4'	'5'	ACCEPT
qemu_self	1381	11	278	event pcr=4 #2	'2'	'3'	ACCEPT
qemu_self	1382	11	279	event pcr=4 #2	'0'	'1'	ACCEPT
qemu_self	1383	11	280	event pcr=4 #2	'0'	'1'	ACCEPT
qemu_self	1384	11	281	event pcr=4 #2	'4'	'5'	ACCEPT
qemu_self	1385	11	282	event pcr=4 #2	'f'	'0'	ACCEPT
qemu_self	1386	11	283	event pcr=4 #2	'0'	'1'	ACCEPT
qemu_self	1387	11	284	event pcr=4 #2	'0'	'1'	ACCEPT
qemu_self	1388	11	285	event pcr=4 #2	'4'	'5'	ACCEPT
qemu_self	1389	11	286	event pcr=4 #2	'f'	'0'	ACCEPT
qemu_self	1390	11	287	event pcr=4 #2	'0'	'1'	ACCEPT
qemu_self	1391	11	288	event pcr=4 #2	'0'	'1'	ACCEPT
qemu_self	1392	11	289	event pcr=4 #2	'5'	'6'	ACCEPT
qemu_self	1393	11	290	event pcr=4 #2	'4'	'5'	ACCEPT
qemu_self	1394	11	291	event pcr=4 #2	'0'	'1'	ACCEPT
qemu_self	1395	11	292	event pcr=4 #2	'0'	'1'	ACCEPT
qemu_self	1396	11	293	event pcr=4 #2	'5'	'6'	ACCEPT
qemu_self	1397	11	294	event pcr=4 #2	'8'	'9'	ACCEPT
qemu_self	1398	11	295	event pcr=4 #2	'0'	'1'	ACCEPT
qemu_self	1399	11	296	event pcr=4 #2	'0'	'1'	ACCEPT
qemu_self	1400	11	297	event pcr=4 #2	'3'	'4'	ACCEPT
qemu_self	1401	11	298	event pcr=4 #2	'6'	'7'	ACCEPT
qemu_self	1402	11	299	event pcr=4 #2	'0'	'1'	ACCEPT
qemu_self	1403	11	300	event pcr=4 #2	'0'	'1'	ACCEPT
qemu_self	1404	11	301	event pcr=4 #2	'\n'	' '	REJECT
qemu_self	1405	12	0	event pcr=12 #0	'e'	'f'	REJECT
qemu_self	1406	12	1	event pcr=12 #0	'v'	'w'	REJECT
qemu_self	1407	12	2	event pcr=12 #0	'e'	'f'	REJECT
qemu_self	1408	12	3	event pcr=12 #0	'n'	'o'	REJECT
qemu_self	1409	12	4	event pcr=12 #0	't'	'u'	REJECT
qemu_self	1410	12	5	event pcr=12 #0	' '	'X'	REJECT
qemu_self	1411	12	6	event pcr=12 #0	'p'	'q'	REJECT
qemu_self	1412	12	7	event pcr=12 #0	'c'	'd'	REJECT
qemu_self	1413	12	8	event pcr=12 #0	'r'	's'	REJECT
qemu_self	1414	12	9	event pcr=12 #0	'='	'X'	REJECT
qemu_self	1415	12	10	event pcr=12 #0	'1'	'2'	REJECT
qemu_self	1416	12	11	event pcr=12 #0	'2'	'3'	REJECT
qemu_self	1417	12	12	event pcr=12 #0	' '	'X'	REJECT
qemu_self	1418	12	13	event pcr=12 #0	't'	'u'	REJECT
qemu_self	1419	12	14	event pcr=12 #0	'y'	'z'	REJECT
qemu_self	1420	12	15	event pcr=12 #0	'p'	'q'	REJECT
qemu_self	1421	12	16	event pcr=12 #0	'e'	'f'	REJECT
qemu_self	1422	12	17	event pcr=12 #0	'='	'X'	REJECT
qemu_self	1423	12	18	event pcr=12 #0	'0'	'1'	REJECT
qemu_self	1424	12	19	event pcr=12 #0	'x'	'y'	REJECT
qemu_self	1425	12	20	event pcr=12 #0	'd'	'e'	REJECT
qemu_self	1426	12	21	event pcr=12 #0	' '	'X'	REJECT
qemu_self	1427	12	22	event pcr=12 #0	's'	't'	REJECT
qemu_self	1428	12	23	event pcr=12 #0	'h'	'i'	REJECT
qemu_self	1429	12	24	event pcr=12 #0	'a'	'b'	REJECT
qemu_self	1430	12	25	event pcr=12 #0	'2'	'3'	REJECT
qemu_self	1431	12	26	event pcr=12 #0	'5'	'6'	REJECT
qemu_self	1432	12	27	event pcr=12 #0	'6'	'7'	REJECT
qemu_self	1433	12	28	event pcr=12 #0	'='	'X'	REJECT
qemu_self	1434	12	29	event pcr=12 #0	'2'	'3'	REJECT
qemu_self	1435	12	30	event pcr=12 #0	'1'	'2'	REJECT
qemu_self	1436	12	31	event pcr=12 #0	'0'	'1'	REJECT
qemu_self	1437	12	32	event pcr=12 #0	'8'	'9'	REJECT
qemu_self	1438	12	33	event pcr=12 #0	'7'	'8'	REJECT
qemu_self	1439	12	34	event pcr=12 #0	'8'	'9'	REJECT
qemu_self	1440	12	35	event pcr=12 #0	'e'	'f'	REJECT
qemu_self	1441	12	36	event pcr=12 #0	'f'	'0'	REJECT
qemu_self	1442	12	37	event pcr=12 #0	'9'	'a'	REJECT
qemu_self	1443	12	38	event pcr=12 #0	'0'	'1'	REJECT
qemu_self	1444	12	39	event pcr=12 #0	'c'	'd'	REJECT
qemu_self	1445	12	40	event pcr=12 #0	'1'	'2'	REJECT
qemu_self	1446	12	41	event pcr=12 #0	'3'	'4'	REJECT
qemu_self	1447	12	42	event pcr=12 #0	'1'	'2'	REJECT
qemu_self	1448	12	43	event pcr=12 #0	'2'	'3'	REJECT
qemu_self	1449	12	44	event pcr=12 #0	'f'	'0'	REJECT
qemu_self	1450	12	45	event pcr=12 #0	'6'	'7'	REJECT
qemu_self	1451	12	46	event pcr=12 #0	'3'	'4'	REJECT
qemu_self	1452	12	47	event pcr=12 #0	'e'	'f'	REJECT
qemu_self	1453	12	48	event pcr=12 #0	'6'	'7'	REJECT
qemu_self	1454	12	49	event pcr=12 #0	'8'	'9'	REJECT
qemu_self	1455	12	50	event pcr=12 #0	'5'	'6'	REJECT
qemu_self	1456	12	51	event pcr=12 #0	'd'	'e'	REJECT
qemu_self	1457	12	52	event pcr=12 #0	'8'	'9'	REJECT
qemu_self	1458	12	53	event pcr=12 #0	'8'	'9'	REJECT
qemu_self	1459	12	54	event pcr=12 #0	'd'	'e'	REJECT
qemu_self	1460	12	55	event pcr=12 #0	'3'	'4'	REJECT
qemu_self	1461	12	56	event pcr=12 #0	'e'	'f'	REJECT
qemu_self	1462	12	57	event pcr=12 #0	'7'	'8'	REJECT
qemu_self	1463	12	58	event pcr=12 #0	'3'	'4'	REJECT
qemu_self	1464	12	59	event pcr=12 #0	'5'	'6'	REJECT
qemu_self	1465	12	60	event pcr=12 #0	'd'	'e'	REJECT
qemu_self	1466	12	61	event pcr=12 #0	'c'	'd'	REJECT
qemu_self	1467	12	62	event pcr=12 #0	'f'	'0'	REJECT
qemu_self	1468	12	63	event pcr=12 #0	'5'	'6'	REJECT
qemu_self	1469	12	64	event pcr=12 #0	'c'	'd'	REJECT
qemu_self	1470	12	65	event pcr=12 #0	'1'	'2'	REJECT
qemu_self	1471	12	66	event pcr=12 #0	'b'	'c'	REJECT
qemu_self	1472	12	67	event pcr=12 #0	'4'	'5'	REJECT
qemu_self	1473	12	68	event pcr=12 #0	'4'	'5'	REJECT
qemu_self	1474	12	69	event pcr=12 #0	'd'	'e'	REJECT
qemu_self	1475	12	70	event pcr=12 #0	'4'	'5'	REJECT
qemu_self	1476	12	71	event pcr=12 #0	'1'	'2'	REJECT
qemu_self	1477	12	72	event pcr=12 #0	'a'	'b'	REJECT
qemu_self	1478	12	73	event pcr=12 #0	'd'	'e'	REJECT
qemu_self	1479	12	74	event pcr=12 #0	'd'	'e'	REJECT
qemu_self	1480	12	75	event pcr=12 #0	'd'	'e'	REJECT
qemu_self	1481	12	76	event pcr=12 #0	'4'	'5'	REJECT
qemu_self	1482	12	77	event pcr=12 #0	'1'	'2'	REJECT
qemu_self	1483	12	78	event pcr=12 #0	'0'	'1'	REJECT
qemu_self	1484	12	79	event pcr=12 #0	'6'	'7'	REJECT
qemu_self	1485	12	80	event pcr=12 #0	'7'	'8'	REJECT
qemu_self	1486	12	81	event pcr=12 #0	'0'	'1'	REJECT
qemu_self	1487	12	82	event pcr=12 #0	'a'	'b'	REJECT
qemu_self	1488	12	83	event pcr=12 #0	'1'	'2'	REJECT
qemu_self	1489	12	84	event pcr=12 #0	'3'	'4'	REJECT
qemu_self	1490	12	85	event pcr=12 #0	'3'	'4'	REJECT
qemu_self	1491	12	86	event pcr=12 #0	'5'	'6'	REJECT
qemu_self	1492	12	87	event pcr=12 #0	'e'	'f'	REJECT
qemu_self	1493	12	88	event pcr=12 #0	'a'	'b'	REJECT
qemu_self	1494	12	89	event pcr=12 #0	'8'	'9'	REJECT
qemu_self	1495	12	90	event pcr=12 #0	'4'	'5'	REJECT
qemu_self	1496	12	91	event pcr=12 #0	'7'	'8'	REJECT
qemu_self	1497	12	92	event pcr=12 #0	'e'	'f'	REJECT
qemu_self	1498	12	93	event pcr=12 #0	' '	'X'	REJECT
qemu_self	1499	12	94	event pcr=12 #0	'd'	'e'	REJECT
qemu_self	1500	12	95	event pcr=12 #0	'a'	'b'	REJECT
qemu_self	1501	12	96	event pcr=12 #0	't'	'u'	REJECT
qemu_self	1502	12	97	event pcr=12 #0	'a'	'b'	REJECT
qemu_self	1503	12	98	event pcr=12 #0	'='	'X'	REJECT
qemu_self	1504	12	99	event pcr=12 #0	'A'	'B'	REJECT
qemu_self	1505	12	100	event pcr=12 #0	'E'	'F'	REJECT
qemu_self	1506	12	101	event pcr=12 #0	'G'	'H'	REJECT
qemu_self	1507	12	102	event pcr=12 #0	'I'	'J'	REJECT
qemu_self	1508	12	103	event pcr=12 #0	'S'	'T'	REJECT
qemu_self	1509	12	104	event pcr=12 #0	'-'	'X'	REJECT
qemu_self	1510	12	105	event pcr=12 #0	'M'	'N'	REJECT
qemu_self	1511	12	106	event pcr=12 #0	'E'	'F'	REJECT
qemu_self	1512	12	107	event pcr=12 #0	'A'	'B'	REJECT
qemu_self	1513	12	108	event pcr=12 #0	'S'	'T'	REJECT
qemu_self	1514	12	109	event pcr=12 #0	'U'	'V'	REJECT
qemu_self	1515	12	110	event pcr=12 #0	'R'	'S'	REJECT
qemu_self	1516	12	111	event pcr=12 #0	'E'	'F'	REJECT
qemu_self	1517	12	112	event pcr=12 #0	' '	'X'	REJECT
qemu_self	1518	12	113	event pcr=12 #0	'v'	'w'	REJECT
qemu_self	1519	12	114	event pcr=12 #0	'0'	'1'	REJECT
qemu_self	1520	12	115	event pcr=12 #0	' '	'X'	REJECT
qemu_self	1521	12	116	event pcr=12 #0	'a'	'b'	REJECT
qemu_self	1522	12	117	event pcr=12 #0	'r'	's'	REJECT
qemu_self	1523	12	118	event pcr=12 #0	't'	'u'	REJECT
qemu_self	1524	12	119	event pcr=12 #0	'i'	'j'	REJECT
qemu_self	1525	12	120	event pcr=12 #0	'f'	'0'	REJECT
qemu_self	1526	12	121	event pcr=12 #0	'a'	'b'	REJECT
qemu_self	1527	12	122	event pcr=12 #0	'c'	'd'	REJECT
qemu_self	1528	12	123	event pcr=12 #0	't'	'u'	REJECT
qemu_self	1529	12	124	event pcr=12 #0	'='	'X'	REJECT
qemu_self	1530	12	125	event pcr=12 #0	'M'	'N'	REJECT
qemu_self	1531	12	126	event pcr=12 #0	'O'	'P'	REJECT
qemu_self	1532	12	127	event pcr=12 #0	'D'	'E'	REJECT
qemu_self	1533	12	128	event pcr=12 #0	'E'	'F'	REJECT
qemu_self	1534	12	129	event pcr=12 #0	'L'	'M'	REJECT
qemu_self	1535	12	130	event pcr=12 #0	'.'	'X'	REJECT
qemu_self	1536	12	131	event pcr=12 #0	'S'	'T'	REJECT
qemu_self	1537	12	132	event pcr=12 #0	'A'	'B'	REJECT
qemu_self	1538	12	133	event pcr=12 #0	'F'	'G'	REJECT
qemu_self	1539	12	134	event pcr=12 #0	' '	'X'	REJECT
qemu_self	1540	12	135	event pcr=12 #0	'b'	'c'	REJECT
qemu_self	1541	12	136	event pcr=12 #0	'y'	'z'	REJECT
qemu_self	1542	12	137	event pcr=12 #0	't'	'u'	REJECT
qemu_self	1543	12	138	event pcr=12 #0	'e'	'f'	REJECT
qemu_self	1544	12	139	event pcr=12 #0	's'	't'	REJECT
qemu_self	1545	12	140	event pcr=12 #0	'='	'X'	REJECT
qemu_self	1546	12	141	event pcr=12 #0	'3'	'4'	REJECT
qemu_self	1547	12	142	event pcr=12 #0	'1'	'2'	REJECT
qemu_self	1548	12	143	event pcr=12 #0	'9'	'a'	REJECT
qemu_self	1549	12	144	event pcr=12 #0	'7'	'8'	REJECT
qemu_self	1550	12	145	event pcr=12 #0	'1'	'2'	REJECT
qemu_self	1551	12	146	event pcr=12 #0	'4'	'5'	REJECT
qemu_self	1552	12	147	event pcr=12 #0	'3'	'4'	REJECT
qemu_self	1553	12	148	event pcr=12 #0	' '	'X'	REJECT
qemu_self	1554	12	149	event pcr=12 #0	's'	't'	REJECT
qemu_self	1555	12	150	event pcr=12 #0	'h'	'i'	REJECT
qemu_self	1556	12	151	event pcr=12 #0	'a'	'b'	REJECT
qemu_self	1557	12	152	event pcr=12 #0	'2'	'3'	REJECT
qemu_self	1558	12	153	event pcr=12 #0	'5'	'6'	REJECT
qemu_self	1559	12	154	event pcr=12 #0	'6'	'7'	REJECT
qemu_self	1560	12	155	event pcr=12 #0	'='	'X'	REJECT
qemu_self	1561	12	156	event pcr=12 #0	'a'	'b'	REJECT
qemu_self	1562	12	157	event pcr=12 #0	'4'	'5'	REJECT
qemu_self	1563	12	158	event pcr=12 #0	'4'	'5'	REJECT
qemu_self	1564	12	159	event pcr=12 #0	'e'	'f'	REJECT
qemu_self	1565	12	160	event pcr=12 #0	'4'	'5'	REJECT
qemu_self	1566	12	161	event pcr=12 #0	'8'	'9'	REJECT
qemu_self	1567	12	162	event pcr=12 #0	'9'	'a'	REJECT
qemu_self	1568	12	163	event pcr=12 #0	'6'	'7'	REJECT
qemu_self	1569	12	164	event pcr=12 #0	'5'	'6'	REJECT
qemu_self	1570	12	165	event pcr=12 #0	'c'	'd'	REJECT
qemu_self	1571	12	166	event pcr=12 #0	'6'	'7'	REJECT
qemu_self	1572	12	167	event pcr=12 #0	'4'	'5'	REJECT
qemu_self	1573	12	168	event pcr=12 #0	'1'	'2'	REJECT
qemu_self	1574	12	169	event pcr=12 #0	'b'	'c'	REJECT
qemu_self	1575	12	170	event pcr=12 #0	'8'	'9'	REJECT
qemu_self	1576	12	171	event pcr=12 #0	'1'	'2'	REJECT
qemu_self	1577	12	172	event pcr=12 #0	'9'	'a'	REJECT
qemu_self	1578	12	173	event pcr=12 #0	'9'	'a'	REJECT
qemu_self	1579	12	174	event pcr=12 #0	'4'	'5'	REJECT
qemu_self	1580	12	175	event pcr=12 #0	'a'	'b'	REJECT
qemu_self	1581	12	176	event pcr=12 #0	'6'	'7'	REJECT
qemu_self	1582	12	177	event pcr=12 #0	'7'	'8'	REJECT
qemu_self	1583	12	178	event pcr=12 #0	'0'	'1'	REJECT
qemu_self	1584	12	179	event pcr=12 #0	'0'	'1'	REJECT
qemu_self	1585	12	180	event pcr=12 #0	'0'	'1'	REJECT
qemu_self	1586	12	181	event pcr=12 #0	'1'	'2'	REJECT
qemu_self	1587	12	182	event pcr=12 #0	'c'	'd'	REJECT
qemu_self	1588	12	183	event pcr=12 #0	'7'	'8'	REJECT
qemu_self	1589	12	184	event pcr=12 #0	'6'	'7'	REJECT
qemu_self	1590	12	185	event pcr=12 #0	'a'	'b'	REJECT
qemu_self	1591	12	186	event pcr=12 #0	'8'	'9'	REJECT
qemu_self	1592	12	187	event pcr=12 #0	'b'	'c'	REJECT
qemu_self	1593	12	188	event pcr=12 #0	'e'	'f'	REJECT
qemu_self	1594	12	189	event pcr=12 #0	'b'	'c'	REJECT
qemu_self	1595	12	190	event pcr=12 #0	'd'	'e'	REJECT
qemu_self	1596	12	191	event pcr=12 #0	'3'	'4'	REJECT
qemu_self	1597	12	192	event pcr=12 #0	'8'	'9'	REJECT
qemu_self	1598	12	193	event pcr=12 #0	'8'	'9'	REJECT
qemu_self	1599	12	194	event pcr=12 #0	'5'	'6'	REJECT
qemu_self	1600	12	195	event pcr=12 #0	'7'	'8'	REJECT
qemu_self	1601	12	196	event pcr=12 #0	'f'	'0'	REJECT
qemu_self	1602	12	197	event pcr=12 #0	'9'	'a'	REJECT
qemu_self	1603	12	198	event pcr=12 #0	'4'	'5'	REJECT
qemu_self	1604	12	199	event pcr=12 #0	'5'	'6'	REJECT
qemu_self	1605	12	200	event pcr=12 #0	'5'	'6'	REJECT
qemu_self	1606	12	201	event pcr=12 #0	'c'	'd'	REJECT
qemu_self	1607	12	202	event pcr=12 #0	'c'	'd'	REJECT
qemu_self	1608	12	203	event pcr=12 #0	'5'	'6'	REJECT
qemu_self	1609	12	204	event pcr=12 #0	'0'	'1'	REJECT
qemu_self	1610	12	205	event pcr=12 #0	'0'	'1'	REJECT
qemu_self	1611	12	206	event pcr=12 #0	'8'	'9'	REJECT
qemu_self	1612	12	207	event pcr=12 #0	'a'	'b'	REJECT
qemu_self	1613	12	208	event pcr=12 #0	'c'	'd'	REJECT
qemu_self	1614	12	209	event pcr=12 #0	'a'	'b'	REJECT
qemu_self	1615	12	210	event pcr=12 #0	'c'	'd'	REJECT
qemu_self	1616	12	211	event pcr=12 #0	'8'	'9'	REJECT
qemu_self	1617	12	212	event pcr=12 #0	'd'	'e'	REJECT
qemu_self	1618	12	213	event pcr=12 #0	'2'	'3'	REJECT
qemu_self	1619	12	214	event pcr=12 #0	'b'	'c'	REJECT
qemu_self	1620	12	215	event pcr=12 #0	'2'	'3'	REJECT
qemu_self	1621	12	216	event pcr=12 #0	'8'	'9'	REJECT
qemu_self	1622	12	217	event pcr=12 #0	'9'	'a'	REJECT
qemu_self	1623	12	218	event pcr=12 #0	'7'	'8'	REJECT
qemu_self	1624	12	219	event pcr=12 #0	'a'	'b'	REJECT
qemu_self	1625	12	220	event pcr=12 #0	'\n'	' '	REJECT
qemu_self	1626	13	0	event pcr=12 #1	'e'	'f'	REJECT
qemu_self	1627	13	1	event pcr=12 #1	'v'	'w'	REJECT
qemu_self	1628	13	2	event pcr=12 #1	'e'	'f'	REJECT
qemu_self	1629	13	3	event pcr=12 #1	'n'	'o'	REJECT
qemu_self	1630	13	4	event pcr=12 #1	't'	'u'	REJECT
qemu_self	1631	13	5	event pcr=12 #1	' '	'X'	REJECT
qemu_self	1632	13	6	event pcr=12 #1	'p'	'q'	REJECT
qemu_self	1633	13	7	event pcr=12 #1	'c'	'd'	REJECT
qemu_self	1634	13	8	event pcr=12 #1	'r'	's'	REJECT
qemu_self	1635	13	9	event pcr=12 #1	'='	'X'	REJECT
qemu_self	1636	13	10	event pcr=12 #1	'1'	'2'	REJECT
qemu_self	1637	13	11	event pcr=12 #1	'2'	'3'	REJECT
qemu_self	1638	13	12	event pcr=12 #1	' '	'X'	REJECT
qemu_self	1639	13	13	event pcr=12 #1	't'	'u'	REJECT
qemu_self	1640	13	14	event pcr=12 #1	'y'	'z'	REJECT
qemu_self	1641	13	15	event pcr=12 #1	'p'	'q'	REJECT
qemu_self	1642	13	16	event pcr=12 #1	'e'	'f'	REJECT
qemu_self	1643	13	17	event pcr=12 #1	'='	'X'	REJECT
qemu_self	1644	13	18	event pcr=12 #1	'0'	'1'	REJECT
qemu_self	1645	13	19	event pcr=12 #1	'x'	'y'	REJECT
qemu_self	1646	13	20	event pcr=12 #1	'd'	'e'	REJECT
qemu_self	1647	13	21	event pcr=12 #1	' '	'X'	REJECT
qemu_self	1648	13	22	event pcr=12 #1	's'	't'	REJECT
qemu_self	1649	13	23	event pcr=12 #1	'h'	'i'	REJECT
qemu_self	1650	13	24	event pcr=12 #1	'a'	'b'	REJECT
qemu_self	1651	13	25	event pcr=12 #1	'2'	'3'	REJECT
qemu_self	1652	13	26	event pcr=12 #1	'5'	'6'	REJECT
qemu_self	1653	13	27	event pcr=12 #1	'6'	'7'	REJECT
qemu_self	1654	13	28	event pcr=12 #1	'='	'X'	REJECT
qemu_self	1655	13	29	event pcr=12 #1	'a'	'b'	REJECT
qemu_self	1656	13	30	event pcr=12 #1	'a'	'b'	REJECT
qemu_self	1657	13	31	event pcr=12 #1	'b'	'c'	REJECT
qemu_self	1658	13	32	event pcr=12 #1	'3'	'4'	REJECT
qemu_self	1659	13	33	event pcr=12 #1	'3'	'4'	REJECT
qemu_self	1660	13	34	event pcr=12 #1	'e'	'f'	REJECT
qemu_self	1661	13	35	event pcr=12 #1	'3'	'4'	REJECT
qemu_self	1662	13	36	event pcr=12 #1	'f'	'0'	REJECT
qemu_self	1663	13	37	event pcr=12 #1	'f'	'0'	REJECT
qemu_self	1664	13	38	event pcr=12 #1	'4'	'5'	REJECT
qemu_self	1665	13	39	event pcr=12 #1	'e'	'f'	REJECT
qemu_self	1666	13	40	event pcr=12 #1	'4'	'5'	REJECT
qemu_self	1667	13	41	event pcr=12 #1	'e'	'f'	REJECT
qemu_self	1668	13	42	event pcr=12 #1	'3'	'4'	REJECT
qemu_self	1669	13	43	event pcr=12 #1	'6'	'7'	REJECT
qemu_self	1670	13	44	event pcr=12 #1	'5'	'6'	REJECT
qemu_self	1671	13	45	event pcr=12 #1	'3'	'4'	REJECT
qemu_self	1672	13	46	event pcr=12 #1	'd'	'e'	REJECT
qemu_self	1673	13	47	event pcr=12 #1	'0'	'1'	REJECT
qemu_self	1674	13	48	event pcr=12 #1	'6'	'7'	REJECT
qemu_self	1675	13	49	event pcr=12 #1	'9'	'a'	REJECT
qemu_self	1676	13	50	event pcr=12 #1	'a'	'b'	REJECT
qemu_self	1677	13	51	event pcr=12 #1	'2'	'3'	REJECT
qemu_self	1678	13	52	event pcr=12 #1	'8'	'9'	REJECT
qemu_self	1679	13	53	event pcr=12 #1	'c'	'd'	REJECT
qemu_self	1680	13	54	event pcr=12 #1	'7'	'8'	REJECT
qemu_self	1681	13	55	event pcr=12 #1	'6'	'7'	REJECT
qemu_self	1682	13	56	event pcr=12 #1	'c'	'd'	REJECT
qemu_self	1683	13	57	event pcr=12 #1	'6'	'7'	REJECT
qemu_self	1684	13	58	event pcr=12 #1	'f'	'0'	REJECT
qemu_self	1685	13	59	event pcr=12 #1	'2'	'3'	REJECT
qemu_self	1686	13	60	event pcr=12 #1	'2'	'3'	REJECT
qemu_self	1687	13	61	event pcr=12 #1	'7'	'8'	REJECT
qemu_self	1688	13	62	event pcr=12 #1	'f'	'0'	REJECT
qemu_self	1689	13	63	event pcr=12 #1	'8'	'9'	REJECT
qemu_self	1690	13	64	event pcr=12 #1	'c'	'd'	REJECT
qemu_self	1691	13	65	event pcr=12 #1	'3'	'4'	REJECT
qemu_self	1692	13	66	event pcr=12 #1	'4'	'5'	REJECT
qemu_self	1693	13	67	event pcr=12 #1	'9'	'a'	REJECT
qemu_self	1694	13	68	event pcr=12 #1	'1'	'2'	REJECT
qemu_self	1695	13	69	event pcr=12 #1	'e'	'f'	REJECT
qemu_self	1696	13	70	event pcr=12 #1	'3'	'4'	REJECT
qemu_self	1697	13	71	event pcr=12 #1	'e'	'f'	REJECT
qemu_self	1698	13	72	event pcr=12 #1	'e'	'f'	REJECT
qemu_self	1699	13	73	event pcr=12 #1	'1'	'2'	REJECT
qemu_self	1700	13	74	event pcr=12 #1	'c'	'd'	REJECT
qemu_self	1701	13	75	event pcr=12 #1	'1'	'2'	REJECT
qemu_self	1702	13	76	event pcr=12 #1	'e'	'f'	REJECT
qemu_self	1703	13	77	event pcr=12 #1	'5'	'6'	REJECT
qemu_self	1704	13	78	event pcr=12 #1	'4'	'5'	REJECT
qemu_self	1705	13	79	event pcr=12 #1	'a'	'b'	REJECT
qemu_self	1706	13	80	event pcr=12 #1	'2'	'3'	REJECT
qemu_self	1707	13	81	event pcr=12 #1	'b'	'c'	REJECT
qemu_self	1708	13	82	event pcr=12 #1	'0'	'1'	REJECT
qemu_self	1709	13	83	event pcr=12 #1	'a'	'b'	REJECT
qemu_self	1710	13	84	event pcr=12 #1	'9'	'a'	REJECT
qemu_self	1711	13	85	event pcr=12 #1	'6'	'7'	REJECT
qemu_self	1712	13	86	event pcr=12 #1	'8'	'9'	REJECT
qemu_self	1713	13	87	event pcr=12 #1	'9'	'a'	REJECT
qemu_self	1714	13	88	event pcr=12 #1	'4'	'5'	REJECT
qemu_self	1715	13	89	event pcr=12 #1	'd'	'e'	REJECT
qemu_self	1716	13	90	event pcr=12 #1	'1'	'2'	REJECT
qemu_self	1717	13	91	event pcr=12 #1	'9'	'a'	REJECT
qemu_self	1718	13	92	event pcr=12 #1	'e'	'f'	REJECT
qemu_self	1719	13	93	event pcr=12 #1	' '	'X'	REJECT
qemu_self	1720	13	94	event pcr=12 #1	'd'	'e'	REJECT
qemu_self	1721	13	95	event pcr=12 #1	'a'	'b'	REJECT
qemu_self	1722	13	96	event pcr=12 #1	't'	'u'	REJECT
qemu_self	1723	13	97	event pcr=12 #1	'a'	'b'	REJECT
qemu_self	1724	13	98	event pcr=12 #1	'='	'X'	REJECT
qemu_self	1725	13	99	event pcr=12 #1	'A'	'B'	REJECT
qemu_self	1726	13	100	event pcr=12 #1	'E'	'F'	REJECT
qemu_self	1727	13	101	event pcr=12 #1	'G'	'H'	REJECT
qemu_self	1728	13	102	event pcr=12 #1	'I'	'J'	REJECT
qemu_self	1729	13	103	event pcr=12 #1	'S'	'T'	REJECT
qemu_self	1730	13	104	event pcr=12 #1	'-'	'X'	REJECT
qemu_self	1731	13	105	event pcr=12 #1	'M'	'N'	REJECT
qemu_self	1732	13	106	event pcr=12 #1	'E'	'F'	REJECT
qemu_self	1733	13	107	event pcr=12 #1	'A'	'B'	REJECT
qemu_self	1734	13	108	event pcr=12 #1	'S'	'T'	REJECT
qemu_self	1735	13	109	event pcr=12 #1	'U'	'V'	REJECT
qemu_self	1736	13	110	event pcr=12 #1	'R'	'S'	REJECT
qemu_self	1737	13	111	event pcr=12 #1	'E'	'F'	REJECT
qemu_self	1738	13	112	event pcr=12 #1	' '	'X'	REJECT
qemu_self	1739	13	113	event pcr=12 #1	'v'	'w'	REJECT
qemu_self	1740	13	114	event pcr=12 #1	'0'	'1'	REJECT
qemu_self	1741	13	115	event pcr=12 #1	' '	'X'	REJECT
qemu_self	1742	13	116	event pcr=12 #1	'a'	'b'	REJECT
qemu_self	1743	13	117	event pcr=12 #1	'r'	's'	REJECT
qemu_self	1744	13	118	event pcr=12 #1	't'	'u'	REJECT
qemu_self	1745	13	119	event pcr=12 #1	'i'	'j'	REJECT
qemu_self	1746	13	120	event pcr=12 #1	'f'	'0'	REJECT
qemu_self	1747	13	121	event pcr=12 #1	'a'	'b'	REJECT
qemu_self	1748	13	122	event pcr=12 #1	'c'	'd'	REJECT
qemu_self	1749	13	123	event pcr=12 #1	't'	'u'	REJECT
qemu_self	1750	13	124	event pcr=12 #1	'='	'X'	REJECT
qemu_self	1751	13	125	event pcr=12 #1	'E'	'F'	REJECT
qemu_self	1752	13	126	event pcr=12 #1	'M'	'N'	REJECT
qemu_self	1753	13	127	event pcr=12 #1	'B'	'C'	REJECT
qemu_self	1754	13	128	event pcr=12 #1	'E'	'F'	REJECT
qemu_self	1755	13	129	event pcr=12 #1	'D'	'E'	REJECT
qemu_self	1756	13	130	event pcr=12 #1	'.'	'X'	REJECT
qemu_self	1757	13	131	event pcr=12 #1	'B'	'C'	REJECT
qemu_self	1758	13	132	event pcr=12 #1	'I'	'J'	REJECT
qemu_self	1759	13	133	event pcr=12 #1	'N'	'O'	REJECT
qemu_self	1760	13	134	event pcr=12 #1	' '	'X'	REJECT
qemu_self	1761	13	135	event pcr=12 #1	'b'	'c'	REJECT
qemu_self	1762	13	136	event pcr=12 #1	'y'	'z'	REJECT
qemu_self	1763	13	137	event pcr=12 #1	't'	'u'	REJECT
qemu_self	1764	13	138	event pcr=12 #1	'e'	'f'	REJECT
qemu_self	1765	13	139	event pcr=12 #1	's'	't'	REJECT
qemu_self	1766	13	140	event pcr=12 #1	'='	'X'	REJECT
qemu_self	1767	13	141	event pcr=12 #1	'9'	'a'	REJECT
qemu_self	1768	13	142	event pcr=12 #1	'4'	'5'	REJECT
qemu_self	1769	13	143	event pcr=12 #1	'3'	'4'	REJECT
qemu_self	1770	13	144	event pcr=12 #1	'7'	'8'	REJECT
qemu_self	1771	13	145	event pcr=12 #1	'1'	'2'	REJECT
qemu_self	1772	13	146	event pcr=12 #1	'8'	'9'	REJECT
qemu_self	1773	13	147	event pcr=12 #1	'4'	'5'	REJECT
qemu_self	1774	13	148	event pcr=12 #1	' '	'X'	REJECT
qemu_self	1775	13	149	event pcr=12 #1	's'	't'	REJECT
qemu_self	1776	13	150	event pcr=12 #1	'h'	'i'	REJECT
qemu_self	1777	13	151	event pcr=12 #1	'a'	'b'	REJECT
qemu_self	1778	13	152	event pcr=12 #1	'2'	'3'	REJECT
qemu_self	1779	13	153	event pcr=12 #1	'5'	'6'	REJECT
qemu_self	1780	13	154	event pcr=12 #1	'6'	'7'	REJECT
qemu_self	1781	13	155	event pcr=12 #1	'='	'X'	REJECT
qemu_self	1782	13	156	event pcr=12 #1	'8'	'9'	REJECT
qemu_self	1783	13	157	event pcr=12 #1	'c'	'd'	REJECT
qemu_self	1784	13	158	event pcr=12 #1	'b'	'c'	REJECT
qemu_self	1785	13	159	event pcr=12 #1	'c'	'd'	REJECT
qemu_self	1786	13	160	event pcr=12 #1	'd'	'e'	REJECT
qemu_self	1787	13	161	event pcr=12 #1	'6'	'7'	REJECT
qemu_self	1788	13	162	event pcr=12 #1	'b'	'c'	REJECT
qemu_self	1789	13	163	event pcr=12 #1	'6'	'7'	REJECT
qemu_self	1790	13	164	event pcr=12 #1	'9'	'a'	REJECT
qemu_self	1791	13	165	event pcr=12 #1	'd'	'e'	REJECT
qemu_self	1792	13	166	event pcr=12 #1	'f'	'0'	REJECT
qemu_self	1793	13	167	event pcr=12 #1	'0'	'1'	REJECT
qemu_self	1794	13	168	event pcr=12 #1	'3'	'4'	REJECT
qemu_self	1795	13	169	event pcr=12 #1	'5'	'6'	REJECT
qemu_self	1796	13	170	event pcr=12 #1	'3'	'4'	REJECT
qemu_self	1797	13	171	event pcr=12 #1	'9'	'a'	REJECT
qemu_self	1798	13	172	event pcr=12 #1	'c'	'd'	REJECT
qemu_self	1799	13	173	event pcr=12 #1	'd'	'e'	REJECT
qemu_self	1800	13	174	event pcr=12 #1	'4'	'5'	REJECT
qemu_self	1801	13	175	event pcr=12 #1	'6'	'7'	REJECT
qemu_self	1802	13	176	event pcr=12 #1	'3'	'4'	REJECT
qemu_self	1803	13	177	event pcr=12 #1	'8'	'9'	REJECT
qemu_self	1804	13	178	event pcr=12 #1	'4'	'5'	REJECT
qemu_self	1805	13	179	event pcr=12 #1	'4'	'5'	REJECT
qemu_self	1806	13	180	event pcr=12 #1	'0'	'1'	REJECT
qemu_self	1807	13	181	event pcr=12 #1	'f'	'0'	REJECT
qemu_self	1808	13	182	event pcr=12 #1	'b'	'c'	REJECT
qemu_self	1809	13	183	event pcr=12 #1	'9'	'a'	REJECT
qemu_self	1810	13	184	event pcr=12 #1	'0'	'1'	REJECT
qemu_self	1811	13	185	event pcr=12 #1	'3'	'4'	REJECT
qemu_self	1812	13	186	event pcr=12 #1	'9'	'a'	REJECT
qemu_self	1813	13	187	event pcr=12 #1	'1'	'2'	REJECT
qemu_self	1814	13	188	event pcr=12 #1	'0'	'1'	REJECT
qemu_self	1815	13	189	event pcr=12 #1	'3'	'4'	REJECT
qemu_self	1816	13	190	event pcr=12 #1	'2'	'3'	REJECT
qemu_self	1817	13	191	event pcr=12 #1	'5'	'6'	REJECT
qemu_self	1818	13	192	event pcr=12 #1	'b'	'c'	REJECT
qemu_self	1819	13	193	event pcr=12 #1	'7'	'8'	REJECT
qemu_self	1820	13	194	event pcr=12 #1	'f'	'0'	REJECT
qemu_self	1821	13	195	event pcr=12 #1	'6'	'7'	REJECT
qemu_self	1822	13	196	event pcr=12 #1	'8'	'9'	REJECT
qemu_self	1823	13	197	event pcr=12 #1	'5'	'6'	REJECT
qemu_self	1824	13	198	event pcr=12 #1	'3'	'4'	REJECT
qemu_self	1825	13	199	event pcr=12 #1	'3'	'4'	REJECT
qemu_self	1826	13	200	event pcr=12 #1	'4'	'5'	REJECT
qemu_self	1827	13	201	event pcr=12 #1	'9'	'a'	REJECT
qemu_self	1828	13	202	event pcr=12 #1	'c'	'd'	REJECT
qemu_self	1829	13	203	event pcr=12 #1	'5'	'6'	REJECT
qemu_self	1830	13	204	event pcr=12 #1	'b'	'c'	REJECT
qemu_self	1831	13	205	event pcr=12 #1	'b'	'c'	REJECT
qemu_self	1832	13	206	event pcr=12 #1	'5'	'6'	REJECT
qemu_self	1833	13	207	event pcr=12 #1	'7'	'8'	REJECT
qemu_self	1834	13	208	event pcr=12 #1	'7'	'8'	REJECT
qemu_self	1835	13	209	event pcr=12 #1	'8'	'9'	REJECT
qemu_self	1836	13	210	event pcr=12 #1	'e'	'f'	REJECT
qemu_self	1837	13	211	event pcr=12 #1	'4'	'5'	REJECT
qemu_self	1838	13	212	event pcr=12 #1	'1'	'2'	REJECT
qemu_self	1839	13	213	event pcr=12 #1	'3'	'4'	REJECT
qemu_self	1840	13	214	event pcr=12 #1	'f'	'0'	REJECT
qemu_self	1841	13	215	event pcr=12 #1	'a'	'b'	REJECT
qemu_self	1842	13	216	event pcr=12 #1	'f'	'0'	REJECT
qemu_self	1843	13	217	event pcr=12 #1	'e'	'f'	REJECT
qemu_self	1844	13	218	event pcr=12 #1	'f'	'0'	REJECT
qemu_self	1845	13	219	event pcr=12 #1	'0'	'1'	REJECT
qemu_self	1846	13	220	event pcr=12 #1	'\n'	' '	REJECT
qemu_self	1847	14	0	event pcr=12 #2	'e'	'f'	REJECT
qemu_self	1848	14	1	event pcr=12 #2	'v'	'w'	REJECT
qemu_self	1849	14	2	event pcr=12 #2	'e'	'f'	REJECT
qemu_self	1850	14	3	event pcr=12 #2	'n'	'o'	REJECT
qemu_self	1851	14	4	event pcr=12 #2	't'	'u'	REJECT
qemu_self	1852	14	5	event pcr=12 #2	' '	'X'	REJECT
qemu_self	1853	14	6	event pcr=12 #2	'p'	'q'	REJECT
qemu_self	1854	14	7	event pcr=12 #2	'c'	'd'	REJECT
qemu_self	1855	14	8	event pcr=12 #2	'r'	's'	REJECT
qemu_self	1856	14	9	event pcr=12 #2	'='	'X'	REJECT
qemu_self	1857	14	10	event pcr=12 #2	'1'	'2'	REJECT
qemu_self	1858	14	11	event pcr=12 #2	'2'	'3'	REJECT
qemu_self	1859	14	12	event pcr=12 #2	' '	'X'	REJECT
qemu_self	1860	14	13	event pcr=12 #2	't'	'u'	REJECT
qemu_self	1861	14	14	event pcr=12 #2	'y'	'z'	REJECT
qemu_self	1862	14	15	event pcr=12 #2	'p'	'q'	REJECT
qemu_self	1863	14	16	event pcr=12 #2	'e'	'f'	REJECT
qemu_self	1864	14	17	event pcr=12 #2	'='	'X'	REJECT
qemu_self	1865	14	18	event pcr=12 #2	'0'	'1'	REJECT
qemu_self	1866	14	19	event pcr=12 #2	'x'	'y'	REJECT
qemu_self	1867	14	20	event pcr=12 #2	'd'	'e'	REJECT
qemu_self	1868	14	21	event pcr=12 #2	' '	'X'	REJECT
qemu_self	1869	14	22	event pcr=12 #2	's'	't'	REJECT
qemu_self	1870	14	23	event pcr=12 #2	'h'	'i'	REJECT
qemu_self	1871	14	24	event pcr=12 #2	'a'	'b'	REJECT
qemu_self	1872	14	25	event pcr=12 #2	'2'	'3'	REJECT
qemu_self	1873	14	26	event pcr=12 #2	'5'	'6'	REJECT
qemu_self	1874	14	27	event pcr=12 #2	'6'	'7'	REJECT
qemu_self	1875	14	28	event pcr=12 #2	'='	'X'	REJECT
qemu_self	1876	14	29	event pcr=12 #2	'0'	'1'	REJECT
qemu_self	1877	14	30	event pcr=12 #2	'7'	'8'	REJECT
qemu_self	1878	14	31	event pcr=12 #2	'9'	'a'	REJECT
qemu_self	1879	14	32	event pcr=12 #2	'7'	'8'	REJECT
qemu_self	1880	14	33	event pcr=12 #2	'8'	'9'	REJECT
qemu_self	1881	14	34	event pcr=12 #2	'1'	'2'	REJECT
qemu_self	1882	14	35	event pcr=12 #2	'5'	'6'	REJECT
qemu_self	1883	14	36	event pcr=12 #2	'4'	'5'	REJECT
qemu_self	1884	14	37	event pcr=12 #2	'b'	'c'	REJECT
qemu_self	1885	14	38	event pcr=12 #2	'4'	'5'	REJECT
qemu_self	1886	14	39	event pcr=12 #2	'2'	'3'	REJECT
qemu_self	1887	14	40	event pcr=12 #2	'4'	'5'	REJECT
qemu_self	1888	14	41	event pcr=12 #2	'8'	'9'	REJECT
qemu_self	1889	14	42	event pcr=12 #2	'd'	'e'	REJECT
qemu_self	1890	14	43	event pcr=12 #2	'd'	'e'	REJECT
qemu_self	1891	14	44	event pcr=12 #2	'e'	'f'	REJECT
qemu_self	1892	14	45	event pcr=12 #2	'7'	'8'	REJECT
qemu_self	1893	14	46	event pcr=12 #2	'1'	'2'	REJECT
qemu_self	1894	14	47	event pcr=12 #2	'3'	'4'	REJECT
qemu_self	1895	14	48	event pcr=12 #2	'8'	'9'	REJECT
qemu_self	1896	14	49	event pcr=12 #2	'c'	'd'	REJECT
qemu_self	1897	14	50	event pcr=12 #2	'f'	'0'	REJECT
qemu_self	1898	14	51	event pcr=12 #2	'9'	'a'	REJECT
qemu_self	1899	14	52	event pcr=12 #2	'6'	'7'	REJECT
qemu_self	1900	14	53	event pcr=12 #2	'f'	'0'	REJECT
qemu_self	1901	14	54	event pcr=12 #2	'4'	'5'	REJECT
qemu_self	1902	14	55	event pcr=12 #2	'f'	'0'	REJECT
qemu_self	1903	14	56	event pcr=12 #2	'f'	'0'	REJECT
qemu_self	1904	14	57	event pcr=12 #2	'f'	'0'	REJECT
qemu_self	1905	14	58	event pcr=12 #2	'4'	'5'	REJECT
qemu_self	1906	14	59	event pcr=12 #2	'd'	'e'	REJECT
qemu_self	1907	14	60	event pcr=12 #2	'c'	'd'	REJECT
qemu_self	1908	14	61	event pcr=12 #2	'8'	'9'	REJECT
qemu_self	1909	14	62	event pcr=12 #2	'd'	'e'	REJECT
qemu_self	1910	14	63	event pcr=12 #2	'5'	'6'	REJECT
qemu_self	1911	14	64	event pcr=12 #2	'f'	'0'	REJECT
qemu_self	1912	14	65	event pcr=12 #2	'8'	'9'	REJECT
qemu_self	1913	14	66	event pcr=12 #2	'3'	'4'	REJECT
qemu_self	1914	14	67	event pcr=12 #2	'0'	'1'	REJECT
qemu_self	1915	14	68	event pcr=12 #2	'6'	'7'	REJECT
qemu_self	1916	14	69	event pcr=12 #2	'f'	'0'	REJECT
qemu_self	1917	14	70	event pcr=12 #2	'e'	'f'	REJECT
qemu_self	1918	14	71	event pcr=12 #2	'e'	'f'	REJECT
qemu_self	1919	14	72	event pcr=12 #2	'5'	'6'	REJECT
qemu_self	1920	14	73	event pcr=12 #2	'3'	'4'	REJECT
qemu_self	1921	14	74	event pcr=12 #2	'd'	'e'	REJECT
qemu_self	1922	14	75	event pcr=12 #2	'0'	'1'	REJECT
qemu_self	1923	14	76	event pcr=12 #2	'2'	'3'	REJECT
qemu_self	1924	14	77	event pcr=12 #2	'2'	'3'	REJECT
qemu_self	1925	14	78	event pcr=12 #2	'a'	'b'	REJECT
qemu_self	1926	14	79	event pcr=12 #2	'1'	'2'	REJECT
qemu_self	1927	14	80	event pcr=12 #2	'a'	'b'	REJECT
qemu_self	1928	14	81	event pcr=12 #2	'4'	'5'	REJECT
qemu_self	1929	14	82	event pcr=12 #2	'8'	'9'	REJECT
qemu_self	1930	14	83	event pcr=12 #2	'a'	'b'	REJECT
qemu_self	1931	14	84	event pcr=12 #2	'5'	'6'	REJECT
qemu_self	1932	14	85	event pcr=12 #2	'd'	'e'	REJECT
qemu_self	1933	14	86	event pcr=12 #2	'2'	'3'	REJECT
qemu_self	1934	14	87	event pcr=12 #2	'9'	'a'	REJECT
qemu_self	1935	14	88	event pcr=12 #2	'1'	'2'	REJECT
qemu_self	1936	14	89	event pcr=12 #2	'0'	'1'	REJECT
qemu_self	1937	14	90	event pcr=12 #2	'e'	'f'	REJECT
qemu_self	1938	14	91	event pcr=12 #2	'6'	'7'	REJECT
qemu_self	1939	14	92	event pcr=12 #2	'd'	'e'	REJECT
qemu_self	1940	14	93	event pcr=12 #2	' '	'X'	REJECT
qemu_self	1941	14	94	event pcr=12 #2	'd'	'e'	REJECT
qemu_self	1942	14	95	event pcr=12 #2	'a'	'b'	REJECT
qemu_self	1943	14	96	event pcr=12 #2	't'	'u'	REJECT
qemu_self	1944	14	97	event pcr=12 #2	'a'	'b'	REJECT
qemu_self	1945	14	98	event pcr=12 #2	'='	'X'	REJECT
qemu_self	1946	14	99	event pcr=12 #2	'A'	'B'	REJECT
qemu_self	1947	14	100	event pcr=12 #2	'E'	'F'	REJECT
qemu_self	1948	14	101	event pcr=12 #2	'G'	'H'	REJECT
qemu_self	1949	14	102	event pcr=12 #2	'I'	'J'	REJECT
qemu_self	1950	14	103	event pcr=12 #2	'S'	'T'	REJECT
qemu_self	1951	14	104	event pcr=12 #2	'-'	'X'	REJECT
qemu_self	1952	14	105	event pcr=12 #2	'M'	'N'	REJECT
qemu_self	1953	14	106	event pcr=12 #2	'E'	'F'	REJECT
qemu_self	1954	14	107	event pcr=12 #2	'A'	'B'	REJECT
qemu_self	1955	14	108	event pcr=12 #2	'S'	'T'	REJECT
qemu_self	1956	14	109	event pcr=12 #2	'U'	'V'	REJECT
qemu_self	1957	14	110	event pcr=12 #2	'R'	'S'	REJECT
qemu_self	1958	14	111	event pcr=12 #2	'E'	'F'	REJECT
qemu_self	1959	14	112	event pcr=12 #2	' '	'X'	REJECT
qemu_self	1960	14	113	event pcr=12 #2	'v'	'w'	REJECT
qemu_self	1961	14	114	event pcr=12 #2	'0'	'1'	REJECT
qemu_self	1962	14	115	event pcr=12 #2	' '	'X'	REJECT
qemu_self	1963	14	116	event pcr=12 #2	'a'	'b'	REJECT
qemu_self	1964	14	117	event pcr=12 #2	'r'	's'	REJECT
qemu_self	1965	14	118	event pcr=12 #2	't'	'u'	REJECT
qemu_self	1966	14	119	event pcr=12 #2	'i'	'j'	REJECT
qemu_self	1967	14	120	event pcr=12 #2	'f'	'0'	REJECT
qemu_self	1968	14	121	event pcr=12 #2	'a'	'b'	REJECT
qemu_self	1969	14	122	event pcr=12 #2	'c'	'd'	REJECT
qemu_self	1970	14	123	event pcr=12 #2	't'	'u'	REJECT
qemu_self	1971	14	124	event pcr=12 #2	'='	'X'	REJECT
qemu_self	1972	14	125	event pcr=12 #2	'V'	'W'	REJECT
qemu_self	1973	14	126	event pcr=12 #2	'O'	'P'	REJECT
qemu_self	1974	14	127	event pcr=12 #2	'C'	'D'	REJECT
qemu_self	1975	14	128	event pcr=12 #2	'A'	'B'	REJECT
qemu_self	1976	14	129	event pcr=12 #2	'B'	'C'	REJECT
qemu_self	1977	14	130	event pcr=12 #2	'.'	'X'	REJECT
qemu_self	1978	14	131	event pcr=12 #2	'B'	'C'	REJECT
qemu_self	1979	14	132	event pcr=12 #2	'I'	'J'	REJECT
qemu_self	1980	14	133	event pcr=12 #2	'N'	'O'	REJECT
qemu_self	1981	14	134	event pcr=12 #2	' '	'X'	REJECT
qemu_self	1982	14	135	event pcr=12 #2	'b'	'c'	REJECT
qemu_self	1983	14	136	event pcr=12 #2	'y'	'z'	REJECT
qemu_self	1984	14	137	event pcr=12 #2	't'	'u'	REJECT
qemu_self	1985	14	138	event pcr=12 #2	'e'	'f'	REJECT
qemu_self	1986	14	139	event pcr=12 #2	's'	't'	REJECT
qemu_self	1987	14	140	event pcr=12 #2	'='	'X'	REJECT
qemu_self	1988	14	141	event pcr=12 #2	'2'	'3'	REJECT
qemu_self	1989	14	142	event pcr=12 #2	'5'	'6'	REJECT
qemu_self	1990	14	143	event pcr=12 #2	'3'	'4'	REJECT
qemu_self	1991	14	144	event pcr=12 #2	'3'	'4'	REJECT
qemu_self	1992	14	145	event pcr=12 #2	'7'	'8'	REJECT
qemu_self	1993	14	146	event pcr=12 #2	'7'	'8'	REJECT
qemu_self	1994	14	147	event pcr=12 #2	' '	'X'	REJECT
qemu_self	1995	14	148	event pcr=12 #2	's'	't'	REJECT
qemu_self	1996	14	149	event pcr=12 #2	'h'	'i'	REJECT
qemu_self	1997	14	150	event pcr=12 #2	'a'	'b'	REJECT
qemu_self	1998	14	151	event pcr=12 #2	'2'	'3'	REJECT
qemu_self	1999	14	152	event pcr=12 #2	'5'	'6'	REJECT
qemu_self	2000	14	153	event pcr=12 #2	'6'	'7'	REJECT
qemu_self	2001	14	154	event pcr=12 #2	'='	'X'	REJECT
qemu_self	2002	14	155	event pcr=12 #2	'a'	'b'	REJECT
qemu_self	2003	14	156	event pcr=12 #2	'4'	'5'	REJECT
qemu_self	2004	14	157	event pcr=12 #2	'c'	'd'	REJECT
qemu_self	2005	14	158	event pcr=12 #2	'a'	'b'	REJECT
qemu_self	2006	14	159	event pcr=12 #2	'f'	'0'	REJECT
qemu_self	2007	14	160	event pcr=12 #2	'c'	'd'	REJECT
qemu_self	2008	14	161	event pcr=12 #2	'9'	'a'	REJECT
qemu_self	2009	14	162	event pcr=12 #2	'6'	'7'	REJECT
qemu_self	2010	14	163	event pcr=12 #2	'4'	'5'	REJECT
qemu_self	2011	14	164	event pcr=12 #2	'9'	'a'	REJECT
qemu_self	2012	14	165	event pcr=12 #2	'4'	'5'	REJECT
qemu_self	2013	14	166	event pcr=12 #2	'8'	'9'	REJECT
qemu_self	2014	14	167	event pcr=12 #2	'8'	'9'	REJECT
qemu_self	2015	14	168	event pcr=12 #2	'9'	'a'	REJECT
qemu_self	2016	14	169	event pcr=12 #2	'8'	'9'	REJECT
qemu_self	2017	14	170	event pcr=12 #2	'7'	'8'	REJECT
qemu_self	2018	14	171	event pcr=12 #2	'a'	'b'	REJECT
qemu_self	2019	14	172	event pcr=12 #2	'8'	'9'	REJECT
qemu_self	2020	14	173	event pcr=12 #2	'e'	'f'	REJECT
qemu_self	2021	14	174	event pcr=12 #2	'b'	'c'	REJECT
qemu_self	2022	14	175	event pcr=12 #2	'0'	'1'	REJECT
qemu_self	2023	14	176	event pcr=12 #2	'5'	'6'	REJECT
qemu_self	2024	14	177	event pcr=12 #2	'3'	'4'	REJECT
qemu_self	2025	14	178	event pcr=12 #2	'4'	'5'	REJECT
qemu_self	2026	14	179	event pcr=12 #2	'7'	'8'	REJECT
qemu_self	2027	14	180	event pcr=12 #2	'6'	'7'	REJECT
qemu_self	2028	14	181	event pcr=12 #2	'd'	'e'	REJECT
qemu_self	2029	14	182	event pcr=12 #2	'3'	'4'	REJECT
qemu_self	2030	14	183	event pcr=12 #2	'8'	'9'	REJECT
qemu_self	2031	14	184	event pcr=12 #2	'9'	'a'	REJECT
qemu_self	2032	14	185	event pcr=12 #2	'b'	'c'	REJECT
qemu_self	2033	14	186	event pcr=12 #2	'd'	'e'	REJECT
qemu_self	2034	14	187	event pcr=12 #2	'9'	'a'	REJECT
qemu_self	2035	14	188	event pcr=12 #2	'a'	'b'	REJECT
qemu_self	2036	14	189	event pcr=12 #2	'6'	'7'	REJECT
qemu_self	2037	14	190	event pcr=12 #2	'7'	'8'	REJECT
qemu_self	2038	14	191	event pcr=12 #2	'5'	'6'	REJECT
qemu_self	2039	14	192	event pcr=12 #2	'4'	'5'	REJECT
qemu_self	2040	14	193	event pcr=12 #2	'0'	'1'	REJECT
qemu_self	2041	14	194	event pcr=12 #2	'5'	'6'	REJECT
qemu_self	2042	14	195	event pcr=12 #2	'c'	'd'	REJECT
qemu_self	2043	14	196	event pcr=12 #2	'5'	'6'	REJECT
qemu_self	2044	14	197	event pcr=12 #2	'1'	'2'	REJECT
qemu_self	2045	14	198	event pcr=12 #2	'b'	'c'	REJECT
qemu_self	2046	14	199	event pcr=12 #2	'f'	'0'	REJECT
qemu_self	2047	14	200	event pcr=12 #2	'c'	'd'	REJECT
qemu_self	2048	14	201	event pcr=12 #2	'4'	'5'	REJECT
qemu_self	2049	14	202	event pcr=12 #2	'2'	'3'	REJECT
qemu_self	2050	14	203	event pcr=12 #2	'e'	'f'	REJECT
qemu_self	2051	14	204	event pcr=12 #2	'b'	'c'	REJECT
qemu_self	2052	14	205	event pcr=12 #2	'd'	'e'	REJECT
qemu_self	2053	14	206	event pcr=12 #2	'e'	'f'	REJECT
qemu_self	2054	14	207	event pcr=12 #2	'd'	'e'	REJECT
qemu_self	2055	14	208	event pcr=12 #2	'5'	'6'	REJECT
qemu_self	2056	14	209	event pcr=12 #2	'4'	'5'	REJECT
qemu_self	2057	14	210	event pcr=12 #2	'6'	'7'	REJECT
qemu_self	2058	14	211	event pcr=12 #2	'a'	'b'	REJECT
qemu_self	2059	14	212	event pcr=12 #2	'e'	'f'	REJECT
qemu_self	2060	14	213	event pcr=12 #2	'6'	'7'	REJECT
qemu_self	2061	14	214	event pcr=12 #2	'4'	'5'	REJECT
qemu_self	2062	14	215	event pcr=12 #2	'e'	'f'	REJECT
qemu_self	2063	14	216	event pcr=12 #2	'b'	'c'	REJECT
qemu_self	2064	14	217	event pcr=12 #2	'1'	'2'	REJECT
qemu_self	2065	14	218	event pcr=12 #2	'7'	'8'	REJECT
qemu_self	2066	14	219	event pcr=12 #2	'\n'	' '	REJECT
qemu_self	2067	15	0	event pcr=13 #0	'e'	'f'	REJECT
qemu_self	2068	15	1	event pcr=13 #0	'v'	'w'	REJECT
qemu_self	2069	15	2	event pcr=13 #0	'e'	'f'	REJECT
qemu_self	2070	15	3	event pcr=13 #0	'n'	'o'	REJECT
qemu_self	2071	15	4	event pcr=13 #0	't'	'u'	REJECT
qemu_self	2072	15	5	event pcr=13 #0	' '	'X'	REJECT
qemu_self	2073	15	6	event pcr=13 #0	'p'	'q'	REJECT
qemu_self	2074	15	7	event pcr=13 #0	'c'	'd'	REJECT
qemu_self	2075	15	8	event pcr=13 #0	'r'	's'	REJECT
qemu_self	2076	15	9	event pcr=13 #0	'='	'X'	REJECT
qemu_self	2077	15	10	event pcr=13 #0	'1'	'2'	REJECT
qemu_self	2078	15	11	event pcr=13 #0	'3'	'4'	REJECT
qemu_self	2079	15	12	event pcr=13 #0	' '	'X'	REJECT
qemu_self	2080	15	13	event pcr=13 #0	't'	'u'	REJECT
qemu_self	2081	15	14	event pcr=13 #0	'y'	'z'	REJECT
qemu_self	2082	15	15	event pcr=13 #0	'p'	'q'	REJECT
qemu_self	2083	15	16	event pcr=13 #0	'e'	'f'	REJECT
qemu_self	2084	15	17	event pcr=13 #0	'='	'X'	REJECT
qemu_self	2085	15	18	event pcr=13 #0	'0'	'1'	REJECT
qemu_self	2086	15	19	event pcr=13 #0	'x'	'y'	REJECT
qemu_self	2087	15	20	event pcr=13 #0	'd'	'e'	REJECT
qemu_self	2088	15	21	event pcr=13 #0	' '	'X'	REJECT
qemu_self	2089	15	22	event pcr=13 #0	's'	't'	REJECT
qemu_self	2090	15	23	event pcr=13 #0	'h'	'i'	REJECT
qemu_self	2091	15	24	event pcr=13 #0	'a'	'b'	REJECT
qemu_self	2092	15	25	event pcr=13 #0	'2'	'3'	REJECT
qemu_self	2093	15	26	event pcr=13 #0	'5'	'6'	REJECT
qemu_self	2094	15	27	event pcr=13 #0	'6'	'7'	REJECT
qemu_self	2095	15	28	event pcr=13 #0	'='	'X'	REJECT
qemu_self	2096	15	29	event pcr=13 #0	'2'	'3'	REJECT
qemu_self	2097	15	30	event pcr=13 #0	'a'	'b'	REJECT
qemu_self	2098	15	31	event pcr=13 #0	'e'	'f'	REJECT
qemu_self	2099	15	32	event pcr=13 #0	'0'	'1'	REJECT
qemu_self	2100	15	33	event pcr=13 #0	'd'	'e'	REJECT
qemu_self	2101	15	34	event pcr=13 #0	'c'	'd'	REJECT
qemu_self	2102	15	35	event pcr=13 #0	'c'	'd'	REJECT
qemu_self	2103	15	36	event pcr=13 #0	'6'	'7'	REJECT
qemu_self	2104	15	37	event pcr=13 #0	'e'	'f'	REJECT
qemu_self	2105	15	38	event pcr=13 #0	'9'	'a'	REJECT
qemu_self	2106	15	39	event pcr=13 #0	'3'	'4'	REJECT
qemu_self	2107	15	40	event pcr=13 #0	'4'	'5'	REJECT
qemu_self	2108	15	41	event pcr=13 #0	'7'	'8'	REJECT
qemu_self	2109	15	42	event pcr=13 #0	'd'	'e'	REJECT
qemu_self	2110	15	43	event pcr=13 #0	'2'	'3'	REJECT
qemu_self	2111	15	44	event pcr=13 #0	'c'	'd'	REJECT
qemu_self	2112	15	45	event pcr=13 #0	'0'	'1'	REJECT
qemu_self	2113	15	46	event pcr=13 #0	'5'	'6'	REJECT
qemu_self	2114	15	47	event pcr=13 #0	'e'	'f'	REJECT
qemu_self	2115	15	48	event pcr=13 #0	'2'	'3'	REJECT
qemu_self	2116	15	49	event pcr=13 #0	'7'	'8'	REJECT
qemu_self	2117	15	50	event pcr=13 #0	'7'	'8'	REJECT
qemu_self	2118	15	51	event pcr=13 #0	'4'	'5'	REJECT
qemu_self	2119	15	52	event pcr=13 #0	'1'	'2'	REJECT
qemu_self	2120	15	53	event pcr=13 #0	'3'	'4'	REJECT
qemu_self	2121	15	54	event pcr=13 #0	'9'	'a'	REJECT
qemu_self	2122	15	55	event pcr=13 #0	'6'	'7'	REJECT
qemu_self	2123	15	56	event pcr=13 #0	'6'	'7'	REJECT
qemu_self	2124	15	57	event pcr=13 #0	'8'	'9'	REJECT
qemu_self	2125	15	58	event pcr=13 #0	'3'	'4'	REJECT
qemu_self	2126	15	59	event pcr=13 #0	'8'	'9'	REJECT
qemu_self	2127	15	60	event pcr=13 #0	'5'	'6'	REJECT
qemu_self	2128	15	61	event pcr=13 #0	'5'	'6'	REJECT
qemu_self	2129	15	62	event pcr=13 #0	'9'	'a'	REJECT
qemu_self	2130	15	63	event pcr=13 #0	'3'	'4'	REJECT
qemu_self	2131	15	64	event pcr=13 #0	'b'	'c'	REJECT
qemu_self	2132	15	65	event pcr=13 #0	'0'	'1'	REJECT
qemu_self	2133	15	66	event pcr=13 #0	'f'	'0'	REJECT
qemu_self	2134	15	67	event pcr=13 #0	'0'	'1'	REJECT
qemu_self	2135	15	68	event pcr=13 #0	'b'	'c'	REJECT
qemu_self	2136	15	69	event pcr=13 #0	'e'	'f'	REJECT
qemu_self	2137	15	70	event pcr=13 #0	'a'	'b'	REJECT
qemu_self	2138	15	71	event pcr=13 #0	'a'	'b'	REJECT
qemu_self	2139	15	72	event pcr=13 #0	'6'	'7'	REJECT
qemu_self	2140	15	73	event pcr=13 #0	'd'	'e'	REJECT
qemu_self	2141	15	74	event pcr=13 #0	'4'	'5'	REJECT
qemu_self	2142	15	75	event pcr=13 #0	'0'	'1'	REJECT
qemu_self	2143	15	76	event pcr=13 #0	'3'	'4'	REJECT
qemu_self	2144	15	77	event pcr=13 #0	'6'	'7'	REJECT
qemu_self	2145	15	78	event pcr=13 #0	'6'	'7'	REJECT
qemu_self	2146	15	79	event pcr=13 #0	'5'	'6'	REJECT
qemu_self	2147	15	80	event pcr=13 #0	'2'	'3'	REJECT
qemu_self	2148	15	81	event pcr=13 #0	'1'	'2'	REJECT
qemu_self	2149	15	82	event pcr=13 #0	'9'	'a'	REJECT
qemu_self	2150	15	83	event pcr=13 #0	'0'	'1'	REJECT
qemu_self	2151	15	84	event pcr=13 #0	'1'	'2'	REJECT
qemu_self	2152	15	85	event pcr=13 #0	'9'	'a'	REJECT
qemu_self	2153	15	86	event pcr=13 #0	'6'	'7'	REJECT
qemu_self	2154	15	87	event pcr=13 #0	'9'	'a'	REJECT
qemu_self	2155	15	88	event pcr=13 #0	'e'	'f'	REJECT
qemu_self	2156	15	89	event pcr=13 #0	'5'	'6'	REJECT
qemu_self	2157	15	90	event pcr=13 #0	'd'	'e'	REJECT
qemu_self	2158	15	91	event pcr=13 #0	'c'	'd'	REJECT
qemu_self	2159	15	92	event pcr=13 #0	'1'	'2'	REJECT
qemu_self	2160	15	93	event pcr=13 #0	' '	'X'	REJECT
qemu_self	2161	15	94	event pcr=13 #0	'd'	'e'	REJECT
qemu_self	2162	15	95	event pcr=13 #0	'a'	'b'	REJECT
qemu_self	2163	15	96	event pcr=13 #0	't'	'u'	REJECT
qemu_self	2164	15	97	event pcr=13 #0	'a'	'b'	REJECT
qemu_self	2165	15	98	event pcr=13 #0	'='	'X'	REJECT
qemu_self	2166	15	99	event pcr=13 #0	'A'	'B'	REJECT
qemu_self	2167	15	100	event pcr=13 #0	'E'	'F'	REJECT
qemu_self	2168	15	101	event pcr=13 #0	'G'	'H'	REJECT
qemu_self	2169	15	102	event pcr=13 #0	'I'	'J'	REJECT
qemu_self	2170	15	103	event pcr=13 #0	'S'	'T'	REJECT
qemu_self	2171	15	104	event pcr=13 #0	'-'	'X'	REJECT
qemu_self	2172	15	105	event pcr=13 #0	'R'	'S'	REJECT
qemu_self	2173	15	106	event pcr=13 #0	'E'	'F'	REJECT
qemu_self	2174	15	107	event pcr=13 #0	'C'	'D'	REJECT
qemu_self	2175	15	108	event pcr=13 #0	'E'	'F'	REJECT
qemu_self	2176	15	109	event pcr=13 #0	'I'	'J'	REJECT
qemu_self	2177	15	110	event pcr=13 #0	'P'	'Q'	REJECT
qemu_self	2178	15	111	event pcr=13 #0	'T'	'U'	REJECT
qemu_self	2179	15	112	event pcr=13 #0	' '	'X'	REJECT
qemu_self	2180	15	113	event pcr=13 #0	'v'	'w'	REJECT
qemu_self	2181	15	114	event pcr=13 #0	'0'	'1'	REJECT
qemu_self	2182	15	115	event pcr=13 #0	' '	'X'	REJECT
qemu_self	2183	15	116	event pcr=13 #0	'm'	'n'	REJECT
qemu_self	2184	15	117	event pcr=13 #0	'o'	'p'	REJECT
qemu_self	2185	15	118	event pcr=13 #0	'd'	'e'	REJECT
qemu_self	2186	15	119	event pcr=13 #0	'e'	'f'	REJECT
qemu_self	2187	15	120	event pcr=13 #0	'='	'X'	REJECT
qemu_self	2188	15	121	event pcr=13 #0	'm'	'n'	REJECT
qemu_self	2189	15	122	event pcr=13 #0	'i'	'j'	REJECT
qemu_self	2190	15	123	event pcr=13 #0	'n'	'o'	REJECT
qemu_self	2191	15	124	event pcr=13 #0	't'	'u'	REJECT
qemu_self	2192	15	125	event pcr=13 #0	' '	'X'	REJECT
qemu_self	2193	15	126	event pcr=13 #0	's'	't'	REJECT
qemu_self	2194	15	127	event pcr=13 #0	't'	'u'	REJECT
qemu_self	2195	15	128	event pcr=13 #0	'e'	'f'	REJECT
qemu_self	2196	15	129	event pcr=13 #0	'p'	'q'	REJECT
qemu_self	2197	15	130	event pcr=13 #0	's'	't'	REJECT
qemu_self	2198	15	131	event pcr=13 #0	'='	'X'	REJECT
qemu_self	2199	15	132	event pcr=13 #0	'3'	'4'	REJECT
qemu_self	2200	15	133	event pcr=13 #0	'0'	'1'	REJECT
qemu_self	2201	15	134	event pcr=13 #0	' '	'X'	REJECT
qemu_self	2202	15	135	event pcr=13 #0	'c'	'd'	REJECT
qemu_self	2203	15	136	event pcr=13 #0	'i'	'j'	REJECT
qemu_self	2204	15	137	event pcr=13 #0	's'	't'	REJECT
qemu_self	2205	15	138	event pcr=13 #0	'-'	'X'	REJECT
qemu_self	2206	15	139	event pcr=13 #0	'd'	'e'	REJECT
qemu_self	2207	15	140	event pcr=13 #0	'i'	'j'	REJECT
qemu_self	2208	15	141	event pcr=13 #0	'g'	'h'	REJECT
qemu_self	2209	15	142	event pcr=13 #0	'e'	'f'	REJECT
qemu_self	2210	15	143	event pcr=13 #0	's'	't'	REJECT
qemu_self	2211	15	144	event pcr=13 #0	't'	'u'	REJECT
qemu_self	2212	15	145	event pcr=13 #0	'='	'X'	REJECT
qemu_self	2213	15	146	event pcr=13 #0	'd'	'e'	REJECT
qemu_self	2214	15	147	event pcr=13 #0	'8'	'9'	REJECT
qemu_self	2215	15	148	event pcr=13 #0	'6'	'7'	REJECT
qemu_self	2216	15	149	event pcr=13 #0	'6'	'7'	REJECT
qemu_self	2217	15	150	event pcr=13 #0	'0'	'1'	REJECT
qemu_self	2218	15	151	event pcr=13 #0	'8'	'9'	REJECT
qemu_self	2219	15	152	event pcr=13 #0	'7'	'8'	REJECT
qemu_self	2220	15	153	event pcr=13 #0	'8'	'9'	REJECT
qemu_self	2221	15	154	event pcr=13 #0	'4'	'5'	REJECT
qemu_self	2222	15	155	event pcr=13 #0	'e'	'f'	REJECT
qemu_self	2223	15	156	event pcr=13 #0	'7'	'8'	REJECT
qemu_self	2224	15	157	event pcr=13 #0	'1'	'2'	REJECT
qemu_self	2225	15	158	event pcr=13 #0	'd'	'e'	REJECT
qemu_self	2226	15	159	event pcr=13 #0	'f'	'0'	REJECT
qemu_self	2227	15	160	event pcr=13 #0	'a'	'b'	REJECT
qemu_self	2228	15	161	event pcr=13 #0	'e'	'f'	REJECT
qemu_self	2229	15	162	event pcr=13 #0	' '	'X'	REJECT
qemu_self	2230	15	163	event pcr=13 #0	'c'	'd'	REJECT
qemu_self	2231	15	164	event pcr=13 #0	'h'	'i'	REJECT
qemu_self	2232	15	165	event pcr=13 #0	'a'	'b'	REJECT
qemu_self	2233	15	166	event pcr=13 #0	'i'	'j'	REJECT
qemu_self	2234	15	167	event pcr=13 #0	'n'	'o'	REJECT
qemu_self	2235	15	168	event pcr=13 #0	'='	'X'	REJECT
qemu_self	2236	15	169	event pcr=13 #0	'a'	'b'	REJECT
qemu_self	2237	15	170	event pcr=13 #0	'5'	'6'	REJECT
qemu_self	2238	15	171	event pcr=13 #0	'8'	'9'	REJECT
qemu_self	2239	15	172	event pcr=13 #0	'e'	'f'	REJECT
qemu_self	2240	15	173	event pcr=13 #0	'7'	'8'	REJECT
qemu_self	2241	15	174	event pcr=13 #0	'4'	'5'	REJECT
qemu_self	2242	15	175	event pcr=13 #0	'8'	'9'	REJECT
qemu_self	2243	15	176	event pcr=13 #0	'e'	'f'	REJECT
qemu_self	2244	15	177	event pcr=13 #0	'e'	'f'	REJECT
qemu_self	2245	15	178	event pcr=13 #0	'b'	'c'	REJECT
qemu_self	2246	15	179	event pcr=13 #0	'e'	'f'	REJECT
qemu_self	2247	15	180	event pcr=13 #0	'e'	'f'	REJECT
qemu_self	2248	15	181	event pcr=13 #0	'8'	'9'	REJECT
qemu_self	2249	15	182	event pcr=13 #0	'd'	'e'	REJECT
qemu_self	2250	15	183	event pcr=13 #0	'e'	'f'	REJECT
qemu_self	2251	15	184	event pcr=13 #0	'2'	'3'	REJECT
qemu_self	2252	15	185	event pcr=13 #0	'f'	'0'	REJECT
qemu_self	2253	15	186	event pcr=13 #0	'3'	'4'	REJECT
qemu_self	2254	15	187	event pcr=13 #0	'b'	'c'	REJECT
qemu_self	2255	15	188	event pcr=13 #0	'e'	'f'	REJECT
qemu_self	2256	15	189	event pcr=13 #0	'9'	'a'	REJECT
qemu_self	2257	15	190	event pcr=13 #0	'a'	'b'	REJECT
qemu_self	2258	15	191	event pcr=13 #0	'6'	'7'	REJECT
qemu_self	2259	15	192	event pcr=13 #0	'b'	'c'	REJECT
qemu_self	2260	15	193	event pcr=13 #0	'd'	'e'	REJECT
qemu_self	2261	15	194	event pcr=13 #0	'7'	'8'	REJECT
qemu_self	2262	15	195	event pcr=13 #0	'c'	'd'	REJECT
qemu_self	2263	15	196	event pcr=13 #0	'3'	'4'	REJECT
qemu_self	2264	15	197	event pcr=13 #0	'4'	'5'	REJECT
qemu_self	2265	15	198	event pcr=13 #0	'9'	'a'	REJECT
qemu_self	2266	15	199	event pcr=13 #0	'e'	'f'	REJECT
qemu_self	2267	15	200	event pcr=13 #0	'e'	'f'	REJECT
qemu_self	2268	15	201	event pcr=13 #0	'c'	'd'	REJECT
qemu_self	2269	15	202	event pcr=13 #0	'd'	'e'	REJECT
qemu_self	2270	15	203	event pcr=13 #0	'2'	'3'	REJECT
qemu_self	2271	15	204	event pcr=13 #0	'5'	'6'	REJECT
qemu_self	2272	15	205	event pcr=13 #0	'1'	'2'	REJECT
qemu_self	2273	15	206	event pcr=13 #0	'7'	'8'	REJECT
qemu_self	2274	15	207	event pcr=13 #0	'a'	'b'	REJECT
qemu_self	2275	15	208	event pcr=13 #0	'd'	'e'	REJECT
qemu_self	2276	15	209	event pcr=13 #0	'f'	'0'	REJECT
qemu_self	2277	15	210	event pcr=13 #0	'e'	'f'	REJECT
qemu_self	2278	15	211	event pcr=13 #0	'7'	'8'	REJECT
qemu_self	2279	15	212	event pcr=13 #0	'5'	'6'	REJECT
qemu_self	2280	15	213	event pcr=13 #0	'c'	'd'	REJECT
qemu_self	2281	15	214	event pcr=13 #0	'1'	'2'	REJECT
qemu_self	2282	15	215	event pcr=13 #0	'c'	'd'	REJECT
qemu_self	2283	15	216	event pcr=13 #0	'5'	'6'	REJECT
qemu_self	2284	15	217	event pcr=13 #0	'3'	'4'	REJECT
qemu_self	2285	15	218	event pcr=13 #0	'2'	'3'	REJECT
qemu_self	2286	15	219	event pcr=13 #0	'3'	'4'	REJECT
qemu_self	2287	15	220	event pcr=13 #0	'0'	'1'	REJECT
qemu_self	2288	15	221	event pcr=13 #0	'7'	'8'	REJECT
qemu_self	2289	15	222	event pcr=13 #0	'b'	'c'	REJECT
qemu_self	2290	15	223	event pcr=13 #0	'3'	'4'	REJECT
qemu_self	2291	15	224	event pcr=13 #0	'8'	'9'	REJECT
qemu_self	2292	15	225	event pcr=13 #0	'e'	'f'	REJECT
qemu_self	2293	15	226	event pcr=13 #0	'7'	'8'	REJECT
qemu_self	2294	15	227	event pcr=13 #0	'c'	'd'	REJECT
qemu_self	2295	15	228	event pcr=13 #0	'a'	'b'	REJECT
qemu_self	2296	15	229	event pcr=13 #0	'2'	'3'	REJECT
qemu_self	2297	15	230	event pcr=13 #0	'5'	'6'	REJECT
qemu_self	2298	15	231	event pcr=13 #0	'6'	'7'	REJECT
qemu_self	2299	15	232	event pcr=13 #0	'4'	'5'	REJECT
qemu_self	2300	15	233	event pcr=13 #0	' '	'X'	REJECT
qemu_self	2301	15	234	event pcr=13 #0	'v'	'w'	REJECT
qemu_self	2302	15	235	event pcr=13 #0	'e'	'f'	REJECT
qemu_self	2303	15	236	event pcr=13 #0	'r'	's'	REJECT
qemu_self	2304	15	237	event pcr=13 #0	'd'	'e'	REJECT
qemu_self	2305	15	238	event pcr=13 #0	'i'	'j'	REJECT
qemu_self	2306	15	239	event pcr=13 #0	'c'	'd'	REJECT
qemu_self	2307	15	240	event pcr=13 #0	't'	'u'	REJECT
qemu_self	2308	15	241	event pcr=13 #0	'='	'X'	REJECT
qemu_self	2309	15	242	event pcr=13 #0	'M'	'N'	REJECT
qemu_self	2310	15	243	event pcr=13 #0	'I'	'J'	REJECT
qemu_self	2311	15	244	event pcr=13 #0	'N'	'O'	REJECT
qemu_self	2312	15	245	event pcr=13 #0	'T'	'U'	REJECT
qemu_self	2313	15	246	event pcr=13 #0	'E'	'F'	REJECT
qemu_self	2314	15	247	event pcr=13 #0	'D'	'E'	REJECT
qemu_self	2315	15	248	event pcr=13 #0	'\n'	' '	REJECT
qemu_self	2316	16	0	event pcr=12 #3	'e'	'f'	REJECT
qemu_self	2317	16	1	event pcr=12 #3	'v'	'w'	REJECT
qemu_self	2318	16	2	event pcr=12 #3	'e'	'f'	REJECT
qemu_self	2319	16	3	event pcr=12 #3	'n'	'o'	REJECT
qemu_self	2320	16	4	event pcr=12 #3	't'	'u'	REJECT
qemu_self	2321	16	5	event pcr=12 #3	' '	'X'	REJECT
qemu_self	2322	16	6	event pcr=12 #3	'p'	'q'	REJECT
qemu_self	2323	16	7	event pcr=12 #3	'c'	'd'	REJECT
qemu_self	2324	16	8	event pcr=12 #3	'r'	's'	REJECT
qemu_self	2325	16	9	event pcr=12 #3	'='	'X'	REJECT
qemu_self	2326	16	10	event pcr=12 #3	'1'	'2'	REJECT
qemu_self	2327	16	11	event pcr=12 #3	'2'	'3'	REJECT
qemu_self	2328	16	12	event pcr=12 #3	' '	'X'	REJECT
qemu_self	2329	16	13	event pcr=12 #3	't'	'u'	REJECT
qemu_self	2330	16	14	event pcr=12 #3	'y'	'z'	REJECT
qemu_self	2331	16	15	event pcr=12 #3	'p'	'q'	REJECT
qemu_self	2332	16	16	event pcr=12 #3	'e'	'f'	REJECT
qemu_self	2333	16	17	event pcr=12 #3	'='	'X'	REJECT
qemu_self	2334	16	18	event pcr=12 #3	'0'	'1'	REJECT
qemu_self	2335	16	19	event pcr=12 #3	'x'	'y'	REJECT
qemu_self	2336	16	20	event pcr=12 #3	'd'	'e'	REJECT
qemu_self	2337	16	21	event pcr=12 #3	' '	'X'	REJECT
qemu_self	2338	16	22	event pcr=12 #3	's'	't'	REJECT
qemu_self	2339	16	23	event pcr=12 #3	'h'	'i'	REJECT
qemu_self	2340	16	24	event pcr=12 #3	'a'	'b'	REJECT
qemu_self	2341	16	25	event pcr=12 #3	'2'	'3'	REJECT
qemu_self	2342	16	26	event pcr=12 #3	'5'	'6'	REJECT
qemu_self	2343	16	27	event pcr=12 #3	'6'	'7'	REJECT
qemu_self	2344	16	28	event pcr=12 #3	'='	'X'	REJECT
qemu_self	2345	16	29	event pcr=12 #3	'b'	'c'	REJECT
qemu_self	2346	16	30	event pcr=12 #3	'6'	'7'	REJECT
qemu_self	2347	16	31	event pcr=12 #3	'7'	'8'	REJECT
qemu_self	2348	16	32	event pcr=12 #3	'5'	'6'	REJECT
qemu_self	2349	16	33	event pcr=12 #3	'0'	'1'	REJECT
qemu_self	2350	16	34	event pcr=12 #3	'd'	'e'	REJECT
qemu_self	2351	16	35	event pcr=12 #3	'7'	'8'	REJECT
qemu_self	2352	16	36	event pcr=12 #3	'b'	'c'	REJECT
qemu_self	2353	16	37	event pcr=12 #3	'6'	'7'	REJECT
qemu_self	2354	16	38	event pcr=12 #3	'7'	'8'	REJECT
qemu_self	2355	16	39	event pcr=12 #3	'9'	'a'	REJECT
qemu_self	2356	16	40	event pcr=12 #3	'9'	'a'	REJECT
qemu_self	2357	16	41	event pcr=12 #3	'b'	'c'	REJECT
qemu_self	2358	16	42	event pcr=12 #3	'8'	'9'	REJECT
qemu_self	2359	16	43	event pcr=12 #3	'd'	'e'	REJECT
qemu_self	2360	16	44	event pcr=12 #3	'c'	'd'	REJECT
qemu_self	2361	16	45	event pcr=12 #3	'f'	'0'	REJECT
qemu_self	2362	16	46	event pcr=12 #3	'9'	'a'	REJECT
qemu_self	2363	16	47	event pcr=12 #3	'7'	'8'	REJECT
qemu_self	2364	16	48	event pcr=12 #3	'9'	'a'	REJECT
qemu_self	2365	16	49	event pcr=12 #3	'6'	'7'	REJECT
qemu_self	2366	16	50	event pcr=12 #3	'4'	'5'	REJECT
qemu_self	2367	16	51	event pcr=12 #3	'7'	'8'	REJECT
qemu_self	2368	16	52	event pcr=12 #3	'6'	'7'	REJECT
qemu_self	2369	16	53	event pcr=12 #3	'0'	'1'	REJECT
qemu_self	2370	16	54	event pcr=12 #3	'7'	'8'	REJECT
qemu_self	2371	16	55	event pcr=12 #3	'8'	'9'	REJECT
qemu_self	2372	16	56	event pcr=12 #3	'4'	'5'	REJECT
qemu_self	2373	16	57	event pcr=12 #3	'9'	'a'	REJECT
qemu_self	2374	16	58	event pcr=12 #3	'd'	'e'	REJECT
qemu_self	2375	16	59	event pcr=12 #3	'd'	'e'	REJECT
qemu_self	2376	16	60	event pcr=12 #3	'c'	'd'	REJECT
qemu_self	2377	16	61	event pcr=12 #3	'7'	'8'	REJECT
qemu_self	2378	16	62	event pcr=12 #3	'4'	'5'	REJECT
qemu_self	2379	16	63	event pcr=12 #3	'c'	'd'	REJECT
qemu_self	2380	16	64	event pcr=12 #3	'0'	'1'	REJECT
qemu_self	2381	16	65	event pcr=12 #3	'6'	'7'	REJECT
qemu_self	2382	16	66	event pcr=12 #3	'c'	'd'	REJECT
qemu_self	2383	16	67	event pcr=12 #3	'd'	'e'	REJECT
qemu_self	2384	16	68	event pcr=12 #3	'1'	'2'	REJECT
qemu_self	2385	16	69	event pcr=12 #3	'7'	'8'	REJECT
qemu_self	2386	16	70	event pcr=12 #3	'1'	'2'	REJECT
qemu_self	2387	16	71	event pcr=12 #3	'8'	'9'	REJECT
qemu_self	2388	16	72	event pcr=12 #3	'b'	'c'	REJECT
qemu_self	2389	16	73	event pcr=12 #3	'0'	'1'	REJECT
qemu_self	2390	16	74	event pcr=12 #3	'3'	'4'	REJECT
qemu_self	2391	16	75	event pcr=12 #3	'b'	'c'	REJECT
qemu_self	2392	16	76	event pcr=12 #3	'2'	'3'	REJECT
qemu_self	2393	16	77	event pcr=12 #3	'b'	'c'	REJECT
qemu_self	2394	16	78	event pcr=12 #3	'c'	'd'	REJECT
qemu_self	2395	16	79	event pcr=12 #3	'6'	'7'	REJECT
qemu_self	2396	16	80	event pcr=12 #3	'7'	'8'	REJECT
qemu_self	2397	16	81	event pcr=12 #3	'1'	'2'	REJECT
qemu_self	2398	16	82	event pcr=12 #3	'5'	'6'	REJECT
qemu_self	2399	16	83	event pcr=12 #3	'5'	'6'	REJECT
qemu_self	2400	16	84	event pcr=12 #3	'4'	'5'	REJECT
qemu_self	2401	16	85	event pcr=12 #3	'c'	'd'	REJECT
qemu_self	2402	16	86	event pcr=12 #3	'7'	'8'	REJECT
qemu_self	2403	16	87	event pcr=12 #3	'9'	'a'	REJECT
qemu_self	2404	16	88	event pcr=12 #3	'5'	'6'	REJECT
qemu_self	2405	16	89	event pcr=12 #3	'2'	'3'	REJECT
qemu_self	2406	16	90	event pcr=12 #3	'9'	'a'	REJECT
qemu_self	2407	16	91	event pcr=12 #3	'2'	'3'	REJECT
qemu_self	2408	16	92	event pcr=12 #3	'9'	'a'	REJECT
qemu_self	2409	16	93	event pcr=12 #3	' '	'X'	REJECT
qemu_self	2410	16	94	event pcr=12 #3	'd'	'e'	REJECT
qemu_self	2411	16	95	event pcr=12 #3	'a'	'b'	REJECT
qemu_self	2412	16	96	event pcr=12 #3	't'	'u'	REJECT
qemu_self	2413	16	97	event pcr=12 #3	'a'	'b'	REJECT
qemu_self	2414	16	98	event pcr=12 #3	'='	'X'	REJECT
qemu_self	2415	16	99	event pcr=12 #3	'A'	'B'	REJECT
qemu_self	2416	16	100	event pcr=12 #3	'E'	'F'	REJECT
qemu_self	2417	16	101	event pcr=12 #3	'G'	'H'	REJECT
qemu_self	2418	16	102	event pcr=12 #3	'I'	'J'	REJECT
qemu_self	2419	16	103	event pcr=12 #3	'S'	'T'	REJECT
qemu_self	2420	16	104	event pcr=12 #3	'-'	'X'	REJECT
qemu_self	2421	16	105	event pcr=12 #3	'M'	'N'	REJECT
qemu_self	2422	16	106	event pcr=12 #3	'E'	'F'	REJECT
qemu_self	2423	16	107	event pcr=12 #3	'A'	'B'	REJECT
qemu_self	2424	16	108	event pcr=12 #3	'S'	'T'	REJECT
qemu_self	2425	16	109	event pcr=12 #3	'U'	'V'	REJECT
qemu_self	2426	16	110	event pcr=12 #3	'R'	'S'	REJECT
qemu_self	2427	16	111	event pcr=12 #3	'E'	'F'	REJECT
qemu_self	2428	16	112	event pcr=12 #3	' '	'X'	REJECT
qemu_self	2429	16	113	event pcr=12 #3	'v'	'w'	REJECT
qemu_self	2430	16	114	event pcr=12 #3	'0'	'1'	REJECT
qemu_self	2431	16	115	event pcr=12 #3	' '	'X'	REJECT
qemu_self	2432	16	116	event pcr=12 #3	'a'	'b'	REJECT
qemu_self	2433	16	117	event pcr=12 #3	'r'	's'	REJECT
qemu_self	2434	16	118	event pcr=12 #3	't'	'u'	REJECT
qemu_self	2435	16	119	event pcr=12 #3	'i'	'j'	REJECT
qemu_self	2436	16	120	event pcr=12 #3	'f'	'0'	REJECT
qemu_self	2437	16	121	event pcr=12 #3	'a'	'b'	REJECT
qemu_self	2438	16	122	event pcr=12 #3	'c'	'd'	REJECT
qemu_self	2439	16	123	event pcr=12 #3	't'	'u'	REJECT
qemu_self	2440	16	124	event pcr=12 #3	'='	'X'	REJECT
qemu_self	2441	16	125	event pcr=12 #3	'T'	'U'	REJECT
qemu_self	2442	16	126	event pcr=12 #3	'A'	'B'	REJECT
qemu_self	2443	16	127	event pcr=12 #3	'B'	'C'	REJECT
qemu_self	2444	16	128	event pcr=12 #3	'L'	'M'	REJECT
qemu_self	2445	16	129	event pcr=12 #3	'E'	'F'	REJECT
qemu_self	2446	16	130	event pcr=12 #3	'.'	'X'	REJECT
qemu_self	2447	16	131	event pcr=12 #3	'T'	'U'	REJECT
qemu_self	2448	16	132	event pcr=12 #3	'S'	'T'	REJECT
qemu_self	2449	16	133	event pcr=12 #3	'V'	'W'	REJECT
qemu_self	2450	16	134	event pcr=12 #3	' '	'X'	REJECT
qemu_self	2451	16	135	event pcr=12 #3	'b'	'c'	REJECT
qemu_self	2452	16	136	event pcr=12 #3	'y'	'z'	REJECT
qemu_self	2453	16	137	event pcr=12 #3	't'	'u'	REJECT
qemu_self	2454	16	138	event pcr=12 #3	'e'	'f'	REJECT
qemu_self	2455	16	139	event pcr=12 #3	's'	't'	REJECT
qemu_self	2456	16	140	event pcr=12 #3	'='	'X'	REJECT
qemu_self	2457	16	141	event pcr=12 #3	'4'	'5'	REJECT
qemu_self	2458	16	142	event pcr=12 #3	'4'	'5'	REJECT
qemu_self	2459	16	143	event pcr=12 #3	'5'	'6'	REJECT
qemu_self	2460	16	144	event pcr=12 #3	' '	'X'	REJECT
qemu_self	2461	16	145	event pcr=12 #3	's'	't'	REJECT
qemu_self	2462	16	146	event pcr=12 #3	'h'	'i'	REJECT
qemu_self	2463	16	147	event pcr=12 #3	'a'	'b'	REJECT
qemu_self	2464	16	148	event pcr=12 #3	'2'	'3'	REJECT
qemu_self	2465	16	149	event pcr=12 #3	'5'	'6'	REJECT
qemu_self	2466	16	150	event pcr=12 #3	'6'	'7'	REJECT
qemu_self	2467	16	151	event pcr=12 #3	'='	'X'	REJECT
qemu_self	2468	16	152	event pcr=12 #3	'6'	'7'	REJECT
qemu_self	2469	16	153	event pcr=12 #3	'b'	'c'	REJECT
qemu_self	2470	16	154	event pcr=12 #3	'2'	'3'	REJECT
qemu_self	2471	16	155	event pcr=12 #3	'f'	'0'	REJECT
qemu_self	2472	16	156	event pcr=12 #3	'7'	'8'	REJECT
qemu_self	2473	16	157	event pcr=12 #3	'3'	'4'	REJECT
qemu_self	2474	16	158	event pcr=12 #3	'8'	'9'	REJECT
qemu_self	2475	16	159	event pcr=12 #3	'4'	'5'	REJECT
qemu_self	2476	16	160	event pcr=12 #3	'9'	'a'	REJECT
qemu_self	2477	16	161	event pcr=12 #3	'1'	'2'	REJECT
qemu_self	2478	16	162	event pcr=12 #3	'3'	'4'	REJECT
qemu_self	2479	16	163	event pcr=12 #3	'0'	'1'	REJECT
qemu_self	2480	16	164	event pcr=12 #3	'6'	'7'	REJECT
qemu_self	2481	16	165	event pcr=12 #3	'1'	'2'	REJECT
qemu_self	2482	16	166	event pcr=12 #3	'4'	'5'	REJECT
qemu_self	2483	16	167	event pcr=12 #3	'5'	'6'	REJECT
qemu_self	2484	16	168	event pcr=12 #3	'a'	'b'	REJECT
qemu_self	2485	16	169	event pcr=12 #3	'd'	'e'	REJECT
qemu_self	2486	16	170	event pcr=12 #3	'4'	'5'	REJECT
qemu_self	2487	16	171	event pcr=12 #3	'7'	'8'	REJECT
qemu_self	2488	16	172	event pcr=12 #3	'a'	'b'	REJECT
qemu_self	2489	16	173	event pcr=12 #3	'd'	'e'	REJECT
qemu_self	2490	16	174	event pcr=12 #3	'5'	'6'	REJECT
qemu_self	2491	16	175	event pcr=12 #3	'0'	'1'	REJECT
qemu_self	2492	16	176	event pcr=12 #3	'c'	'd'	REJECT
qemu_self	2493	16	177	event pcr=12 #3	'9'	'a'	REJECT
qemu_self	2494	16	178	event pcr=12 #3	'e'	'f'	REJECT
qemu_self	2495	16	179	event pcr=12 #3	'0'	'1'	REJECT
qemu_self	2496	16	180	event pcr=12 #3	'2'	'3'	REJECT
qemu_self	2497	16	181	event pcr=12 #3	'd'	'e'	REJECT
qemu_self	2498	16	182	event pcr=12 #3	'9'	'a'	REJECT
qemu_self	2499	16	183	event pcr=12 #3	'2'	'3'	REJECT
qemu_self	2500	16	184	event pcr=12 #3	'2'	'3'	REJECT
qemu_self	2501	16	185	event pcr=12 #3	'd'	'e'	REJECT
qemu_self	2502	16	186	event pcr=12 #3	'a'	'b'	REJECT
qemu_self	2503	16	187	event pcr=12 #3	'a'	'b'	REJECT
qemu_self	2504	16	188	event pcr=12 #3	'a'	'b'	REJECT
qemu_self	2505	16	189	event pcr=12 #3	'e'	'f'	REJECT
qemu_self	2506	16	190	event pcr=12 #3	'9'	'a'	REJECT
qemu_self	2507	16	191	event pcr=12 #3	'6'	'7'	REJECT
qemu_self	2508	16	192	event pcr=12 #3	'd'	'e'	REJECT
qemu_self	2509	16	193	event pcr=12 #3	'1'	'2'	REJECT
qemu_self	2510	16	194	event pcr=12 #3	'8'	'9'	REJECT
qemu_self	2511	16	195	event pcr=12 #3	'6'	'7'	REJECT
qemu_self	2512	16	196	event pcr=12 #3	'6'	'7'	REJECT
qemu_self	2513	16	197	event pcr=12 #3	'2'	'3'	REJECT
qemu_self	2514	16	198	event pcr=12 #3	'8'	'9'	REJECT
qemu_self	2515	16	199	event pcr=12 #3	'8'	'9'	REJECT
qemu_self	2516	16	200	event pcr=12 #3	'a'	'b'	REJECT
qemu_self	2517	16	201	event pcr=12 #3	'3'	'4'	REJECT
qemu_self	2518	16	202	event pcr=12 #3	'2'	'3'	REJECT
qemu_self	2519	16	203	event pcr=12 #3	'a'	'b'	REJECT
qemu_self	2520	16	204	event pcr=12 #3	'e'	'f'	REJECT
qemu_self	2521	16	205	event pcr=12 #3	'2'	'3'	REJECT
qemu_self	2522	16	206	event pcr=12 #3	'f'	'0'	REJECT
qemu_self	2523	16	207	event pcr=12 #3	'8'	'9'	REJECT
qemu_self	2524	16	208	event pcr=12 #3	'0'	'1'	REJECT
qemu_self	2525	16	209	event pcr=12 #3	'4'	'5'	REJECT
qemu_self	2526	16	210	event pcr=12 #3	'7'	'8'	REJECT
qemu_self	2527	16	211	event pcr=12 #3	'1'	'2'	REJECT
qemu_self	2528	16	212	event pcr=12 #3	'5'	'6'	REJECT
qemu_self	2529	16	213	event pcr=12 #3	'1'	'2'	REJECT
qemu_self	2530	16	214	event pcr=12 #3	'd'	'e'	REJECT
qemu_self	2531	16	215	event pcr=12 #3	'd'	'e'	REJECT
qemu_self	2532	16	216	event pcr=12 #3	'\n'	' '	REJECT
qemu_self	2533	17	0	pcr 4	'p'	'q'	REJECT
qemu_self	2534	17	1	pcr 4	'c'	'd'	REJECT
qemu_self	2535	17	2	pcr 4	'r'	's'	REJECT
qemu_self	2536	17	3	pcr 4	' '	'X'	REJECT
qemu_self	2537	17	4	pcr 4	'4'	'5'	REJECT
qemu_self	2538	17	5	pcr 4	' '	'X'	REJECT
qemu_self	2539	17	6	pcr 4	'0'	'1'	REJECT
qemu_self	2540	17	7	pcr 4	'7'	'8'	REJECT
qemu_self	2541	17	8	pcr 4	'4'	'5'	REJECT
qemu_self	2542	17	9	pcr 4	'3'	'4'	REJECT
qemu_self	2543	17	10	pcr 4	'd'	'e'	REJECT
qemu_self	2544	17	11	pcr 4	'b'	'c'	REJECT
qemu_self	2545	17	12	pcr 4	'4'	'5'	REJECT
qemu_self	2546	17	13	pcr 4	'6'	'7'	REJECT
qemu_self	2547	17	14	pcr 4	'b'	'c'	REJECT
qemu_self	2548	17	15	pcr 4	'1'	'2'	REJECT
qemu_self	2549	17	16	pcr 4	'0'	'1'	REJECT
qemu_self	2550	17	17	pcr 4	'2'	'3'	REJECT
qemu_self	2551	17	18	pcr 4	'0'	'1'	REJECT
qemu_self	2552	17	19	pcr 4	'4'	'5'	REJECT
qemu_self	2553	17	20	pcr 4	'7'	'8'	REJECT
qemu_self	2554	17	21	pcr 4	'e'	'f'	REJECT
qemu_self	2555	17	22	pcr 4	'7'	'8'	REJECT
qemu_self	2556	17	23	pcr 4	'c'	'd'	REJECT
qemu_self	2557	17	24	pcr 4	'c'	'd'	REJECT
qemu_self	2558	17	25	pcr 4	'0'	'1'	REJECT
qemu_self	2559	17	26	pcr 4	'4'	'5'	REJECT
qemu_self	2560	17	27	pcr 4	'c'	'd'	REJECT
qemu_self	2561	17	28	pcr 4	'e'	'f'	REJECT
qemu_self	2562	17	29	pcr 4	'1'	'2'	REJECT
qemu_self	2563	17	30	pcr 4	'4'	'5'	REJECT
qemu_self	2564	17	31	pcr 4	'0'	'1'	REJECT
qemu_self	2565	17	32	pcr 4	'2'	'3'	REJECT
qemu_self	2566	17	33	pcr 4	'f'	'0'	REJECT
qemu_self	2567	17	34	pcr 4	'f'	'0'	REJECT
qemu_self	2568	17	35	pcr 4	'c'	'd'	REJECT
qemu_self	2569	17	36	pcr 4	'8'	'9'	REJECT
qemu_self	2570	17	37	pcr 4	'd'	'e'	REJECT
qemu_self	2571	17	38	pcr 4	'7'	'8'	REJECT
qemu_self	2572	17	39	pcr 4	'2'	'3'	REJECT
qemu_self	2573	17	40	pcr 4	'f'	'0'	REJECT
qemu_self	2574	17	41	pcr 4	'4'	'5'	REJECT
qemu_self	2575	17	42	pcr 4	'f'	'0'	REJECT
qemu_self	2576	17	43	pcr 4	'b'	'c'	REJECT
qemu_self	2577	17	44	pcr 4	'4'	'5'	REJECT
qemu_self	2578	17	45	pcr 4	'3'	'4'	REJECT
qemu_self	2579	17	46	pcr 4	'6'	'7'	REJECT
qemu_self	2580	17	47	pcr 4	'1'	'2'	REJECT
qemu_self	2581	17	48	pcr 4	'7'	'8'	REJECT
qemu_self	2582	17	49	pcr 4	'7'	'8'	REJECT
qemu_self	2583	17	50	pcr 4	'0'	'1'	REJECT
qemu_self	2584	17	51	pcr 4	'a'	'b'	REJECT
qemu_self	2585	17	52	pcr 4	'8'	'9'	REJECT
qemu_self	2586	17	53	pcr 4	'4'	'5'	REJECT
qemu_self	2587	17	54	pcr 4	'3'	'4'	REJECT
qemu_self	2588	17	55	pcr 4	'4'	'5'	REJECT
qemu_self	2589	17	56	pcr 4	'2'	'3'	REJECT
qemu_self	2590	17	57	pcr 4	'0'	'1'	REJECT
qemu_self	2591	17	58	pcr 4	'a'	'b'	REJECT
qemu_self	2592	17	59	pcr 4	'8'	'9'	REJECT
qemu_self	2593	17	60	pcr 4	'b'	'c'	REJECT
qemu_self	2594	17	61	pcr 4	'b'	'c'	REJECT
qemu_self	2595	17	62	pcr 4	'd'	'e'	REJECT
qemu_self	2596	17	63	pcr 4	'5'	'6'	REJECT
qemu_self	2597	17	64	pcr 4	'e'	'f'	REJECT
qemu_self	2598	17	65	pcr 4	'a'	'b'	REJECT
qemu_self	2599	17	66	pcr 4	'5'	'6'	REJECT
qemu_self	2600	17	67	pcr 4	'4'	'5'	REJECT
qemu_self	2601	17	68	pcr 4	'b'	'c'	REJECT
qemu_self	2602	17	69	pcr 4	'c'	'd'	REJECT
qemu_self	2603	17	70	pcr 4	'\n'	' '	REJECT
qemu_self	2604	18	0	pcr 12	'p'	'q'	REJECT
qemu_self	2605	18	1	pcr 12	'c'	'd'	REJECT
qemu_self	2606	18	2	pcr 12	'r'	's'	REJECT
qemu_self	2607	18	3	pcr 12	' '	'X'	REJECT
qemu_self	2608	18	4	pcr 12	'1'	'2'	REJECT
qemu_self	2609	18	5	pcr 12	'2'	'3'	REJECT
qemu_self	2610	18	6	pcr 12	' '	'X'	REJECT
qemu_self	2611	18	7	pcr 12	'7'	'8'	REJECT
qemu_self	2612	18	8	pcr 12	'2'	'3'	REJECT
qemu_self	2613	18	9	pcr 12	'e'	'f'	REJECT
qemu_self	2614	18	10	pcr 12	'1'	'2'	REJECT
qemu_self	2615	18	11	pcr 12	'c'	'd'	REJECT
qemu_self	2616	18	12	pcr 12	'6'	'7'	REJECT
qemu_self	2617	18	13	pcr 12	'a'	'b'	REJECT
qemu_self	2618	18	14	pcr 12	'f'	'0'	REJECT
qemu_self	2619	18	15	pcr 12	'd'	'e'	REJECT
qemu_self	2620	18	16	pcr 12	'8'	'9'	REJECT
qemu_self	2621	18	17	pcr 12	'f'	'0'	REJECT
qemu_self	2622	18	18	pcr 12	'4'	'5'	REJECT
qemu_self	2623	18	19	pcr 12	'4'	'5'	REJECT
qemu_self	2624	18	20	pcr 12	'0'	'1'	REJECT
qemu_self	2625	18	21	pcr 12	'b'	'c'	REJECT
qemu_self	2626	18	22	pcr 12	'c'	'd'	REJECT
qemu_self	2627	18	23	pcr 12	'c'	'd'	REJECT
qemu_self	2628	18	24	pcr 12	'1'	'2'	REJECT
qemu_self	2629	18	25	pcr 12	'e'	'f'	REJECT
qemu_self	2630	18	26	pcr 12	'4'	'5'	REJECT
qemu_self	2631	18	27	pcr 12	'6'	'7'	REJECT
qemu_self	2632	18	28	pcr 12	'e'	'f'	REJECT
qemu_self	2633	18	29	pcr 12	'2'	'3'	REJECT
qemu_self	2634	18	30	pcr 12	'f'	'0'	REJECT
qemu_self	2635	18	31	pcr 12	'9'	'a'	REJECT
qemu_self	2636	18	32	pcr 12	'e'	'f'	REJECT
qemu_self	2637	18	33	pcr 12	'7'	'8'	REJECT
qemu_self	2638	18	34	pcr 12	'b'	'c'	REJECT
qemu_self	2639	18	35	pcr 12	'9'	'a'	REJECT
qemu_self	2640	18	36	pcr 12	'e'	'f'	REJECT
qemu_self	2641	18	37	pcr 12	'c'	'd'	REJECT
qemu_self	2642	18	38	pcr 12	'1'	'2'	REJECT
qemu_self	2643	18	39	pcr 12	'2'	'3'	REJECT
qemu_self	2644	18	40	pcr 12	'0'	'1'	REJECT
qemu_self	2645	18	41	pcr 12	'5'	'6'	REJECT
qemu_self	2646	18	42	pcr 12	'2'	'3'	REJECT
qemu_self	2647	18	43	pcr 12	'3'	'4'	REJECT
qemu_self	2648	18	44	pcr 12	'c'	'd'	REJECT
qemu_self	2649	18	45	pcr 12	'b'	'c'	REJECT
qemu_self	2650	18	46	pcr 12	'7'	'8'	REJECT
qemu_self	2651	18	47	pcr 12	'7'	'8'	REJECT
qemu_self	2652	18	48	pcr 12	'6'	'7'	REJECT
qemu_self	2653	18	49	pcr 12	'4'	'5'	REJECT
qemu_self	2654	18	50	pcr 12	'b'	'c'	REJECT
qemu_self	2655	18	51	pcr 12	'd'	'e'	REJECT
qemu_self	2656	18	52	pcr 12	'9'	'a'	REJECT
qemu_self	2657	18	53	pcr 12	'0'	'1'	REJECT
qemu_self	2658	18	54	pcr 12	'2'	'3'	REJECT
qemu_self	2659	18	55	pcr 12	'8'	'9'	REJECT
qemu_self	2660	18	56	pcr 12	'7'	'8'	REJECT
qemu_self	2661	18	57	pcr 12	'f'	'0'	REJECT
qemu_self	2662	18	58	pcr 12	'd'	'e'	REJECT
qemu_self	2663	18	59	pcr 12	'9'	'a'	REJECT
qemu_self	2664	18	60	pcr 12	'f'	'0'	REJECT
qemu_self	2665	18	61	pcr 12	'8'	'9'	REJECT
qemu_self	2666	18	62	pcr 12	'd'	'e'	REJECT
qemu_self	2667	18	63	pcr 12	'4'	'5'	REJECT
qemu_self	2668	18	64	pcr 12	'1'	'2'	REJECT
qemu_self	2669	18	65	pcr 12	'c'	'd'	REJECT
qemu_self	2670	18	66	pcr 12	'd'	'e'	REJECT
qemu_self	2671	18	67	pcr 12	'9'	'a'	REJECT
qemu_self	2672	18	68	pcr 12	'0'	'1'	REJECT
qemu_self	2673	18	69	pcr 12	'6'	'7'	REJECT
qemu_self	2674	18	70	pcr 12	'c'	'd'	REJECT
qemu_self	2675	18	71	pcr 12	'\n'	' '	REJECT
qemu_self	2676	19	0	pcr 13	'p'	'q'	REJECT
qemu_self	2677	19	1	pcr 13	'c'	'd'	REJECT
qemu_self	2678	19	2	pcr 13	'r'	's'	REJECT
qemu_self	2679	19	3	pcr 13	' '	'X'	REJECT
qemu_self	2680	19	4	pcr 13	'1'	'2'	REJECT
qemu_self	2681	19	5	pcr 13	'3'	'4'	REJECT
qemu_self	2682	19	6	pcr 13	' '	'X'	REJECT
qemu_self	2683	19	7	pcr 13	'3'	'4'	REJECT
qemu_self	2684	19	8	pcr 13	'1'	'2'	REJECT
qemu_self	2685	19	9	pcr 13	'c'	'd'	REJECT
qemu_self	2686	19	10	pcr 13	'a'	'b'	REJECT
qemu_self	2687	19	11	pcr 13	'e'	'f'	REJECT
qemu_self	2688	19	12	pcr 13	'9'	'a'	REJECT
qemu_self	2689	19	13	pcr 13	'd'	'e'	REJECT
qemu_self	2690	19	14	pcr 13	'7'	'8'	REJECT
qemu_self	2691	19	15	pcr 13	'4'	'5'	REJECT
qemu_self	2692	19	16	pcr 13	'1'	'2'	REJECT
qemu_self	2693	19	17	pcr 13	'b'	'c'	REJECT
qemu_self	2694	19	18	pcr 13	'5'	'6'	REJECT
qemu_self	2695	19	19	pcr 13	'a'	'b'	REJECT
qemu_self	2696	19	20	pcr 13	'2'	'3'	REJECT
qemu_self	2697	19	21	pcr 13	'9'	'a'	REJECT
qemu_self	2698	19	22	pcr 13	'6'	'7'	REJECT
qemu_self	2699	19	23	pcr 13	'f'	'0'	REJECT
qemu_self	2700	19	24	pcr 13	'c'	'd'	REJECT
qemu_self	2701	19	25	pcr 13	'd'	'e'	REJECT
qemu_self	2702	19	26	pcr 13	'a'	'b'	REJECT
qemu_self	2703	19	27	pcr 13	'c'	'd'	REJECT
qemu_self	2704	19	28	pcr 13	'5'	'6'	REJECT
qemu_self	2705	19	29	pcr 13	'8'	'9'	REJECT
qemu_self	2706	19	30	pcr 13	'd'	'e'	REJECT
qemu_self	2707	19	31	pcr 13	'8'	'9'	REJECT
qemu_self	2708	19	32	pcr 13	'd'	'e'	REJECT
qemu_self	2709	19	33	pcr 13	'd'	'e'	REJECT
qemu_self	2710	19	34	pcr 13	'0'	'1'	REJECT
qemu_self	2711	19	35	pcr 13	'5'	'6'	REJECT
qemu_self	2712	19	36	pcr 13	'8'	'9'	REJECT
qemu_self	2713	19	37	pcr 13	'6'	'7'	REJECT
qemu_self	2714	19	38	pcr 13	'3'	'4'	REJECT
qemu_self	2715	19	39	pcr 13	'0'	'1'	REJECT
qemu_self	2716	19	40	pcr 13	'1'	'2'	REJECT
qemu_self	2717	19	41	pcr 13	'd'	'e'	REJECT
qemu_self	2718	19	42	pcr 13	'8'	'9'	REJECT
qemu_self	2719	19	43	pcr 13	'6'	'7'	REJECT
qemu_self	2720	19	44	pcr 13	'4'	'5'	REJECT
qemu_self	2721	19	45	pcr 13	'8'	'9'	REJECT
qemu_self	2722	19	46	pcr 13	'4'	'5'	REJECT
qemu_self	2723	19	47	pcr 13	'3'	'4'	REJECT
qemu_self	2724	19	48	pcr 13	'2'	'3'	REJECT
qemu_self	2725	19	49	pcr 13	'6'	'7'	REJECT
qemu_self	2726	19	50	pcr 13	'f'	'0'	REJECT
qemu_self	2727	19	51	pcr 13	'd'	'e'	REJECT
qemu_self	2728	19	52	pcr 13	'6'	'7'	REJECT
qemu_self	2729	19	53	pcr 13	'f'	'0'	REJECT
qemu_self	2730	19	54	pcr 13	'8'	'9'	REJECT
qemu_self	2731	19	55	pcr 13	'5'	'6'	REJECT
qemu_self	2732	19	56	pcr 13	'2'	'3'	REJECT
qemu_self	2733	19	57	pcr 13	'5'	'6'	REJECT
qemu_self	2734	19	58	pcr 13	'd'	'e'	REJECT
qemu_self	2735	19	59	pcr 13	'7'	'8'	REJECT
qemu_self	2736	19	60	pcr 13	'3'	'4'	REJECT
qemu_self	2737	19	61	pcr 13	'f'	'0'	REJECT
qemu_self	2738	19	62	pcr 13	'e'	'f'	REJECT
qemu_self	2739	19	63	pcr 13	'8'	'9'	REJECT
qemu_self	2740	19	64	pcr 13	'5'	'6'	REJECT
qemu_self	2741	19	65	pcr 13	'a'	'b'	REJECT
qemu_self	2742	19	66	pcr 13	'3'	'4'	REJECT
qemu_self	2743	19	67	pcr 13	'b'	'c'	REJECT
qemu_self	2744	19	68	pcr 13	'e'	'f'	REJECT
qemu_self	2745	19	69	pcr 13	'a'	'b'	REJECT
qemu_self	2746	19	70	pcr 13	'e'	'f'	REJECT
qemu_self	2747	19	71	pcr 13	'\n'	' '	REJECT
qemu_self	2748	20	0	quote-pcrs	'q'	'r'	REJECT
qemu_self	2749	20	1	quote-pcrs	'u'	'v'	REJECT
qemu_self	2750	20	2	quote-pcrs	'o'	'p'	REJECT
qemu_self	2751	20	3	quote-pcrs	't'	'u'	REJECT
qemu_self	2752	20	4	quote-pcrs	'e'	'f'	REJECT
qemu_self	2753	20	5	quote-pcrs	'-'	'X'	REJECT
qemu_self	2754	20	6	quote-pcrs	'p'	'q'	REJECT
qemu_self	2755	20	7	quote-pcrs	'c'	'd'	REJECT
qemu_self	2756	20	8	quote-pcrs	'r'	's'	REJECT
qemu_self	2757	20	9	quote-pcrs	's'	't'	REJECT
qemu_self	2758	20	10	quote-pcrs	' '	'X'	REJECT
qemu_self	2759	20	11	quote-pcrs	'4'	'5'	REJECT
qemu_self	2760	20	12	quote-pcrs	','	'X'	REJECT
qemu_self	2761	20	13	quote-pcrs	'1'	'2'	REJECT
qemu_self	2762	20	14	quote-pcrs	'2'	'3'	REJECT
qemu_self	2763	20	15	quote-pcrs	','	'X'	REJECT
qemu_self	2764	20	16	quote-pcrs	'1'	'2'	REJECT
qemu_self	2765	20	17	quote-pcrs	'3'	'4'	REJECT
qemu_self	2766	20	18	quote-pcrs	'\n'	' '	REJECT
qemu_self	2767	21	0	quote-qualifying	'q'	'r'	REJECT
qemu_self	2768	21	1	quote-qualifying	'u'	'v'	REJECT
qemu_self	2769	21	2	quote-qualifying	'o'	'p'	REJECT
qemu_self	2770	21	3	quote-qualifying	't'	'u'	REJECT
qemu_self	2771	21	4	quote-qualifying	'e'	'f'	REJECT
qemu_self	2772	21	5	quote-qualifying	'-'	'X'	REJECT
qemu_self	2773	21	6	quote-qualifying	'q'	'r'	REJECT
qemu_self	2774	21	7	quote-qualifying	'u'	'v'	REJECT
qemu_self	2775	21	8	quote-qualifying	'a'	'b'	REJECT
qemu_self	2776	21	9	quote-qualifying	'l'	'm'	REJECT
qemu_self	2777	21	10	quote-qualifying	'i'	'j'	REJECT
qemu_self	2778	21	11	quote-qualifying	'f'	'0'	REJECT
qemu_self	2779	21	12	quote-qualifying	'y'	'z'	REJECT
qemu_self	2780	21	13	quote-qualifying	'i'	'j'	REJECT
qemu_self	2781	21	14	quote-qualifying	'n'	'o'	REJECT
qemu_self	2782	21	15	quote-qualifying	'g'	'h'	REJECT
qemu_self	2783	21	16	quote-qualifying	' '	'X'	REJECT
qemu_self	2784	21	17	quote-qualifying	'6'	'7'	REJECT
qemu_self	2785	21	18	quote-qualifying	'6'	'7'	REJECT
qemu_self	2786	21	19	quote-qualifying	'd'	'e'	REJECT
qemu_self	2787	21	20	quote-qualifying	'd'	'e'	REJECT
qemu_self	2788	21	21	quote-qualifying	'e'	'f'	REJECT
qemu_self	2789	21	22	quote-qualifying	'7'	'8'	REJECT
qemu_self	2790	21	23	quote-qualifying	'4'	'5'	REJECT
qemu_self	2791	21	24	quote-qualifying	'd'	'e'	REJECT
qemu_self	2792	21	25	quote-qualifying	'e'	'f'	REJECT
qemu_self	2793	21	26	quote-qualifying	'9'	'a'	REJECT
qemu_self	2794	21	27	quote-qualifying	'c'	'd'	REJECT
qemu_self	2795	21	28	quote-qualifying	'0'	'1'	REJECT
qemu_self	2796	21	29	quote-qualifying	'e'	'f'	REJECT
qemu_self	2797	21	30	quote-qualifying	'b'	'c'	REJECT
qemu_self	2798	21	31	quote-qualifying	'b'	'c'	REJECT
qemu_self	2799	21	32	quote-qualifying	'1'	'2'	REJECT
qemu_self	2800	21	33	quote-qualifying	'f'	'0'	REJECT
qemu_self	2801	21	34	quote-qualifying	'0'	'1'	REJECT
qemu_self	2802	21	35	quote-qualifying	'5'	'6'	REJECT
qemu_self	2803	21	36	quote-qualifying	'd'	'e'	REJECT
qemu_self	2804	21	37	quote-qualifying	'b'	'c'	REJECT
qemu_self	2805	21	38	quote-qualifying	'e'	'f'	REJECT
qemu_self	2806	21	39	quote-qualifying	'6'	'7'	REJECT
qemu_self	2807	21	40	quote-qualifying	'1'	'2'	REJECT
qemu_self	2808	21	41	quote-qualifying	'3'	'4'	REJECT
qemu_self	2809	21	42	quote-qualifying	'6'	'7'	REJECT
qemu_self	2810	21	43	quote-qualifying	'a'	'b'	REJECT
qemu_self	2811	21	44	quote-qualifying	'4'	'5'	REJECT
qemu_self	2812	21	45	quote-qualifying	'c'	'd'	REJECT
qemu_self	2813	21	46	quote-qualifying	'c'	'd'	REJECT
qemu_self	2814	21	47	quote-qualifying	'c'	'd'	REJECT
qemu_self	2815	21	48	quote-qualifying	'6'	'7'	REJECT
qemu_self	2816	21	49	quote-qualifying	'd'	'e'	REJECT
qemu_self	2817	21	50	quote-qualifying	'6'	'7'	REJECT
qemu_self	2818	21	51	quote-qualifying	'9'	'a'	REJECT
qemu_self	2819	21	52	quote-qualifying	'7'	'8'	REJECT
qemu_self	2820	21	53	quote-qualifying	'b'	'c'	REJECT
qemu_self	2821	21	54	quote-qualifying	'5'	'6'	REJECT
qemu_self	2822	21	55	quote-qualifying	'0'	'1'	REJECT
qemu_self	2823	21	56	quote-qualifying	'8'	'9'	REJECT
qemu_self	2824	21	57	quote-qualifying	'a'	'b'	REJECT
qemu_self	2825	21	58	quote-qualifying	'2'	'3'	REJECT
qemu_self	2826	21	59	quote-qualifying	'c'	'd'	REJECT
qemu_self	2827	21	60	quote-qualifying	'6'	'7'	REJECT
qemu_self	2828	21	61	quote-qualifying	'd'	'e'	REJECT
qemu_self	2829	21	62	quote-qualifying	'0'	'1'	REJECT
qemu_self	2830	21	63	quote-qualifying	'b'	'c'	REJECT
qemu_self	2831	21	64	quote-qualifying	'8'	'9'	REJECT
qemu_self	2832	21	65	quote-qualifying	'5'	'6'	REJECT
qemu_self	2833	21	66	quote-qualifying	'a'	'b'	REJECT
qemu_self	2834	21	67	quote-qualifying	'd'	'e'	REJECT
qemu_self	2835	21	68	quote-qualifying	'0'	'1'	REJECT
qemu_self	2836	21	69	quote-qualifying	'9'	'a'	REJECT
qemu_self	2837	21	70	quote-qualifying	'1'	'2'	REJECT
qemu_self	2838	21	71	quote-qualifying	'4'	'5'	REJECT
qemu_self	2839	21	72	quote-qualifying	'd'	'e'	REJECT
qemu_self	2840	21	73	quote-qualifying	'a'	'b'	REJECT
qemu_self	2841	21	74	quote-qualifying	'5'	'6'	REJECT
qemu_self	2842	21	75	quote-qualifying	'b'	'c'	REJECT
qemu_self	2843	21	76	quote-qualifying	'0'	'1'	REJECT
qemu_self	2844	21	77	quote-qualifying	'9'	'a'	REJECT
qemu_self	2845	21	78	quote-qualifying	'd'	'e'	REJECT
qemu_self	2846	21	79	quote-qualifying	'2'	'3'	REJECT
qemu_self	2847	21	80	quote-qualifying	'd'	'e'	REJECT
qemu_self	2848	21	81	quote-qualifying	'\n'	' '	REJECT
qemu_self	2849	22	0	quote-pub-x	'q'	'r'	REJECT
qemu_self	2850	22	1	quote-pub-x	'u'	'v'	REJECT
qemu_self	2851	22	2	quote-pub-x	'o'	'p'	REJECT
qemu_self	2852	22	3	quote-pub-x	't'	'u'	REJECT
qemu_self	2853	22	4	quote-pub-x	'e'	'f'	REJECT
qemu_self	2854	22	5	quote-pub-x	'-'	'X'	REJECT
qemu_self	2855	22	6	quote-pub-x	'p'	'q'	REJECT
qemu_self	2856	22	7	quote-pub-x	'u'	'v'	REJECT
qemu_self	2857	22	8	quote-pub-x	'b'	'c'	REJECT
qemu_self	2858	22	9	quote-pub-x	'-'	'X'	REJECT
qemu_self	2859	22	10	quote-pub-x	'x'	'y'	REJECT
qemu_self	2860	22	11	quote-pub-x	' '	'X'	REJECT
qemu_self	2861	22	12	quote-pub-x	'9'	'a'	REJECT
qemu_self	2862	22	13	quote-pub-x	'a'	'b'	REJECT
qemu_self	2863	22	14	quote-pub-x	'6'	'7'	REJECT
qemu_self	2864	22	15	quote-pub-x	'9'	'a'	REJECT
qemu_self	2865	22	16	quote-pub-x	'1'	'2'	REJECT
qemu_self	2866	22	17	quote-pub-x	'3'	'4'	REJECT
qemu_self	2867	22	18	quote-pub-x	'2'	'3'	REJECT
qemu_self	2868	22	19	quote-pub-x	'8'	'9'	REJECT
qemu_self	2869	22	20	quote-pub-x	'1'	'2'	REJECT
qemu_self	2870	22	21	quote-pub-x	'e'	'f'	REJECT
qemu_self	2871	22	22	quote-pub-x	'b'	'c'	REJECT
qemu_self	2872	22	23	quote-pub-x	'3'	'4'	REJECT
qemu_self	2873	22	24	quote-pub-x	'7'	'8'	REJECT
qemu_self	2874	22	25	quote-pub-x	'4'	'5'	REJECT
qemu_self	2875	22	26	quote-pub-x	'a'	'b'	REJECT
qemu_self	2876	22	27	quote-pub-x	'b'	'c'	REJECT
qemu_self	2877	22	28	quote-pub-x	'1'	'2'	REJECT
qemu_self	2878	22	29	quote-pub-x	'7'	'8'	REJECT
qemu_self	2879	22	30	quote-pub-x	'a'	'b'	REJECT
qemu_self	2880	22	31	quote-pub-x	'3'	'4'	REJECT
qemu_self	2881	22	32	quote-pub-x	'5'	'6'	REJECT
qemu_self	2882	22	33	quote-pub-x	'a'	'b'	REJECT
qemu_self	2883	22	34	quote-pub-x	'5'	'6'	REJECT
qemu_self	2884	22	35	quote-pub-x	'f'	'0'	REJECT
qemu_self	2885	22	36	quote-pub-x	'b'	'c'	REJECT
qemu_self	2886	22	37	quote-pub-x	'2'	'3'	REJECT
qemu_self	2887	22	38	quote-pub-x	'4'	'5'	REJECT
qemu_self	2888	22	39	quote-pub-x	'2'	'3'	REJECT
qemu_self	2889	22	40	quote-pub-x	'e'	'f'	REJECT
qemu_self	2890	22	41	quote-pub-x	'8'	'9'	REJECT
qemu_self	2891	22	42	quote-pub-x	'1'	'2'	REJECT
qemu_self	2892	22	43	quote-pub-x	'3'	'4'	REJECT
qemu_self	2893	22	44	quote-pub-x	'7'	'8'	REJECT
qemu_self	2894	22	45	quote-pub-x	'9'	'a'	REJECT
qemu_self	2895	22	46	quote-pub-x	'9'	'a'	REJECT
qemu_self	2896	22	47	quote-pub-x	'5'	'6'	REJECT
qemu_self	2897	22	48	quote-pub-x	'a'	'b'	REJECT
qemu_self	2898	22	49	quote-pub-x	'7'	'8'	REJECT
qemu_self	2899	22	50	quote-pub-x	'2'	'3'	REJECT
qemu_self	2900	22	51	quote-pub-x	'0'	'1'	REJECT
qemu_self	2901	22	52	quote-pub-x	'f'	'0'	REJECT
qemu_self	2902	22	53	quote-pub-x	'd'	'e'	REJECT
qemu_self	2903	22	54	quote-pub-x	'8'	'9'	REJECT
qemu_self	2904	22	55	quote-pub-x	'c'	'd'	REJECT
qemu_self	2905	22	56	quote-pub-x	'0'	'1'	REJECT
qemu_self	2906	22	57	quote-pub-x	'a'	'b'	REJECT
qemu_self	2907	22	58	quote-pub-x	'b'	'c'	REJECT
qemu_self	2908	22	59	quote-pub-x	'f'	'0'	REJECT
qemu_self	2909	22	60	quote-pub-x	'f'	'0'	REJECT
qemu_self	2910	22	61	quote-pub-x	'a'	'b'	REJECT
qemu_self	2911	22	62	quote-pub-x	'b'	'c'	REJECT
qemu_self	2912	22	63	quote-pub-x	'5'	'6'	REJECT
qemu_self	2913	22	64	quote-pub-x	'0'	'1'	REJECT
qemu_self	2914	22	65	quote-pub-x	'b'	'c'	REJECT
qemu_self	2915	22	66	quote-pub-x	'1'	'2'	REJECT
qemu_self	2916	22	67	quote-pub-x	'5'	'6'	REJECT
qemu_self	2917	22	68	quote-pub-x	'8'	'9'	REJECT
qemu_self	2918	22	69	quote-pub-x	'6'	'7'	REJECT
qemu_self	2919	22	70	quote-pub-x	'0'	'1'	REJECT
qemu_self	2920	22	71	quote-pub-x	'1'	'2'	REJECT
qemu_self	2921	22	72	quote-pub-x	'7'	'8'	REJECT
qemu_self	2922	22	73	quote-pub-x	'0'	'1'	REJECT
qemu_self	2923	22	74	quote-pub-x	'1'	'2'	REJECT
qemu_self	2924	22	75	quote-pub-x	'2'	'3'	REJECT
qemu_self	2925	22	76	quote-pub-x	'\n'	' '	REJECT
qemu_self	2926	23	0	quote-pub-y	'q'	'r'	REJECT
qemu_self	2927	23	1	quote-pub-y	'u'	'v'	REJECT
qemu_self	2928	23	2	quote-pub-y	'o'	'p'	REJECT
qemu_self	2929	23	3	quote-pub-y	't'	'u'	REJECT
qemu_self	2930	23	4	quote-pub-y	'e'	'f'	REJECT
qemu_self	2931	23	5	quote-pub-y	'-'	'X'	REJECT
qemu_self	2932	23	6	quote-pub-y	'p'	'q'	REJECT
qemu_self	2933	23	7	quote-pub-y	'u'	'v'	REJECT
qemu_self	2934	23	8	quote-pub-y	'b'	'c'	REJECT
qemu_self	2935	23	9	quote-pub-y	'-'	'X'	REJECT
qemu_self	2936	23	10	quote-pub-y	'y'	'z'	REJECT
qemu_self	2937	23	11	quote-pub-y	' '	'X'	REJECT
qemu_self	2938	23	12	quote-pub-y	'2'	'3'	REJECT
qemu_self	2939	23	13	quote-pub-y	'c'	'd'	REJECT
qemu_self	2940	23	14	quote-pub-y	'0'	'1'	REJECT
qemu_self	2941	23	15	quote-pub-y	'8'	'9'	REJECT
qemu_self	2942	23	16	quote-pub-y	'f'	'0'	REJECT
qemu_self	2943	23	17	quote-pub-y	'2'	'3'	REJECT
qemu_self	2944	23	18	quote-pub-y	'e'	'f'	REJECT
qemu_self	2945	23	19	quote-pub-y	'8'	'9'	REJECT
qemu_self	2946	23	20	quote-pub-y	'0'	'1'	REJECT
qemu_self	2947	23	21	quote-pub-y	'c'	'd'	REJECT
qemu_self	2948	23	22	quote-pub-y	'9'	'a'	REJECT
qemu_self	2949	23	23	quote-pub-y	'f'	'0'	REJECT
qemu_self	2950	23	24	quote-pub-y	'5'	'6'	REJECT
qemu_self	2951	23	25	quote-pub-y	'0'	'1'	REJECT
qemu_self	2952	23	26	quote-pub-y	'd'	'e'	REJECT
qemu_self	2953	23	27	quote-pub-y	'7'	'8'	REJECT
qemu_self	2954	23	28	quote-pub-y	'2'	'3'	REJECT
qemu_self	2955	23	29	quote-pub-y	'f'	'0'	REJECT
qemu_self	2956	23	30	quote-pub-y	'2'	'3'	REJECT
qemu_self	2957	23	31	quote-pub-y	'd'	'e'	REJECT
qemu_self	2958	23	32	quote-pub-y	'9'	'a'	REJECT
qemu_self	2959	23	33	quote-pub-y	'c'	'd'	REJECT
qemu_self	2960	23	34	quote-pub-y	'b'	'c'	REJECT
qemu_self	2961	23	35	quote-pub-y	'5'	'6'	REJECT
qemu_self	2962	23	36	quote-pub-y	'1'	'2'	REJECT
qemu_self	2963	23	37	quote-pub-y	'c'	'd'	REJECT
qemu_self	2964	23	38	quote-pub-y	'3'	'4'	REJECT
qemu_self	2965	23	39	quote-pub-y	'6'	'7'	REJECT
qemu_self	2966	23	40	quote-pub-y	'd'	'e'	REJECT
qemu_self	2967	23	41	quote-pub-y	'3'	'4'	REJECT
qemu_self	2968	23	42	quote-pub-y	'6'	'7'	REJECT
qemu_self	2969	23	43	quote-pub-y	'4'	'5'	REJECT
qemu_self	2970	23	44	quote-pub-y	'7'	'8'	REJECT
qemu_self	2971	23	45	quote-pub-y	'b'	'c'	REJECT
qemu_self	2972	23	46	quote-pub-y	'e'	'f'	REJECT
qemu_self	2973	23	47	quote-pub-y	'0'	'1'	REJECT
qemu_self	2974	23	48	quote-pub-y	'd'	'e'	REJECT
qemu_self	2975	23	49	quote-pub-y	'b'	'c'	REJECT
qemu_self	2976	23	50	quote-pub-y	'4'	'5'	REJECT
qemu_self	2977	23	51	quote-pub-y	'5'	'6'	REJECT
qemu_self	2978	23	52	quote-pub-y	'7'	'8'	REJECT
qemu_self	2979	23	53	quote-pub-y	'c'	'd'	REJECT
qemu_self	2980	23	54	quote-pub-y	'2'	'3'	REJECT
qemu_self	2981	23	55	quote-pub-y	'2'	'3'	REJECT
qemu_self	2982	23	56	quote-pub-y	'1'	'2'	REJECT
qemu_self	2983	23	57	quote-pub-y	'1'	'2'	REJECT
qemu_self	2984	23	58	quote-pub-y	'9'	'a'	REJECT
qemu_self	2985	23	59	quote-pub-y	'7'	'8'	REJECT
qemu_self	2986	23	60	quote-pub-y	'2'	'3'	REJECT
qemu_self	2987	23	61	quote-pub-y	'a'	'b'	REJECT
qemu_self	2988	23	62	quote-pub-y	'e'	'f'	REJECT
qemu_self	2989	23	63	quote-pub-y	'f'	'0'	REJECT
qemu_self	2990	23	64	quote-pub-y	'8'	'9'	REJECT
qemu_self	2991	23	65	quote-pub-y	'9'	'a'	REJECT
qemu_self	2992	23	66	quote-pub-y	'6'	'7'	REJECT
qemu_self	2993	23	67	quote-pub-y	'4'	'5'	REJECT
qemu_self	2994	23	68	quote-pub-y	'c'	'd'	REJECT
qemu_self	2995	23	69	quote-pub-y	'b'	'c'	REJECT
qemu_self	2996	23	70	quote-pub-y	'9'	'a'	REJECT
qemu_self	2997	23	71	quote-pub-y	'4'	'5'	REJECT
qemu_self	2998	23	72	quote-pub-y	'0'	'1'	REJECT
qemu_self	2999	23	73	quote-pub-y	'd'	'e'	REJECT
qemu_self	3000	23	74	quote-pub-y	'a'	'b'	REJECT
qemu_self	3001	23	75	quote-pub-y	'f'	'0'	REJECT
qemu_self	3002	23	76	quote-pub-y	'\n'	' '	REJECT
qemu_self	3003	24	0	quote-public	'q'	'r'	REJECT
qemu_self	3004	24	1	quote-public	'u'	'v'	REJECT
qemu_self	3005	24	2	quote-public	'o'	'p'	REJECT
qemu_self	3006	24	3	quote-public	't'	'u'	REJECT
qemu_self	3007	24	4	quote-public	'e'	'f'	REJECT
qemu_self	3008	24	5	quote-public	'-'	'X'	REJECT
qemu_self	3009	24	6	quote-public	'p'	'q'	REJECT
qemu_self	3010	24	7	quote-public	'u'	'v'	REJECT
qemu_self	3011	24	8	quote-public	'b'	'c'	REJECT
qemu_self	3012	24	9	quote-public	'l'	'm'	REJECT
qemu_self	3013	24	10	quote-public	'i'	'j'	REJECT
qemu_self	3014	24	11	quote-public	'c'	'd'	REJECT
qemu_self	3015	24	12	quote-public	' '	'X'	REJECT
qemu_self	3016	24	13	quote-public	'0'	'1'	REJECT
qemu_self	3017	24	14	quote-public	'0'	'1'	REJECT
qemu_self	3018	24	15	quote-public	'2'	'3'	REJECT
qemu_self	3019	24	16	quote-public	'3'	'4'	REJECT
qemu_self	3020	24	17	quote-public	'0'	'1'	REJECT
qemu_self	3021	24	18	quote-public	'0'	'1'	REJECT
qemu_self	3022	24	19	quote-public	'0'	'1'	REJECT
qemu_self	3023	24	20	quote-public	'b'	'c'	REJECT
qemu_self	3024	24	21	quote-public	'0'	'1'	REJECT
qemu_self	3025	24	22	quote-public	'0'	'1'	REJECT
qemu_self	3026	24	23	quote-public	'0'	'1'	REJECT
qemu_self	3027	24	24	quote-public	'5'	'6'	REJECT
qemu_self	3028	24	25	quote-public	'0'	'1'	REJECT
qemu_self	3029	24	26	quote-public	'0'	'1'	REJECT
qemu_self	3030	24	27	quote-public	'7'	'8'	REJECT
qemu_self	3031	24	28	quote-public	'2'	'3'	REJECT
qemu_self	3032	24	29	quote-public	'0'	'1'	REJECT
qemu_self	3033	24	30	quote-public	'0'	'1'	REJECT
qemu_self	3034	24	31	quote-public	'0'	'1'	REJECT
qemu_self	3035	24	32	quote-public	'0'	'1'	REJECT
qemu_self	3036	24	33	quote-public	'0'	'1'	REJECT
qemu_self	3037	24	34	quote-public	'0'	'1'	REJECT
qemu_self	3038	24	35	quote-public	'1'	'2'	REJECT
qemu_self	3039	24	36	quote-public	'0'	'1'	REJECT
qemu_self	3040	24	37	quote-public	'0'	'1'	REJECT
qemu_self	3041	24	38	quote-public	'0'	'1'	REJECT
qemu_self	3042	24	39	quote-public	'1'	'2'	REJECT
qemu_self	3043	24	40	quote-public	'8'	'9'	REJECT
qemu_self	3044	24	41	quote-public	'0'	'1'	REJECT
qemu_self	3045	24	42	quote-public	'0'	'1'	REJECT
qemu_self	3046	24	43	quote-public	'0'	'1'	REJECT
qemu_self	3047	24	44	quote-public	'b'	'c'	REJECT
qemu_self	3048	24	45	quote-public	'0'	'1'	REJECT
qemu_self	3049	24	46	quote-public	'0'	'1'	REJECT
qemu_self	3050	24	47	quote-public	'0'	'1'	REJECT
qemu_self	3051	24	48	quote-public	'3'	'4'	REJECT
qemu_self	3052	24	49	quote-public	'0'	'1'	REJECT
qemu_self	3053	24	50	quote-public	'0'	'1'	REJECT
qemu_self	3054	24	51	quote-public	'1'	'2'	REJECT
qemu_self	3055	24	52	quote-public	'0'	'1'	REJECT
qemu_self	3056	24	53	quote-public	'0'	'1'	REJECT
qemu_self	3057	24	54	quote-public	'0'	'1'	REJECT
qemu_self	3058	24	55	quote-public	'2'	'3'	REJECT
qemu_self	3059	24	56	quote-public	'0'	'1'	REJECT
qemu_self	3060	24	57	quote-public	'9'	'a'	REJECT
qemu_self	3061	24	58	quote-public	'a'	'b'	REJECT
qemu_self	3062	24	59	quote-public	'6'	'7'	REJECT
qemu_self	3063	24	60	quote-public	'9'	'a'	REJECT
qemu_self	3064	24	61	quote-public	'1'	'2'	REJECT
qemu_self	3065	24	62	quote-public	'3'	'4'	REJECT
qemu_self	3066	24	63	quote-public	'2'	'3'	REJECT
qemu_self	3067	24	64	quote-public	'8'	'9'	REJECT
qemu_self	3068	24	65	quote-public	'1'	'2'	REJECT
qemu_self	3069	24	66	quote-public	'e'	'f'	REJECT
qemu_self	3070	24	67	quote-public	'b'	'c'	REJECT
qemu_self	3071	24	68	quote-public	'3'	'4'	REJECT
qemu_self	3072	24	69	quote-public	'7'	'8'	REJECT
qemu_self	3073	24	70	quote-public	'4'	'5'	REJECT
qemu_self	3074	24	71	quote-public	'a'	'b'	REJECT
qemu_self	3075	24	72	quote-public	'b'	'c'	REJECT
qemu_self	3076	24	73	quote-public	'1'	'2'	REJECT
qemu_self	3077	24	74	quote-public	'7'	'8'	REJECT
qemu_self	3078	24	75	quote-public	'a'	'b'	REJECT
qemu_self	3079	24	76	quote-public	'3'	'4'	REJECT
qemu_self	3080	24	77	quote-public	'5'	'6'	REJECT
qemu_self	3081	24	78	quote-public	'a'	'b'	REJECT
qemu_self	3082	24	79	quote-public	'5'	'6'	REJECT
qemu_self	3083	24	80	quote-public	'f'	'0'	REJECT
qemu_self	3084	24	81	quote-public	'b'	'c'	REJECT
qemu_self	3085	24	82	quote-public	'2'	'3'	REJECT
qemu_self	3086	24	83	quote-public	'4'	'5'	REJECT
qemu_self	3087	24	84	quote-public	'2'	'3'	REJECT
qemu_self	3088	24	85	quote-public	'e'	'f'	REJECT
qemu_self	3089	24	86	quote-public	'8'	'9'	REJECT
qemu_self	3090	24	87	quote-public	'1'	'2'	REJECT
qemu_self	3091	24	88	quote-public	'3'	'4'	REJECT
qemu_self	3092	24	89	quote-public	'7'	'8'	REJECT
qemu_self	3093	24	90	quote-public	'9'	'a'	REJECT
qemu_self	3094	24	91	quote-public	'9'	'a'	REJECT
qemu_self	3095	24	92	quote-public	'5'	'6'	REJECT
qemu_self	3096	24	93	quote-public	'a'	'b'	REJECT
qemu_self	3097	24	94	quote-public	'7'	'8'	REJECT
qemu_self	3098	24	95	quote-public	'2'	'3'	REJECT
qemu_self	3099	24	96	quote-public	'0'	'1'	REJECT
qemu_self	3100	24	97	quote-public	'f'	'0'	REJECT
qemu_self	3101	24	98	quote-public	'd'	'e'	REJECT
qemu_self	3102	24	99	quote-public	'8'	'9'	REJECT
qemu_self	3103	24	100	quote-public	'c'	'd'	REJECT
qemu_self	3104	24	101	quote-public	'0'	'1'	REJECT
qemu_self	3105	24	102	quote-public	'a'	'b'	REJECT
qemu_self	3106	24	103	quote-public	'b'	'c'	REJECT
qemu_self	3107	24	104	quote-public	'f'	'0'	REJECT
qemu_self	3108	24	105	quote-public	'f'	'0'	REJECT
qemu_self	3109	24	106	quote-public	'a'	'b'	REJECT
qemu_self	3110	24	107	quote-public	'b'	'c'	REJECT
qemu_self	3111	24	108	quote-public	'5'	'6'	REJECT
qemu_self	3112	24	109	quote-public	'0'	'1'	REJECT
qemu_self	3113	24	110	quote-public	'b'	'c'	REJECT
qemu_self	3114	24	111	quote-public	'1'	'2'	REJECT
qemu_self	3115	24	112	quote-public	'5'	'6'	REJECT
qemu_self	3116	24	113	quote-public	'8'	'9'	REJECT
qemu_self	3117	24	114	quote-public	'6'	'7'	REJECT
qemu_self	3118	24	115	quote-public	'0'	'1'	REJECT
qemu_self	3119	24	116	quote-public	'1'	'2'	REJECT
qemu_self	3120	24	117	quote-public	'7'	'8'	REJECT
qemu_self	3121	24	118	quote-public	'0'	'1'	REJECT
qemu_self	3122	24	119	quote-public	'1'	'2'	REJECT
qemu_self	3123	24	120	quote-public	'2'	'3'	REJECT
qemu_self	3124	24	121	quote-public	'0'	'1'	REJECT
qemu_self	3125	24	122	quote-public	'0'	'1'	REJECT
qemu_self	3126	24	123	quote-public	'2'	'3'	REJECT
qemu_self	3127	24	124	quote-public	'0'	'1'	REJECT
qemu_self	3128	24	125	quote-public	'2'	'3'	REJECT
qemu_self	3129	24	126	quote-public	'c'	'd'	REJECT
qemu_self	3130	24	127	quote-public	'0'	'1'	REJECT
qemu_self	3131	24	128	quote-public	'8'	'9'	REJECT
qemu_self	3132	24	129	quote-public	'f'	'0'	REJECT
qemu_self	3133	24	130	quote-public	'2'	'3'	REJECT
qemu_self	3134	24	131	quote-public	'e'	'f'	REJECT
qemu_self	3135	24	132	quote-public	'8'	'9'	REJECT
qemu_self	3136	24	133	quote-public	'0'	'1'	REJECT
qemu_self	3137	24	134	quote-public	'c'	'd'	REJECT
qemu_self	3138	24	135	quote-public	'9'	'a'	REJECT
qemu_self	3139	24	136	quote-public	'f'	'0'	REJECT
qemu_self	3140	24	137	quote-public	'5'	'6'	REJECT
qemu_self	3141	24	138	quote-public	'0'	'1'	REJECT
qemu_self	3142	24	139	quote-public	'd'	'e'	REJECT
qemu_self	3143	24	140	quote-public	'7'	'8'	REJECT
qemu_self	3144	24	141	quote-public	'2'	'3'	REJECT
qemu_self	3145	24	142	quote-public	'f'	'0'	REJECT
qemu_self	3146	24	143	quote-public	'2'	'3'	REJECT
qemu_self	3147	24	144	quote-public	'd'	'e'	REJECT
qemu_self	3148	24	145	quote-public	'9'	'a'	REJECT
qemu_self	3149	24	146	quote-public	'c'	'd'	REJECT
qemu_self	3150	24	147	quote-public	'b'	'c'	REJECT
qemu_self	3151	24	148	quote-public	'5'	'6'	REJECT
qemu_self	3152	24	149	quote-public	'1'	'2'	REJECT
qemu_self	3153	24	150	quote-public	'c'	'd'	REJECT
qemu_self	3154	24	151	quote-public	'3'	'4'	REJECT
qemu_self	3155	24	152	quote-public	'6'	'7'	REJECT
qemu_self	3156	24	153	quote-public	'd'	'e'	REJECT
qemu_self	3157	24	154	quote-public	'3'	'4'	REJECT
qemu_self	3158	24	155	quote-public	'6'	'7'	REJECT
qemu_self	3159	24	156	quote-public	'4'	'5'	REJECT
qemu_self	3160	24	157	quote-public	'7'	'8'	REJECT
qemu_self	3161	24	158	quote-public	'b'	'c'	REJECT
qemu_self	3162	24	159	quote-public	'e'	'f'	REJECT
qemu_self	3163	24	160	quote-public	'0'	'1'	REJECT
qemu_self	3164	24	161	quote-public	'd'	'e'	REJECT
qemu_self	3165	24	162	quote-public	'b'	'c'	REJECT
qemu_self	3166	24	163	quote-public	'4'	'5'	REJECT
qemu_self	3167	24	164	quote-public	'5'	'6'	REJECT
qemu_self	3168	24	165	quote-public	'7'	'8'	REJECT
qemu_self	3169	24	166	quote-public	'c'	'd'	REJECT
qemu_self	3170	24	167	quote-public	'2'	'3'	REJECT
qemu_self	3171	24	168	quote-public	'2'	'3'	REJECT
qemu_self	3172	24	169	quote-public	'1'	'2'	REJECT
qemu_self	3173	24	170	quote-public	'1'	'2'	REJECT
qemu_self	3174	24	171	quote-public	'9'	'a'	REJECT
qemu_self	3175	24	172	quote-public	'7'	'8'	REJECT
qemu_self	3176	24	173	quote-public	'2'	'3'	REJECT
qemu_self	3177	24	174	quote-public	'a'	'b'	REJECT
qemu_self	3178	24	175	quote-public	'e'	'f'	REJECT
qemu_self	3179	24	176	quote-public	'f'	'0'	REJECT
qemu_self	3180	24	177	quote-public	'8'	'9'	REJECT
qemu_self	3181	24	178	quote-public	'9'	'a'	REJECT
qemu_self	3182	24	179	quote-public	'6'	'7'	REJECT
qemu_self	3183	24	180	quote-public	'4'	'5'	REJECT
qemu_self	3184	24	181	quote-public	'c'	'd'	REJECT
qemu_self	3185	24	182	quote-public	'b'	'c'	REJECT
qemu_self	3186	24	183	quote-public	'9'	'a'	REJECT
qemu_self	3187	24	184	quote-public	'4'	'5'	REJECT
qemu_self	3188	24	185	quote-public	'0'	'1'	REJECT
qemu_self	3189	24	186	quote-public	'd'	'e'	REJECT
qemu_self	3190	24	187	quote-public	'a'	'b'	REJECT
qemu_self	3191	24	188	quote-public	'f'	'0'	REJECT
qemu_self	3192	24	189	quote-public	'\n'	' '	REJECT
qemu_self	3193	25	0	quote-attest	'q'	'r'	REJECT
qemu_self	3194	25	1	quote-attest	'u'	'v'	REJECT
qemu_self	3195	25	2	quote-attest	'o'	'p'	REJECT
qemu_self	3196	25	3	quote-attest	't'	'u'	REJECT
qemu_self	3197	25	4	quote-attest	'e'	'f'	REJECT
qemu_self	3198	25	5	quote-attest	'-'	'X'	REJECT
qemu_self	3199	25	6	quote-attest	'a'	'b'	REJECT
qemu_self	3200	25	7	quote-attest	't'	'u'	REJECT
qemu_self	3201	25	8	quote-attest	't'	'u'	REJECT
qemu_self	3202	25	9	quote-attest	'e'	'f'	REJECT
qemu_self	3203	25	10	quote-attest	's'	't'	REJECT
qemu_self	3204	25	11	quote-attest	't'	'u'	REJECT
qemu_self	3205	25	12	quote-attest	' '	'X'	REJECT
qemu_self	3206	25	13	quote-attest	'f'	'0'	REJECT
qemu_self	3207	25	14	quote-attest	'f'	'0'	REJECT
qemu_self	3208	25	15	quote-attest	'5'	'6'	REJECT
qemu_self	3209	25	16	quote-attest	'4'	'5'	REJECT
qemu_self	3210	25	17	quote-attest	'4'	'5'	REJECT
qemu_self	3211	25	18	quote-attest	'3'	'4'	REJECT
qemu_self	3212	25	19	quote-attest	'4'	'5'	REJECT
qemu_self	3213	25	20	quote-attest	'7'	'8'	REJECT
qemu_self	3214	25	21	quote-attest	'8'	'9'	REJECT
qemu_self	3215	25	22	quote-attest	'0'	'1'	REJECT
qemu_self	3216	25	23	quote-attest	'1'	'2'	REJECT
qemu_self	3217	25	24	quote-attest	'8'	'9'	REJECT
qemu_self	3218	25	25	quote-attest	'0'	'1'	REJECT
qemu_self	3219	25	26	quote-attest	'0'	'1'	REJECT
qemu_self	3220	25	27	quote-attest	'2'	'3'	REJECT
qemu_self	3221	25	28	quote-attest	'2'	'3'	REJECT
qemu_self	3222	25	29	quote-attest	'0'	'1'	REJECT
qemu_self	3223	25	30	quote-attest	'0'	'1'	REJECT
qemu_self	3224	25	31	quote-attest	'0'	'1'	REJECT
qemu_self	3225	25	32	quote-attest	'b'	'c'	REJECT
qemu_self	3226	25	33	quote-attest	'e'	'f'	REJECT
qemu_self	3227	25	34	quote-attest	'e'	'f'	REJECT
qemu_self	3228	25	35	quote-attest	'7'	'8'	REJECT
qemu_self	3229	25	36	quote-attest	'b'	'c'	REJECT
qemu_self	3230	25	37	quote-attest	'3'	'4'	REJECT
qemu_self	3231	25	38	quote-attest	'e'	'f'	REJECT
qemu_self	3232	25	39	quote-attest	'f'	'0'	REJECT
qemu_self	3233	25	40	quote-attest	'd'	'e'	REJECT
qemu_self	3234	25	41	quote-attest	'6'	'7'	REJECT
qemu_self	3235	25	42	quote-attest	'c'	'd'	REJECT
qemu_self	3236	25	43	quote-attest	'e'	'f'	REJECT
qemu_self	3237	25	44	quote-attest	'd'	'e'	REJECT
qemu_self	3238	25	45	quote-attest	'f'	'0'	REJECT
qemu_self	3239	25	46	quote-attest	'd'	'e'	REJECT
qemu_self	3240	25	47	quote-attest	'5'	'6'	REJECT
qemu_self	3241	25	48	quote-attest	'3'	'4'	REJECT
qemu_self	3242	25	49	quote-attest	'7'	'8'	REJECT
qemu_self	3243	25	50	quote-attest	'4'	'5'	REJECT
qemu_self	3244	25	51	quote-attest	'7'	'8'	REJECT
qemu_self	3245	25	52	quote-attest	'1'	'2'	REJECT
qemu_self	3246	25	53	quote-attest	'c'	'd'	REJECT
qemu_self	3247	25	54	quote-attest	'9'	'a'	REJECT
qemu_self	3248	25	55	quote-attest	'1'	'2'	REJECT
qemu_self	3249	25	56	quote-attest	'4'	'5'	REJECT
qemu_self	3250	25	57	quote-attest	'0'	'1'	REJECT
qemu_self	3251	25	58	quote-attest	'4'	'5'	REJECT
qemu_self	3252	25	59	quote-attest	'c'	'd'	REJECT
qemu_self	3253	25	60	quote-attest	'2'	'3'	REJECT
qemu_self	3254	25	61	quote-attest	'b'	'c'	REJECT
qemu_self	3255	25	62	quote-attest	'8'	'9'	REJECT
qemu_self	3256	25	63	quote-attest	'3'	'4'	REJECT
qemu_self	3257	25	64	quote-attest	'd'	'e'	REJECT
qemu_self	3258	25	65	quote-attest	'8'	'9'	REJECT
qemu_self	3259	25	66	quote-attest	'a'	'b'	REJECT
qemu_self	3260	25	67	quote-attest	'1'	'2'	REJECT
qemu_self	3261	25	68	quote-attest	'b'	'c'	REJECT
qemu_self	3262	25	69	quote-attest	'1'	'2'	REJECT
qemu_self	3263	25	70	quote-attest	'a'	'b'	REJECT
qemu_self	3264	25	71	quote-attest	'b'	'c'	REJECT
qemu_self	3265	25	72	quote-attest	'7'	'8'	REJECT
qemu_self	3266	25	73	quote-attest	'6'	'7'	REJECT
qemu_self	3267	25	74	quote-attest	'7'	'8'	REJECT
qemu_self	3268	25	75	quote-attest	'e'	'f'	REJECT
qemu_self	3269	25	76	quote-attest	'8'	'9'	REJECT
qemu_self	3270	25	77	quote-attest	'c'	'd'	REJECT
qemu_self	3271	25	78	quote-attest	'3'	'4'	REJECT
qemu_self	3272	25	79	quote-attest	'0'	'1'	REJECT
qemu_self	3273	25	80	quote-attest	'b'	'c'	REJECT
qemu_self	3274	25	81	quote-attest	'7'	'8'	REJECT
qemu_self	3275	25	82	quote-attest	'b'	'c'	REJECT
qemu_self	3276	25	83	quote-attest	'0'	'1'	REJECT
qemu_self	3277	25	84	quote-attest	'9'	'a'	REJECT
qemu_self	3278	25	85	quote-attest	'f'	'0'	REJECT
qemu_self	3279	25	86	quote-attest	'0'	'1'	REJECT
qemu_self	3280	25	87	quote-attest	'7'	'8'	REJECT
qemu_self	3281	25	88	quote-attest	'7'	'8'	REJECT
qemu_self	3282	25	89	quote-attest	'0'	'1'	REJECT
qemu_self	3283	25	90	quote-attest	'd'	'e'	REJECT
qemu_self	3284	25	91	quote-attest	'd'	'e'	REJECT
qemu_self	3285	25	92	quote-attest	'e'	'f'	REJECT
qemu_self	3286	25	93	quote-attest	'2'	'3'	REJECT
qemu_self	3287	25	94	quote-attest	'4'	'5'	REJECT
qemu_self	3288	25	95	quote-attest	'7'	'8'	REJECT
qemu_self	3289	25	96	quote-attest	'4'	'5'	REJECT
qemu_self	3290	25	97	quote-attest	'0'	'1'	REJECT
qemu_self	3291	25	98	quote-attest	'0'	'1'	REJECT
qemu_self	3292	25	99	quote-attest	'2'	'3'	REJECT
qemu_self	3293	25	100	quote-attest	'0'	'1'	REJECT
qemu_self	3294	25	101	quote-attest	'6'	'7'	REJECT
qemu_self	3295	25	102	quote-attest	'6'	'7'	REJECT
qemu_self	3296	25	103	quote-attest	'd'	'e'	REJECT
qemu_self	3297	25	104	quote-attest	'd'	'e'	REJECT
qemu_self	3298	25	105	quote-attest	'e'	'f'	REJECT
qemu_self	3299	25	106	quote-attest	'7'	'8'	REJECT
qemu_self	3300	25	107	quote-attest	'4'	'5'	REJECT
qemu_self	3301	25	108	quote-attest	'd'	'e'	REJECT
qemu_self	3302	25	109	quote-attest	'e'	'f'	REJECT
qemu_self	3303	25	110	quote-attest	'9'	'a'	REJECT
qemu_self	3304	25	111	quote-attest	'c'	'd'	REJECT
qemu_self	3305	25	112	quote-attest	'0'	'1'	REJECT
qemu_self	3306	25	113	quote-attest	'e'	'f'	REJECT
qemu_self	3307	25	114	quote-attest	'b'	'c'	REJECT
qemu_self	3308	25	115	quote-attest	'b'	'c'	REJECT
qemu_self	3309	25	116	quote-attest	'1'	'2'	REJECT
qemu_self	3310	25	117	quote-attest	'f'	'0'	REJECT
qemu_self	3311	25	118	quote-attest	'0'	'1'	REJECT
qemu_self	3312	25	119	quote-attest	'5'	'6'	REJECT
qemu_self	3313	25	120	quote-attest	'd'	'e'	REJECT
qemu_self	3314	25	121	quote-attest	'b'	'c'	REJECT
qemu_self	3315	25	122	quote-attest	'e'	'f'	REJECT
qemu_self	3316	25	123	quote-attest	'6'	'7'	REJECT
qemu_self	3317	25	124	quote-attest	'1'	'2'	REJECT
qemu_self	3318	25	125	quote-attest	'3'	'4'	REJECT
qemu_self	3319	25	126	quote-attest	'6'	'7'	REJECT
qemu_self	3320	25	127	quote-attest	'a'	'b'	REJECT
qemu_self	3321	25	128	quote-attest	'4'	'5'	REJECT
qemu_self	3322	25	129	quote-attest	'c'	'd'	REJECT
qemu_self	3323	25	130	quote-attest	'c'	'd'	REJECT
qemu_self	3324	25	131	quote-attest	'c'	'd'	REJECT
qemu_self	3325	25	132	quote-attest	'6'	'7'	REJECT
qemu_self	3326	25	133	quote-attest	'd'	'e'	REJECT
qemu_self	3327	25	134	quote-attest	'6'	'7'	REJECT
qemu_self	3328	25	135	quote-attest	'9'	'a'	REJECT
qemu_self	3329	25	136	quote-attest	'7'	'8'	REJECT
qemu_self	3330	25	137	quote-attest	'b'	'c'	REJECT
qemu_self	3331	25	138	quote-attest	'5'	'6'	REJECT
qemu_self	3332	25	139	quote-attest	'0'	'1'	REJECT
qemu_self	3333	25	140	quote-attest	'8'	'9'	REJECT
qemu_self	3334	25	141	quote-attest	'a'	'b'	REJECT
qemu_self	3335	25	142	quote-attest	'2'	'3'	REJECT
qemu_self	3336	25	143	quote-attest	'c'	'd'	REJECT
qemu_self	3337	25	144	quote-attest	'6'	'7'	REJECT
qemu_self	3338	25	145	quote-attest	'd'	'e'	REJECT
qemu_self	3339	25	146	quote-attest	'0'	'1'	REJECT
qemu_self	3340	25	147	quote-attest	'b'	'c'	REJECT
qemu_self	3341	25	148	quote-attest	'8'	'9'	REJECT
qemu_self	3342	25	149	quote-attest	'5'	'6'	REJECT
qemu_self	3343	25	150	quote-attest	'a'	'b'	REJECT
qemu_self	3344	25	151	quote-attest	'd'	'e'	REJECT
qemu_self	3345	25	152	quote-attest	'0'	'1'	REJECT
qemu_self	3346	25	153	quote-attest	'9'	'a'	REJECT
qemu_self	3347	25	154	quote-attest	'1'	'2'	REJECT
qemu_self	3348	25	155	quote-attest	'4'	'5'	REJECT
qemu_self	3349	25	156	quote-attest	'd'	'e'	REJECT
qemu_self	3350	25	157	quote-attest	'a'	'b'	REJECT
qemu_self	3351	25	158	quote-attest	'5'	'6'	REJECT
qemu_self	3352	25	159	quote-attest	'b'	'c'	REJECT
qemu_self	3353	25	160	quote-attest	'0'	'1'	REJECT
qemu_self	3354	25	161	quote-attest	'9'	'a'	REJECT
qemu_self	3355	25	162	quote-attest	'd'	'e'	REJECT
qemu_self	3356	25	163	quote-attest	'2'	'3'	REJECT
qemu_self	3357	25	164	quote-attest	'd'	'e'	REJECT
qemu_self	3358	25	165	quote-attest	'0'	'1'	REJECT
qemu_self	3359	25	166	quote-attest	'0'	'1'	REJECT
qemu_self	3360	25	167	quote-attest	'0'	'1'	REJECT
qemu_self	3361	25	168	quote-attest	'0'	'1'	REJECT
qemu_self	3362	25	169	quote-attest	'0'	'1'	REJECT
qemu_self	3363	25	170	quote-attest	'0'	'1'	REJECT
qemu_self	3364	25	171	quote-attest	'0'	'1'	REJECT
qemu_self	3365	25	172	quote-attest	'0'	'1'	REJECT
qemu_self	3366	25	173	quote-attest	'0'	'1'	REJECT
qemu_self	3367	25	174	quote-attest	'0'	'1'	REJECT
qemu_self	3368	25	175	quote-attest	'0'	'1'	REJECT
qemu_self	3369	25	176	quote-attest	'0'	'1'	REJECT
qemu_self	3370	25	177	quote-attest	'7'	'8'	REJECT
qemu_self	3371	25	178	quote-attest	'9'	'a'	REJECT
qemu_self	3372	25	179	quote-attest	'4'	'5'	REJECT
qemu_self	3373	25	180	quote-attest	'c'	'd'	REJECT
qemu_self	3374	25	181	quote-attest	'5'	'6'	REJECT
qemu_self	3375	25	182	quote-attest	'3'	'4'	REJECT
qemu_self	3376	25	183	quote-attest	'f'	'0'	REJECT
qemu_self	3377	25	184	quote-attest	'9'	'a'	REJECT
qemu_self	3378	25	185	quote-attest	'9'	'a'	REJECT
qemu_self	3379	25	186	quote-attest	'7'	'8'	REJECT
qemu_self	3380	25	187	quote-attest	'2'	'3'	REJECT
qemu_self	3381	25	188	quote-attest	'8'	'9'	REJECT
qemu_self	3382	25	189	quote-attest	'd'	'e'	REJECT
qemu_self	3383	25	190	quote-attest	'5'	'6'	REJECT
qemu_self	3384	25	191	quote-attest	'f'	'0'	REJECT
qemu_self	3385	25	192	quote-attest	'5'	'6'	REJECT
qemu_self	3386	25	193	quote-attest	'9'	'a'	REJECT
qemu_self	3387	25	194	quote-attest	'e'	'f'	REJECT
qemu_self	3388	25	195	quote-attest	'7'	'8'	REJECT
qemu_self	3389	25	196	quote-attest	'3'	'4'	REJECT
qemu_self	3390	25	197	quote-attest	'0'	'1'	REJECT
qemu_self	3391	25	198	quote-attest	'1'	'2'	REJECT
qemu_self	3392	25	199	quote-attest	'e'	'f'	REJECT
qemu_self	3393	25	200	quote-attest	'7'	'8'	REJECT
qemu_self	3394	25	201	quote-attest	'6'	'7'	REJECT
qemu_self	3395	25	202	quote-attest	'6'	'7'	REJECT
qemu_self	3396	25	203	quote-attest	'0'	'1'	REJECT
qemu_self	3397	25	204	quote-attest	'b'	'c'	REJECT
qemu_self	3398	25	205	quote-attest	'3'	'4'	REJECT
qemu_self	3399	25	206	quote-attest	'a'	'b'	REJECT
qemu_self	3400	25	207	quote-attest	'6'	'7'	REJECT
qemu_self	3401	25	208	quote-attest	'1'	'2'	REJECT
qemu_self	3402	25	209	quote-attest	'1'	'2'	REJECT
qemu_self	3403	25	210	quote-attest	'b'	'c'	REJECT
qemu_self	3404	25	211	quote-attest	'0'	'1'	REJECT
qemu_self	3405	25	212	quote-attest	'b'	'c'	REJECT
qemu_self	3406	25	213	quote-attest	'2'	'3'	REJECT
qemu_self	3407	25	214	quote-attest	'b'	'c'	REJECT
qemu_self	3408	25	215	quote-attest	'0'	'1'	REJECT
qemu_self	3409	25	216	quote-attest	'0'	'1'	REJECT
qemu_self	3410	25	217	quote-attest	'0'	'1'	REJECT
qemu_self	3411	25	218	quote-attest	'0'	'1'	REJECT
qemu_self	3412	25	219	quote-attest	'0'	'1'	REJECT
qemu_self	3413	25	220	quote-attest	'0'	'1'	REJECT
qemu_self	3414	25	221	quote-attest	'0'	'1'	REJECT
qemu_self	3415	25	222	quote-attest	'1'	'2'	REJECT
qemu_self	3416	25	223	quote-attest	'0'	'1'	REJECT
qemu_self	3417	25	224	quote-attest	'0'	'1'	REJECT
qemu_self	3418	25	225	quote-attest	'0'	'1'	REJECT
qemu_self	3419	25	226	quote-attest	'b'	'c'	REJECT
qemu_self	3420	25	227	quote-attest	'0'	'1'	REJECT
qemu_self	3421	25	228	quote-attest	'3'	'4'	REJECT
qemu_self	3422	25	229	quote-attest	'1'	'2'	REJECT
qemu_self	3423	25	230	quote-attest	'0'	'1'	REJECT
qemu_self	3424	25	231	quote-attest	'3'	'4'	REJECT
qemu_self	3425	25	232	quote-attest	'0'	'1'	REJECT
qemu_self	3426	25	233	quote-attest	'0'	'1'	REJECT
qemu_self	3427	25	234	quote-attest	'0'	'1'	REJECT
qemu_self	3428	25	235	quote-attest	'0'	'1'	REJECT
qemu_self	3429	25	236	quote-attest	'0'	'1'	REJECT
qemu_self	3430	25	237	quote-attest	'2'	'3'	REJECT
qemu_self	3431	25	238	quote-attest	'0'	'1'	REJECT
qemu_self	3432	25	239	quote-attest	'4'	'5'	REJECT
qemu_self	3433	25	240	quote-attest	'b'	'c'	REJECT
qemu_self	3434	25	241	quote-attest	'7'	'8'	REJECT
qemu_self	3435	25	242	quote-attest	'c'	'd'	REJECT
qemu_self	3436	25	243	quote-attest	'd'	'e'	REJECT
qemu_self	3437	25	244	quote-attest	'a'	'b'	REJECT
qemu_self	3438	25	245	quote-attest	'e'	'f'	REJECT
qemu_self	3439	25	246	quote-attest	'1'	'2'	REJECT
qemu_self	3440	25	247	quote-attest	'a'	'b'	REJECT
qemu_self	3441	25	248	quote-attest	'e'	'f'	REJECT
qemu_self	3442	25	249	quote-attest	'f'	'0'	REJECT
qemu_self	3443	25	250	quote-attest	'5'	'6'	REJECT
qemu_self	3444	25	251	quote-attest	'a'	'b'	REJECT
qemu_self	3445	25	252	quote-attest	'3'	'4'	REJECT
qemu_self	3446	25	253	quote-attest	'3'	'4'	REJECT
qemu_self	3447	25	254	quote-attest	'f'	'0'	REJECT
qemu_self	3448	25	255	quote-attest	'a'	'b'	REJECT
qemu_self	3449	25	256	quote-attest	'0'	'1'	REJECT
qemu_self	3450	25	257	quote-attest	'c'	'd'	REJECT
qemu_self	3451	25	258	quote-attest	'4'	'5'	REJECT
qemu_self	3452	25	259	quote-attest	'd'	'e'	REJECT
qemu_self	3453	25	260	quote-attest	'4'	'5'	REJECT
qemu_self	3454	25	261	quote-attest	'1'	'2'	REJECT
qemu_self	3455	25	262	quote-attest	'7'	'8'	REJECT
qemu_self	3456	25	263	quote-attest	'd'	'e'	REJECT
qemu_self	3457	25	264	quote-attest	'c'	'd'	REJECT
qemu_self	3458	25	265	quote-attest	'1'	'2'	REJECT
qemu_self	3459	25	266	quote-attest	'1'	'2'	REJECT
qemu_self	3460	25	267	quote-attest	'4'	'5'	REJECT
qemu_self	3461	25	268	quote-attest	'5'	'6'	REJECT
qemu_self	3462	25	269	quote-attest	'e'	'f'	REJECT
qemu_self	3463	25	270	quote-attest	'c'	'd'	REJECT
qemu_self	3464	25	271	quote-attest	'7'	'8'	REJECT
qemu_self	3465	25	272	quote-attest	'5'	'6'	REJECT
qemu_self	3466	25	273	quote-attest	'6'	'7'	REJECT
qemu_self	3467	25	274	quote-attest	'2'	'3'	REJECT
qemu_self	3468	25	275	quote-attest	'd'	'e'	REJECT
qemu_self	3469	25	276	quote-attest	'0'	'1'	REJECT
qemu_self	3470	25	277	quote-attest	'8'	'9'	REJECT
qemu_self	3471	25	278	quote-attest	'0'	'1'	REJECT
qemu_self	3472	25	279	quote-attest	'1'	'2'	REJECT
qemu_self	3473	25	280	quote-attest	'9'	'a'	REJECT
qemu_self	3474	25	281	quote-attest	'2'	'3'	REJECT
qemu_self	3475	25	282	quote-attest	'e'	'f'	REJECT
qemu_self	3476	25	283	quote-attest	'6'	'7'	REJECT
qemu_self	3477	25	284	quote-attest	'e'	'f'	REJECT
qemu_self	3478	25	285	quote-attest	'4'	'5'	REJECT
qemu_self	3479	25	286	quote-attest	'f'	'0'	REJECT
qemu_self	3480	25	287	quote-attest	'6'	'7'	REJECT
qemu_self	3481	25	288	quote-attest	'1'	'2'	REJECT
qemu_self	3482	25	289	quote-attest	'a'	'b'	REJECT
qemu_self	3483	25	290	quote-attest	'c'	'd'	REJECT
qemu_self	3484	25	291	quote-attest	'3'	'4'	REJECT
qemu_self	3485	25	292	quote-attest	'9'	'a'	REJECT
qemu_self	3486	25	293	quote-attest	'f'	'0'	REJECT
qemu_self	3487	25	294	quote-attest	'c'	'd'	REJECT
qemu_self	3488	25	295	quote-attest	'e'	'f'	REJECT
qemu_self	3489	25	296	quote-attest	'3'	'4'	REJECT
qemu_self	3490	25	297	quote-attest	'd'	'e'	REJECT
qemu_self	3491	25	298	quote-attest	'd'	'e'	REJECT
qemu_self	3492	25	299	quote-attest	'f'	'0'	REJECT
qemu_self	3493	25	300	quote-attest	'f'	'0'	REJECT
qemu_self	3494	25	301	quote-attest	'3'	'4'	REJECT
qemu_self	3495	25	302	quote-attest	'd'	'e'	REJECT
qemu_self	3496	25	303	quote-attest	'\n'	' '	REJECT
qemu_self	3497	26	0	quote-sig-r	'q'	'r'	REJECT
qemu_self	3498	26	1	quote-sig-r	'u'	'v'	REJECT
qemu_self	3499	26	2	quote-sig-r	'o'	'p'	REJECT
qemu_self	3500	26	3	quote-sig-r	't'	'u'	REJECT
qemu_self	3501	26	4	quote-sig-r	'e'	'f'	REJECT
qemu_self	3502	26	5	quote-sig-r	'-'	'X'	REJECT
qemu_self	3503	26	6	quote-sig-r	's'	't'	REJECT
qemu_self	3504	26	7	quote-sig-r	'i'	'j'	REJECT
qemu_self	3505	26	8	quote-sig-r	'g'	'h'	REJECT
qemu_self	3506	26	9	quote-sig-r	'-'	'X'	REJECT
qemu_self	3507	26	10	quote-sig-r	'r'	's'	REJECT
qemu_self	3508	26	11	quote-sig-r	' '	'X'	REJECT
qemu_self	3509	26	12	quote-sig-r	'2'	'3'	REJECT
qemu_self	3510	26	13	quote-sig-r	'3'	'4'	REJECT
qemu_self	3511	26	14	quote-sig-r	'6'	'7'	REJECT
qemu_self	3512	26	15	quote-sig-r	'1'	'2'	REJECT
qemu_self	3513	26	16	quote-sig-r	'7'	'8'	REJECT
qemu_self	3514	26	17	quote-sig-r	'f'	'0'	REJECT
qemu_self	3515	26	18	quote-sig-r	'0'	'1'	REJECT
qemu_self	3516	26	19	quote-sig-r	'1'	'2'	REJECT
qemu_self	3517	26	20	quote-sig-r	'8'	'9'	REJECT
qemu_self	3518	26	21	quote-sig-r	'f'	'0'	REJECT
qemu_self	3519	26	22	quote-sig-r	'2'	'3'	REJECT
qemu_self	3520	26	23	quote-sig-r	'4'	'5'	REJECT
qemu_self	3521	26	24	quote-sig-r	'8'	'9'	REJECT
qemu_self	3522	26	25	quote-sig-r	'9'	'a'	REJECT
qemu_self	3523	26	26	quote-sig-r	'b'	'c'	REJECT
qemu_self	3524	26	27	quote-sig-r	'2'	'3'	REJECT
qemu_self	3525	26	28	quote-sig-r	'd'	'e'	REJECT
qemu_self	3526	26	29	quote-sig-r	'3'	'4'	REJECT
qemu_self	3527	26	30	quote-sig-r	'3'	'4'	REJECT
qemu_self	3528	26	31	quote-sig-r	'3'	'4'	REJECT
qemu_self	3529	26	32	quote-sig-r	'7'	'8'	REJECT
qemu_self	3530	26	33	quote-sig-r	'e'	'f'	REJECT
qemu_self	3531	26	34	quote-sig-r	'e'	'f'	REJECT
qemu_self	3532	26	35	quote-sig-r	'c'	'd'	REJECT
qemu_self	3533	26	36	quote-sig-r	'a'	'b'	REJECT
qemu_self	3534	26	37	quote-sig-r	'b'	'c'	REJECT
qemu_self	3535	26	38	quote-sig-r	'1'	'2'	REJECT
qemu_self	3536	26	39	quote-sig-r	'3'	'4'	REJECT
qemu_self	3537	26	40	quote-sig-r	'8'	'9'	REJECT
qemu_self	3538	26	41	quote-sig-r	'2'	'3'	REJECT
qemu_self	3539	26	42	quote-sig-r	'5'	'6'	REJECT
qemu_self	3540	26	43	quote-sig-r	'8'	'9'	REJECT
qemu_self	3541	26	44	quote-sig-r	'2'	'3'	REJECT
qemu_self	3542	26	45	quote-sig-r	'a'	'b'	REJECT
qemu_self	3543	26	46	quote-sig-r	'4'	'5'	REJECT
qemu_self	3544	26	47	quote-sig-r	'e'	'f'	REJECT
qemu_self	3545	26	48	quote-sig-r	'b'	'c'	REJECT
qemu_self	3546	26	49	quote-sig-r	'0'	'1'	REJECT
qemu_self	3547	26	50	quote-sig-r	'3'	'4'	REJECT
qemu_self	3548	26	51	quote-sig-r	'6'	'7'	REJECT
qemu_self	3549	26	52	quote-sig-r	'9'	'a'	REJECT
qemu_self	3550	26	53	quote-sig-r	'f'	'0'	REJECT
qemu_self	3551	26	54	quote-sig-r	'3'	'4'	REJECT
qemu_self	3552	26	55	quote-sig-r	'0'	'1'	REJECT
qemu_self	3553	26	56	quote-sig-r	'7'	'8'	REJECT
qemu_self	3554	26	57	quote-sig-r	'e'	'f'	REJECT
qemu_self	3555	26	58	quote-sig-r	'f'	'0'	REJECT
qemu_self	3556	26	59	quote-sig-r	'9'	'a'	REJECT
qemu_self	3557	26	60	quote-sig-r	'e'	'f'	REJECT
qemu_self	3558	26	61	quote-sig-r	'4'	'5'	REJECT
qemu_self	3559	26	62	quote-sig-r	'e'	'f'	REJECT
qemu_self	3560	26	63	quote-sig-r	'b'	'c'	REJECT
qemu_self	3561	26	64	quote-sig-r	'4'	'5'	REJECT
qemu_self	3562	26	65	quote-sig-r	'5'	'6'	REJECT
qemu_self	3563	26	66	quote-sig-r	'c'	'd'	REJECT
qemu_self	3564	26	67	quote-sig-r	'2'	'3'	REJECT
qemu_self	3565	26	68	quote-sig-r	'7'	'8'	REJECT
qemu_self	3566	26	69	quote-sig-r	'b'	'c'	REJECT
qemu_self	3567	26	70	quote-sig-r	'6'	'7'	REJECT
qemu_self	3568	26	71	quote-sig-r	'3'	'4'	REJECT
qemu_self	3569	26	72	quote-sig-r	'e'	'f'	REJECT
qemu_self	3570	26	73	quote-sig-r	'0'	'1'	REJECT
qemu_self	3571	26	74	quote-sig-r	'5'	'6'	REJECT
qemu_self	3572	26	75	quote-sig-r	'6'	'7'	REJECT
qemu_self	3573	26	76	quote-sig-r	'\n'	' '	REJECT
qemu_self	3574	27	0	quote-sig-s	'q'	'r'	REJECT
qemu_self	3575	27	1	quote-sig-s	'u'	'v'	REJECT
qemu_self	3576	27	2	quote-sig-s	'o'	'p'	REJECT
qemu_self	3577	27	3	quote-sig-s	't'	'u'	REJECT
qemu_self	3578	27	4	quote-sig-s	'e'	'f'	REJECT
qemu_self	3579	27	5	quote-sig-s	'-'	'X'	REJECT
qemu_self	3580	27	6	quote-sig-s	's'	't'	REJECT
qemu_self	3581	27	7	quote-sig-s	'i'	'j'	REJECT
qemu_self	3582	27	8	quote-sig-s	'g'	'h'	REJECT
qemu_self	3583	27	9	quote-sig-s	'-'	'X'	REJECT
qemu_self	3584	27	10	quote-sig-s	's'	't'	REJECT
qemu_self	3585	27	11	quote-sig-s	' '	'X'	REJECT
qemu_self	3586	27	12	quote-sig-s	'4'	'5'	REJECT
qemu_self	3587	27	13	quote-sig-s	'8'	'9'	REJECT
qemu_self	3588	27	14	quote-sig-s	'6'	'7'	REJECT
qemu_self	3589	27	15	quote-sig-s	'7'	'8'	REJECT
qemu_self	3590	27	16	quote-sig-s	'3'	'4'	REJECT
qemu_self	3591	27	17	quote-sig-s	'f'	'0'	REJECT
qemu_self	3592	27	18	quote-sig-s	'c'	'd'	REJECT
qemu_self	3593	27	19	quote-sig-s	'f'	'0'	REJECT
qemu_self	3594	27	20	quote-sig-s	'5'	'6'	REJECT
qemu_self	3595	27	21	quote-sig-s	'4'	'5'	REJECT
qemu_self	3596	27	22	quote-sig-s	'c'	'd'	REJECT
qemu_self	3597	27	23	quote-sig-s	'8'	'9'	REJECT
qemu_self	3598	27	24	quote-sig-s	'a'	'b'	REJECT
qemu_self	3599	27	25	quote-sig-s	'4'	'5'	REJECT
qemu_self	3600	27	26	quote-sig-s	'3'	'4'	REJECT
qemu_self	3601	27	27	quote-sig-s	'7'	'8'	REJECT
qemu_self	3602	27	28	quote-sig-s	'd'	'e'	REJECT
qemu_self	3603	27	29	quote-sig-s	'd'	'e'	REJECT
qemu_self	3604	27	30	quote-sig-s	'6'	'7'	REJECT
qemu_self	3605	27	31	quote-sig-s	'd'	'e'	REJECT
qemu_self	3606	27	32	quote-sig-s	'c'	'd'	REJECT
qemu_self	3607	27	33	quote-sig-s	'4'	'5'	REJECT
qemu_self	3608	27	34	quote-sig-s	'8'	'9'	REJECT
qemu_self	3609	27	35	quote-sig-s	'0'	'1'	REJECT
qemu_self	3610	27	36	quote-sig-s	'5'	'6'	REJECT
qemu_self	3611	27	37	quote-sig-s	'8'	'9'	REJECT
qemu_self	3612	27	38	quote-sig-s	'5'	'6'	REJECT
qemu_self	3613	27	39	quote-sig-s	'5'	'6'	REJECT
qemu_self	3614	27	40	quote-sig-s	'9'	'a'	REJECT
qemu_self	3615	27	41	quote-sig-s	'8'	'9'	REJECT
qemu_self	3616	27	42	quote-sig-s	'2'	'3'	REJECT
qemu_self	3617	27	43	quote-sig-s	'0'	'1'	REJECT
qemu_self	3618	27	44	quote-sig-s	'd'	'e'	REJECT
qemu_self	3619	27	45	quote-sig-s	'1'	'2'	REJECT
qemu_self	3620	27	46	quote-sig-s	'2'	'3'	REJECT
qemu_self	3621	27	47	quote-sig-s	'1'	'2'	REJECT
qemu_self	3622	27	48	quote-sig-s	'b'	'c'	REJECT
qemu_self	3623	27	49	quote-sig-s	'1'	'2'	REJECT
qemu_self	3624	27	50	quote-sig-s	'f'	'0'	REJECT
qemu_self	3625	27	51	quote-sig-s	'7'	'8'	REJECT
qemu_self	3626	27	52	quote-sig-s	'd'	'e'	REJECT
qemu_self	3627	27	53	quote-sig-s	'4'	'5'	REJECT
qemu_self	3628	27	54	quote-sig-s	'5'	'6'	REJECT
qemu_self	3629	27	55	quote-sig-s	'0'	'1'	REJECT
qemu_self	3630	27	56	quote-sig-s	'5'	'6'	REJECT
qemu_self	3631	27	57	quote-sig-s	'f'	'0'	REJECT
qemu_self	3632	27	58	quote-sig-s	'a'	'b'	REJECT
qemu_self	3633	27	59	quote-sig-s	'f'	'0'	REJECT
qemu_self	3634	27	60	quote-sig-s	'd'	'e'	REJECT
qemu_self	3635	27	61	quote-sig-s	'2'	'3'	REJECT
qemu_self	3636	27	62	quote-sig-s	'd'	'e'	REJECT
qemu_self	3637	27	63	quote-sig-s	'7'	'8'	REJECT
qemu_self	3638	27	64	quote-sig-s	'c'	'd'	REJECT
qemu_self	3639	27	65	quote-sig-s	'f'	'0'	REJECT
qemu_self	3640	27	66	quote-sig-s	'3'	'4'	REJECT
qemu_self	3641	27	67	quote-sig-s	'6'	'7'	REJECT
qemu_self	3642	27	68	quote-sig-s	'2'	'3'	REJECT
qemu_self	3643	27	69	quote-sig-s	'4'	'5'	REJECT
qemu_self	3644	27	70	quote-sig-s	'7'	'8'	REJECT
qemu_self	3645	27	71	quote-sig-s	'c'	'd'	REJECT
qemu_self	3646	27	72	quote-sig-s	'6'	'7'	REJECT
qemu_self	3647	27	73	quote-sig-s	'2'	'3'	REJECT
qemu_self	3648	27	74	quote-sig-s	'7'	'8'	REJECT
qemu_self	3649	27	75	quote-sig-s	'3'	'4'	REJECT
qemu_self	3650	27	76	quote-sig-s	'\n'	' '	REJECT
qemu_self	3651	28	0	quote-retries	'q'	'r'	REJECT
qemu_self	3652	28	1	quote-retries	'u'	'v'	REJECT
qemu_self	3653	28	2	quote-retries	'o'	'p'	REJECT
qemu_self	3654	28	3	quote-retries	't'	'u'	REJECT
qemu_self	3655	28	4	quote-retries	'e'	'f'	REJECT
qemu_self	3656	28	5	quote-retries	'-'	'X'	REJECT
qemu_self	3657	28	6	quote-retries	'r'	's'	REJECT
qemu_self	3658	28	7	quote-retries	'e'	'f'	REJECT
qemu_self	3659	28	8	quote-retries	't'	'u'	REJECT
qemu_self	3660	28	9	quote-retries	'r'	's'	REJECT
qemu_self	3661	28	10	quote-retries	'i'	'j'	REJECT
qemu_self	3662	28	11	quote-retries	'e'	'f'	REJECT
qemu_self	3663	28	12	quote-retries	's'	't'	REJECT
qemu_self	3664	28	13	quote-retries	' '	'X'	REJECT
qemu_self	3665	28	14	quote-retries	'1'	'2'	ACCEPT
qemu_self	3666	28	15	quote-retries	'\n'	' '	REJECT
qemu_self	3667	29	0	quote-key	'q'	'r'	REJECT
qemu_self	3668	29	1	quote-key	'u'	'v'	REJECT
qemu_self	3669	29	2	quote-key	'o'	'p'	REJECT
qemu_self	3670	29	3	quote-key	't'	'u'	REJECT
qemu_self	3671	29	4	quote-key	'e'	'f'	REJECT
qemu_self	3672	29	5	quote-key	'-'	'X'	REJECT
qemu_self	3673	29	6	quote-key	'k'	'l'	REJECT
qemu_self	3674	29	7	quote-key	'e'	'f'	REJECT
qemu_self	3675	29	8	quote-key	'y'	'z'	REJECT
qemu_self	3676	29	9	quote-key	' '	'X'	REJECT
qemu_self	3677	29	10	quote-key	'e'	'f'	REJECT
qemu_self	3678	29	11	quote-key	'c'	'd'	REJECT
qemu_self	3679	29	12	quote-key	'c'	'd'	REJECT
qemu_self	3680	29	13	quote-key	'-'	'X'	REJECT
qemu_self	3681	29	14	quote-key	'p'	'q'	REJECT
qemu_self	3682	29	15	quote-key	'2'	'3'	REJECT
qemu_self	3683	29	16	quote-key	'5'	'6'	REJECT
qemu_self	3684	29	17	quote-key	'6'	'7'	REJECT
qemu_self	3685	29	18	quote-key	' '	'X'	REJECT
qemu_self	3686	29	19	quote-key	'e'	'f'	REJECT
qemu_self	3687	29	20	quote-key	'c'	'd'	REJECT
qemu_self	3688	29	21	quote-key	'd'	'e'	REJECT
qemu_self	3689	29	22	quote-key	's'	't'	REJECT
qemu_self	3690	29	23	quote-key	'a'	'b'	REJECT
qemu_self	3691	29	24	quote-key	'-'	'X'	REJECT
qemu_self	3692	29	25	quote-key	's'	't'	REJECT
qemu_self	3693	29	26	quote-key	'h'	'i'	REJECT
qemu_self	3694	29	27	quote-key	'a'	'b'	REJECT
qemu_self	3695	29	28	quote-key	'2'	'3'	REJECT
qemu_self	3696	29	29	quote-key	'5'	'6'	REJECT
qemu_self	3697	29	30	quote-key	'6'	'7'	REJECT
qemu_self	3698	29	31	quote-key	' '	'X'	REJECT
qemu_self	3699	29	32	quote-key	'o'	'p'	REJECT
qemu_self	3700	29	33	quote-key	'w'	'x'	REJECT
qemu_self	3701	29	34	quote-key	'n'	'o'	REJECT
qemu_self	3702	29	35	quote-key	'e'	'f'	REJECT
qemu_self	3703	29	36	quote-key	'r'	's'	REJECT
qemu_self	3704	29	37	quote-key	'-'	'X'	REJECT
qemu_self	3705	29	38	quote-key	'h'	'i'	REJECT
qemu_self	3706	29	39	quote-key	'i'	'j'	REJECT
qemu_self	3707	29	40	quote-key	'e'	'f'	REJECT
qemu_self	3708	29	41	quote-key	'r'	's'	REJECT
qemu_self	3709	29	42	quote-key	'a'	'b'	REJECT
qemu_self	3710	29	43	quote-key	'r'	's'	REJECT
qemu_self	3711	29	44	quote-key	'c'	'd'	REJECT
qemu_self	3712	29	45	quote-key	'h'	'i'	REJECT
qemu_self	3713	29	46	quote-key	'y'	'z'	REJECT
qemu_self	3714	29	47	quote-key	' '	'X'	REJECT
qemu_self	3715	29	48	quote-key	't'	'u'	REJECT
qemu_self	3716	29	49	quote-key	'r'	's'	REJECT
qemu_self	3717	29	50	quote-key	'a'	'b'	REJECT
qemu_self	3718	29	51	quote-key	'n'	'o'	REJECT
qemu_self	3719	29	52	quote-key	's'	't'	REJECT
qemu_self	3720	29	53	quote-key	'i'	'j'	REJECT
qemu_self	3721	29	54	quote-key	'e'	'f'	REJECT
qemu_self	3722	29	55	quote-key	'n'	'o'	REJECT
qemu_self	3723	29	56	quote-key	't'	'u'	REJECT
qemu_self	3724	29	57	quote-key	' '	'X'	REJECT
qemu_self	3725	29	58	quote-key	'('	'X'	REJECT
qemu_self	3726	29	59	quote-key	't'	'u'	REJECT
qemu_self	3727	29	60	quote-key	'h'	'i'	REJECT
qemu_self	3728	29	61	quote-key	'i'	'j'	REJECT
qemu_self	3729	29	62	quote-key	's'	't'	REJECT
qemu_self	3730	29	63	quote-key	' '	'X'	REJECT
qemu_self	3731	29	64	quote-key	'b'	'c'	REJECT
qemu_self	3732	29	65	quote-key	'o'	'p'	REJECT
qemu_self	3733	29	66	quote-key	'o'	'p'	REJECT
qemu_self	3734	29	67	quote-key	't'	'u'	REJECT
qemu_self	3735	29	68	quote-key	')'	'X'	REJECT
qemu_self	3736	29	69	quote-key	'\n'	' '	REJECT
